publication_key,oa_id,doi_clean,au_key,au_id,au_display_name,au_name_norm,au_orcid,author_position,is_corresponding,institution,ror,country_code,institution_type,raw_affiliation
doi:10.1126/science.abe4943,W3210493173,10.1126/science.abe4943,A5037522689,A5037522689,Justin Farrell,justin farrell,0000-0002-5636-7149,first,TRUE,Yale University,https://ror.org/03v76x132,US,education,"School of the Environment, Yale University, New Haven, CT 06511, USA"
doi:10.1126/science.abe4943,W3210493173,10.1126/science.abe4943,A5020969746,A5020969746,Paul Berne Burow,paul berne burow,0000-0001-9895-8062,middle,TRUE,Yale University,https://ror.org/03v76x132,US,education,"Department of Anthropology, Yale University, New Haven, CT 06511, USA; School of the Environment, Yale University, New Haven, CT 06511, USA"
doi:10.1126/science.abe4943,W3210493173,10.1126/science.abe4943,A5038338657,A5038338657,Kathryn McConnell,kathryn mcconnell,0000-0003-4395-5483,middle,TRUE,Yale University,https://ror.org/03v76x132,US,education,"School of the Environment, Yale University, New Haven, CT 06511, USA"
doi:10.1126/science.abe4943,W3210493173,10.1126/science.abe4943,A5008159637,A5008159637,Jude Bayham,jude bayham,0000-0001-5383-2714,middle,FALSE,Colorado State University,https://ror.org/03k1gpj17,US,education,"Agriculture and Resource Economics, Colorado State University, Fort Collins, CO 80523, USA"
doi:10.1126/science.abe4943,W3210493173,10.1126/science.abe4943,A5055139940,A5055139940,Kyle Powys Whyte,kyle powys whyte,0000-0003-2689-691X,middle,FALSE,University of Michigan,https://ror.org/00jmfr291,US,education,"School for Environment and Sustainability, University of Michigan, Ann Arbor, MI 48109, USA"
doi:10.1126/science.abe4943,W3210493173,10.1126/science.abe4943,A5057605699,A5057605699,Gal Koss,gal koss,0000-0003-0609-7715,last,FALSE,Colorado State University,https://ror.org/03k1gpj17,US,education,"Agriculture and Resource Economics, Colorado State University, Fort Collins, CO 80523, USA"
doi:10.1073/pnas.2008814118,W3141737218,10.1073/pnas.2008814118,A5002361304,A5002361304,Youpei Yan,youpei yan,0000-0002-1892-4936,first,FALSE,Yale University,https://ror.org/03v76x132,US,education,"School of the Environment, Yale University, New Haven, CT 06511;"
doi:10.1073/pnas.2008814118,W3141737218,10.1073/pnas.2008814118,A5026801231,A5026801231,Amyn A. Malik,amyn a malik,0000-0003-4875-9916,middle,FALSE,Yale University,https://ror.org/03v76x132,US,education,"Department of Internal Medicine, Yale School of Medicine, New Haven, CT 06510;; Yale Institute for Global Health, New Haven, CT 06510;"
doi:10.1073/pnas.2008814118,W3141737218,10.1073/pnas.2008814118,A5008159637,A5008159637,Jude Bayham,jude bayham,0000-0001-5383-2714,middle,FALSE,Colorado State University,https://ror.org/03k1gpj17,US,education,"Department of Agricultural and Resource Economics, Colorado State University, Fort Collins, CO 80523;"
doi:10.1073/pnas.2008814118,W3141737218,10.1073/pnas.2008814118,A5052038898,A5052038898,Eli P. Fenichel,eli p fenichel,0000-0002-7649-8250,middle,TRUE,Yale University,https://ror.org/03v76x132,US,education,"School of the Environment, Yale University, New Haven, CT 06511;"
doi:10.1073/pnas.2008814118,W3141737218,10.1073/pnas.2008814118,A5061122280,A5061122280,Chandra Couzens,chandra couzens,0000-0003-1057-0392,middle,FALSE,Yale University,https://ror.org/03v76x132,US,education,"Department of Epidemiology of Microbial Diseases, Yale School of Public Health, New Haven, CT 06510;"
doi:10.1073/pnas.2008814118,W3141737218,10.1073/pnas.2008814118,A5040800904,A5040800904,Saad B. Omer,saad b omer,0000-0002-5383-3474,last,FALSE,Yale University,https://ror.org/03v76x132,US,education,"Department of Epidemiology of Microbial Diseases, Yale School of Public Health, New Haven, CT 06510;; Department of Internal Medicine, Yale School of Medicine, New Haven, CT 06510;; Yale Institute for Global Health, New Haven, CT 06510;; Yale School of Nursing, Orange, CT 06477"
doi:10.1038/s41598-021-82574-w,W3127456818,10.1038/s41598-021-82574-w,A5002361304,A5002361304,Youpei Yan,youpei yan,0000-0002-1892-4936,first,FALSE,Yale University,https://ror.org/03v76x132,US,education,"Yale University, 195 Prospect St., New Haven, CT, 06511, USA"
doi:10.1038/s41598-021-82574-w,W3127456818,10.1038/s41598-021-82574-w,A5008159637,A5008159637,Jude Bayham,jude bayham,0000-0001-5383-2714,middle,FALSE,Colorado State University,https://ror.org/03k1gpj17,US,education,"Colorado State University, B303 Clark Bldg, Fort Collins, CO, USA"
doi:10.1038/s41598-021-82574-w,W3127456818,10.1038/s41598-021-82574-w,A5001442705,A5001442705,Aaron Richter,aaron richter,NA,middle,FALSE,Yale University,https://ror.org/03v76x132,US,education,"Yale University, 195 Prospect St., New Haven, CT, 06511, USA"
doi:10.1038/s41598-021-82574-w,W3127456818,10.1038/s41598-021-82574-w,A5052038898,A5052038898,Eli P. Fenichel,eli p fenichel,0000-0002-7649-8250,last,TRUE,Yale University,https://ror.org/03v76x132,US,education,"Yale University, 195 Prospect St., New Haven, CT, 06511, USA. eli.fenichel@yale.edu; Yale University, 195 Prospect St., New Haven, CT, 06511, USA"
doi:10.1146/annurev-resource-111920-014804,W4281886895,10.1146/annurev-resource-111920-014804,A5008159637,A5008159637,Jude Bayham,jude bayham,0000-0001-5383-2714,first,FALSE,Resource (United States),https://ror.org/002sg8b56,US,company,"Department of Agricultural and Resource Economics, Colorado State University, Fort Collins, Colorado, USA;"
doi:10.1146/annurev-resource-111920-014804,W4281886895,10.1146/annurev-resource-111920-014804,A5008159637,A5008159637,Jude Bayham,jude bayham,0000-0001-5383-2714,first,FALSE,Colorado State University,https://ror.org/03k1gpj17,US,education,"Department of Agricultural and Resource Economics, Colorado State University, Fort Collins, Colorado, USA;"
doi:10.1146/annurev-resource-111920-014804,W4281886895,10.1146/annurev-resource-111920-014804,A5067927092,A5067927092,Jonathan Yoder,jonathan yoder,0000-0002-9049-9591,middle,FALSE,Washington State University,https://ror.org/05dk0ce17,US,education,"School of Economic Sciences, Washington State University, Pullman, Washington, USA;"
doi:10.1146/annurev-resource-111920-014804,W4281886895,10.1146/annurev-resource-111920-014804,A5062269496,A5062269496,Patricia A. Champ,patricia a champ,0000-0003-1917-883X,middle,FALSE,Rocky Mountain Research Station,https://ror.org/04347cr60,US,government,"USDA Forest Service, Rocky Mountain Research Station, Fort Collins, Colorado, USA;"
doi:10.1146/annurev-resource-111920-014804,W4281886895,10.1146/annurev-resource-111920-014804,A5090515291,A5090515291,David E. Calkin,david e calkin,0000-0001-7281-4570,last,FALSE,Rocky Mountain Research Station,https://ror.org/04347cr60,US,government,"USDA Forest Service, Rocky Mountain Research Station, Missoula, Montana, USA;"
doi:10.1146/annurev-resource-111920-014804,W4281886895,10.1146/annurev-resource-111920-014804,A5090515291,A5090515291,David E. Calkin,david e calkin,0000-0001-7281-4570,last,FALSE,Rocky Mountain Research (United States),https://ror.org/05f1fs902,US,company,"USDA Forest Service, Rocky Mountain Research Station, Missoula, Montana, USA;"
doi:10.1088/2752-5309/ac7d69,W4283765007,10.1088/2752-5309/ac7d69,A5082430066,A5082430066,Katelyn O’Dell,katelyn o dell,0000-0002-0198-6153,first,TRUE,Milken Institute,https://ror.org/03f5t6469,US,nonprofit,"Department of Atmospheric Science, Colorado State University, Fort Collins, CO, United States of America; Milken Institute School of Public Health, George Washington University, Washington, DC, United States of America"
doi:10.1088/2752-5309/ac7d69,W4283765007,10.1088/2752-5309/ac7d69,A5082430066,A5082430066,Katelyn O’Dell,katelyn o dell,0000-0002-0198-6153,first,TRUE,George Washington University,https://ror.org/00y4zzh67,US,education,"Department of Atmospheric Science, Colorado State University, Fort Collins, CO, United States of America; Milken Institute School of Public Health, George Washington University, Washington, DC, United States of America"
doi:10.1088/2752-5309/ac7d69,W4283765007,10.1088/2752-5309/ac7d69,A5082430066,A5082430066,Katelyn O’Dell,katelyn o dell,0000-0002-0198-6153,first,TRUE,Colorado State University,https://ror.org/03k1gpj17,US,education,"Department of Atmospheric Science, Colorado State University, Fort Collins, CO, United States of America; Milken Institute School of Public Health, George Washington University, Washington, DC, United States of America"
doi:10.1088/2752-5309/ac7d69,W4283765007,10.1088/2752-5309/ac7d69,A5035881670,A5035881670,Bonne Ford,bonne ford,0000-0002-7045-8346,middle,FALSE,Colorado State University,https://ror.org/03k1gpj17,US,education,"Department of Atmospheric Science, Colorado State University, Fort Collins, CO, United States of America"
doi:10.1088/2752-5309/ac7d69,W4283765007,10.1088/2752-5309/ac7d69,A5078908976,A5078908976,Jesse Burkhardt,jesse burkhardt,0000-0002-7631-0393,middle,FALSE,Colorado State University,https://ror.org/03k1gpj17,US,education,"Department of Agricultural and Resource Economics, Colorado State University, Fort Collins, CO, United States of America"
doi:10.1088/2752-5309/ac7d69,W4283765007,10.1088/2752-5309/ac7d69,A5075009365,A5075009365,Sheryl Magzamen,sheryl magzamen,0000-0002-2874-3530,middle,FALSE,Colorado State University,https://ror.org/03k1gpj17,US,education,"Department of Environmental and Radiological Health Sciences, Colorado State University, Fort Collins, CO, United States of America"
doi:10.1088/2752-5309/ac7d69,W4283765007,10.1088/2752-5309/ac7d69,A5040125395,A5040125395,Susan C. Anenberg,susan c anenberg,0000-0002-9668-603X,middle,FALSE,Milken Institute,https://ror.org/03f5t6469,US,nonprofit,"Milken Institute School of Public Health, George Washington University, Washington, DC, United States of America"
doi:10.1088/2752-5309/ac7d69,W4283765007,10.1088/2752-5309/ac7d69,A5040125395,A5040125395,Susan C. Anenberg,susan c anenberg,0000-0002-9668-603X,middle,FALSE,George Washington University,https://ror.org/00y4zzh67,US,education,"Milken Institute School of Public Health, George Washington University, Washington, DC, United States of America"
doi:10.1088/2752-5309/ac7d69,W4283765007,10.1088/2752-5309/ac7d69,A5008159637,A5008159637,Jude Bayham,jude bayham,0000-0001-5383-2714,middle,FALSE,Colorado State University,https://ror.org/03k1gpj17,US,education,"Department of Agricultural and Resource Economics, Colorado State University, Fort Collins, CO, United States of America"
doi:10.1088/2752-5309/ac7d69,W4283765007,10.1088/2752-5309/ac7d69,A5016884073,A5016884073,Emily V. Fischer,emily v fischer,0000-0001-8298-3669,middle,FALSE,Colorado State University,https://ror.org/03k1gpj17,US,education,"Department of Atmospheric Science, Colorado State University, Fort Collins, CO, United States of America"
doi:10.1088/2752-5309/ac7d69,W4283765007,10.1088/2752-5309/ac7d69,A5055116926,A5055116926,Jeffrey R. Pierce,jeffrey r pierce,0000-0002-4241-838X,last,FALSE,Colorado State University,https://ror.org/03k1gpj17,US,education,"Department of Atmospheric Science, Colorado State University, Fort Collins, CO, United States of America"
doi:10.1287/mnsc.2020.02074,W4388454759,10.1287/mnsc.2020.02074,A5078908976,A5078908976,Jesse Burkhardt,jesse burkhardt,0000-0002-7631-0393,first,FALSE,Resource (United States),https://ror.org/002sg8b56,US,company,"Department of Agricultural and Resource Economics, Colorado State University, Fort Collins, Colorado 80523;"
doi:10.1287/mnsc.2020.02074,W4388454759,10.1287/mnsc.2020.02074,A5078908976,A5078908976,Jesse Burkhardt,jesse burkhardt,0000-0002-7631-0393,first,FALSE,Colorado State University,https://ror.org/03k1gpj17,US,education,"Department of Agricultural and Resource Economics, Colorado State University, Fort Collins, Colorado 80523;"
doi:10.1287/mnsc.2020.02074,W4388454759,10.1287/mnsc.2020.02074,A5070767048,A5070767048,Kenneth Gillingham,kenneth gillingham,0000-0002-7329-2660,middle,FALSE,Yale University,https://ror.org/03v76x132,US,education,"School of the Environment, Yale University, New Haven, Connecticut 06511;"
doi:10.1287/mnsc.2020.02074,W4388454759,10.1287/mnsc.2020.02074,A5000759766,A5000759766,Praveen K. Kopalle,praveen k kopalle,0000-0002-2430-2228,last,FALSE,Dartmouth College,https://ror.org/049s0rh22,US,education,"Dartmouth College, Tuck School of Business, Hanover, New Hampshire 03755"
doi:10.1038/s41467-024-54163-8,W4406001170,10.1038/s41467-024-54163-8,A5077922397,A5077922397,Kimberley A. Corwin,kimberley a corwin,0000-0002-1170-9395,first,TRUE,Colorado State University,https://ror.org/03k1gpj17,US,education,"Department of Atmospheric Science, Colorado State University, Fort Collins, CO, USA. kimberley.corwin@colostate.edu; Department of Atmospheric Science, Colorado State University, Fort Collins, CO, USA"
doi:10.1038/s41467-024-54163-8,W4406001170,10.1038/s41467-024-54163-8,A5078908976,A5078908976,Jesse Burkhardt,jesse burkhardt,0000-0002-7631-0393,middle,FALSE,Colorado State University,https://ror.org/03k1gpj17,US,education,"Department of Agricultural and Resource Economics, Colorado State University, Fort Collins, CO, USA"
doi:10.1038/s41467-024-54163-8,W4406001170,10.1038/s41467-024-54163-8,A5077387852,A5077387852,Chelsea A. Corr,chelsea a corr,0000-0003-1204-7319,middle,FALSE,Springfield College,https://ror.org/02ak1t432,US,education,"Department of Biology/Chemistry, Springfield College, Springfield, MA, USA"
doi:10.1038/s41467-024-54163-8,W4406001170,10.1038/s41467-024-54163-8,A5072926886,A5072926886,Paul W. Stackhouse,paul w stackhouse,0000-0002-2047-310X,middle,FALSE,Langley Research Center,https://ror.org/0399mhs52,US,facility,"NASA Langley Research Center, Hampton, VA, USA"
doi:10.1038/s41467-024-54163-8,W4406001170,10.1038/s41467-024-54163-8,A5083765383,A5083765383,Amit Munshi,amit munshi,0000-0002-9949-9600,middle,FALSE,Colorado State University,https://ror.org/03k1gpj17,US,education,"Department of Mechanical Engineering, Colorado State University, Fort Collins, CO, USA"
doi:10.1038/s41467-024-54163-8,W4406001170,10.1038/s41467-024-54163-8,A5016884073,A5016884073,Emily V. Fischer,emily v fischer,0000-0001-8298-3669,last,FALSE,Colorado State University,https://ror.org/03k1gpj17,US,education,"Department of Atmospheric Science, Colorado State University, Fort Collins, CO, USA"
doi:10.1093/jofore/fvac042,W4313336269,10.1093/jofore/fvac042,A5067759848,A5067759848,Matthew P. Thompson,matthew p thompson,0000-0002-2322-7756,first,TRUE,Rocky Mountain Research Station,https://ror.org/04347cr60,US,government,"Rocky Mountain Research Station, USDA Forest Service , Fort Collins, CO, 80526 , USA"
doi:10.1093/jofore/fvac042,W4313336269,10.1093/jofore/fvac042,A5066276803,A5066276803,Erin J. Belval,erin j belval,0000-0001-5895-5393,middle,FALSE,Rocky Mountain Research Station,https://ror.org/04347cr60,US,government,"Rocky Mountain Research Station, USDA Forest Service , Fort Collins, CO, 80526 , USA"
doi:10.1093/jofore/fvac042,W4313336269,10.1093/jofore/fvac042,A5008159637,A5008159637,Jude Bayham,jude bayham,0000-0001-5383-2714,middle,FALSE,Colorado State University,https://ror.org/03k1gpj17,US,education,"Department of Agricultural and Resource Economics, Colorado State University , Fort Collins, CO 80526 , USA"
doi:10.1093/jofore/fvac042,W4313336269,10.1093/jofore/fvac042,A5090515291,A5090515291,David E. Calkin,david e calkin,0000-0001-7281-4570,middle,FALSE,Rocky Mountain Research Station,https://ror.org/04347cr60,US,government,"Rocky Mountain Research Station, USDA Forest Service , Missoula, MT, 59802 , USA"
doi:10.1093/jofore/fvac042,W4313336269,10.1093/jofore/fvac042,A5090515291,A5090515291,David E. Calkin,david e calkin,0000-0001-7281-4570,middle,FALSE,Rocky Mountain Research (United States),https://ror.org/05f1fs902,US,company,"Rocky Mountain Research Station, USDA Forest Service , Missoula, MT, 59802 , USA"
doi:10.1093/jofore/fvac042,W4313336269,10.1093/jofore/fvac042,A5034149476,A5034149476,Crystal S. Stonesifer,crystal s stonesifer,NA,middle,FALSE,US Forest Service,https://ror.org/03zmjc935,US,government,"Lolo National Forest, USDA Forest Service , Missoula, MT, 59802 , USA"
doi:10.1093/jofore/fvac042,W4313336269,10.1093/jofore/fvac042,A5101965346,A5101965346,David Flores,david flores,0000-0003-1088-9854,last,FALSE,Rocky Mountain Research Station,https://ror.org/04347cr60,US,government,"Rocky Mountain Research Station, USDA Forest Service , Fort Collins, CO, 80526 , USA"
doi:10.1111/ajae.12439,W4388279823,10.1111/ajae.12439,A5039208828,A5039208828,Alexandra Hill,alexandra hill,NA,first,TRUE,"University of California, Berkeley",https://ror.org/01an7q238,US,education,"Department of Agricultural and Resource Economics University of California, Berkeley Berkeley California USA; Department of Agricultural and Resource Economics, University of California, Berkeley, Berkeley, California, USA"
doi:10.1111/ajae.12439,W4388279823,10.1111/ajae.12439,A5078908976,A5078908976,Jesse Burkhardt,jesse burkhardt,0000-0002-7631-0393,middle,FALSE,Resource (United States),https://ror.org/002sg8b56,US,company,"Department of Agricultural and Resource Economics Colorado State University Fort Collins Colorado USA; Department of Agricultural and Resource Economics, Colorado State University, Fort Collins, Colorado, USA"
doi:10.1111/ajae.12439,W4388279823,10.1111/ajae.12439,A5078908976,A5078908976,Jesse Burkhardt,jesse burkhardt,0000-0002-7631-0393,middle,FALSE,Colorado State University,https://ror.org/03k1gpj17,US,education,"Department of Agricultural and Resource Economics Colorado State University Fort Collins Colorado USA; Department of Agricultural and Resource Economics, Colorado State University, Fort Collins, Colorado, USA"
doi:10.1111/ajae.12439,W4388279823,10.1111/ajae.12439,A5008159637,A5008159637,Jude Bayham,jude bayham,0000-0001-5383-2714,middle,FALSE,Resource (United States),https://ror.org/002sg8b56,US,company,"Department of Agricultural and Resource Economics Colorado State University Fort Collins Colorado USA; Department of Agricultural and Resource Economics, Colorado State University, Fort Collins, Colorado, USA"
doi:10.1111/ajae.12439,W4388279823,10.1111/ajae.12439,A5008159637,A5008159637,Jude Bayham,jude bayham,0000-0001-5383-2714,middle,FALSE,Colorado State University,https://ror.org/03k1gpj17,US,education,"Department of Agricultural and Resource Economics Colorado State University Fort Collins Colorado USA; Department of Agricultural and Resource Economics, Colorado State University, Fort Collins, Colorado, USA"
doi:10.1111/ajae.12439,W4388279823,10.1111/ajae.12439,A5082430066,A5082430066,Katelyn O’Dell,katelyn o dell,0000-0002-0198-6153,middle,FALSE,Milken Institute,https://ror.org/03f5t6469,US,nonprofit,"Department of Environmental and Occupational Health Milken Institute School of Public Health, George Washington University Washington DC USA; Department of Environmental and Occupational Health, Milken Institute School of Public Health, George Washington University, Washington, DC, USA"
doi:10.1111/ajae.12439,W4388279823,10.1111/ajae.12439,A5082430066,A5082430066,Katelyn O’Dell,katelyn o dell,0000-0002-0198-6153,middle,FALSE,George Washington University,https://ror.org/00y4zzh67,US,education,"Department of Environmental and Occupational Health Milken Institute School of Public Health, George Washington University Washington DC USA; Department of Environmental and Occupational Health, Milken Institute School of Public Health, George Washington University, Washington, DC, USA"
doi:10.1111/ajae.12439,W4388279823,10.1111/ajae.12439,A5035881670,A5035881670,Bonne Ford,bonne ford,0000-0002-7045-8346,middle,FALSE,Colorado State University,https://ror.org/03k1gpj17,US,education,"Department of Atmospheric Sciences Colorado State University Fort Collins Colorado USA; Department of Atmospheric Sciences, Colorado State University, Fort Collins, Colorado, USA"
doi:10.1111/ajae.12439,W4388279823,10.1111/ajae.12439,A5016884073,A5016884073,Emily V. Fischer,emily v fischer,0000-0001-8298-3669,middle,FALSE,Colorado State University,https://ror.org/03k1gpj17,US,education,"Department of Atmospheric Sciences Colorado State University Fort Collins Colorado USA; Department of Atmospheric Sciences, Colorado State University, Fort Collins, Colorado, USA"
doi:10.1111/ajae.12439,W4388279823,10.1111/ajae.12439,A5055116926,A5055116926,Jeffrey R. Pierce,jeffrey r pierce,0000-0002-4241-838X,last,FALSE,Colorado State University,https://ror.org/03k1gpj17,US,education,"Department of Atmospheric Sciences Colorado State University Fort Collins Colorado USA; Department of Atmospheric Sciences, Colorado State University, Fort Collins, Colorado, USA"
doi:10.1080/00343404.2023.2166914,W4319067211,10.1080/00343404.2023.2166914,A5054061412,A5054061412,Nathan Palardy,nathan palardy,0000-0002-6396-3627,first,FALSE,University of Florida,https://ror.org/02y3ad647,US,education,"University of Florida Institute of Food and Agricultural Sciences, Food and Resource Economics Department, Gainesville, FL, USA"
doi:10.1080/00343404.2023.2166914,W4319067211,10.1080/00343404.2023.2166914,A5024307840,A5024307840,Marco Costanigro,marco costanigro,0000-0002-7104-097X,middle,TRUE,Colorado State University,https://ror.org/03k1gpj17,US,education,"Colorado State University College of Agricultural Sciences, Department of Agricultural and Resource Economics, Fort Collins, CO, USA"
doi:10.1080/00343404.2023.2166914,W4319067211,10.1080/00343404.2023.2166914,A5026578677,A5026578677,Joseph P. Cannon,joseph p cannon,0000-0001-5218-1526,middle,FALSE,Colorado State University,https://ror.org/03k1gpj17,US,education,"Colorado State University College of Business, Department of Marketing, Fort Collins, CO, USA"
doi:10.1080/00343404.2023.2166914,W4319067211,10.1080/00343404.2023.2166914,A5051019392,A5051019392,Dawn Thilmany McFadden,dawn thilmany mcfadden,0000-0002-3974-0888,middle,FALSE,Colorado State University,https://ror.org/03k1gpj17,US,education,"Colorado State University College of Agricultural Sciences, Department of Agricultural and Resource Economics, Fort Collins, CO, USA"
doi:10.1080/00343404.2023.2166914,W4319067211,10.1080/00343404.2023.2166914,A5005396402,A5005396402,Joshua Berning,joshua berning,0000-0001-5128-2528,middle,FALSE,Colorado State University,https://ror.org/03k1gpj17,US,education,"Colorado State University College of Agricultural Sciences, Department of Agricultural and Resource Economics, Fort Collins, CO, USA"
doi:10.1080/00343404.2023.2166914,W4319067211,10.1080/00343404.2023.2166914,A5008159637,A5008159637,Jude Bayham,jude bayham,0000-0001-5383-2714,middle,FALSE,Colorado State University,https://ror.org/03k1gpj17,US,education,"Colorado State University College of Agricultural Sciences, Department of Agricultural and Resource Economics, Fort Collins, CO, USA"
doi:10.1080/00343404.2023.2166914,W4319067211,10.1080/00343404.2023.2166914,A5061233654,A5061233654,Jeff Callaway,jeff callaway,0000-0002-9885-3671,last,FALSE,Colorado State University,https://ror.org/03k1gpj17,US,education,"Colorado State University College of Health and Human Sciences, Department of Food Science and Human Nutrition, Fort Collins, CO, USA"
doi:10.1002/aepp.13332,W4307650297,10.1002/aepp.13332,A5005396402,A5005396402,Joshua Berning,joshua berning,0000-0001-5128-2528,first,TRUE,Resource (United States),https://ror.org/002sg8b56,US,company,"Department of Agricultural and Resource Economics Colorado State University  Fort Collins Colorado USA; Department of Agricultural and Resource Economics, Colorado State University, Fort Collins, Colorado, USA"
doi:10.1002/aepp.13332,W4307650297,10.1002/aepp.13332,A5005396402,A5005396402,Joshua Berning,joshua berning,0000-0001-5128-2528,first,TRUE,Colorado State University,https://ror.org/03k1gpj17,US,education,"Department of Agricultural and Resource Economics Colorado State University  Fort Collins Colorado USA; Department of Agricultural and Resource Economics, Colorado State University, Fort Collins, Colorado, USA"
doi:10.1002/aepp.13332,W4307650297,10.1002/aepp.13332,A5062332393,A5062332393,Alessandro Bonanno,alessandro bonanno,0000-0003-4066-1754,middle,FALSE,Resource (United States),https://ror.org/002sg8b56,US,company,"Department of Agricultural and Resource Economics Colorado State University  Fort Collins Colorado USA; Department of Agricultural and Resource Economics, Colorado State University, Fort Collins, Colorado, USA"
doi:10.1002/aepp.13332,W4307650297,10.1002/aepp.13332,A5062332393,A5062332393,Alessandro Bonanno,alessandro bonanno,0000-0003-4066-1754,middle,FALSE,Colorado State University,https://ror.org/03k1gpj17,US,education,"Department of Agricultural and Resource Economics Colorado State University  Fort Collins Colorado USA; Department of Agricultural and Resource Economics, Colorado State University, Fort Collins, Colorado, USA"
doi:10.1002/aepp.13332,W4307650297,10.1002/aepp.13332,A5026815066,A5026815066,Rebecca Cleary,rebecca cleary,0000-0003-1515-9156,last,FALSE,Resource (United States),https://ror.org/002sg8b56,US,company,"Department of Agricultural and Resource Economics Colorado State University  Fort Collins Colorado USA; Department of Agricultural and Resource Economics, Colorado State University, Fort Collins, Colorado, USA"
doi:10.1002/aepp.13332,W4307650297,10.1002/aepp.13332,A5026815066,A5026815066,Rebecca Cleary,rebecca cleary,0000-0003-1515-9156,last,FALSE,Colorado State University,https://ror.org/03k1gpj17,US,education,"Department of Agricultural and Resource Economics Colorado State University  Fort Collins Colorado USA; Department of Agricultural and Resource Economics, Colorado State University, Fort Collins, Colorado, USA"
doi:10.1007/s12571-022-01322-8,W3084019073,10.1007/s12571-022-01322-8,A5005396402,A5005396402,Joshua Berning,joshua berning,0000-0001-5128-2528,first,TRUE,Colorado State University,https://ror.org/03k1gpj17,US,education,"Colorado State University, Fort Collins, USA"
doi:10.1007/s12571-022-01322-8,W3084019073,10.1007/s12571-022-01322-8,A5007537702,A5007537702,Caroline Norris,caroline norris,NA,middle,FALSE,Federal Reserve Board of Governors,https://ror.org/00v448643,US,government,"Federal Reserve Board, Washington, D.C., USA"
doi:10.1007/s12571-022-01322-8,W3084019073,10.1007/s12571-022-01322-8,A5026815066,A5026815066,Rebecca Cleary,rebecca cleary,0000-0003-1515-9156,last,FALSE,Colorado State University,https://ror.org/03k1gpj17,US,education,"Colorado State University, Fort Collins, USA"
doi:10.1029/2022gh000648,W4304206881,10.1029/2022gh000648,A5018910253,A5018910253,Douglas A. Becker,douglas a becker,0000-0002-9837-1349,first,TRUE,University of Idaho,https://ror.org/03hbp5t65,US,education,"Agricultural Economics and Rural Sociology University of Idaho  Moscow ID USA; Agricultural Economics and Rural Sociology, University of Idaho, Moscow, ID, USA"
doi:10.1029/2022gh000648,W4304206881,10.1029/2022gh000648,A5014343102,A5014343102,Alex Maas,alex maas,0000-0002-6689-3628,middle,FALSE,University of Idaho,https://ror.org/03hbp5t65,US,education,"Agricultural Economics and Rural Sociology University of Idaho  Moscow ID USA; Agricultural Economics and Rural Sociology, University of Idaho, Moscow, ID, USA"
doi:10.1029/2022gh000648,W4304206881,10.1029/2022gh000648,A5008159637,A5008159637,Jude Bayham,jude bayham,0000-0001-5383-2714,middle,FALSE,Colorado State University,https://ror.org/03k1gpj17,US,education,"Colorado State University  Fort Collins CO USA; Colorado State University, Fort Collins, CO, USA"
doi:10.1029/2022gh000648,W4304206881,10.1029/2022gh000648,A5051213132,A5051213132,James Crooks,james crooks,0000-0002-0021-5701,last,FALSE,National Jewish Health,https://ror.org/016z2bp30,US,healthcare,"Division of Biostatistics and Bioinformatics National Jewish Health  Denver CO USA; Division of Biostatistics and Bioinformatics, National Jewish Health, Denver, CO, USA"
doi:10.1029/2022gh000648,W4304206881,10.1029/2022gh000648,A5051213132,A5051213132,James Crooks,james crooks,0000-0002-0021-5701,last,FALSE,University of Colorado Denver,https://ror.org/02hh7en24,US,education,"Division of Biostatistics and Bioinformatics National Jewish Health  Denver CO USA; Division of Biostatistics and Bioinformatics, National Jewish Health, Denver, CO, USA"
doi:10.1002/aepp.13098,W3093424154,10.1002/aepp.13098,A5063900109,A5063900109,Lauren Chenarides,lauren chenarides,0000-0001-8983-9694,first,TRUE,NA,NA,NA,NA,
doi:10.1002/aepp.13098,W3093424154,10.1002/aepp.13098,A5062332393,A5062332393,Alessandro Bonanno,alessandro bonanno,0000-0003-4066-1754,middle,FALSE,NA,NA,NA,NA,
doi:10.1002/aepp.13098,W3093424154,10.1002/aepp.13098,A5001144475,A5001144475,Anne Palmer,anne palmer,0000-0001-7299-8592,last,FALSE,NA,NA,NA,NA,
doi:10.3201/eid2709.204167,W3174989026,10.3201/eid2709.204167,A5080849002,A5080849002,Andrea G. Buchwald,andrea g buchwald,0000-0001-6503-6459,first,FALSE,"University of Maryland, Baltimore",https://ror.org/04rq5mt64,US,education,"Current affi liation: University of Maryland School of Medicine, Baltimore, Maryland, USA"
doi:10.3201/eid2709.204167,W3174989026,10.3201/eid2709.204167,A5008159637,A5008159637,Jude Bayham,jude bayham,0000-0001-5383-2714,middle,FALSE,Colorado Department of Public Health and Environment,https://ror.org/019rjbt98,US,government,"Colorado State University, Fort Collins, Colorado, USA (J. Bayham);; University of Colorado School of Medicine, Aurora (K. Colborn); Colorado Department of Public Health and Environment, Denver (R. Herlihy; University of Colorado, Denver, Colorado, USA (J. Adams);; Colorado School of Public Health, Aurora, Colorado, USA; University of Colorado, Boulder, Colorado, USA (D. Bortz);"
doi:10.3201/eid2709.204167,W3174989026,10.3201/eid2709.204167,A5008159637,A5008159637,Jude Bayham,jude bayham,0000-0001-5383-2714,middle,FALSE,Colorado School of Public Health,https://ror.org/005x9g035,US,education,"Colorado State University, Fort Collins, Colorado, USA (J. Bayham);; University of Colorado School of Medicine, Aurora (K. Colborn); Colorado Department of Public Health and Environment, Denver (R. Herlihy; University of Colorado, Denver, Colorado, USA (J. Adams);; Colorado School of Public Health, Aurora, Colorado, USA; University of Colorado, Boulder, Colorado, USA (D. Bortz);"
doi:10.3201/eid2709.204167,W3174989026,10.3201/eid2709.204167,A5008159637,A5008159637,Jude Bayham,jude bayham,0000-0001-5383-2714,middle,FALSE,University of Colorado Boulder,https://ror.org/02ttsq026,US,education,"Colorado State University, Fort Collins, Colorado, USA (J. Bayham);; University of Colorado School of Medicine, Aurora (K. Colborn); Colorado Department of Public Health and Environment, Denver (R. Herlihy; University of Colorado, Denver, Colorado, USA (J. Adams);; Colorado School of Public Health, Aurora, Colorado, USA; University of Colorado, Boulder, Colorado, USA (D. Bortz);"
doi:10.3201/eid2709.204167,W3174989026,10.3201/eid2709.204167,A5008159637,A5008159637,Jude Bayham,jude bayham,0000-0001-5383-2714,middle,FALSE,University of Colorado Denver,https://ror.org/02hh7en24,US,education,"Colorado State University, Fort Collins, Colorado, USA (J. Bayham);; University of Colorado School of Medicine, Aurora (K. Colborn); Colorado Department of Public Health and Environment, Denver (R. Herlihy; University of Colorado, Denver, Colorado, USA (J. Adams);; Colorado School of Public Health, Aurora, Colorado, USA; University of Colorado, Boulder, Colorado, USA (D. Bortz);"
doi:10.3201/eid2709.204167,W3174989026,10.3201/eid2709.204167,A5008159637,A5008159637,Jude Bayham,jude bayham,0000-0001-5383-2714,middle,FALSE,Colorado State University,https://ror.org/03k1gpj17,US,education,"Colorado State University, Fort Collins, Colorado, USA (J. Bayham);; University of Colorado School of Medicine, Aurora (K. Colborn); Colorado Department of Public Health and Environment, Denver (R. Herlihy; University of Colorado, Denver, Colorado, USA (J. Adams);; Colorado School of Public Health, Aurora, Colorado, USA; University of Colorado, Boulder, Colorado, USA (D. Bortz);"
doi:10.3201/eid2709.204167,W3174989026,10.3201/eid2709.204167,A5070166891,A5070166891,jimi adams,jimi adams,0000-0001-5043-1149,middle,FALSE,Colorado Department of Public Health and Environment,https://ror.org/019rjbt98,US,government,"Colorado State University, Fort Collins, Colorado, USA (J. Bayham);; Colorado School of Public Health, Aurora, Colorado, USA; University of Colorado, Boulder, Colorado, USA (D. Bortz);; University of Colorado, Denver, Colorado, USA (J. Adams);; University of Colorado School of Medicine, Aurora (K. Colborn); Colorado Department of Public Health and Environment, Denver (R. Herlihy"
doi:10.3201/eid2709.204167,W3174989026,10.3201/eid2709.204167,A5070166891,A5070166891,jimi adams,jimi adams,0000-0001-5043-1149,middle,FALSE,Colorado School of Public Health,https://ror.org/005x9g035,US,education,"Colorado State University, Fort Collins, Colorado, USA (J. Bayham);; Colorado School of Public Health, Aurora, Colorado, USA; University of Colorado, Boulder, Colorado, USA (D. Bortz);; University of Colorado, Denver, Colorado, USA (J. Adams);; University of Colorado School of Medicine, Aurora (K. Colborn); Colorado Department of Public Health and Environment, Denver (R. Herlihy"
doi:10.3201/eid2709.204167,W3174989026,10.3201/eid2709.204167,A5070166891,A5070166891,jimi adams,jimi adams,0000-0001-5043-1149,middle,FALSE,University of Colorado Boulder,https://ror.org/02ttsq026,US,education,"Colorado State University, Fort Collins, Colorado, USA (J. Bayham);; Colorado School of Public Health, Aurora, Colorado, USA; University of Colorado, Boulder, Colorado, USA (D. Bortz);; University of Colorado, Denver, Colorado, USA (J. Adams);; University of Colorado School of Medicine, Aurora (K. Colborn); Colorado Department of Public Health and Environment, Denver (R. Herlihy"
doi:10.3201/eid2709.204167,W3174989026,10.3201/eid2709.204167,A5070166891,A5070166891,jimi adams,jimi adams,0000-0001-5043-1149,middle,FALSE,University of Colorado Denver,https://ror.org/02hh7en24,US,education,"Colorado State University, Fort Collins, Colorado, USA (J. Bayham);; Colorado School of Public Health, Aurora, Colorado, USA; University of Colorado, Boulder, Colorado, USA (D. Bortz);; University of Colorado, Denver, Colorado, USA (J. Adams);; University of Colorado School of Medicine, Aurora (K. Colborn); Colorado Department of Public Health and Environment, Denver (R. Herlihy"
doi:10.3201/eid2709.204167,W3174989026,10.3201/eid2709.204167,A5070166891,A5070166891,jimi adams,jimi adams,0000-0001-5043-1149,middle,FALSE,Colorado State University,https://ror.org/03k1gpj17,US,education,"Colorado State University, Fort Collins, Colorado, USA (J. Bayham);; Colorado School of Public Health, Aurora, Colorado, USA; University of Colorado, Boulder, Colorado, USA (D. Bortz);; University of Colorado, Denver, Colorado, USA (J. Adams);; University of Colorado School of Medicine, Aurora (K. Colborn); Colorado Department of Public Health and Environment, Denver (R. Herlihy"
doi:10.3201/eid2709.204167,W3174989026,10.3201/eid2709.204167,A5089222534,A5089222534,David M. Bortz,david m bortz,0000-0003-1163-7317,middle,FALSE,Colorado Department of Public Health and Environment,https://ror.org/019rjbt98,US,government,"Colorado School of Public Health, Aurora, Colorado, USA; University of Colorado School of Medicine, Aurora (K. Colborn); Colorado Department of Public Health and Environment, Denver (R. Herlihy; University of Colorado, Denver, Colorado, USA (J. Adams);; Colorado State University, Fort Collins, Colorado, USA (J. Bayham);; University of Colorado, Boulder, Colorado, USA (D. Bortz);"
doi:10.3201/eid2709.204167,W3174989026,10.3201/eid2709.204167,A5089222534,A5089222534,David M. Bortz,david m bortz,0000-0003-1163-7317,middle,FALSE,Colorado School of Public Health,https://ror.org/005x9g035,US,education,"Colorado School of Public Health, Aurora, Colorado, USA; University of Colorado School of Medicine, Aurora (K. Colborn); Colorado Department of Public Health and Environment, Denver (R. Herlihy; University of Colorado, Denver, Colorado, USA (J. Adams);; Colorado State University, Fort Collins, Colorado, USA (J. Bayham);; University of Colorado, Boulder, Colorado, USA (D. Bortz);"
doi:10.3201/eid2709.204167,W3174989026,10.3201/eid2709.204167,A5089222534,A5089222534,David M. Bortz,david m bortz,0000-0003-1163-7317,middle,FALSE,University of Colorado Boulder,https://ror.org/02ttsq026,US,education,"Colorado School of Public Health, Aurora, Colorado, USA; University of Colorado School of Medicine, Aurora (K. Colborn); Colorado Department of Public Health and Environment, Denver (R. Herlihy; University of Colorado, Denver, Colorado, USA (J. Adams);; Colorado State University, Fort Collins, Colorado, USA (J. Bayham);; University of Colorado, Boulder, Colorado, USA (D. Bortz);"
doi:10.3201/eid2709.204167,W3174989026,10.3201/eid2709.204167,A5089222534,A5089222534,David M. Bortz,david m bortz,0000-0003-1163-7317,middle,FALSE,University of Colorado Denver,https://ror.org/02hh7en24,US,education,"Colorado School of Public Health, Aurora, Colorado, USA; University of Colorado School of Medicine, Aurora (K. Colborn); Colorado Department of Public Health and Environment, Denver (R. Herlihy; University of Colorado, Denver, Colorado, USA (J. Adams);; Colorado State University, Fort Collins, Colorado, USA (J. Bayham);; University of Colorado, Boulder, Colorado, USA (D. Bortz);"
doi:10.3201/eid2709.204167,W3174989026,10.3201/eid2709.204167,A5089222534,A5089222534,David M. Bortz,david m bortz,0000-0003-1163-7317,middle,FALSE,Colorado State University,https://ror.org/03k1gpj17,US,education,"Colorado School of Public Health, Aurora, Colorado, USA; University of Colorado School of Medicine, Aurora (K. Colborn); Colorado Department of Public Health and Environment, Denver (R. Herlihy; University of Colorado, Denver, Colorado, USA (J. Adams);; Colorado State University, Fort Collins, Colorado, USA (J. Bayham);; University of Colorado, Boulder, Colorado, USA (D. Bortz);"
doi:10.3201/eid2709.204167,W3174989026,10.3201/eid2709.204167,A5013685752,A5013685752,Kathryn Colborn,kathryn colborn,0000-0001-8399-6330,middle,FALSE,Colorado Department of Public Health and Environment,https://ror.org/019rjbt98,US,government,"University of Colorado, Boulder, Colorado, USA (D. Bortz);; University of Colorado School of Medicine, Aurora (K. Colborn); Colorado Department of Public Health and Environment, Denver (R. Herlihy; Colorado School of Public Health, Aurora, Colorado, USA; Colorado State University, Fort Collins, Colorado, USA (J. Bayham);; University of Colorado, Denver, Colorado, USA (J. Adams);"
doi:10.3201/eid2709.204167,W3174989026,10.3201/eid2709.204167,A5013685752,A5013685752,Kathryn Colborn,kathryn colborn,0000-0001-8399-6330,middle,FALSE,Colorado School of Public Health,https://ror.org/005x9g035,US,education,"University of Colorado, Boulder, Colorado, USA (D. Bortz);; University of Colorado School of Medicine, Aurora (K. Colborn); Colorado Department of Public Health and Environment, Denver (R. Herlihy; Colorado School of Public Health, Aurora, Colorado, USA; Colorado State University, Fort Collins, Colorado, USA (J. Bayham);; University of Colorado, Denver, Colorado, USA (J. Adams);"
doi:10.3201/eid2709.204167,W3174989026,10.3201/eid2709.204167,A5013685752,A5013685752,Kathryn Colborn,kathryn colborn,0000-0001-8399-6330,middle,FALSE,University of Colorado Boulder,https://ror.org/02ttsq026,US,education,"University of Colorado, Boulder, Colorado, USA (D. Bortz);; University of Colorado School of Medicine, Aurora (K. Colborn); Colorado Department of Public Health and Environment, Denver (R. Herlihy; Colorado School of Public Health, Aurora, Colorado, USA; Colorado State University, Fort Collins, Colorado, USA (J. Bayham);; University of Colorado, Denver, Colorado, USA (J. Adams);"
doi:10.3201/eid2709.204167,W3174989026,10.3201/eid2709.204167,A5013685752,A5013685752,Kathryn Colborn,kathryn colborn,0000-0001-8399-6330,middle,FALSE,University of Colorado Denver,https://ror.org/02hh7en24,US,education,"University of Colorado, Boulder, Colorado, USA (D. Bortz);; University of Colorado School of Medicine, Aurora (K. Colborn); Colorado Department of Public Health and Environment, Denver (R. Herlihy; Colorado School of Public Health, Aurora, Colorado, USA; Colorado State University, Fort Collins, Colorado, USA (J. Bayham);; University of Colorado, Denver, Colorado, USA (J. Adams);"
doi:10.3201/eid2709.204167,W3174989026,10.3201/eid2709.204167,A5013685752,A5013685752,Kathryn Colborn,kathryn colborn,0000-0001-8399-6330,middle,FALSE,Colorado State University,https://ror.org/03k1gpj17,US,education,"University of Colorado, Boulder, Colorado, USA (D. Bortz);; University of Colorado School of Medicine, Aurora (K. Colborn); Colorado Department of Public Health and Environment, Denver (R. Herlihy; Colorado School of Public Health, Aurora, Colorado, USA; Colorado State University, Fort Collins, Colorado, USA (J. Bayham);; University of Colorado, Denver, Colorado, USA (J. Adams);"
doi:10.3201/eid2709.204167,W3174989026,10.3201/eid2709.204167,A5008375109,A5008375109,Olivia Zarella,olivia zarella,0009-0008-7537-1996,middle,FALSE,Colorado Department of Public Health and Environment,https://ror.org/019rjbt98,US,government,"University of Colorado, Boulder, Colorado, USA (D. Bortz);; Colorado State University, Fort Collins, Colorado, USA (J. Bayham);; University of Colorado, Denver, Colorado, USA (J. Adams);; Colorado School of Public Health, Aurora, Colorado, USA; University of Colorado School of Medicine, Aurora (K. Colborn); Colorado Department of Public Health and Environment, Denver (R. Herlihy"
doi:10.3201/eid2709.204167,W3174989026,10.3201/eid2709.204167,A5008375109,A5008375109,Olivia Zarella,olivia zarella,0009-0008-7537-1996,middle,FALSE,Colorado School of Public Health,https://ror.org/005x9g035,US,education,"University of Colorado, Boulder, Colorado, USA (D. Bortz);; Colorado State University, Fort Collins, Colorado, USA (J. Bayham);; University of Colorado, Denver, Colorado, USA (J. Adams);; Colorado School of Public Health, Aurora, Colorado, USA; University of Colorado School of Medicine, Aurora (K. Colborn); Colorado Department of Public Health and Environment, Denver (R. Herlihy"
doi:10.3201/eid2709.204167,W3174989026,10.3201/eid2709.204167,A5008375109,A5008375109,Olivia Zarella,olivia zarella,0009-0008-7537-1996,middle,FALSE,University of Colorado Boulder,https://ror.org/02ttsq026,US,education,"University of Colorado, Boulder, Colorado, USA (D. Bortz);; Colorado State University, Fort Collins, Colorado, USA (J. Bayham);; University of Colorado, Denver, Colorado, USA (J. Adams);; Colorado School of Public Health, Aurora, Colorado, USA; University of Colorado School of Medicine, Aurora (K. Colborn); Colorado Department of Public Health and Environment, Denver (R. Herlihy"
doi:10.3201/eid2709.204167,W3174989026,10.3201/eid2709.204167,A5008375109,A5008375109,Olivia Zarella,olivia zarella,0009-0008-7537-1996,middle,FALSE,University of Colorado Denver,https://ror.org/02hh7en24,US,education,"University of Colorado, Boulder, Colorado, USA (D. Bortz);; Colorado State University, Fort Collins, Colorado, USA (J. Bayham);; University of Colorado, Denver, Colorado, USA (J. Adams);; Colorado School of Public Health, Aurora, Colorado, USA; University of Colorado School of Medicine, Aurora (K. Colborn); Colorado Department of Public Health and Environment, Denver (R. Herlihy"
doi:10.3201/eid2709.204167,W3174989026,10.3201/eid2709.204167,A5008375109,A5008375109,Olivia Zarella,olivia zarella,0009-0008-7537-1996,middle,FALSE,Colorado State University,https://ror.org/03k1gpj17,US,education,"University of Colorado, Boulder, Colorado, USA (D. Bortz);; Colorado State University, Fort Collins, Colorado, USA (J. Bayham);; University of Colorado, Denver, Colorado, USA (J. Adams);; Colorado School of Public Health, Aurora, Colorado, USA; University of Colorado School of Medicine, Aurora (K. Colborn); Colorado Department of Public Health and Environment, Denver (R. Herlihy"
doi:10.3201/eid2709.204167,W3174989026,10.3201/eid2709.204167,A5061312876,A5061312876,Meghan Buran,meghan buran,NA,middle,FALSE,Colorado Department of Public Health and Environment,https://ror.org/019rjbt98,US,government,"Colorado State University, Fort Collins, Colorado, USA (J. Bayham);; University of Colorado School of Medicine, Aurora (K. Colborn); Colorado Department of Public Health and Environment, Denver (R. Herlihy; University of Colorado, Denver, Colorado, USA (J. Adams);; University of Colorado, Boulder, Colorado, USA (D. Bortz);; Colorado School of Public Health, Aurora, Colorado, USA"
doi:10.3201/eid2709.204167,W3174989026,10.3201/eid2709.204167,A5061312876,A5061312876,Meghan Buran,meghan buran,NA,middle,FALSE,Colorado School of Public Health,https://ror.org/005x9g035,US,education,"Colorado State University, Fort Collins, Colorado, USA (J. Bayham);; University of Colorado School of Medicine, Aurora (K. Colborn); Colorado Department of Public Health and Environment, Denver (R. Herlihy; University of Colorado, Denver, Colorado, USA (J. Adams);; University of Colorado, Boulder, Colorado, USA (D. Bortz);; Colorado School of Public Health, Aurora, Colorado, USA"
doi:10.3201/eid2709.204167,W3174989026,10.3201/eid2709.204167,A5061312876,A5061312876,Meghan Buran,meghan buran,NA,middle,FALSE,University of Colorado Boulder,https://ror.org/02ttsq026,US,education,"Colorado State University, Fort Collins, Colorado, USA (J. Bayham);; University of Colorado School of Medicine, Aurora (K. Colborn); Colorado Department of Public Health and Environment, Denver (R. Herlihy; University of Colorado, Denver, Colorado, USA (J. Adams);; University of Colorado, Boulder, Colorado, USA (D. Bortz);; Colorado School of Public Health, Aurora, Colorado, USA"
doi:10.3201/eid2709.204167,W3174989026,10.3201/eid2709.204167,A5061312876,A5061312876,Meghan Buran,meghan buran,NA,middle,FALSE,University of Colorado Denver,https://ror.org/02hh7en24,US,education,"Colorado State University, Fort Collins, Colorado, USA (J. Bayham);; University of Colorado School of Medicine, Aurora (K. Colborn); Colorado Department of Public Health and Environment, Denver (R. Herlihy; University of Colorado, Denver, Colorado, USA (J. Adams);; University of Colorado, Boulder, Colorado, USA (D. Bortz);; Colorado School of Public Health, Aurora, Colorado, USA"
doi:10.3201/eid2709.204167,W3174989026,10.3201/eid2709.204167,A5061312876,A5061312876,Meghan Buran,meghan buran,NA,middle,FALSE,Colorado State University,https://ror.org/03k1gpj17,US,education,"Colorado State University, Fort Collins, Colorado, USA (J. Bayham);; University of Colorado School of Medicine, Aurora (K. Colborn); Colorado Department of Public Health and Environment, Denver (R. Herlihy; University of Colorado, Denver, Colorado, USA (J. Adams);; University of Colorado, Boulder, Colorado, USA (D. Bortz);; Colorado School of Public Health, Aurora, Colorado, USA"
doi:10.3201/eid2709.204167,W3174989026,10.3201/eid2709.204167,A5029251327,A5029251327,Jonathan M. Samet,jonathan m samet,0000-0001-5676-9175,middle,FALSE,Colorado Department of Public Health and Environment,https://ror.org/019rjbt98,US,government,"University of Colorado School of Medicine, Aurora (K. Colborn); Colorado Department of Public Health and Environment, Denver (R. Herlihy; Colorado School of Public Health, Aurora, Colorado, USA; University of Colorado, Boulder, Colorado, USA (D. Bortz);; Colorado State University, Fort Collins, Colorado, USA (J. Bayham);; University of Colorado, Denver, Colorado, USA (J. Adams);"
doi:10.3201/eid2709.204167,W3174989026,10.3201/eid2709.204167,A5029251327,A5029251327,Jonathan M. Samet,jonathan m samet,0000-0001-5676-9175,middle,FALSE,Colorado School of Public Health,https://ror.org/005x9g035,US,education,"University of Colorado School of Medicine, Aurora (K. Colborn); Colorado Department of Public Health and Environment, Denver (R. Herlihy; Colorado School of Public Health, Aurora, Colorado, USA; University of Colorado, Boulder, Colorado, USA (D. Bortz);; Colorado State University, Fort Collins, Colorado, USA (J. Bayham);; University of Colorado, Denver, Colorado, USA (J. Adams);"
doi:10.3201/eid2709.204167,W3174989026,10.3201/eid2709.204167,A5029251327,A5029251327,Jonathan M. Samet,jonathan m samet,0000-0001-5676-9175,middle,FALSE,University of Colorado Boulder,https://ror.org/02ttsq026,US,education,"University of Colorado School of Medicine, Aurora (K. Colborn); Colorado Department of Public Health and Environment, Denver (R. Herlihy; Colorado School of Public Health, Aurora, Colorado, USA; University of Colorado, Boulder, Colorado, USA (D. Bortz);; Colorado State University, Fort Collins, Colorado, USA (J. Bayham);; University of Colorado, Denver, Colorado, USA (J. Adams);"
doi:10.3201/eid2709.204167,W3174989026,10.3201/eid2709.204167,A5029251327,A5029251327,Jonathan M. Samet,jonathan m samet,0000-0001-5676-9175,middle,FALSE,University of Colorado Denver,https://ror.org/02hh7en24,US,education,"University of Colorado School of Medicine, Aurora (K. Colborn); Colorado Department of Public Health and Environment, Denver (R. Herlihy; Colorado School of Public Health, Aurora, Colorado, USA; University of Colorado, Boulder, Colorado, USA (D. Bortz);; Colorado State University, Fort Collins, Colorado, USA (J. Bayham);; University of Colorado, Denver, Colorado, USA (J. Adams);"
doi:10.3201/eid2709.204167,W3174989026,10.3201/eid2709.204167,A5029251327,A5029251327,Jonathan M. Samet,jonathan m samet,0000-0001-5676-9175,middle,FALSE,Colorado State University,https://ror.org/03k1gpj17,US,education,"University of Colorado School of Medicine, Aurora (K. Colborn); Colorado Department of Public Health and Environment, Denver (R. Herlihy; Colorado School of Public Health, Aurora, Colorado, USA; University of Colorado, Boulder, Colorado, USA (D. Bortz);; Colorado State University, Fort Collins, Colorado, USA (J. Bayham);; University of Colorado, Denver, Colorado, USA (J. Adams);"
doi:10.3201/eid2709.204167,W3174989026,10.3201/eid2709.204167,A5088421669,A5088421669,Debashis Ghosh,debashis ghosh,0000-0002-3746-9414,middle,FALSE,Colorado Department of Public Health and Environment,https://ror.org/019rjbt98,US,government,"University of Colorado School of Medicine, Aurora (K. Colborn); Colorado Department of Public Health and Environment, Denver (R. Herlihy; University of Colorado, Boulder, Colorado, USA (D. Bortz);; Colorado State University, Fort Collins, Colorado, USA (J. Bayham);; Colorado School of Public Health, Aurora, Colorado, USA; University of Colorado, Denver, Colorado, USA (J. Adams);"
doi:10.3201/eid2709.204167,W3174989026,10.3201/eid2709.204167,A5088421669,A5088421669,Debashis Ghosh,debashis ghosh,0000-0002-3746-9414,middle,FALSE,Colorado School of Public Health,https://ror.org/005x9g035,US,education,"University of Colorado School of Medicine, Aurora (K. Colborn); Colorado Department of Public Health and Environment, Denver (R. Herlihy; University of Colorado, Boulder, Colorado, USA (D. Bortz);; Colorado State University, Fort Collins, Colorado, USA (J. Bayham);; Colorado School of Public Health, Aurora, Colorado, USA; University of Colorado, Denver, Colorado, USA (J. Adams);"
doi:10.3201/eid2709.204167,W3174989026,10.3201/eid2709.204167,A5088421669,A5088421669,Debashis Ghosh,debashis ghosh,0000-0002-3746-9414,middle,FALSE,University of Colorado Boulder,https://ror.org/02ttsq026,US,education,"University of Colorado School of Medicine, Aurora (K. Colborn); Colorado Department of Public Health and Environment, Denver (R. Herlihy; University of Colorado, Boulder, Colorado, USA (D. Bortz);; Colorado State University, Fort Collins, Colorado, USA (J. Bayham);; Colorado School of Public Health, Aurora, Colorado, USA; University of Colorado, Denver, Colorado, USA (J. Adams);"
doi:10.3201/eid2709.204167,W3174989026,10.3201/eid2709.204167,A5088421669,A5088421669,Debashis Ghosh,debashis ghosh,0000-0002-3746-9414,middle,FALSE,University of Colorado Denver,https://ror.org/02hh7en24,US,education,"University of Colorado School of Medicine, Aurora (K. Colborn); Colorado Department of Public Health and Environment, Denver (R. Herlihy; University of Colorado, Boulder, Colorado, USA (D. Bortz);; Colorado State University, Fort Collins, Colorado, USA (J. Bayham);; Colorado School of Public Health, Aurora, Colorado, USA; University of Colorado, Denver, Colorado, USA (J. Adams);"
doi:10.3201/eid2709.204167,W3174989026,10.3201/eid2709.204167,A5088421669,A5088421669,Debashis Ghosh,debashis ghosh,0000-0002-3746-9414,middle,FALSE,Colorado State University,https://ror.org/03k1gpj17,US,education,"University of Colorado School of Medicine, Aurora (K. Colborn); Colorado Department of Public Health and Environment, Denver (R. Herlihy; University of Colorado, Boulder, Colorado, USA (D. Bortz);; Colorado State University, Fort Collins, Colorado, USA (J. Bayham);; Colorado School of Public Health, Aurora, Colorado, USA; University of Colorado, Denver, Colorado, USA (J. Adams);"
doi:10.3201/eid2709.204167,W3174989026,10.3201/eid2709.204167,A5078943551,A5078943551,Rachel Herlihy,rachel herlihy,0000-0003-4535-2299,middle,FALSE,Colorado Department of Public Health and Environment,https://ror.org/019rjbt98,US,government,"University of Colorado School of Medicine, Aurora (K. Colborn); Colorado Department of Public Health and Environment, Denver (R. Herlihy; University of Colorado, Boulder, Colorado, USA (D. Bortz);; Colorado State University, Fort Collins, Colorado, USA (J. Bayham);; Colorado School of Public Health, Aurora, Colorado, USA; University of Colorado, Denver, Colorado, USA (J. Adams);"
doi:10.3201/eid2709.204167,W3174989026,10.3201/eid2709.204167,A5078943551,A5078943551,Rachel Herlihy,rachel herlihy,0000-0003-4535-2299,middle,FALSE,Colorado School of Public Health,https://ror.org/005x9g035,US,education,"University of Colorado School of Medicine, Aurora (K. Colborn); Colorado Department of Public Health and Environment, Denver (R. Herlihy; University of Colorado, Boulder, Colorado, USA (D. Bortz);; Colorado State University, Fort Collins, Colorado, USA (J. Bayham);; Colorado School of Public Health, Aurora, Colorado, USA; University of Colorado, Denver, Colorado, USA (J. Adams);"
doi:10.3201/eid2709.204167,W3174989026,10.3201/eid2709.204167,A5078943551,A5078943551,Rachel Herlihy,rachel herlihy,0000-0003-4535-2299,middle,FALSE,University of Colorado Boulder,https://ror.org/02ttsq026,US,education,"University of Colorado School of Medicine, Aurora (K. Colborn); Colorado Department of Public Health and Environment, Denver (R. Herlihy; University of Colorado, Boulder, Colorado, USA (D. Bortz);; Colorado State University, Fort Collins, Colorado, USA (J. Bayham);; Colorado School of Public Health, Aurora, Colorado, USA; University of Colorado, Denver, Colorado, USA (J. Adams);"
doi:10.3201/eid2709.204167,W3174989026,10.3201/eid2709.204167,A5078943551,A5078943551,Rachel Herlihy,rachel herlihy,0000-0003-4535-2299,middle,FALSE,University of Colorado Denver,https://ror.org/02hh7en24,US,education,"University of Colorado School of Medicine, Aurora (K. Colborn); Colorado Department of Public Health and Environment, Denver (R. Herlihy; University of Colorado, Boulder, Colorado, USA (D. Bortz);; Colorado State University, Fort Collins, Colorado, USA (J. Bayham);; Colorado School of Public Health, Aurora, Colorado, USA; University of Colorado, Denver, Colorado, USA (J. Adams);"
doi:10.3201/eid2709.204167,W3174989026,10.3201/eid2709.204167,A5078943551,A5078943551,Rachel Herlihy,rachel herlihy,0000-0003-4535-2299,middle,FALSE,Colorado State University,https://ror.org/03k1gpj17,US,education,"University of Colorado School of Medicine, Aurora (K. Colborn); Colorado Department of Public Health and Environment, Denver (R. Herlihy; University of Colorado, Boulder, Colorado, USA (D. Bortz);; Colorado State University, Fort Collins, Colorado, USA (J. Bayham);; Colorado School of Public Health, Aurora, Colorado, USA; University of Colorado, Denver, Colorado, USA (J. Adams);"
doi:10.3201/eid2709.204167,W3174989026,10.3201/eid2709.204167,A5005410467,A5005410467,Elizabeth J. Carlton,elizabeth j carlton,0000-0002-8664-9606,last,FALSE,Colorado Department of Public Health and Environment,https://ror.org/019rjbt98,US,government,"University of Colorado, Boulder, Colorado, USA (D. Bortz);; Colorado State University, Fort Collins, Colorado, USA (J. Bayham);; University of Colorado School of Medicine, Aurora (K. Colborn); Colorado Department of Public Health and Environment, Denver (R. Herlihy; University of Colorado, Denver, Colorado, USA (J. Adams);; Colorado School of Public Health, Aurora, Colorado, USA"
doi:10.3201/eid2709.204167,W3174989026,10.3201/eid2709.204167,A5005410467,A5005410467,Elizabeth J. Carlton,elizabeth j carlton,0000-0002-8664-9606,last,FALSE,Colorado School of Public Health,https://ror.org/005x9g035,US,education,"University of Colorado, Boulder, Colorado, USA (D. Bortz);; Colorado State University, Fort Collins, Colorado, USA (J. Bayham);; University of Colorado School of Medicine, Aurora (K. Colborn); Colorado Department of Public Health and Environment, Denver (R. Herlihy; University of Colorado, Denver, Colorado, USA (J. Adams);; Colorado School of Public Health, Aurora, Colorado, USA"
doi:10.3201/eid2709.204167,W3174989026,10.3201/eid2709.204167,A5005410467,A5005410467,Elizabeth J. Carlton,elizabeth j carlton,0000-0002-8664-9606,last,FALSE,University of Colorado Boulder,https://ror.org/02ttsq026,US,education,"University of Colorado, Boulder, Colorado, USA (D. Bortz);; Colorado State University, Fort Collins, Colorado, USA (J. Bayham);; University of Colorado School of Medicine, Aurora (K. Colborn); Colorado Department of Public Health and Environment, Denver (R. Herlihy; University of Colorado, Denver, Colorado, USA (J. Adams);; Colorado School of Public Health, Aurora, Colorado, USA"
doi:10.3201/eid2709.204167,W3174989026,10.3201/eid2709.204167,A5005410467,A5005410467,Elizabeth J. Carlton,elizabeth j carlton,0000-0002-8664-9606,last,FALSE,University of Colorado Denver,https://ror.org/02hh7en24,US,education,"University of Colorado, Boulder, Colorado, USA (D. Bortz);; Colorado State University, Fort Collins, Colorado, USA (J. Bayham);; University of Colorado School of Medicine, Aurora (K. Colborn); Colorado Department of Public Health and Environment, Denver (R. Herlihy; University of Colorado, Denver, Colorado, USA (J. Adams);; Colorado School of Public Health, Aurora, Colorado, USA"
doi:10.3201/eid2709.204167,W3174989026,10.3201/eid2709.204167,A5005410467,A5005410467,Elizabeth J. Carlton,elizabeth j carlton,0000-0002-8664-9606,last,FALSE,Colorado State University,https://ror.org/03k1gpj17,US,education,"University of Colorado, Boulder, Colorado, USA (D. Bortz);; Colorado State University, Fort Collins, Colorado, USA (J. Bayham);; University of Colorado School of Medicine, Aurora (K. Colborn); Colorado Department of Public Health and Environment, Denver (R. Herlihy; University of Colorado, Denver, Colorado, USA (J. Adams);; Colorado School of Public Health, Aurora, Colorado, USA"
doi:10.1016/j.foodpol.2021.102045,W3137539494,10.1016/j.foodpol.2021.102045,A5062332393,A5062332393,Alessandro Bonanno,alessandro bonanno,0000-0003-4066-1754,first,FALSE,Colorado State University,https://ror.org/03k1gpj17,US,education,"Department of Agricultural and Resource Economics, Colorado State University, Clark Building, Room B327, Fort Collins, CO 80524, United States"
doi:10.1016/j.foodpol.2021.102045,W3137539494,10.1016/j.foodpol.2021.102045,A5079266775,A5079266775,Sachintha Mendis,sachintha mendis,0000-0001-8637-5193,last,TRUE,Colorado State University,https://ror.org/03k1gpj17,US,education,"Department of Agricultural and Resource Economics, Colorado State University, Fort Collins, CO 80524, United States"
doi:10.1016/j.foodpol.2021.102119,W3175602227,10.1016/j.foodpol.2021.102119,A5046355588,A5046355588,Todd M. Schmit,todd m schmit,0000-0002-7297-554X,first,TRUE,Cornell University,https://ror.org/05bnh6r87,US,education,"Charles H. Dyson School of Applied Economics and Management, Cornell University, Warren Hall, Ithaca, NY 14853, USA"
doi:10.1016/j.foodpol.2021.102119,W3175602227,10.1016/j.foodpol.2021.102119,A5055158106,A5055158106,Becca B.R. Jablonski,becca b r jablonski,0000-0002-6404-039X,middle,FALSE,Colorado State University,https://ror.org/03k1gpj17,US,education,"Department of Agricultural and Resource Economics, Colorado State University, Clark Building, Fort Collins, CO, USA"
doi:10.1016/j.foodpol.2021.102119,W3175602227,10.1016/j.foodpol.2021.102119,A5062332393,A5062332393,Alessandro Bonanno,alessandro bonanno,0000-0003-4066-1754,middle,FALSE,Colorado State University,https://ror.org/03k1gpj17,US,education,"Department of Agricultural and Resource Economics, Colorado State University, Clark Building, Fort Collins, CO, USA"
doi:10.1016/j.foodpol.2021.102119,W3175602227,10.1016/j.foodpol.2021.102119,A5052664280,A5052664280,Thomas G. Johnson,thomas g johnson,0000-0002-1245-0776,last,FALSE,University of Missouri,https://ror.org/02ymw8z06,US,education,"Harry S. Truman School of Public Affairs, University of Missouri, Middlebrush Hall, Columbia, MO 65211, USA"
doi:10.1016/j.idm.2022.07.003,W4285603340,10.1016/j.idm.2022.07.003,A5009108675,A5009108675,Bailey K. Fosdick,bailey k fosdick,0000-0003-3736-2219,first,TRUE,Colorado State University,https://ror.org/03k1gpj17,US,education,"Department of Statistics, Colorado State University, Ft. Collins, CO, 80523, USA"
doi:10.1016/j.idm.2022.07.003,W4285603340,10.1016/j.idm.2022.07.003,A5008159637,A5008159637,Jude Bayham,jude bayham,0000-0001-5383-2714,middle,FALSE,Colorado State University,https://ror.org/03k1gpj17,US,education,"Department of Agricultural and Resource Economics, Colorado State University, Ft. Collins, CO, 80523, USA"
doi:10.1016/j.idm.2022.07.003,W4285603340,10.1016/j.idm.2022.07.003,A5070216197,A5070216197,Jake Dilliott,jake dilliott,NA,middle,FALSE,Colorado State University,https://ror.org/03k1gpj17,US,education,"Department of Agricultural and Resource Economics, Colorado State University, Ft. Collins, CO, 80523, USA"
doi:10.1016/j.idm.2022.07.003,W4285603340,10.1016/j.idm.2022.07.003,A5021525847,A5021525847,Gregory D. Ebel,gregory d ebel,0000-0002-4458-9959,middle,FALSE,Colorado State University,https://ror.org/03k1gpj17,US,education,"Arthropod-Borne and Infectious Diseases Laboratory, Department of Microbiology, Immunology and Pathology, Colorado State University, Ft. Collins, CO, 80526, USA"
doi:10.1016/j.idm.2022.07.003,W4285603340,10.1016/j.idm.2022.07.003,A5076354561,A5076354561,Nicole Ehrhart,nicole ehrhart,0000-0002-9868-488X,last,FALSE,Colorado State University,https://ror.org/03k1gpj17,US,education,"Columbine Health Systems Center for Healthy Aging and Department of Clinical Sciences, Colorado State University, Ft. Collins, CO, 80523, USA"
doi:10.1080/00036846.2020.1866160,W3132144767,10.1080/00036846.2020.1866160,A5055643026,A5055643026,Giulia Tiboldo,giulia tiboldo,0000-0002-5599-9750,first,TRUE,Università Cattolica del Sacro Cuore,https://ror.org/03h7r5v07,IT,education,"Università Cattolica del Sacro Cuore; Università Cattolica del Sacro Cuore, Piacenza, Italy"
doi:10.1080/00036846.2020.1866160,W3132144767,10.1080/00036846.2020.1866160,A5062332393,A5062332393,Alessandro Bonanno,alessandro bonanno,0000-0003-4066-1754,middle,FALSE,Colorado State University,https://ror.org/03k1gpj17,US,education,"Colorado State University; Colorado State University, Fort Collins, CO, USA"
doi:10.1080/00036846.2020.1866160,W3132144767,10.1080/00036846.2020.1866160,A5036920802,A5036920802,Rigoberto A. López,rigoberto a lopez,0000-0001-7106-1896,middle,FALSE,University of Connecticut,https://ror.org/02der9h97,US,education,"University of Connecticut; University of Connecticut, Storrs, CT, USA"
doi:10.1080/00036846.2020.1866160,W3132144767,10.1080/00036846.2020.1866160,A5072613671,A5072613671,Elena Castellari,elena castellari,0000-0002-5012-7574,last,FALSE,Università Cattolica del Sacro Cuore,https://ror.org/03h7r5v07,IT,education,"Università Cattolica del Sacro Cuore; Università Cattolica del Sacro Cuore, Piacenza, Italy"
doi:10.1080/21606544.2022.2059015,W4224076156,10.1080/21606544.2022.2059015,A5008159637,A5008159637,Jude Bayham,jude bayham,0000-0001-5383-2714,first,FALSE,Colorado State University,https://ror.org/03k1gpj17,US,education,"Department of Agricultural and Resource Economics, Colorado State University, Fort Collins, CO, USA"
doi:10.1080/21606544.2022.2059015,W4224076156,10.1080/21606544.2022.2059015,A5078908976,A5078908976,Jesse Burkhardt,jesse burkhardt,0000-0002-7631-0393,middle,FALSE,Colorado State University,https://ror.org/03k1gpj17,US,education,"Department of Agricultural and Resource Economics, Colorado State University, Fort Collins, CO, USA"
doi:10.1080/21606544.2022.2059015,W4224076156,10.1080/21606544.2022.2059015,A5039842908,A5039842908,Makena Coffman,makena coffman,0000-0002-1287-0025,middle,FALSE,University of Hawaiʻi at Mānoa,https://ror.org/01wspgy28,US,education,"Institute for Sustainability and Resilience, Dept. of Urban and Regional Planning and University of Hawai’i Economic Research Organization, University of Hawai’i at Mānoa, Honolulu, HI, USA"
doi:10.1080/21606544.2022.2059015,W4224076156,10.1080/21606544.2022.2059015,A5039842908,A5039842908,Makena Coffman,makena coffman,0000-0002-1287-0025,middle,FALSE,University of Hawaii System,https://ror.org/03tzaeb71,US,education,"Institute for Sustainability and Resilience, Dept. of Urban and Regional Planning and University of Hawai’i Economic Research Organization, University of Hawai’i at Mānoa, Honolulu, HI, USA"
doi:10.1080/21606544.2022.2059015,W4224076156,10.1080/21606544.2022.2059015,A5063778213,A5063778213,Sherilyn Hayashida,sherilyn hayashida,0000-0001-9853-9343,middle,TRUE,University of Hawaiʻi at Mānoa,https://ror.org/01wspgy28,US,education,"University of Hawai’i Economic Research Organization, University of Hawai’i at Mānoa, Honolulu, HI, USA"
doi:10.1080/21606544.2022.2059015,W4224076156,10.1080/21606544.2022.2059015,A5052613327,A5052613327,Sumner La Croix,sumner la croix,0000-0003-4690-6927,last,FALSE,University of Hawaiʻi at Mānoa,https://ror.org/01wspgy28,US,education,"Dept. of Economics and University of Hawai’i Economic Research Organization, University of Hawai’i at Mānoa, Honolulu, HI, USA"
doi:10.1007/s11747-024-01003-2,W4391538670,10.1007/s11747-024-01003-2,A5000759766,A5000759766,Praveen K. Kopalle,praveen k kopalle,0000-0002-2430-2228,first,TRUE,Dartmouth College,https://ror.org/049s0rh22,US,education,"Tuck School of Business, Dartmouth College, Hanover, NH, 03755, USA"
doi:10.1007/s11747-024-01003-2,W4391538670,10.1007/s11747-024-01003-2,A5078908976,A5078908976,Jesse Burkhardt,jesse burkhardt,0000-0002-7631-0393,middle,FALSE,Colorado State University,https://ror.org/03k1gpj17,US,education,"Colorado State University, 1200 Center Avenue Mall, Fort Collins, CO, 80523, USA"
doi:10.1007/s11747-024-01003-2,W4391538670,10.1007/s11747-024-01003-2,A5070767048,A5070767048,Kenneth Gillingham,kenneth gillingham,0000-0002-7329-2660,middle,FALSE,Yale University,https://ror.org/03v76x132,US,education,"School of the Environment, Yale University, 195 Prospect Street, New Haven, CT, 06511, USA"
doi:10.1007/s11747-024-01003-2,W4391538670,10.1007/s11747-024-01003-2,A5009018794,A5009018794,Lauren Grewal,lauren grewal,0000-0003-4644-8815,middle,FALSE,Dartmouth College,https://ror.org/049s0rh22,US,education,"Tuck School of Business, Dartmouth College, Hanover, NH, 03755, USA"
doi:10.1007/s11747-024-01003-2,W4391538670,10.1007/s11747-024-01003-2,A5058880895,A5058880895,Nailya Ordabayeva,nailya ordabayeva,0000-0001-6764-2495,last,FALSE,Dartmouth College,https://ror.org/049s0rh22,US,education,"Tuck School of Business, Dartmouth College, Hanover, NH, 03755, USA"
doi:10.1002/aepp.13275,W4225008403,10.1002/aepp.13275,A5005396402,A5005396402,Joshua Berning,joshua berning,0000-0001-5128-2528,first,TRUE,Resource (United States),https://ror.org/002sg8b56,US,company,Department of Agricultural and Resource Economics Colorado State University  Fort Collins Colorado USA; Department of Agricultural and Resource Economics Colorado State University Fort Collins Colorado USA
doi:10.1002/aepp.13275,W4225008403,10.1002/aepp.13275,A5005396402,A5005396402,Joshua Berning,joshua berning,0000-0001-5128-2528,first,TRUE,Colorado State University,https://ror.org/03k1gpj17,US,education,Department of Agricultural and Resource Economics Colorado State University  Fort Collins Colorado USA; Department of Agricultural and Resource Economics Colorado State University Fort Collins Colorado USA
doi:10.1002/aepp.13275,W4225008403,10.1002/aepp.13275,A5026815066,A5026815066,Rebecca Cleary,rebecca cleary,0000-0003-1515-9156,middle,TRUE,Resource (United States),https://ror.org/002sg8b56,US,company,Department of Agricultural and Resource Economics Colorado State University  Fort Collins Colorado USA; Department of Agricultural and Resource Economics Colorado State University Fort Collins Colorado USA
doi:10.1002/aepp.13275,W4225008403,10.1002/aepp.13275,A5026815066,A5026815066,Rebecca Cleary,rebecca cleary,0000-0003-1515-9156,middle,TRUE,Colorado State University,https://ror.org/03k1gpj17,US,education,Department of Agricultural and Resource Economics Colorado State University  Fort Collins Colorado USA; Department of Agricultural and Resource Economics Colorado State University Fort Collins Colorado USA
doi:10.1002/aepp.13275,W4225008403,10.1002/aepp.13275,A5062332393,A5062332393,Alessandro Bonanno,alessandro bonanno,0000-0003-4066-1754,last,TRUE,Resource (United States),https://ror.org/002sg8b56,US,company,Department of Agricultural and Resource Economics Colorado State University  Fort Collins Colorado USA; Department of Agricultural and Resource Economics Colorado State University Fort Collins Colorado USA
doi:10.1002/aepp.13275,W4225008403,10.1002/aepp.13275,A5062332393,A5062332393,Alessandro Bonanno,alessandro bonanno,0000-0003-4066-1754,last,TRUE,Colorado State University,https://ror.org/03k1gpj17,US,education,Department of Agricultural and Resource Economics Colorado State University  Fort Collins Colorado USA; Department of Agricultural and Resource Economics Colorado State University Fort Collins Colorado USA
doi:10.1016/j.forpol.2023.103115,W4388995879,10.1016/j.forpol.2023.103115,A5066276803,A5066276803,Erin J. Belval,erin j belval,0000-0001-5895-5393,first,TRUE,Rocky Mountain Research Station,https://ror.org/04347cr60,US,government,"Human Dimensions Science Program, Rocky Mountain Research Station, USDA Forest Service, Fort Collins, CO 80526, United States of America"
doi:10.1016/j.forpol.2023.103115,W4388995879,10.1016/j.forpol.2023.103115,A5008159637,A5008159637,Jude Bayham,jude bayham,0000-0001-5383-2714,middle,FALSE,Colorado State University,https://ror.org/03k1gpj17,US,education,"Department of Agricultural and Resource Economics, Colorado State University, Fort Collins, CO 80523, United States of America"
doi:10.1016/j.forpol.2023.103115,W4388995879,10.1016/j.forpol.2023.103115,A5041734560,A5041734560,Shayne Magstadt,shayne magstadt,NA,last,FALSE,Colorado State University,https://ror.org/03k1gpj17,US,education,"Department of Forest and Rangeland Stewardship, Colorado State University, Fort Collins, CO 80523, United States of America"
doi:10.1108/bfj-09-2021-1000,W4220717619,10.1108/bfj-09-2021-1000,A5085703640,A5085703640,Francesco Bimbo,francesco bimbo,0000-0003-0070-2582,first,FALSE,University of Foggia,https://ror.org/01xtv3204,IT,education,"Dipartimento di Scienze Agrarie, Alimenti, Risorse Naturali e Ingegneria, Universita degli Studi di Foggia, Foggia, Italy"
doi:10.1108/bfj-09-2021-1000,W4220717619,10.1108/bfj-09-2021-1000,A5062332393,A5062332393,Alessandro Bonanno,alessandro bonanno,0000-0003-4066-1754,middle,FALSE,Colorado State University,https://ror.org/03k1gpj17,US,education,"College of Agricultural Sciences, Colorado State University, Fort Collins, Colorado, USA"
doi:10.1108/bfj-09-2021-1000,W4220717619,10.1108/bfj-09-2021-1000,A5080089934,A5080089934,Rosaria Viscecchia,rosaria viscecchia,0000-0002-2977-3811,last,FALSE,University of Foggia,https://ror.org/01xtv3204,IT,education,"Dipartimento di Scienze Agrarie, Alimenti, Risorse Naturali e Ingegneria, Universita degli Studi di Foggia, Foggia, Italy"
doi:10.1038/s41598-022-12253-x,W4280497021,10.1038/s41598-022-12253-x,A5066276803,A5066276803,Erin J. Belval,erin j belval,0000-0001-5895-5393,first,FALSE,Rocky Mountain Research Station,https://ror.org/04347cr60,US,government,"USDA Forest Service, Rocky Mountain Research Station, Fort Collins, CO, 80526, USA. erin.belval@usda.gov; USDA Forest Service, Rocky Mountain Research Station, Fort Collins, CO, 80526, USA"
doi:10.1038/s41598-022-12253-x,W4280497021,10.1038/s41598-022-12253-x,A5008159637,A5008159637,Jude Bayham,jude bayham,0000-0001-5383-2714,middle,FALSE,Colorado State University,https://ror.org/03k1gpj17,US,education,"Department of Agricultural and Resource Economics, Colorado State University, Fort Collins, CO, 80523, USA"
doi:10.1038/s41598-022-12253-x,W4280497021,10.1038/s41598-022-12253-x,A5067759848,A5067759848,Matthew P. Thompson,matthew p thompson,0000-0002-2322-7756,middle,FALSE,Rocky Mountain Research Station,https://ror.org/04347cr60,US,government,"USDA Forest Service, Rocky Mountain Research Station, Fort Collins, CO, 80526, USA"
doi:10.1038/s41598-022-12253-x,W4280497021,10.1038/s41598-022-12253-x,A5055146248,A5055146248,Jacob Dilliott,jacob dilliott,NA,middle,FALSE,Colorado State University,https://ror.org/03k1gpj17,US,education,"Department of Forest and Rangeland Stewardship, Colorado State University, Fort Collins, CO, 80523, USA"
doi:10.1038/s41598-022-12253-x,W4280497021,10.1038/s41598-022-12253-x,A5080849002,A5080849002,Andrea G. Buchwald,andrea g buchwald,0000-0001-6503-6459,last,FALSE,Colorado School of Public Health,https://ror.org/005x9g035,US,education,"Colorado School of Public Health, University of Colorado, Aurora, CO, 80045, USA"
doi:10.1038/s41598-022-12253-x,W4280497021,10.1038/s41598-022-12253-x,A5080849002,A5080849002,Andrea G. Buchwald,andrea g buchwald,0000-0001-6503-6459,last,FALSE,University of Colorado Anschutz Medical Campus,https://ror.org/03wmf1y16,US,education,"Colorado School of Public Health, University of Colorado, Aurora, CO, 80045, USA"
doi:10.22004/ag.econ.311309,W3185528076,10.22004/ag.econ.311309,A5028349388,A5028349388,Christine Dimke,christine dimke,NA,first,FALSE,NA,NA,NA,NA,
doi:10.22004/ag.econ.311309,W3185528076,10.22004/ag.econ.311309,A5035315099,A5035315099,Marissa C. Lee,marissa c lee,NA,middle,FALSE,NA,NA,NA,NA,
doi:10.22004/ag.econ.311309,W3185528076,10.22004/ag.econ.311309,A5008159637,A5008159637,Jude Bayham,jude bayham,0000-0001-5383-2714,middle,FALSE,NA,NA,NA,NA,
doi:10.22004/ag.econ.311309,W3185528076,10.22004/ag.econ.311309,name:dimke christine,NA,"Dimke, Christine",dimke christine,NA,middle,FALSE,NA,NA,NA,NA,
doi:10.22004/ag.econ.311309,W3185528076,10.22004/ag.econ.311309,name:lee marissa c,NA,"Lee, Marissa C.",lee marissa c,NA,middle,FALSE,NA,NA,NA,NA,
doi:10.22004/ag.econ.311309,W3185528076,10.22004/ag.econ.311309,name:bayham jude,NA,"Bayham, Jude",bayham jude,NA,last,FALSE,NA,NA,NA,NA,
doi:10.1177/0272989x211021603,W3168577360,10.1177/0272989x211021603,A5047954147,A5047954147,Gregg Gonsalves,gregg gonsalves,0000-0002-5789-9841,first,TRUE,Yale University,https://ror.org/03v76x132,US,education,"Department of Epidemiology of Microbial Diseases, Yale School of Public Health, New Haven, CT, USA; Public Health Modeling Unit, Yale School of Public Health, New Haven, CT, USA"
doi:10.1177/0272989x211021603,W3168577360,10.1177/0272989x211021603,A5014970573,A5014970573,J. Tyler Copple,j tyler copple,NA,middle,FALSE,Yale University,https://ror.org/03v76x132,US,education,"Department of Epidemiology of Microbial Diseases, Yale School of Public Health, New Haven, CT, USA; Public Health Modeling Unit, Yale School of Public Health, New Haven, CT, USA"
doi:10.1177/0272989x211021603,W3168577360,10.1177/0272989x211021603,A5062889731,A5062889731,A. David Paltiel,a david paltiel,0000-0002-4861-3290,middle,FALSE,NA,NA,NA,NA,"Department of Health Policy and Management, Yale School of Public Health, New Haven, CT, USA; Public Health Modeling Unit, Yale School of Public Health, New Haven, CT, USA"
doi:10.1177/0272989x211021603,W3168577360,10.1177/0272989x211021603,A5052038898,A5052038898,Eli P. Fenichel,eli p fenichel,0000-0002-7649-8250,middle,FALSE,Yale University,https://ror.org/03v76x132,US,education,"Yale School of the Environment, New Haven, CT, USA"
doi:10.1177/0272989x211021603,W3168577360,10.1177/0272989x211021603,A5008159637,A5008159637,Jude Bayham,jude bayham,0000-0001-5383-2714,middle,FALSE,Colorado State University,https://ror.org/03k1gpj17,US,education,"Department of Agricultural and Resource Economics, Colorado State University, Fort Collins, CO, USA"
doi:10.1177/0272989x211021603,W3168577360,10.1177/0272989x211021603,A5052129734,A5052129734,M Abraham,m abraham,0000-0001-6363-2521,middle,FALSE,Biohaven Pharmaceuticals (United States),https://ror.org/00m2ky193,US,company,"DataHaven, New Haven, CT, USA"
doi:10.1177/0272989x211021603,W3168577360,10.1177/0272989x211021603,A5067848940,A5067848940,David Kline,david kline,0000-0001-6183-3303,middle,FALSE,The Ohio State University,https://ror.org/00rs6vg23,US,education,"Center for Biostatistics, Department of Biomedical Informatics, The Ohio State University, Columbus, OH, USA"
doi:10.1177/0272989x211021603,W3168577360,10.1177/0272989x211021603,A5103977774,A5103977774,Sam Malloy,sam malloy,NA,middle,FALSE,Battelle,https://ror.org/01h5tnr73,US,nonprofit,"Battelle Center for Science, Engineering, and Public Policy, John Glenn College of Public Affairs, The Ohio State University, Columbus, OH, USA"
doi:10.1177/0272989x211021603,W3168577360,10.1177/0272989x211021603,A5103977774,A5103977774,Sam Malloy,sam malloy,NA,middle,FALSE,The Ohio State University,https://ror.org/00rs6vg23,US,education,"Battelle Center for Science, Engineering, and Public Policy, John Glenn College of Public Affairs, The Ohio State University, Columbus, OH, USA"
doi:10.1177/0272989x211021603,W3168577360,10.1177/0272989x211021603,A5065651467,A5065651467,Michael F. Rayo,michael f rayo,0000-0003-0180-058X,middle,FALSE,The Ohio State University,https://ror.org/00rs6vg23,US,education,"Integrated Systems Engineering, The Ohio State University, Columbus, OH, USA"
doi:10.1177/0272989x211021603,W3168577360,10.1177/0272989x211021603,A5079215061,A5079215061,Net Zhang,net zhang,0000-0003-2664-451X,middle,FALSE,Battelle,https://ror.org/01h5tnr73,US,nonprofit,"Battelle Center for Science, Engineering, and Public Policy, John Glenn College of Public Affairs, The Ohio State University, Columbus, OH, USA"
doi:10.1177/0272989x211021603,W3168577360,10.1177/0272989x211021603,A5079215061,A5079215061,Net Zhang,net zhang,0000-0003-2664-451X,middle,FALSE,The Ohio State University,https://ror.org/00rs6vg23,US,education,"Battelle Center for Science, Engineering, and Public Policy, John Glenn College of Public Affairs, The Ohio State University, Columbus, OH, USA"
doi:10.1177/0272989x211021603,W3168577360,10.1177/0272989x211021603,A5062655482,A5062655482,Daria Faulkner,daria faulkner,NA,middle,FALSE,The Ohio State University,https://ror.org/00rs6vg23,US,education,"College of Public Health, The Ohio State University, Columbus, OH, USA"
doi:10.1177/0272989x211021603,W3168577360,10.1177/0272989x211021603,A5045379747,A5045379747,Dane A. Morey,dane a morey,0000-0002-9859-7719,middle,FALSE,The Ohio State University,https://ror.org/00rs6vg23,US,education,"Integrated Systems Engineering, The Ohio State University, Columbus, OH, USA"
doi:10.1177/0272989x211021603,W3168577360,10.1177/0272989x211021603,A5103740703,A5103740703,Frank Wu,frank wu,NA,middle,FALSE,Yale University,https://ror.org/03v76x132,US,education,"Department of Epidemiology of Microbial Diseases, Yale School of Public Health, New Haven, CT, USA; Public Health Modeling Unit, Yale School of Public Health, New Haven, CT, USA"
doi:10.1177/0272989x211021603,W3168577360,10.1177/0272989x211021603,A5057299422,A5057299422,Thomas Thornhill,thomas thornhill,0000-0003-4632-5890,middle,FALSE,Yale University,https://ror.org/03v76x132,US,education,"Department of Epidemiology of Microbial Diseases, Yale School of Public Health, New Haven, CT, USA; Public Health Modeling Unit, Yale School of Public Health, New Haven, CT, USA"
doi:10.1177/0272989x211021603,W3168577360,10.1177/0272989x211021603,A5087741084,A5087741084,Suzan Iloglu,suzan iloglu,0000-0003-1611-9850,middle,FALSE,Yale University,https://ror.org/03v76x132,US,education,"Department of Epidemiology of Microbial Diseases, Yale School of Public Health, New Haven, CT, USA; Public Health Modeling Unit, Yale School of Public Health, New Haven, CT, USA"
doi:10.1177/0272989x211021603,W3168577360,10.1177/0272989x211021603,A5022127687,A5022127687,Joshua L. Warren,joshua l warren,0000-0002-6274-6970,last,FALSE,Yale University,https://ror.org/03v76x132,US,education,"Department of Biostatistics, Yale School of Public Health, New Haven, CT, USA"
doi:10.1088/1748-9326/add35e,W4410022855,10.1088/1748-9326/add35e,A5117409861,A5117409861,Diellza Muriqi,diellza muriqi,0009-0004-1863-0315,first,FALSE,NA,NA,NA,NA,
doi:10.1088/1748-9326/add35e,W4410022855,10.1088/1748-9326/add35e,A5008159637,A5008159637,Jude Bayham,jude bayham,0000-0001-5383-2714,middle,FALSE,NA,NA,NA,NA,
doi:10.1088/1748-9326/add35e,W4410022855,10.1088/1748-9326/add35e,A5007242274,A5007242274,Christopher Goemans,christopher goemans,0000-0003-4930-4278,middle,FALSE,NA,NA,NA,NA,
doi:10.1088/1748-9326/add35e,W4410022855,10.1088/1748-9326/add35e,A5075200954,A5075200954,Dale T. Manning,dale t manning,0000-0001-6465-5530,middle,FALSE,NA,NA,NA,NA,
doi:10.1088/1748-9326/add35e,W4410022855,10.1088/1748-9326/add35e,A5027026551,A5027026551,Jordan F. Suter,jordan f suter,0000-0003-0520-7150,last,FALSE,NA,NA,NA,NA,
doi:10.1002/aepp.70037,W4416337945,10.1002/aepp.70037,A5054061412,A5054061412,Nathan Palardy,nathan palardy,0000-0002-6396-3627,first,TRUE,University of Florida,https://ror.org/02y3ad647,US,education,"Food and Resource Economics Department University of Florida Gainesville Florida USA; Food and Resource Economics Department, University of Florida, Gainesville, Florida, USA"
doi:10.1002/aepp.70037,W4416337945,10.1002/aepp.70037,A5024307840,A5024307840,Marco Costanigro,marco costanigro,0000-0002-7104-097X,middle,FALSE,Resource (United States),https://ror.org/002sg8b56,US,company,"Department of Agricultural and Resource Economics Colorado State University Fort Collins Colorado USA; Department of Agricultural and Resource Economics, Colorado State University, Fort Collins, Colorado, USA"
doi:10.1002/aepp.70037,W4416337945,10.1002/aepp.70037,A5024307840,A5024307840,Marco Costanigro,marco costanigro,0000-0002-7104-097X,middle,FALSE,Colorado State University,https://ror.org/03k1gpj17,US,education,"Department of Agricultural and Resource Economics Colorado State University Fort Collins Colorado USA; Department of Agricultural and Resource Economics, Colorado State University, Fort Collins, Colorado, USA"
doi:10.1002/aepp.70037,W4416337945,10.1002/aepp.70037,A5005396402,A5005396402,Joshua Berning,joshua berning,0000-0001-5128-2528,middle,FALSE,Resource (United States),https://ror.org/002sg8b56,US,company,"Department of Agricultural and Resource Economics Colorado State University Fort Collins Colorado USA; Department of Agricultural and Resource Economics, Colorado State University, Fort Collins, Colorado, USA"
doi:10.1002/aepp.70037,W4416337945,10.1002/aepp.70037,A5005396402,A5005396402,Joshua Berning,joshua berning,0000-0001-5128-2528,middle,FALSE,Colorado State University,https://ror.org/03k1gpj17,US,education,"Department of Agricultural and Resource Economics Colorado State University Fort Collins Colorado USA; Department of Agricultural and Resource Economics, Colorado State University, Fort Collins, Colorado, USA"
doi:10.1002/aepp.70037,W4416337945,10.1002/aepp.70037,A5008159637,A5008159637,Jude Bayham,jude bayham,0000-0001-5383-2714,last,FALSE,Resource (United States),https://ror.org/002sg8b56,US,company,"Department of Agricultural and Resource Economics Colorado State University Fort Collins Colorado USA; Department of Agricultural and Resource Economics, Colorado State University, Fort Collins, Colorado, USA"
doi:10.1002/aepp.70037,W4416337945,10.1002/aepp.70037,A5008159637,A5008159637,Jude Bayham,jude bayham,0000-0001-5383-2714,last,FALSE,Colorado State University,https://ror.org/03k1gpj17,US,education,"Department of Agricultural and Resource Economics Colorado State University Fort Collins Colorado USA; Department of Agricultural and Resource Economics, Colorado State University, Fort Collins, Colorado, USA"
doi:10.3368/le.102.3.012626-0015,W7135135882,10.3368/le.102.3.012626-0015,A5008159637,A5008159637,Jude Bayham,jude bayham,0000-0001-5383-2714,first,FALSE,Colorado State University,https://ror.org/03k1gpj17,US,education,"Department of Agricultural and Resource Economics, Colorado State University, Fort Collins, CO, USA"
doi:10.3368/le.102.3.012626-0015,W7135135882,10.3368/le.102.3.012626-0015,A5068998908,A5068998908,Aaron J. Enriquez,aaron j enriquez,0000-0002-0305-4333,middle,FALSE,United States Geological Survey,https://ror.org/035a68863,US,government,"U.S. Geological Survey, Fort Collins Science Center, Fort Collins, CO, USA"
doi:10.3368/le.102.3.012626-0015,W7135135882,10.3368/le.102.3.012626-0015,A5068998908,A5068998908,Aaron J. Enriquez,aaron j enriquez,0000-0002-0305-4333,middle,FALSE,Fort Collins Science Center,https://ror.org/00zf0nh29,NA,facility,"U.S. Geological Survey, Fort Collins Science Center, Fort Collins, CO, USA"
doi:10.3368/le.102.3.012626-0015,W7135135882,10.3368/le.102.3.012626-0015,A5013672273,A5013672273,Leslie Richardson,leslie richardson,0000-0002-3058-2318,last,FALSE,National Park Service,https://ror.org/044zqqy65,US,government,"National Park Service, Economics Program, Fort Collins, CO, USA"
doi:10.21273/hortsci15871-21,W3171907984,10.21273/hortsci15871-21,A5040714699,A5040714699,Benjamin L. Campbell,benjamin l campbell,0000-0001-5844-6409,first,FALSE,University of Georgia,https://ror.org/00te3t702,US,education,"Department of Agricultural and Applied Economics, University of Georgia, 208 Conner Hall, Athens, GA 30602"
doi:10.21273/hortsci15871-21,W3171907984,10.21273/hortsci15871-21,A5016010497,A5016010497,Julie H. Campbell,julie h campbell,0000-0002-1754-2370,middle,FALSE,University of Georgia,https://ror.org/00te3t702,US,education,"Department of Horticulture, University of Georgia, 1111 Plant Sciences Building, Athens, GA 30602"
doi:10.21273/hortsci15871-21,W3171907984,10.21273/hortsci15871-21,A5005396402,A5005396402,Joshua Berning,joshua berning,0000-0001-5128-2528,last,FALSE,Colorado State University,https://ror.org/03k1gpj17,US,education,"Department of Agricultural and Resource Economics, Colorado State University, 1200 Center Avenue Mall, Clark B-337, Fort Collins, CO 80523"
doi:10.1002/jaa2.95,W4391281161,10.1002/jaa2.95,A5079266775,A5079266775,Sachintha Mendis,sachintha mendis,0000-0001-8637-5193,first,TRUE,Resource (United States),https://ror.org/002sg8b56,US,company,Department of Agricultural and Resource Economics Colorado State University Fort Collins Colorado USA
doi:10.1002/jaa2.95,W4391281161,10.1002/jaa2.95,A5079266775,A5079266775,Sachintha Mendis,sachintha mendis,0000-0001-8637-5193,first,TRUE,Colorado State University,https://ror.org/03k1gpj17,US,education,Department of Agricultural and Resource Economics Colorado State University Fort Collins Colorado USA
doi:10.1002/jaa2.95,W4391281161,10.1002/jaa2.95,A5062332393,A5062332393,Alessandro Bonanno,alessandro bonanno,0000-0003-4066-1754,middle,FALSE,Resource (United States),https://ror.org/002sg8b56,US,company,Department of Agricultural and Resource Economics Colorado State University Fort Collins Colorado USA
doi:10.1002/jaa2.95,W4391281161,10.1002/jaa2.95,A5062332393,A5062332393,Alessandro Bonanno,alessandro bonanno,0000-0003-4066-1754,middle,FALSE,Colorado State University,https://ror.org/03k1gpj17,US,education,Department of Agricultural and Resource Economics Colorado State University Fort Collins Colorado USA
doi:10.1002/jaa2.95,W4391281161,10.1002/jaa2.95,A5040241146,A5040241146,Clare Cho,clare cho,NA,last,FALSE,Economic Research Service,https://ror.org/05ycxzd89,US,government,Economic Research Service Washington District of Columbia USA
doi:10.1017/s1742170519000371,W2981340085,10.1017/s1742170519000371,A5001144475,A5001144475,Anne Palmer,anne palmer,0000-0001-7299-8592,first,TRUE,Johns Hopkins University,https://ror.org/00za53h95,US,education,"Johns Hopkins Center for a Livable Future, Bloomberg School of Public Health, 111 Market Place, Suite 840, Baltimore, MD21202, USA"
doi:10.1017/s1742170519000371,W2981340085,10.1017/s1742170519000371,A5062332393,A5062332393,Alessandro Bonanno,alessandro bonanno,0000-0003-4066-1754,middle,FALSE,Colorado State University,https://ror.org/03k1gpj17,US,education,"Department of Agricultural and Resource Economics, Colorado State University, B327 Clark Building Fort Collins, CO80524, USA"
doi:10.1017/s1742170519000371,W2981340085,10.1017/s1742170519000371,A5019028083,A5019028083,Kate Clancy,kate clancy,0000-0003-2877-1408,middle,FALSE,NA,NA,NA,NA,"Food systems consultant, University Park, MD20782, USA"
doi:10.1017/s1742170519000371,W2981340085,10.1017/s1742170519000371,A5040241146,A5040241146,Clare Cho,clare cho,NA,middle,FALSE,Economic Research Service,https://ror.org/05ycxzd89,US,government,"Economic Research Service, 355 E Street SW, 4-139A Washington, DC20024-3221, USA"
doi:10.1017/s1742170519000371,W2981340085,10.1017/s1742170519000371,A5026815066,A5026815066,Rebecca Cleary,rebecca cleary,0000-0003-1515-9156,middle,FALSE,Colorado State University,https://ror.org/03k1gpj17,US,education,"Department of Agricultural and Resource Economics, Colorado State University, B322 Clark Building Fort Collins, CO80524, USA"
doi:10.1017/s1742170519000371,W2981340085,10.1017/s1742170519000371,A5100633590,A5100633590,Ryan Lee,ryan lee,0000-0003-3254-0047,last,FALSE,Johns Hopkins University,https://ror.org/00za53h95,US,education,"Johns Hopkins Center for a Livable Future, Bloomberg School of Public Health, 111 Market Place, Suite 840, Baltimore, MD21202, USA; Public Health Law Center, 875 Summit Ave, Saint Paul, MN55105, USA"
doi:10.1002/aepp.13130,W3120068039,10.1002/aepp.13130,A5026815066,A5026815066,Rebecca Cleary,rebecca cleary,0000-0003-1515-9156,first,TRUE,Resource (United States),https://ror.org/002sg8b56,US,company,Department of Agricultural and Resource Economics Colorado State University  Fort Collins Colorado USA
doi:10.1002/aepp.13130,W3120068039,10.1002/aepp.13130,A5026815066,A5026815066,Rebecca Cleary,rebecca cleary,0000-0003-1515-9156,first,TRUE,Colorado State University,https://ror.org/03k1gpj17,US,education,Department of Agricultural and Resource Economics Colorado State University  Fort Collins Colorado USA
doi:10.1002/aepp.13130,W3120068039,10.1002/aepp.13130,A5062332393,A5062332393,Alessandro Bonanno,alessandro bonanno,0000-0003-4066-1754,middle,FALSE,Resource (United States),https://ror.org/002sg8b56,US,company,Department of Agricultural and Resource Economics Colorado State University  Fort Collins Colorado USA
doi:10.1002/aepp.13130,W3120068039,10.1002/aepp.13130,A5062332393,A5062332393,Alessandro Bonanno,alessandro bonanno,0000-0003-4066-1754,middle,FALSE,Colorado State University,https://ror.org/03k1gpj17,US,education,Department of Agricultural and Resource Economics Colorado State University  Fort Collins Colorado USA
doi:10.1002/aepp.13130,W3120068039,10.1002/aepp.13130,A5063775621,A5063775621,Armen Ghazaryan,armen ghazaryan,0000-0001-6409-1456,middle,FALSE,Resource (United States),https://ror.org/002sg8b56,US,company,Department of Agricultural and Resource Economics Colorado State University  Fort Collins Colorado USA
doi:10.1002/aepp.13130,W3120068039,10.1002/aepp.13130,A5063775621,A5063775621,Armen Ghazaryan,armen ghazaryan,0000-0001-6409-1456,middle,FALSE,Colorado State University,https://ror.org/03k1gpj17,US,education,Department of Agricultural and Resource Economics Colorado State University  Fort Collins Colorado USA
doi:10.1002/aepp.13130,W3120068039,10.1002/aepp.13130,A5046588574,A5046588574,Laura Bellows,laura bellows,0000-0002-5317-5037,middle,FALSE,Colorado State University,https://ror.org/03k1gpj17,US,education,Department of Food Science and Human Nutrition Colorado State University  Fort Collins Colorado USA
doi:10.1002/aepp.13130,W3120068039,10.1002/aepp.13130,A5032168400,A5032168400,Morgan McCloskey,morgan mccloskey,0000-0003-3030-4454,last,FALSE,Colorado State University,https://ror.org/03k1gpj17,US,education,Department of Food Science and Human Nutrition Colorado State University  Fort Collins Colorado USA
doi:10.54605/fec20210204,W4200109688,10.54605/fec20210204,A5008159637,A5008159637,Jude Bayham,jude bayham,0000-0001-5383-2714,first,FALSE,NA,NA,NA,NA,
doi:10.54605/fec20210204,W4200109688,10.54605/fec20210204,A5058020677,A5058020677,Gerardo Chowell,gerardo chowell,0000-0003-2194-2251,middle,FALSE,NA,NA,NA,NA,
doi:10.54605/fec20210204,W4200109688,10.54605/fec20210204,A5052038898,A5052038898,Eli P. Fenichel,eli p fenichel,0000-0002-7649-8250,middle,FALSE,NA,NA,NA,NA,
doi:10.54605/fec20210204,W4200109688,10.54605/fec20210204,A5055763041,A5055763041,Nicolai V. Kuminoff,nicolai v kuminoff,NA,last,FALSE,NA,NA,NA,NA,
doi:10.1108/afr-05-2023-0054,W4386804267,10.1108/afr-05-2023-0054,A5046674626,A5046674626,R. B. Weir,r b weir,0009-0001-3386-9840,first,FALSE,University of Minnesota,https://ror.org/017zqws13,US,education,"Department of Applied Economics, University of Minnesota, Saint Paul, Minnesota, USA"
doi:10.1108/afr-05-2023-0054,W4386804267,10.1108/afr-05-2023-0054,A5026810637,A5026810637,Joleen C. Hadrich,joleen c hadrich,0000-0002-7990-5122,middle,FALSE,University of Minnesota,https://ror.org/017zqws13,US,education,"Department of Applied Economics, University of Minnesota, Saint Paul, Minnesota, USA"
doi:10.1108/afr-05-2023-0054,W4386804267,10.1108/afr-05-2023-0054,A5062332393,A5062332393,Alessandro Bonanno,alessandro bonanno,0000-0003-4066-1754,middle,FALSE,Resource (United States),https://ror.org/002sg8b56,US,company,"Department of Agricultural and Resource Economics, Colorado State University, Fort Collins, Colorado, USA"
doi:10.1108/afr-05-2023-0054,W4386804267,10.1108/afr-05-2023-0054,A5062332393,A5062332393,Alessandro Bonanno,alessandro bonanno,0000-0003-4066-1754,middle,FALSE,Colorado State University,https://ror.org/03k1gpj17,US,education,"Department of Agricultural and Resource Economics, Colorado State University, Fort Collins, Colorado, USA"
doi:10.1108/afr-05-2023-0054,W4386804267,10.1108/afr-05-2023-0054,A5055158106,A5055158106,Becca B.R. Jablonski,becca b r jablonski,0000-0002-6404-039X,last,FALSE,Resource (United States),https://ror.org/002sg8b56,US,company,"Department of Agricultural and Resource Economics, Colorado State University, Fort Collins, Colorado, USA"
doi:10.1108/afr-05-2023-0054,W4386804267,10.1108/afr-05-2023-0054,A5055158106,A5055158106,Becca B.R. Jablonski,becca b r jablonski,0000-0002-6404-039X,last,FALSE,Colorado State University,https://ror.org/03k1gpj17,US,education,"Department of Agricultural and Resource Economics, Colorado State University, Fort Collins, Colorado, USA"
doi:10.1016/j.cdnut.2023.100292,W4385306485,10.1016/j.cdnut.2023.100292,A5036237696,A5036237696,Beatriz Carmona,beatriz carmona,0000-0003-1023-0101,first,FALSE,NA,NA,NA,NA,
doi:10.1016/j.cdnut.2023.100292,W4385306485,10.1016/j.cdnut.2023.100292,A5055158106,A5055158106,Becca B.R. Jablonski,becca b r jablonski,0000-0002-6404-039X,middle,FALSE,NA,NA,NA,NA,
doi:10.1016/j.cdnut.2023.100292,W4385306485,10.1016/j.cdnut.2023.100292,A5062332393,A5062332393,Alessandro Bonanno,alessandro bonanno,0000-0003-4066-1754,middle,FALSE,NA,NA,NA,NA,
doi:10.1016/j.cdnut.2023.100292,W4385306485,10.1016/j.cdnut.2023.100292,A5026815066,A5026815066,Rebecca Cleary,rebecca cleary,0000-0003-1515-9156,middle,FALSE,NA,NA,NA,NA,
doi:10.1016/j.cdnut.2023.100292,W4385306485,10.1016/j.cdnut.2023.100292,A5018404669,A5018404669,Erin Love,erin love,0000-0002-2209-8366,middle,FALSE,NA,NA,NA,NA,
doi:10.1016/j.cdnut.2023.100292,W4385306485,10.1016/j.cdnut.2023.100292,A5046588574,A5046588574,Laura Bellows,laura bellows,0000-0002-5317-5037,last,FALSE,NA,NA,NA,NA,
doi:10.56103/nactaj.v69i1.210,W4410430809,10.56103/nactaj.v69i1.210,A5110146714,A5110146714,Jean M. Bennett,jean m bennett,0009-0002-1178-0834,first,FALSE,Colorado State University,https://ror.org/03k1gpj17,US,education,Colorado State University
doi:10.56103/nactaj.v69i1.210,W4410430809,10.56103/nactaj.v69i1.210,A5112693775,A5112693775,Michael Pate,michael pate,0000-0002-2904-5347,middle,FALSE,Utah State University,https://ror.org/00h6set76,US,education,Utah State University
doi:10.56103/nactaj.v69i1.210,W4410430809,10.56103/nactaj.v69i1.210,A5021492037,A5021492037,Kellie Enns,kellie enns,NA,middle,FALSE,Colorado State University,https://ror.org/03k1gpj17,US,education,Colorado State University
doi:10.56103/nactaj.v69i1.210,W4410430809,10.56103/nactaj.v69i1.210,A5053720144,A5053720144,Michelle Burrows,michelle burrows,0000-0003-0523-9582,middle,FALSE,Utah State University,https://ror.org/00h6set76,US,education,Utah State University
doi:10.56103/nactaj.v69i1.210,W4410430809,10.56103/nactaj.v69i1.210,A5110259030,A5110259030,Nathan Clark,nathan clark,NA,middle,FALSE,Colorado State University,https://ror.org/03k1gpj17,US,education,Colorado State University
doi:10.56103/nactaj.v69i1.210,W4410430809,10.56103/nactaj.v69i1.210,A5082774430,A5082774430,W. Marshall Frasier,w marshall frasier,NA,last,FALSE,Colorado State University,https://ror.org/03k1gpj17,US,education,Colorado State University
doi:10.1016/j.scitotenv.2025.179814,W4411225024,10.1016/j.scitotenv.2025.179814,A5118128628,A5118128628,Charlotte Wachter,charlotte wachter,NA,first,TRUE,Agricultural & Applied Economics Association,https://ror.org/04e5cyn06,US,nonprofit,"Department of Agricultural and Resource Economics, Colorado State University, United States of America"
doi:10.1016/j.scitotenv.2025.179814,W4411225024,10.1016/j.scitotenv.2025.179814,A5027026551,A5027026551,Jordan F. Suter,jordan f suter,0000-0003-0520-7150,middle,FALSE,Agricultural & Applied Economics Association,https://ror.org/04e5cyn06,US,nonprofit,"Department of Agricultural and Resource Economics, Colorado State University, United States of America"
doi:10.1016/j.scitotenv.2025.179814,W4411225024,10.1016/j.scitotenv.2025.179814,A5078908976,A5078908976,Jesse Burkhardt,jesse burkhardt,0000-0002-7631-0393,middle,FALSE,Agricultural & Applied Economics Association,https://ror.org/04e5cyn06,US,nonprofit,"Department of Agricultural and Resource Economics, Colorado State University, United States of America"
doi:10.1016/j.scitotenv.2025.179814,W4411225024,10.1016/j.scitotenv.2025.179814,name:wes austin,NA,Wes Austin,wes austin,NA,middle,FALSE,Environmental Protection Agency,https://ror.org/03tns0030,US,government,"National Center for Environmental Economics, U.S. Environmental Protection Agency, United States of America"
doi:10.1016/j.scitotenv.2025.179814,W4411225024,10.1016/j.scitotenv.2025.179814,name:wes austin,NA,Wes Austin,wes austin,NA,middle,FALSE,Environmental Protection Agency,https://ror.org/03m8km719,GH,government,"National Center for Environmental Economics, U.S. Environmental Protection Agency, United States of America"
doi:10.1016/j.scitotenv.2025.179814,W4411225024,10.1016/j.scitotenv.2025.179814,name:wes austin,NA,Wes Austin,wes austin,NA,middle,FALSE,National Center for Environmental Assessment (EPA),https://ror.org/01x64pv72,US,facility,"National Center for Environmental Economics, U.S. Environmental Protection Agency, United States of America"
doi:10.1016/j.scitotenv.2025.179814,W4411225024,10.1016/j.scitotenv.2025.179814,A5059785158,A5059785158,Beth M. Haley,beth m haley,0000-0003-0236-4687,middle,FALSE,Oak Ridge Associated Universities,https://ror.org/0526p1y61,US,education,"Oak Ridge Institute for Science and Education, US Department of Energy, Oak Ridge, TN, United States of America"
doi:10.1016/j.scitotenv.2025.179814,W4411225024,10.1016/j.scitotenv.2025.179814,A5059785158,A5059785158,Beth M. Haley,beth m haley,0000-0003-0236-4687,middle,FALSE,Oak Ridge Institute for Science and Education,https://ror.org/040vxhp34,NA,education,"Oak Ridge Institute for Science and Education, US Department of Energy, Oak Ridge, TN, United States of America"
doi:10.1016/j.scitotenv.2025.179814,W4411225024,10.1016/j.scitotenv.2025.179814,A5045160007,A5045160007,Siyu Pan,siyu pan,0000-0002-4959-6840,middle,FALSE,Northern Arizona University,https://ror.org/0272j5188,US,education,"W. A. Franke College of Business, Northern Arizona University, United States of America"
doi:10.1016/j.scitotenv.2025.179814,W4411225024,10.1016/j.scitotenv.2025.179814,A5001133265,A5001133265,Sonja H. Kolstoe,sonja h kolstoe,0000-0002-6022-0115,last,FALSE,Pacific Northwest Research Station,https://ror.org/02s42ys89,US,government,"Pacific Northwest Research Station, USDA Forest Service, United States of America"
doi:10.1080/08941920.2025.2572064,W4415021393,10.1080/08941920.2025.2572064,A5042175748,A5042175748,Catherine Keske,catherine keske,0000-0002-8383-5630,first,TRUE,"University of California, Merced",https://ror.org/00d9ah105,US,education,"Department of Chemical and Materials Science Engineering, University of California-Merced; Department of Chemical and Materials Science Engineering, University of California-Merced, Merced, California, USA"
doi:10.1080/08941920.2025.2572064,W4415021393,10.1080/08941920.2025.2572064,A5070917361,A5070917361,Dana L. Hoag,dana l hoag,0000-0001-7660-6832,middle,FALSE,Center for Agricultural Resources Research,https://ror.org/0135db650,US,facility,"Department of Agricultural and Resource Economics, Colorado University; Department of Agricultural and Resource Economics, Colorado University, Fort Collins, Colorado, USA"
doi:10.1080/08941920.2025.2572064,W4415021393,10.1080/08941920.2025.2572064,A5070917361,A5070917361,Dana L. Hoag,dana l hoag,0000-0001-7660-6832,middle,FALSE,Agricultural & Applied Economics Association,https://ror.org/04e5cyn06,US,nonprofit,"Department of Agricultural and Resource Economics, Colorado University; Department of Agricultural and Resource Economics, Colorado University, Fort Collins, Colorado, USA"
doi:10.1080/08941920.2025.2572064,W4415021393,10.1080/08941920.2025.2572064,A5070917361,A5070917361,Dana L. Hoag,dana l hoag,0000-0001-7660-6832,middle,FALSE,Colorado State University,https://ror.org/03k1gpj17,US,education,"Department of Agricultural and Resource Economics, Colorado University; Department of Agricultural and Resource Economics, Colorado University, Fort Collins, Colorado, USA"
doi:10.1080/08941920.2025.2572064,W4415021393,10.1080/08941920.2025.2572064,A5078908976,A5078908976,Jesse Burkhardt,jesse burkhardt,0000-0002-7631-0393,last,FALSE,Center for Agricultural Resources Research,https://ror.org/0135db650,US,facility,"Department of Agricultural and Resource Economics, Colorado University; Department of Agricultural and Resource Economics, Colorado University, Fort Collins, Colorado, USA"
doi:10.1080/08941920.2025.2572064,W4415021393,10.1080/08941920.2025.2572064,A5078908976,A5078908976,Jesse Burkhardt,jesse burkhardt,0000-0002-7631-0393,last,FALSE,Agricultural & Applied Economics Association,https://ror.org/04e5cyn06,US,nonprofit,"Department of Agricultural and Resource Economics, Colorado University; Department of Agricultural and Resource Economics, Colorado University, Fort Collins, Colorado, USA"
doi:10.1080/08941920.2025.2572064,W4415021393,10.1080/08941920.2025.2572064,A5078908976,A5078908976,Jesse Burkhardt,jesse burkhardt,0000-0002-7631-0393,last,FALSE,Colorado State University,https://ror.org/03k1gpj17,US,education,"Department of Agricultural and Resource Economics, Colorado University; Department of Agricultural and Resource Economics, Colorado University, Fort Collins, Colorado, USA"
doi:10.5032/jae.v66i4.3220,W4417097694,10.5032/jae.v66i4.3220,A5103126575,A5103126575,Matthew Wood,matthew wood,0000-0003-3974-2282,first,FALSE,Southeastern Baptist College,https://ror.org/02f5k2623,US,education,Laurel School District
doi:10.5032/jae.v66i4.3220,W4417097694,10.5032/jae.v66i4.3220,A5110146714,A5110146714,Jean M. Bennett,jean m bennett,0009-0002-1178-0834,last,FALSE,Colorado State University,https://ror.org/03k1gpj17,US,education,Colorado State University
doi:10.5032/jae.v67i1.3218,W7118128088,10.5032/jae.v67i1.3218,A5110146714,A5110146714,Jean M. Bennett,jean m bennett,0009-0002-1178-0834,first,FALSE,Colorado State University,https://ror.org/03k1gpj17,US,education,Colorado State University
doi:10.5032/jae.v67i1.3218,W7118128088,10.5032/jae.v67i1.3218,A5032812120,A5032812120,Aryn Baxter,aryn baxter,0000-0002-3231-7024,middle,FALSE,Colorado State University,https://ror.org/03k1gpj17,US,education,Colorado State University
doi:10.5032/jae.v67i1.3218,W7118128088,10.5032/jae.v67i1.3218,A5021492037,A5021492037,Kellie Enns,kellie enns,0009-0008-5464-4238,middle,FALSE,Colorado State University,https://ror.org/03k1gpj17,US,education,Colorado State University
doi:10.5032/jae.v67i1.3218,W7118128088,10.5032/jae.v67i1.3218,A5121901184,A5121901184,Nathan Clark,nathan clark,0009-0004-2108-4669,last,FALSE,Colorado State University,https://ror.org/03k1gpj17,US,education,Colorado State University
doi:10.1002/ajae.70071,W7152708484,10.1002/ajae.70071,A5042761333,A5042761333,Siwen Zhou,siwen zhou,0000-0002-7369-6606,first,TRUE,Resource (United States),https://ror.org/002sg8b56,US,company,Department of Agricultural and Resource Economics Colorado State University  Fort Collins Colorado USA
doi:10.1002/ajae.70071,W7152708484,10.1002/ajae.70071,A5042761333,A5042761333,Siwen Zhou,siwen zhou,0000-0002-7369-6606,first,TRUE,Colorado State University,https://ror.org/03k1gpj17,US,education,Department of Agricultural and Resource Economics Colorado State University  Fort Collins Colorado USA
doi:10.1002/ajae.70071,W7152708484,10.1002/ajae.70071,A5005396402,A5005396402,Joshua Berning,joshua berning,0000-0001-5128-2528,middle,FALSE,Resource (United States),https://ror.org/002sg8b56,US,company,Department of Agricultural and Resource Economics Colorado State University  Fort Collins Colorado USA
doi:10.1002/ajae.70071,W7152708484,10.1002/ajae.70071,A5005396402,A5005396402,Joshua Berning,joshua berning,0000-0001-5128-2528,middle,FALSE,Colorado State University,https://ror.org/03k1gpj17,US,education,Department of Agricultural and Resource Economics Colorado State University  Fort Collins Colorado USA
doi:10.1002/ajae.70071,W7152708484,10.1002/ajae.70071,A5062332393,A5062332393,Alessandro Bonanno,alessandro bonanno,0000-0003-4066-1754,middle,FALSE,Resource (United States),https://ror.org/002sg8b56,US,company,Department of Agricultural and Resource Economics Colorado State University  Fort Collins Colorado USA
doi:10.1002/ajae.70071,W7152708484,10.1002/ajae.70071,A5062332393,A5062332393,Alessandro Bonanno,alessandro bonanno,0000-0003-4066-1754,middle,FALSE,Colorado State University,https://ror.org/03k1gpj17,US,education,Department of Agricultural and Resource Economics Colorado State University  Fort Collins Colorado USA
doi:10.1002/ajae.70071,W7152708484,10.1002/ajae.70071,A5008159637,A5008159637,Jude Bayham,jude bayham,0000-0001-5383-2714,last,FALSE,Resource (United States),https://ror.org/002sg8b56,US,company,Department of Agricultural and Resource Economics Colorado State University  Fort Collins Colorado USA
doi:10.1002/ajae.70071,W7152708484,10.1002/ajae.70071,A5008159637,A5008159637,Jude Bayham,jude bayham,0000-0001-5383-2714,last,FALSE,Colorado State University,https://ror.org/03k1gpj17,US,education,Department of Agricultural and Resource Economics Colorado State University  Fort Collins Colorado USA
doi:10.31223/x5518b,W7153033473,10.31223/x5518b,A5028164095,A5028164095,James G. Larson,james g larson,0000-0003-1458-7976,first,FALSE,NA,NA,NA,NA,
doi:10.31223/x5518b,W7153033473,10.31223/x5518b,A5035419787,A5035419787,Patrick Keys,patrick keys,0000-0002-7250-1563,middle,FALSE,NA,NA,NA,NA,
doi:10.31223/x5518b,W7153033473,10.31223/x5518b,A5133376475,A5133376475,Frances Moore,frances moore,NA,middle,FALSE,NA,NA,NA,NA,
doi:10.31223/x5518b,W7153033473,10.31223/x5518b,A5078908976,A5078908976,Jesse Burkhardt,jesse burkhardt,0000-0002-7631-0393,last,FALSE,NA,NA,NA,NA,
doi:10.1111/gcb.70909,W7160869339,10.1111/gcb.70909,A5135906827,A5135906827,Alison E. King,alison e king,0000-0002-4155-577X,first,TRUE,University of Maine,https://ror.org/01adr0w49,US,education,School of Food and Agriculture University of Maine  Orono Maine USA
doi:10.1111/gcb.70909,W7160869339,10.1111/gcb.70909,A5135850148,A5135850148,Eunkyoung Choi,eunkyoung choi,NA,middle,FALSE,Colorado State University,https://ror.org/03k1gpj17,US,education,Department of Ecosystem Science and Sustainability Colorado State University  Fort Collins Colorado USA
doi:10.1111/gcb.70909,W7160869339,10.1111/gcb.70909,A5078908976,A5078908976,Jesse Burkhardt,jesse burkhardt,0000-0002-7631-0393,middle,FALSE,Resource (United States),https://ror.org/002sg8b56,US,company,Department of Agricultural and Resource Economics Colorado State University  Fort Collins Colorado USA
doi:10.1111/gcb.70909,W7160869339,10.1111/gcb.70909,A5078908976,A5078908976,Jesse Burkhardt,jesse burkhardt,0000-0002-7631-0393,middle,FALSE,Colorado State University,https://ror.org/03k1gpj17,US,education,Department of Agricultural and Resource Economics Colorado State University  Fort Collins Colorado USA
doi:10.1111/gcb.70909,W7160869339,10.1111/gcb.70909,A5071844066,A5071844066,Nathaniel D. Mueller,nathaniel d mueller,0000-0003-1857-5104,last,FALSE,Colorado State University,https://ror.org/03k1gpj17,US,education,Department of Ecosystem Science and Sustainability Colorado State University  Fort Collins Colorado USA; Department of Soil and Crop Sciences Colorado State University  Fort Collins Colorado USA
doi:10.1002/wat2.1571,W4200579997,10.1002/wat2.1571,A5073025729,A5073025729,A. N. Wlostowski,a n wlostowski,0000-0001-5703-9916,first,TRUE,Synkera Technologies (United States),https://ror.org/05vj5p117,US,company,"Lynker  Boulder Colorado USA; Lynker, Boulder, Colorado, USA"
doi:10.1002/wat2.1571,W4200579997,10.1002/wat2.1571,A5063962442,A5063962442,Keith S. Jennings,keith s jennings,0000-0002-4660-1472,middle,FALSE,Synkera Technologies (United States),https://ror.org/05vj5p117,US,company,"Lynker  Boulder Colorado USA; Lynker, Boulder, Colorado, USA"
doi:10.1002/wat2.1571,W4200579997,10.1002/wat2.1571,A5056639456,A5056639456,Rachel E. Bash,rachel e bash,NA,middle,FALSE,Synkera Technologies (United States),https://ror.org/05vj5p117,US,company,"Lynker  Boulder Colorado USA; Lynker, Boulder, Colorado, USA"
doi:10.1002/wat2.1571,W4200579997,10.1002/wat2.1571,A5078908976,A5078908976,Jesse Burkhardt,jesse burkhardt,0000-0002-7631-0393,middle,FALSE,Resource (United States),https://ror.org/002sg8b56,US,company,"Department of Agricultural and Resource Economics Colorado State University  Fort Collins Colorado USA; Department of Agricultural and Resource Economics, Colorado State University, Fort Collins, Colorado, USA"
doi:10.1002/wat2.1571,W4200579997,10.1002/wat2.1571,A5078908976,A5078908976,Jesse Burkhardt,jesse burkhardt,0000-0002-7631-0393,middle,FALSE,Colorado State University,https://ror.org/03k1gpj17,US,education,"Department of Agricultural and Resource Economics Colorado State University  Fort Collins Colorado USA; Department of Agricultural and Resource Economics, Colorado State University, Fort Collins, Colorado, USA"
doi:10.1002/wat2.1571,W4200579997,10.1002/wat2.1571,A5068144194,A5068144194,Cameron Wobus,cameron wobus,0000-0002-9654-1738,middle,FALSE,Synkera Technologies (United States),https://ror.org/05vj5p117,US,company,"Lynker  Boulder Colorado USA; Lynker, Boulder, Colorado, USA"
doi:10.1002/wat2.1571,W4200579997,10.1002/wat2.1571,A5059703309,A5059703309,G. R. Aggett,g r aggett,0000-0003-2899-8602,last,FALSE,Synkera Technologies (United States),https://ror.org/05vj5p117,US,company,"Lynker  Boulder Colorado USA; Lynker, Boulder, Colorado, USA"
doi:10.1016/j.meatsci.2024.109597,W4400612753,10.1016/j.meatsci.2024.109597,A5053592719,A5053592719,Annika Johanna Thies,annika johanna thies,0000-0003-3265-7333,first,TRUE,Johann Heinrich von Thünen-Institut,https://ror.org/00mr84n67,DE,government,"Johann Heinrich von Thuenen Institute, Institute of Market Analysis, Braunschweig, Germany; Department of Animal Sciences, Colorado State University, Fort Collins, CO, USA. Electronic address: annika.thies@thuenen.de; Johann Heinrich von Thuenen Institute, Institute of Market Analysis, Braunschweig, Germany; Department of Animal Sciences, Colorado State University, Fort Collins, CO, USA"
doi:10.1016/j.meatsci.2024.109597,W4400612753,10.1016/j.meatsci.2024.109597,A5053592719,A5053592719,Annika Johanna Thies,annika johanna thies,0000-0003-3265-7333,first,TRUE,Colorado State University,https://ror.org/03k1gpj17,US,education,"Johann Heinrich von Thuenen Institute, Institute of Market Analysis, Braunschweig, Germany; Department of Animal Sciences, Colorado State University, Fort Collins, CO, USA. Electronic address: annika.thies@thuenen.de; Johann Heinrich von Thuenen Institute, Institute of Market Analysis, Braunschweig, Germany; Department of Animal Sciences, Colorado State University, Fort Collins, CO, USA"
doi:10.1016/j.meatsci.2024.109597,W4400612753,10.1016/j.meatsci.2024.109597,A5048459671,A5048459671,Brianne A. Altmann,brianne a altmann,0000-0003-2417-2053,middle,FALSE,University of Kassel,https://ror.org/04zc7p361,DE,education,"Faculty of Organic Agricultural Sciences, University Kassel, Kassel, Germany. Electronic address: brianne.altmann@agr.uni-goettingen.de; Faculty of Organic Agricultural Sciences, University Kassel, Kassel, Germany"
doi:10.1016/j.meatsci.2024.109597,W4400612753,10.1016/j.meatsci.2024.109597,A5059425466,A5059425466,Amanda M. Countryman,amanda m countryman,0000-0001-7086-2050,middle,FALSE,Resource (United States),https://ror.org/002sg8b56,US,company,"Department of Agricultural and Resource Economics, Colorado State University, CO, USA. Electronic address: amanda.countryman@colostate.edu; Department of Agricultural and Resource Economics, Colorado State University, CO, USA"
doi:10.1016/j.meatsci.2024.109597,W4400612753,10.1016/j.meatsci.2024.109597,A5059425466,A5059425466,Amanda M. Countryman,amanda m countryman,0000-0001-7086-2050,middle,FALSE,Colorado State University,https://ror.org/03k1gpj17,US,education,"Department of Agricultural and Resource Economics, Colorado State University, CO, USA. Electronic address: amanda.countryman@colostate.edu; Department of Agricultural and Resource Economics, Colorado State University, CO, USA"
doi:10.1016/j.meatsci.2024.109597,W4400612753,10.1016/j.meatsci.2024.109597,A5112254230,A5112254230,C. B. Smith,c b smith,NA,middle,FALSE,Colorado State University,https://ror.org/03k1gpj17,US,education,"Department of Animal Sciences, Colorado State University, Fort Collins, CO, USA. Electronic address: colton.smith@colostate.edu; Department of Animal Sciences, Colorado State University, Fort Collins, CO, USA"
doi:10.1016/j.meatsci.2024.109597,W4400612753,10.1016/j.meatsci.2024.109597,A5041573292,A5041573292,Mahesh N. Nair,mahesh n nair,0000-0002-2917-1028,last,TRUE,Colorado State University,https://ror.org/03k1gpj17,US,education,"Department of Animal Sciences, Colorado State University, Fort Collins, CO, USA. Electronic address: mnair@colostate.edu; Department of Animal Sciences, Colorado State University, Fort Collins, CO, USA"
doi:10.1002/aepp.13096,W3089211388,10.1002/aepp.13096,A5055158106,A5055158106,Becca B.R. Jablonski,becca b r jablonski,0000-0002-6404-039X,first,TRUE,NA,NA,NA,NA,
doi:10.1002/aepp.13096,W3089211388,10.1002/aepp.13096,A5010690859,A5010690859,Joy Casnovsky,joy casnovsky,NA,middle,FALSE,NA,NA,NA,NA,
doi:10.1002/aepp.13096,W3089211388,10.1002/aepp.13096,A5034241818,A5034241818,Jill K. Clark,jill k clark,0000-0002-7415-3355,middle,FALSE,NA,NA,NA,NA,
doi:10.1002/aepp.13096,W3089211388,10.1002/aepp.13096,A5026815066,A5026815066,Rebecca Cleary,rebecca cleary,0000-0003-1515-9156,middle,FALSE,NA,NA,NA,NA,
doi:10.1002/aepp.13096,W3089211388,10.1002/aepp.13096,A5027453481,A5027453481,Beth J. Feingold,beth j feingold,0000-0001-6670-5845,middle,FALSE,NA,NA,NA,NA,
doi:10.1002/aepp.13096,W3089211388,10.1002/aepp.13096,A5081961556,A5081961556,Darcy A. Freedman,darcy a freedman,0000-0002-0521-9621,middle,FALSE,NA,NA,NA,NA,
doi:10.1002/aepp.13096,W3089211388,10.1002/aepp.13096,A5101745318,A5101745318,Steven Gray,steven gray,0000-0001-7605-6674,middle,FALSE,NA,NA,NA,NA,
doi:10.1002/aepp.13096,W3089211388,10.1002/aepp.13096,A5007459655,A5007459655,Xiaobo Xue Romeiko,xiaobo xue romeiko,0000-0001-5579-2111,middle,FALSE,NA,NA,NA,NA,
doi:10.1002/aepp.13096,W3089211388,10.1002/aepp.13096,A5001144440,A5001144440,Laura Schmitt Olabisi,laura schmitt olabisi,0000-0002-6557-9469,middle,FALSE,NA,NA,NA,NA,
doi:10.1002/aepp.13096,W3089211388,10.1002/aepp.13096,name:mariana torres,NA,Mariana Torres,mariana torres,NA,middle,FALSE,NA,NA,NA,NA,
doi:10.1002/aepp.13096,W3089211388,10.1002/aepp.13096,A5109595840,A5109595840,Alexandra E. van den Berg,alexandra e van den berg,NA,middle,FALSE,NA,NA,NA,NA,
doi:10.1002/aepp.13096,W3089211388,10.1002/aepp.13096,A5063757141,A5063757141,Colleen C. Walsh,colleen c walsh,0000-0002-9560-6835,middle,FALSE,NA,NA,NA,NA,
doi:10.1002/aepp.13096,W3089211388,10.1002/aepp.13096,A5009891520,A5009891520,Chelsea Wentworth,chelsea wentworth,0000-0002-5016-7277,last,FALSE,NA,NA,NA,NA,
doi:10.1016/j.ijpe.2022.108534,W4281850555,10.1016/j.ijpe.2022.108534,A5032419900,A5032419900,Houtian Ge,houtian ge,0000-0002-1916-9389,first,TRUE,Cornell University,https://ror.org/05bnh6r87,US,education,"Charles H. Dyson School of Applied Economics and Management Cornell University 475 Warren Hall, Ithaca, NY, 14853, USA"
doi:10.1016/j.ijpe.2022.108534,W4281850555,10.1016/j.ijpe.2022.108534,A5035164673,A5035164673,Stephan J. Goetz,stephan j goetz,0000-0003-4529-552X,middle,FALSE,Pennsylvania State University,https://ror.org/04p491231,US,education,"Department of Agricultural Economics, Sociology and Education The Northeast Regional Center for Rural Development Penn State University 7 Armsby Building, University Park, PA, 16802, USA"
doi:10.1016/j.ijpe.2022.108534,W4281850555,10.1016/j.ijpe.2022.108534,A5026815066,A5026815066,Rebecca Cleary,rebecca cleary,0000-0003-1515-9156,middle,FALSE,Colorado State University,https://ror.org/03k1gpj17,US,education,"Department of Agricultural and Resource Economics Colorado State University B322 Clark Building, Fort Collins, CO, 80524, USA"
doi:10.1016/j.ijpe.2022.108534,W4281850555,10.1016/j.ijpe.2022.108534,A5052674563,A5052674563,Jing Yi,jing yi,0000-0003-1076-3119,middle,FALSE,Cornell University,https://ror.org/05bnh6r87,US,education,"Charles H. Dyson School of Applied Economics and Management Cornell University 475 Warren Hall, Ithaca, NY, 14853, USA"
doi:10.1016/j.ijpe.2022.108534,W4281850555,10.1016/j.ijpe.2022.108534,A5016997673,A5016997673,Miguel I. Gómez,miguel i gomez,0000-0002-3591-5249,last,FALSE,Cornell University,https://ror.org/05bnh6r87,US,education,"Charles H. Dyson School of Applied Economics and Management Cornell University 475 Warren Hall, Ithaca, NY, 14853, USA"
doi:10.1029/2021wr030712,W4281790344,10.1029/2021wr030712,A5059344342,A5059344342,Daniel A. Bass,daniel a bass,0000-0001-5630-3340,first,FALSE,University of Delaware,https://ror.org/01sbq1a82,US,education,"Department of Applied Economics and Statistics University of Delaware  Newark DE USA; Department of Applied Economics and Statistics, University of Delaware, Newark, DE, USA"
doi:10.1029/2021wr030712,W4281790344,10.1029/2021wr030712,A5078561082,A5078561082,Brandon R. McFadden,brandon r mcfadden,0000-0002-5993-3070,middle,TRUE,University of Delaware,https://ror.org/01sbq1a82,US,education,"Department of Applied Economics and Statistics University of Delaware  Newark DE USA; Department of Applied Economics and Statistics, University of Delaware, Newark, DE, USA"
doi:10.1029/2021wr030712,W4281790344,10.1029/2021wr030712,A5024307840,A5024307840,Marco Costanigro,marco costanigro,0000-0002-7104-097X,middle,FALSE,Colorado State University,https://ror.org/03k1gpj17,US,education,"Department of Agricultural and Resource Economics Colorado State University  Fort Collins CO USA; Department of Agricultural and Resource Economics, Colorado State University, Fort Collins, CO, USA"
doi:10.1029/2021wr030712,W4281790344,10.1029/2021wr030712,A5000708557,A5000708557,Kent D. Messer,kent d messer,0000-0002-9458-5278,last,FALSE,University of Delaware,https://ror.org/01sbq1a82,US,education,"Department of Applied Economics and Statistics University of Delaware  Newark DE USA; Department of Applied Economics and Statistics, University of Delaware, Newark, DE, USA"
doi:10.1111/ajae.12404,W4380190325,10.1111/ajae.12404,A5063900109,A5063900109,Lauren Chenarides,lauren chenarides,0000-0001-8983-9694,first,FALSE,Arizona State University,https://ror.org/03efmqc40,US,education,"Morrison School of Agribusiness, W. P. Carey School of Business Arizona State University  Mesa Arizona USA; Morrison School of Agribusiness, W. P. Carey School of Business, Arizona State University, Mesa, Arizona, USA"
doi:10.1111/ajae.12404,W4380190325,10.1111/ajae.12404,A5068515544,A5068515544,Metin Çakır,metin cakir,0000-0001-5129-0827,middle,FALSE,University of Minnesota,https://ror.org/017zqws13,US,education,"Department of Applied Economics University of Minnesota  Minneapolis Minnesota USA; Department of Applied Economics, University of Minnesota, Minneapolis, Minnesota, USA"
doi:10.1111/ajae.12404,W4380190325,10.1111/ajae.12404,A5027311612,A5027311612,Timothy J. Richards,timothy j richards,0000-0001-8832-9609,last,TRUE,Arizona State University,https://ror.org/03efmqc40,US,education,"Morrison School of Agribusiness, W. P. Carey School of Business Arizona State University  Mesa Arizona USA; Morrison School of Agribusiness, W. P. Carey School of Business, Arizona State University, Mesa, Arizona, USA"
doi:10.1111/ajae.12192,W3130764381,10.1111/ajae.12192,A5039208828,A5039208828,Alexandra Hill,alexandra hill,NA,first,TRUE,NA,NA,NA,NA,Correspondence to be sent to: alexandra.e.hill@colostate.edu
doi:10.1111/ajae.12192,W3130764381,10.1111/ajae.12192,A5078908976,A5078908976,Jesse Burkhardt,jesse burkhardt,0000-0002-7631-0393,last,TRUE,NA,NA,NA,NA,
doi:10.1371/journal.pone.0261833,W4206111445,10.1371/journal.pone.0261833,A5057456667,A5057456667,Mostafa Shartaj,mostafa shartaj,0000-0003-1722-1232,first,TRUE,Resource (United States),https://ror.org/002sg8b56,US,company,"Department of Agricultural and Resource Economics, Colorado State University, Fort Collins, Colorado, United States of America"
doi:10.1371/journal.pone.0261833,W4206111445,10.1371/journal.pone.0261833,A5057456667,A5057456667,Mostafa Shartaj,mostafa shartaj,0000-0003-1722-1232,first,TRUE,Colorado State University,https://ror.org/03k1gpj17,US,education,"Department of Agricultural and Resource Economics, Colorado State University, Fort Collins, Colorado, United States of America"
doi:10.1371/journal.pone.0261833,W4206111445,10.1371/journal.pone.0261833,A5027026551,A5027026551,Jordan F. Suter,jordan f suter,0000-0003-0520-7150,middle,FALSE,Resource (United States),https://ror.org/002sg8b56,US,company,"Department of Agricultural and Resource Economics, Colorado State University, Fort Collins, Colorado, United States of America"
doi:10.1371/journal.pone.0261833,W4206111445,10.1371/journal.pone.0261833,A5027026551,A5027026551,Jordan F. Suter,jordan f suter,0000-0003-0520-7150,middle,FALSE,Colorado State University,https://ror.org/03k1gpj17,US,education,"Department of Agricultural and Resource Economics, Colorado State University, Fort Collins, Colorado, United States of America"
doi:10.1371/journal.pone.0261833,W4206111445,10.1371/journal.pone.0261833,A5071416652,A5071416652,Travis Warziniack,travis warziniack,0000-0002-9431-2288,last,FALSE,Rocky Mountain Research Station,https://ror.org/04347cr60,US,government,"Rocky Mountain Research Station, United States Forest Service, Fort Collins, Colorado, United States of America"
doi:10.1016/j.resconrec.2025.108325,W4409634153,10.1016/j.resconrec.2025.108325,A5100424186,A5100424186,Zhaojun Wang,zhaojun wang,0000-0002-7498-4132,first,TRUE,Smithsonian Environmental Research Center,https://ror.org/032a13752,US,facility,"Smithsonian Environmental Research Center, Edgewater, MD, USA"
doi:10.1016/j.resconrec.2025.108325,W4409634153,10.1016/j.resconrec.2025.108325,A5059425466,A5059425466,Amanda M. Countryman,amanda m countryman,0000-0001-7086-2050,last,FALSE,Resource (United States),https://ror.org/002sg8b56,US,company,"Department of Agricultural and Resource Economics, Colorado State University, CO, USA"
doi:10.1016/j.resconrec.2025.108325,W4409634153,10.1016/j.resconrec.2025.108325,A5059425466,A5059425466,Amanda M. Countryman,amanda m countryman,0000-0001-7086-2050,last,FALSE,Colorado State University,https://ror.org/03k1gpj17,US,education,"Department of Agricultural and Resource Economics, Colorado State University, CO, USA"
doi:10.1016/j.foodpol.2024.102769,W4404872324,10.1016/j.foodpol.2024.102769,A5024307840,A5024307840,Marco Costanigro,marco costanigro,0000-0002-7104-097X,first,TRUE,Resource (United States),https://ror.org/002sg8b56,US,company,"Department of Agricultural and Resource Economics, Colorado State University, United States"
doi:10.1016/j.foodpol.2024.102769,W4404872324,10.1016/j.foodpol.2024.102769,A5024307840,A5024307840,Marco Costanigro,marco costanigro,0000-0002-7104-097X,first,TRUE,Colorado State University,https://ror.org/03k1gpj17,US,education,"Department of Agricultural and Resource Economics, Colorado State University, United States"
doi:10.1016/j.foodpol.2024.102769,W4404872324,10.1016/j.foodpol.2024.102769,A5013518230,A5013518230,Magalie Dubois,magalie dubois,0000-0003-1689-8559,middle,FALSE,Université de Bourgogne,https://ror.org/03k1bsr36,FR,education,"School of Wine & Spirits Business, CEREN EA 7477, Burgundy School of Business, Université de Bourgogne, Dijon, France"
doi:10.1016/j.foodpol.2024.102769,W4404872324,10.1016/j.foodpol.2024.102769,A5013518230,A5013518230,Magalie Dubois,magalie dubois,0000-0003-1689-8559,middle,FALSE,Université Bourgogne Franche-Comté,https://ror.org/02dn7x778,FR,education,"School of Wine & Spirits Business, CEREN EA 7477, Burgundy School of Business, Université de Bourgogne, Dijon, France"
doi:10.1016/j.foodpol.2024.102769,W4404872324,10.1016/j.foodpol.2024.102769,A5003529200,A5003529200,Azucena Gracía,azucena gracia,0000-0003-3096-302X,middle,FALSE,Centro de Investigación y Tecnología Agroalimentaria de Aragón,https://ror.org/033gfj842,ES,facility,"Unidad de Economía Agroalimentaria, Centro de Investigación y Tecnología Agroalimentaria de Aragón (CITA) and Instituto Agroalimentario de Aragón (CITA-Universidad de Zaragoza), Spain"
doi:10.1016/j.foodpol.2024.102769,W4404872324,10.1016/j.foodpol.2024.102769,A5103791885,A5103791885,Jean‐Marie Cardebat,jean marie cardebat,NA,last,FALSE,Université de Bordeaux,https://ror.org/057qpr032,FR,education,"Université de Bordeaux and INSEEC School of Business and Economics, France; BSE - Bordeaux Sciences Economiques (Maison de l’Economie, Avenue Léon Duguit 33608 Pessac Cedex - France)"
doi:10.1016/j.foodpol.2024.102769,W4404872324,10.1016/j.foodpol.2024.102769,A5103791885,A5103791885,Jean‐Marie Cardebat,jean marie cardebat,NA,last,FALSE,Maison des Sciences de l'Homme,https://ror.org/022y5bk62,FR,facility,"Université de Bordeaux and INSEEC School of Business and Economics, France; BSE - Bordeaux Sciences Economiques (Maison de l’Economie, Avenue Léon Duguit 33608 Pessac Cedex - France)"
doi:10.1016/j.foodpol.2024.102769,W4404872324,10.1016/j.foodpol.2024.102769,A5103791885,A5103791885,Jean‐Marie Cardebat,jean marie cardebat,NA,last,FALSE,Bordeaux Sciences Économiques,https://ror.org/014vz2d20,FR,facility,"Université de Bordeaux and INSEEC School of Business and Economics, France; BSE - Bordeaux Sciences Economiques (Maison de l’Economie, Avenue Léon Duguit 33608 Pessac Cedex - France)"
doi:10.1111/twec.13731,W4412138115,10.1111/twec.13731,A5087106096,A5087106096,Tatjana Döbeling,tatjana dobeling,0000-0001-6144-8093,first,TRUE,Johann Heinrich von Thünen-Institut,https://ror.org/00mr84n67,DE,government,Thünen Institute of Market Analysis  Braunschweig Germany
doi:10.1111/twec.13731,W4412138115,10.1111/twec.13731,A5116587932,A5116587932,Sionegael Ikeme,sionegael ikeme,0009-0002-2664-5109,middle,FALSE,Resource (United States),https://ror.org/002sg8b56,US,company,Department of Agricultural and Resource Economics Colorado State University  Fort Collins Colorado USA
doi:10.1111/twec.13731,W4412138115,10.1111/twec.13731,A5116587932,A5116587932,Sionegael Ikeme,sionegael ikeme,0009-0002-2664-5109,middle,FALSE,Colorado State University,https://ror.org/03k1gpj17,US,education,Department of Agricultural and Resource Economics Colorado State University  Fort Collins Colorado USA
doi:10.1111/twec.13731,W4412138115,10.1111/twec.13731,A5059425466,A5059425466,Amanda M. Countryman,amanda m countryman,0000-0001-7086-2050,last,FALSE,Resource (United States),https://ror.org/002sg8b56,US,company,Department of Agricultural and Resource Economics Colorado State University  Fort Collins Colorado USA
doi:10.1111/twec.13731,W4412138115,10.1111/twec.13731,A5059425466,A5059425466,Amanda M. Countryman,amanda m countryman,0000-0001-7086-2050,last,FALSE,Colorado State University,https://ror.org/03k1gpj17,US,education,Department of Agricultural and Resource Economics Colorado State University  Fort Collins Colorado USA
doi:10.1016/j.foodpol.2025.102996,W4416437729,10.1016/j.foodpol.2025.102996,A5063900109,A5063900109,Lauren Chenarides,lauren chenarides,0000-0001-8983-9694,first,FALSE,Colorado State University,https://ror.org/03k1gpj17,US,education,"Department of Agricultural and Resource Economics, Colorado State University, Fort Collins, CO, USA"
doi:10.1016/j.foodpol.2025.102996,W4416437729,10.1016/j.foodpol.2025.102996,A5025644889,A5025644889,Andrew Hanks,andrew hanks,0000-0003-0687-4772,middle,TRUE,The Ohio State University,https://ror.org/00rs6vg23,US,education,"Department of Human Sciences, The Ohio State University, Columbus, OH, USA"
doi:10.1016/j.foodpol.2025.102996,W4416437729,10.1016/j.foodpol.2025.102996,A5120658642,A5120658642,Jake Berard,jake berard,0009-0009-4010-8503,middle,FALSE,The Ohio State University,https://ror.org/00rs6vg23,US,education,"Department of Human Sciences, The Ohio State University, Columbus, OH, USA; Ohio State University, Columbus, OH, USA"
doi:10.1016/j.foodpol.2025.102996,W4416437729,10.1016/j.foodpol.2025.102996,A5020485489,A5020485489,Andrea Carlson,andrea carlson,0000-0002-8092-1269,middle,FALSE,Economic Research Service,https://ror.org/05ycxzd89,US,government,"(retired) Economic Research Service, U.S. Department of Agriculture, Washington, D.C., USA"
doi:10.1016/j.foodpol.2025.102996,W4416437729,10.1016/j.foodpol.2025.102996,A5008526560,A5008526560,George C. Davis,george c davis,0000-0001-5250-7514,middle,FALSE,Virginia Tech,https://ror.org/02smfhw86,US,education,"Department of Agriculture and Applied Economics, Virginia Tech, Blacksburg, VA, USA"
doi:10.1016/j.foodpol.2025.102996,W4416437729,10.1016/j.foodpol.2025.102996,A5062805988,A5062805988,Amelia B. Finaret,amelia b finaret,0000-0003-0573-8699,last,FALSE,Allegheny College,https://ror.org/02jgzjj54,US,education,"Departments of Global Health and Business and Economics, Allegheny College, Meadville, PA, USA"
doi:10.3389/fvets.2026.1752899,W7127067078,10.3389/fvets.2026.1752899,A5018835169,A5018835169,Taís Cristina de Menezes,tais cristina de menezes,0000-0002-5919-6613,first,FALSE,Resource (United States),https://ror.org/002sg8b56,US,company,"Department of Agricultural and Resource Economics, Colorado State University"
doi:10.3389/fvets.2026.1752899,W7127067078,10.3389/fvets.2026.1752899,A5018835169,A5018835169,Taís Cristina de Menezes,tais cristina de menezes,0000-0002-5919-6613,first,FALSE,Colorado State University,https://ror.org/03k1gpj17,US,education,"Department of Agricultural and Resource Economics, Colorado State University"
doi:10.3389/fvets.2026.1752899,W7127067078,10.3389/fvets.2026.1752899,A5059425466,A5059425466,Amanda M. Countryman,amanda m countryman,0000-0001-7086-2050,middle,FALSE,Resource (United States),https://ror.org/002sg8b56,US,company,"Department of Agricultural and Resource Economics, Colorado State University"
doi:10.3389/fvets.2026.1752899,W7127067078,10.3389/fvets.2026.1752899,A5059425466,A5059425466,Amanda M. Countryman,amanda m countryman,0000-0001-7086-2050,middle,FALSE,Colorado State University,https://ror.org/03k1gpj17,US,education,"Department of Agricultural and Resource Economics, Colorado State University"
doi:10.3389/fvets.2026.1752899,W7127067078,10.3389/fvets.2026.1752899,A5120892837,A5120892837,Dustin L. Pendell,dustin l pendell,NA,middle,FALSE,Kansas State University,https://ror.org/05p1j8758,US,education,"Department of Agricultural Economics, Kansas State University"
doi:10.3389/fvets.2026.1752899,W7127067078,10.3389/fvets.2026.1752899,A5120892837,A5120892837,Dustin L. Pendell,dustin l pendell,NA,middle,FALSE,Agricultural & Applied Economics Association,https://ror.org/04e5cyn06,US,nonprofit,"Department of Agricultural Economics, Kansas State University"
doi:10.3389/fvets.2026.1752899,W7127067078,10.3389/fvets.2026.1752899,A5124798098,A5124798098,Jonathan Rushton,jonathan rushton,NA,middle,FALSE,Roslin Institute,https://ror.org/01920rj20,GB,facility,"The Global Burden of Animal Diseases Programme, The Roslin Institute, The University of Edinburgh"
doi:10.3389/fvets.2026.1752899,W7127067078,10.3389/fvets.2026.1752899,A5073849060,A5073849060,Jimmy Tickel,jimmy tickel,0009-0009-7162-2564,middle,FALSE,Texas A&M University,https://ror.org/01f5ytq51,US,education,"Institute for Infectious Animal Diseases, Texas A&M University"
doi:10.3389/fvets.2026.1752899,W7127067078,10.3389/fvets.2026.1752899,A5124755377,A5124755377,Heather Simmons,heather simmons,NA,last,FALSE,Texas A&M University,https://ror.org/01f5ytq51,US,education,"Institute for Infectious Animal Diseases, Texas A&M University"
doi:10.1029/2022jd037446,W4309691277,10.1029/2022jd037446,A5077922397,A5077922397,Kimberley A. Corwin,kimberley a corwin,0000-0002-1170-9395,first,TRUE,Colorado State University,https://ror.org/03k1gpj17,US,education,"Department of Atmospheric Science Colorado State University  Fort Collins CO USA; Department of Atmospheric Science, Colorado State University, Fort Collins, CO, USA"
doi:10.1029/2022jd037446,W4309691277,10.1029/2022jd037446,A5077387852,A5077387852,Chelsea A. Corr,chelsea a corr,0000-0003-1204-7319,middle,FALSE,Springfield College,https://ror.org/02ak1t432,US,education,"Department of Biology/Chemistry Springfield College  Springfield MA USA; Department of Biology/Chemistry, Springfield College, Springfield, MA, USA"
doi:10.1029/2022jd037446,W4309691277,10.1029/2022jd037446,A5078908976,A5078908976,Jesse Burkhardt,jesse burkhardt,0000-0002-7631-0393,middle,FALSE,Colorado State University,https://ror.org/03k1gpj17,US,education,"Department of Agricultural and Resource Economics Colorado State University  Fort Collins CO USA; Department of Agricultural and Resource Economics, Colorado State University, Fort Collins, CO, USA"
doi:10.1029/2022jd037446,W4309691277,10.1029/2022jd037446,A5016884073,A5016884073,Emily V. Fischer,emily v fischer,0000-0001-8298-3669,last,FALSE,Colorado State University,https://ror.org/03k1gpj17,US,education,"Department of Atmospheric Science Colorado State University  Fort Collins CO USA; Department of Atmospheric Science, Colorado State University, Fort Collins, CO, USA"
doi:10.1002/agr.21688,W3121785173,10.1002/agr.21688,A5046796974,A5046796974,Nicole Didero,nicole didero,0000-0003-0987-3759,first,FALSE,Resource (United States),https://ror.org/002sg8b56,US,company,"Department of Agricultural and Resource Economics Colorado State University  Fort Collins Colorado USA; Department of Agricultural and Resource Economics, Colorado State University, Fort Collins, Colorado, USA"
doi:10.1002/agr.21688,W3121785173,10.1002/agr.21688,A5046796974,A5046796974,Nicole Didero,nicole didero,0000-0003-0987-3759,first,FALSE,Colorado State University,https://ror.org/03k1gpj17,US,education,"Department of Agricultural and Resource Economics Colorado State University  Fort Collins Colorado USA; Department of Agricultural and Resource Economics, Colorado State University, Fort Collins, Colorado, USA"
doi:10.1002/agr.21688,W3121785173,10.1002/agr.21688,A5024307840,A5024307840,Marco Costanigro,marco costanigro,0000-0002-7104-097X,middle,TRUE,Resource (United States),https://ror.org/002sg8b56,US,company,"Department of Agricultural and Resource Economics Colorado State University  Fort Collins Colorado USA; Department of Agricultural and Resource Economics, Colorado State University, Fort Collins, Colorado, USA"
doi:10.1002/agr.21688,W3121785173,10.1002/agr.21688,A5024307840,A5024307840,Marco Costanigro,marco costanigro,0000-0002-7104-097X,middle,TRUE,Colorado State University,https://ror.org/03k1gpj17,US,education,"Department of Agricultural and Resource Economics Colorado State University  Fort Collins Colorado USA; Department of Agricultural and Resource Economics, Colorado State University, Fort Collins, Colorado, USA"
doi:10.1002/agr.21688,W3121785173,10.1002/agr.21688,A5055158106,A5055158106,Becca B.R. Jablonski,becca b r jablonski,0000-0002-6404-039X,last,FALSE,Resource (United States),https://ror.org/002sg8b56,US,company,"Department of Agricultural and Resource Economics Colorado State University  Fort Collins Colorado USA; Department of Agricultural and Resource Economics, Colorado State University, Fort Collins, Colorado, USA"
doi:10.1002/agr.21688,W3121785173,10.1002/agr.21688,A5055158106,A5055158106,Becca B.R. Jablonski,becca b r jablonski,0000-0002-6404-039X,last,FALSE,Colorado State University,https://ror.org/03k1gpj17,US,education,"Department of Agricultural and Resource Economics Colorado State University  Fort Collins Colorado USA; Department of Agricultural and Resource Economics, Colorado State University, Fort Collins, Colorado, USA"
doi:10.1111/josh.13013,W3155036107,10.1111/josh.13013,A5112466054,A5112466054,Abigail Long,abigail long,NA,first,FALSE,Colorado State University,https://ror.org/03k1gpj17,US,education,"Research Assistant, (al050@uark.edu), Colorado State University  501 University Avenue Fort Collins CO 80523. USA"
doi:10.1111/josh.13013,W3155036107,10.1111/josh.13013,A5055158106,A5055158106,Becca B.R. Jablonski,becca b r jablonski,0000-0002-6404-039X,middle,TRUE,Colorado State University,https://ror.org/03k1gpj17,US,education,"Assistant Professor, (becca.jablonski@colostate.edu), Colorado State University  B325 Clark Building Fort Collins CO 80523. USA"
doi:10.1111/josh.13013,W3155036107,10.1111/josh.13013,A5024307840,A5024307840,Marco Costanigro,marco costanigro,0000-0002-7104-097X,middle,FALSE,Colorado State University,https://ror.org/03k1gpj17,US,education,"Professor, (marco.costanigro@colostate.edu), Colorado State University  B326 Clark Building Fort Collins CO 80523. USA"
doi:10.1111/josh.13013,W3155036107,10.1111/josh.13013,A5082774430,A5082774430,W. Marshall Frasier,w marshall frasier,NA,last,FALSE,Colorado State University,https://ror.org/03k1gpj17,US,education,"Professor, (marshall.frasier@colostate.edu), Colorado State University  B331 Clark Building Fort Collins CO 80523. USA"
doi:10.1111/ajae.12224,W3157171384,10.1111/ajae.12224,A5078908976,A5078908976,Jesse Burkhardt,jesse burkhardt,0000-0002-7631-0393,first,FALSE,NA,NA,NA,NA,
doi:10.1111/ajae.12224,W3157171384,10.1111/ajae.12224,A5042238404,A5042238404,Nathan W. Chan,nathan w chan,0000-0003-0909-8393,middle,TRUE,Toto (Japan),https://ror.org/000w7cv19,JP,company,Correspondence to be sent to: nchan@umass.edu
doi:10.1111/ajae.12224,W3157171384,10.1111/ajae.12224,A5011966983,A5011966983,Bryan Bollinger,bryan bollinger,0000-0001-8596-6418,middle,FALSE,NA,NA,NA,NA,
doi:10.1111/ajae.12224,W3157171384,10.1111/ajae.12224,A5070767048,A5070767048,Kenneth Gillingham,kenneth gillingham,0000-0002-7329-2660,last,FALSE,NA,NA,NA,NA,
doi:10.1016/j.gecco.2023.e02576,W4384008743,10.1016/j.gecco.2023.e02576,A5070917361,A5070917361,Dana L. Hoag,dana l hoag,0000-0001-7660-6832,first,TRUE,Colorado State University,https://ror.org/03k1gpj17,US,education,"Department of Agricultural and Resource Economics, Colorado State University, Fort Collins, CO 80523, USA"
doi:10.1016/j.gecco.2023.e02576,W4384008743,10.1016/j.gecco.2023.e02576,A5078908976,A5078908976,Jesse Burkhardt,jesse burkhardt,0000-0002-7631-0393,middle,FALSE,Colorado State University,https://ror.org/03k1gpj17,US,education,"Department of Agricultural and Resource Economics, Colorado State University, Fort Collins, CO 80523, USA"
doi:10.1016/j.gecco.2023.e02576,W4384008743,10.1016/j.gecco.2023.e02576,A5038468674,A5038468674,Benjamin Ghasemi,benjamin ghasemi,0000-0002-1606-8953,middle,FALSE,Colorado State University,https://ror.org/03k1gpj17,US,education,"Department of Human Dimensions of Natural Resources, Colorado State University, Fort Collins, Colorado, USA"
doi:10.1016/j.gecco.2023.e02576,W4384008743,10.1016/j.gecco.2023.e02576,A5032721246,A5032721246,Stewart W. Breck,stewart w breck,0000-0003-3138-1929,middle,FALSE,National Wildlife Research Center,https://ror.org/05vw05p26,NA,facility,"USDA National Wildlife Research Center, Fort Collins, Colorado, USA"
doi:10.1016/j.gecco.2023.e02576,W4384008743,10.1016/j.gecco.2023.e02576,A5017545413,A5017545413,Rebecca M. Niemiec,rebecca m niemiec,0000-0002-7561-8951,middle,FALSE,Colorado State University,https://ror.org/03k1gpj17,US,education,"Department of Human Dimensions of Natural Resources, Colorado State University, Fort Collins, Colorado, USA"
doi:10.1016/j.gecco.2023.e02576,W4384008743,10.1016/j.gecco.2023.e02576,A5014280017,A5014280017,Kevin R. Crooks,kevin r crooks,0000-0002-3742-4734,last,FALSE,Colorado State University,https://ror.org/03k1gpj17,US,education,"Department of Fish, Wildlife, and Conservation Biology, Colorado State University, Fort Collins, Colorado, USA"
doi:10.1007/s11151-023-09926-w,W4387817813,10.1007/s11151-023-09926-w,A5063900109,A5063900109,Lauren Chenarides,lauren chenarides,0000-0001-8983-9694,first,FALSE,Colorado State University,https://ror.org/03k1gpj17,US,education,"Department of Agricultural and Resource Economics, Colorado State University, Fort Collins, CO, USA"
doi:10.1007/s11151-023-09926-w,W4387817813,10.1007/s11151-023-09926-w,A5016997673,A5016997673,Miguel I. Gómez,miguel i gomez,0000-0002-3591-5249,middle,FALSE,Cornell University,https://ror.org/05bnh6r87,US,education,"Dyson School of Applied Economics and Management, Cornell University, Ithaca, NY, USA"
doi:10.1007/s11151-023-09926-w,W4387817813,10.1007/s11151-023-09926-w,A5027311612,A5027311612,Timothy J. Richards,timothy j richards,0000-0001-8832-9609,middle,TRUE,Arizona State University,https://ror.org/03efmqc40,US,education,"Morrison Chair of Agribusiness, Morrison School of Agribusiness, W. P. Carey School of Business, Arizona State University, 7231 E Sonoran Arroyo Mall, Mesa, AZ, 85212, USA"
doi:10.1007/s11151-023-09926-w,W4387817813,10.1007/s11151-023-09926-w,A5007644673,A5007644673,Koichi Yonezawa,koichi yonezawa,0000-0003-1532-262X,last,FALSE,University of Bristol,https://ror.org/0524sp257,GB,education,"University of Bristol Business School, University of Bristol, Bristol, UK"
doi:10.1016/j.foohum.2025.100639,W4410198897,10.1016/j.foohum.2025.100639,A5053592719,A5053592719,Annika Johanna Thies,annika johanna thies,0000-0003-3265-7333,first,TRUE,Johann Heinrich von Thünen-Institut,https://ror.org/00mr84n67,DE,government,"Department of Animal Sciences, Colorado State University, Fort Collins, CO, USA; Johann Heinrich von Thuenen Institute, Institute of Market Analysis, Braunschweig, Germany"
doi:10.1016/j.foohum.2025.100639,W4410198897,10.1016/j.foohum.2025.100639,A5053592719,A5053592719,Annika Johanna Thies,annika johanna thies,0000-0003-3265-7333,first,TRUE,Colorado State University,https://ror.org/03k1gpj17,US,education,"Department of Animal Sciences, Colorado State University, Fort Collins, CO, USA; Johann Heinrich von Thuenen Institute, Institute of Market Analysis, Braunschweig, Germany"
doi:10.1016/j.foohum.2025.100639,W4410198897,10.1016/j.foohum.2025.100639,A5063404002,A5063404002,Maggie Holloway,maggie holloway,NA,middle,FALSE,Colorado State University,https://ror.org/03k1gpj17,US,education,"Department of Animal Sciences, Colorado State University, Fort Collins, CO, USA"
doi:10.1016/j.foohum.2025.100639,W4410198897,10.1016/j.foohum.2025.100639,A5048459671,A5048459671,Brianne A. Altmann,brianne a altmann,0000-0003-2417-2053,middle,FALSE,Animal Welfare Institute,https://ror.org/04t32gd51,US,nonprofit,"Institute of Animal Hygiene, Animal Welfare and Farm Animal Behaviour, University of Veterinary Medicine Hanover, Hanover, Germany"
doi:10.1016/j.foohum.2025.100639,W4410198897,10.1016/j.foohum.2025.100639,A5048459671,A5048459671,Brianne A. Altmann,brianne a altmann,0000-0003-2417-2053,middle,FALSE,"University of Veterinary Medicine Hannover, Foundation",https://ror.org/015qjqf64,DE,education,"Institute of Animal Hygiene, Animal Welfare and Farm Animal Behaviour, University of Veterinary Medicine Hanover, Hanover, Germany"
doi:10.1016/j.foohum.2025.100639,W4410198897,10.1016/j.foohum.2025.100639,A5059425466,A5059425466,Amanda M. Countryman,amanda m countryman,0000-0001-7086-2050,middle,FALSE,Resource (United States),https://ror.org/002sg8b56,US,company,"Department of Agricultural and Resource Economics, Colorado State University, CO, USA"
doi:10.1016/j.foohum.2025.100639,W4410198897,10.1016/j.foohum.2025.100639,A5059425466,A5059425466,Amanda M. Countryman,amanda m countryman,0000-0001-7086-2050,middle,FALSE,Colorado State University,https://ror.org/03k1gpj17,US,education,"Department of Agricultural and Resource Economics, Colorado State University, CO, USA"
doi:10.1016/j.foohum.2025.100639,W4410198897,10.1016/j.foohum.2025.100639,A5112254230,A5112254230,C. B. Smith,c b smith,NA,middle,FALSE,Colorado State University,https://ror.org/03k1gpj17,US,education,"Department of Animal Sciences, Colorado State University, Fort Collins, CO, USA"
doi:10.1016/j.foohum.2025.100639,W4410198897,10.1016/j.foohum.2025.100639,A5041573292,A5041573292,Mahesh N. Nair,mahesh n nair,0000-0002-2917-1028,last,FALSE,Colorado State University,https://ror.org/03k1gpj17,US,education,"Department of Animal Sciences, Colorado State University, Fort Collins, CO, USA"
doi:10.1016/j.foodpol.2025.102827,W4408472773,10.1016/j.foodpol.2025.102827,A5063900109,A5063900109,Lauren Chenarides,lauren chenarides,0000-0001-8983-9694,first,TRUE,Agricultural & Applied Economics Association,https://ror.org/04e5cyn06,US,nonprofit,"Department of Agricultural and Resource Economics, Colorado State University, United States of America"
doi:10.1016/j.foodpol.2025.102827,W4408472773,10.1016/j.foodpol.2025.102827,A5027311612,A5027311612,Timothy J. Richards,timothy j richards,0000-0001-8832-9609,middle,FALSE,SUNY Morrisville,https://ror.org/008zr3m11,US,education,"Morrison School of Agribusiness, W.P. Carey School of Business, Arizona State University, United States of America"
doi:10.1016/j.foodpol.2025.102827,W4408472773,10.1016/j.foodpol.2025.102827,A5006241171,A5006241171,Zachariah Rutledge,zachariah rutledge,NA,middle,FALSE,Agricultural & Applied Economics Association,https://ror.org/04e5cyn06,US,nonprofit,"Agricultural, Food, and Resource Economics, Michigan State University, United States of America"
doi:10.1016/j.foodpol.2025.102827,W4408472773,10.1016/j.foodpol.2025.102827,A5110824228,A5110824228,John Pender,john pender,0009-0005-5160-8811,last,FALSE,Economic Research Service,https://ror.org/05ycxzd89,US,government,"USDA Economic Research Service, United States of America"
doi:10.1016/j.prevetmed.2025.106558,W4410384050,10.1016/j.prevetmed.2025.106558,A5080459267,A5080459267,Nicolás C. Cárdenas,nicolas c cardenas,0000-0001-7884-2353,first,FALSE,North Carolina State University,https://ror.org/04tj63d06,US,education,"Department of Population Health and Pathobiology, College of Veterinary Medicine, North Carolina State University, Raleigh, NC, USA"
doi:10.1016/j.prevetmed.2025.106558,W4410384050,10.1016/j.prevetmed.2025.106558,A5018835169,A5018835169,Taís Cristina de Menezes,tais cristina de menezes,0000-0002-5919-6613,middle,FALSE,Colorado State University,https://ror.org/03k1gpj17,US,education,"Department of Agricultural and Resource Economics, College of Agricultural Sciences, Colorado State University, Fort Collins, CO, USA"
doi:10.1016/j.prevetmed.2025.106558,W4410384050,10.1016/j.prevetmed.2025.106558,A5059425466,A5059425466,Amanda M. Countryman,amanda m countryman,0000-0001-7086-2050,middle,FALSE,Colorado State University,https://ror.org/03k1gpj17,US,education,"Department of Agricultural and Resource Economics, College of Agricultural Sciences, Colorado State University, Fort Collins, CO, USA"
doi:10.1016/j.prevetmed.2025.106558,W4410384050,10.1016/j.prevetmed.2025.106558,A5046092710,A5046092710,Francisco P. N. Lopes,francisco p n lopes,NA,middle,FALSE,Secretaria de Agricultura e Abastecimento,https://ror.org/042664e79,BR,government,"Departamento de Defesa Agropecuária, Secretaria da Agricultura, Pecuária e Desenvolvimento Rural, Porto Alegre, Brazil"
doi:10.1016/j.prevetmed.2025.106558,W4410384050,10.1016/j.prevetmed.2025.106558,A5053664220,A5053664220,F. H. S. Groff,f h s groff,0000-0002-0532-531X,middle,FALSE,Secretaria de Agricultura e Abastecimento,https://ror.org/042664e79,BR,government,"Departamento de Defesa Agropecuária, Secretaria da Agricultura, Pecuária e Desenvolvimento Rural, Porto Alegre, Brazil"
doi:10.1016/j.prevetmed.2025.106558,W4410384050,10.1016/j.prevetmed.2025.106558,A5090757360,A5090757360,Grazziane Maciel Rigon,grazziane maciel rigon,NA,middle,FALSE,Secretaria de Agricultura e Abastecimento,https://ror.org/042664e79,BR,government,"Departamento de Defesa Agropecuária, Secretaria da Agricultura, Pecuária e Desenvolvimento Rural, Porto Alegre, Brazil"
doi:10.1016/j.prevetmed.2025.106558,W4410384050,10.1016/j.prevetmed.2025.106558,A5074822616,A5074822616,Marcelo Gocks,marcelo gocks,NA,middle,FALSE,Secretaria de Agricultura e Abastecimento,https://ror.org/042664e79,BR,government,"Departamento de Defesa Agropecuária, Secretaria da Agricultura, Pecuária e Desenvolvimento Rural, Porto Alegre, Brazil"
doi:10.1016/j.prevetmed.2025.106558,W4410384050,10.1016/j.prevetmed.2025.106558,A5069894931,A5069894931,Gustavo Machado,gustavo machado,0000-0001-7552-6144,last,TRUE,North Carolina State University,https://ror.org/04tj63d06,US,education,"Department of Population Health and Pathobiology, College of Veterinary Medicine, North Carolina State University, Raleigh, NC, USA; Center for Geospatial Analytics, North Carolina State University, Raleigh, NC, USA. Electronic address: gmachad@ncsu.edu"
doi:10.1002/agr.21743,W4281647998,10.1002/agr.21743,A5026815066,A5026815066,Rebecca Cleary,rebecca cleary,0000-0003-1515-9156,first,TRUE,Resource (United States),https://ror.org/002sg8b56,US,company,"Department of Agricultural and Resource Economics Colorado State University  Fort Collins Colorado USA; Department of Agricultural and Resource Economics, Colorado State University, Fort Collins, Colorado, USA"
doi:10.1002/agr.21743,W4281647998,10.1002/agr.21743,A5026815066,A5026815066,Rebecca Cleary,rebecca cleary,0000-0003-1515-9156,first,TRUE,Colorado State University,https://ror.org/03k1gpj17,US,education,"Department of Agricultural and Resource Economics Colorado State University  Fort Collins Colorado USA; Department of Agricultural and Resource Economics, Colorado State University, Fort Collins, Colorado, USA"
doi:10.1002/agr.21743,W4281647998,10.1002/agr.21743,A5063900109,A5063900109,Lauren Chenarides,lauren chenarides,0000-0001-8983-9694,last,FALSE,Arizona State University,https://ror.org/03efmqc40,US,education,"Morrison School of Agribusiness, W. P. Carey School of Business Arizona State University  Mesa Arizona USA; Morrison School of Agribusiness, W. P. Carey School of Business, Arizona State University, Mesa, Arizona, USA"
doi:10.1111/coep.12564,W4211021726,10.1111/coep.12564,A5075200954,A5075200954,Dale T. Manning,dale t manning,0000-0001-6465-5530,first,FALSE,Resource (United States),https://ror.org/002sg8b56,US,company,"Department of Agricultural and Resource Economics Colorado State University  Fort Collins Colorado USA; Department of Agricultural and Resource Economics, Colorado State University, Fort Collins, Colorado, USA"
doi:10.1111/coep.12564,W4211021726,10.1111/coep.12564,A5075200954,A5075200954,Dale T. Manning,dale t manning,0000-0001-6465-5530,first,FALSE,Colorado State University,https://ror.org/03k1gpj17,US,education,"Department of Agricultural and Resource Economics Colorado State University  Fort Collins Colorado USA; Department of Agricultural and Resource Economics, Colorado State University, Fort Collins, Colorado, USA"
doi:10.1111/coep.12564,W4211021726,10.1111/coep.12564,A5078908976,A5078908976,Jesse Burkhardt,jesse burkhardt,0000-0002-7631-0393,last,TRUE,Resource (United States),https://ror.org/002sg8b56,US,company,"Department of Agricultural and Resource Economics Colorado State University  Fort Collins Colorado USA; Department of Agricultural and Resource Economics, Colorado State University, Fort Collins, Colorado, USA"
doi:10.1111/coep.12564,W4211021726,10.1111/coep.12564,A5078908976,A5078908976,Jesse Burkhardt,jesse burkhardt,0000-0002-7631-0393,last,TRUE,Colorado State University,https://ror.org/03k1gpj17,US,education,"Department of Agricultural and Resource Economics Colorado State University  Fort Collins Colorado USA; Department of Agricultural and Resource Economics, Colorado State University, Fort Collins, Colorado, USA"
doi:10.1162/99608f92.24c26aa9,W4393404128,10.1162/99608f92.24c26aa9,A5063900109,A5063900109,Lauren Chenarides,lauren chenarides,0000-0001-8983-9694,first,TRUE,Resource (United States),https://ror.org/002sg8b56,US,company,"Department of Agricultural and Resource Economics, Colorado State University, Fort Collins, Colorado, United States of America"
doi:10.1162/99608f92.24c26aa9,W4393404128,10.1162/99608f92.24c26aa9,A5063900109,A5063900109,Lauren Chenarides,lauren chenarides,0000-0001-8983-9694,first,TRUE,Colorado State University,https://ror.org/03k1gpj17,US,education,"Department of Agricultural and Resource Economics, Colorado State University, Fort Collins, Colorado, United States of America"
doi:10.1108/jm2-02-2024-0042,W4401516848,10.1108/jm2-02-2024-0042,A5032419900,A5032419900,Houtian Ge,houtian ge,0000-0002-1916-9389,first,FALSE,Cornell University,https://ror.org/05bnh6r87,US,education,"Charles H. Dyson School of Applied Economics and Management, Cornell University, Ithaca, New York, USA"
doi:10.1108/jm2-02-2024-0042,W4401516848,10.1108/jm2-02-2024-0042,A5052674563,A5052674563,Jing Yi,jing yi,0000-0003-1076-3119,middle,FALSE,University of Wisconsin–Madison,https://ror.org/01y2jtd41,US,education,"Department of Agricultural and Applied Economics, University of Wisconsin-Madison, Madison, Wisconsin, USA"
doi:10.1108/jm2-02-2024-0042,W4401516848,10.1108/jm2-02-2024-0042,A5035164673,A5035164673,Stephan J. Goetz,stephan j goetz,0000-0003-4529-552X,middle,FALSE,Pennsylvania State University,https://ror.org/04p491231,US,education,"Department of Agricultural Economics, Sociology and Education, Penn State University, University Park, Pennsylvania, USA"
doi:10.1108/jm2-02-2024-0042,W4401516848,10.1108/jm2-02-2024-0042,A5035164673,A5035164673,Stephan J. Goetz,stephan j goetz,0000-0003-4529-552X,middle,FALSE,Agricultural & Applied Economics Association,https://ror.org/04e5cyn06,US,nonprofit,"Department of Agricultural Economics, Sociology and Education, Penn State University, University Park, Pennsylvania, USA"
doi:10.1108/jm2-02-2024-0042,W4401516848,10.1108/jm2-02-2024-0042,A5026815066,A5026815066,Rebecca Cleary,rebecca cleary,0000-0003-1515-9156,middle,FALSE,Resource (United States),https://ror.org/002sg8b56,US,company,"Department of Agricultural and Resource Economics, Colorado State University, Fort Collins, Colorado, USA"
doi:10.1108/jm2-02-2024-0042,W4401516848,10.1108/jm2-02-2024-0042,A5026815066,A5026815066,Rebecca Cleary,rebecca cleary,0000-0003-1515-9156,middle,FALSE,Colorado State University,https://ror.org/03k1gpj17,US,education,"Department of Agricultural and Resource Economics, Colorado State University, Fort Collins, Colorado, USA"
doi:10.1108/jm2-02-2024-0042,W4401516848,10.1108/jm2-02-2024-0042,A5016997673,A5016997673,Miguel I. Gómez,miguel i gomez,0000-0002-3591-5249,last,FALSE,Cornell University,https://ror.org/05bnh6r87,US,education,"School of Applied Economics and Management, Cornell University, Ithaca, New York, USA"
doi:10.1093/qopen/qoag010,W7151891273,10.1093/qopen/qoag010,A5024307840,A5024307840,Marco Costanigro,marco costanigro,0000-0002-7104-097X,first,TRUE,Colorado State University,https://ror.org/03k1gpj17,US,education,"Colorado State University Department of Agricultural and Resource Economics, , Fort Collins, CO 80523-1172 ,"
doi:10.1093/qopen/qoag010,W7151891273,10.1093/qopen/qoag010,A5025411272,A5025411272,Hayley H. Chouinard,hayley h chouinard,NA,last,FALSE,Colorado State University,https://ror.org/03k1gpj17,US,education,"Colorado State University Department of Agricultural and Resource Economics, , Fort Collins, CO 80523-1172 ,"
doi:10.1007/s00181-021-02123-2,W3201299049,10.1007/s00181-021-02123-2,A5026815066,A5026815066,Rebecca Cleary,rebecca cleary,0000-0003-1515-9156,first,TRUE,Colorado State University,https://ror.org/03k1gpj17,US,education,"Department of Agricultural and Resource Economics, Colorado State University, Fort Collins, USA"
doi:10.1007/s00181-021-02123-2,W3201299049,10.1007/s00181-021-02123-2,A5050311839,A5050311839,Jean‐Paul Chavas,jean paul chavas,0000-0003-1733-3277,last,FALSE,University of Wisconsin–Madison,https://ror.org/01y2jtd41,US,education,"Agricultural and Applied Economics, University of Wisconsin, Madison, USA"
doi:10.1007/s00181-021-02123-2,W3201299049,10.1007/s00181-021-02123-2,A5050311839,A5050311839,Jean‐Paul Chavas,jean paul chavas,0000-0003-1733-3277,last,FALSE,Agricultural & Applied Economics Association,https://ror.org/04e5cyn06,US,nonprofit,"Agricultural and Applied Economics, University of Wisconsin, Madison, USA"
doi:10.1017/jwe.2021.8,W3156003308,10.1017/jwe.2021.8,A5024307840,A5024307840,Marco Costanigro,marco costanigro,0000-0002-7104-097X,first,TRUE,Colorado State University,https://ror.org/03k1gpj17,US,education,"Department of Agricultural and Resource Economics, Colorado State University, B326 Clark Building, Fort Collins, CO 80523"
doi:10.1017/jwe.2021.8,W3156003308,10.1017/jwe.2021.8,A5055158106,A5055158106,Becca B.R. Jablonski,becca b r jablonski,0000-0002-6404-039X,last,FALSE,Colorado State University,https://ror.org/03k1gpj17,US,education,"Department of Agricultural and Resource Economics, Colorado State University, B325 Clark Building, Fort Collins, CO 80523; e-mail:; Department of Agricultural and Resource Economics, Colorado State University, B325 Clark Building, Fort Collins, CO 80523"
doi:10.1002/wat2.1586,W4221017855,10.1002/wat2.1586,A5063962442,A5063962442,Keith S. Jennings,keith s jennings,0000-0002-4660-1472,first,TRUE,Synkera Technologies (United States),https://ror.org/05vj5p117,US,company,"Lynker  Boulder Colorado USA; Lynker, Boulder, Colorado, USA"
doi:10.1002/wat2.1586,W4221017855,10.1002/wat2.1586,A5073025729,A5073025729,A. N. Wlostowski,a n wlostowski,0000-0001-5703-9916,middle,FALSE,Synkera Technologies (United States),https://ror.org/05vj5p117,US,company,"Lynker  Boulder Colorado USA; Lynker, Boulder, Colorado, USA"
doi:10.1002/wat2.1586,W4221017855,10.1002/wat2.1586,A5056639456,A5056639456,Rachel E. Bash,rachel e bash,NA,middle,FALSE,Synkera Technologies (United States),https://ror.org/05vj5p117,US,company,"Lynker  Boulder Colorado USA; Lynker, Boulder, Colorado, USA"
doi:10.1002/wat2.1586,W4221017855,10.1002/wat2.1586,A5078908976,A5078908976,Jesse Burkhardt,jesse burkhardt,0000-0002-7631-0393,middle,FALSE,Resource (United States),https://ror.org/002sg8b56,US,company,"Department of Agricultural and Resource Economics Colorado State University  Fort Collins Colorado USA; Department of Agricultural and Resource Economics, Colorado State University, Fort Collins, Colorado, USA"
doi:10.1002/wat2.1586,W4221017855,10.1002/wat2.1586,A5078908976,A5078908976,Jesse Burkhardt,jesse burkhardt,0000-0002-7631-0393,middle,FALSE,Colorado State University,https://ror.org/03k1gpj17,US,education,"Department of Agricultural and Resource Economics Colorado State University  Fort Collins Colorado USA; Department of Agricultural and Resource Economics, Colorado State University, Fort Collins, Colorado, USA"
doi:10.1002/wat2.1586,W4221017855,10.1002/wat2.1586,A5068144194,A5068144194,Cameron Wobus,cameron wobus,0000-0002-9654-1738,middle,FALSE,Synkera Technologies (United States),https://ror.org/05vj5p117,US,company,"Lynker  Boulder Colorado USA; Lynker, Boulder, Colorado, USA"
doi:10.1002/wat2.1586,W4221017855,10.1002/wat2.1586,A5059703309,A5059703309,G. R. Aggett,g r aggett,0000-0003-2899-8602,last,FALSE,Synkera Technologies (United States),https://ror.org/05vj5p117,US,company,"Lynker  Boulder Colorado USA; Lynker, Boulder, Colorado, USA"
doi:10.1111/ajae.12198,W3130263887,10.1111/ajae.12198,A5024307840,A5024307840,Marco Costanigro,marco costanigro,0000-0002-7104-097X,first,TRUE,NA,NA,NA,NA,Correspondence to be sent to: marco.costanigro@colostate.edu
doi:10.1002/jaa2.131,W4400204195,10.1002/jaa2.131,A5022734861,A5022734861,Allison Bauman,allison bauman,0000-0002-7925-3099,first,TRUE,Resource (United States),https://ror.org/002sg8b56,US,company,"Department of Agricultural and Resource Economics Colorado State University Fort Collins Colorado USA; Department of Agricultural and Resource Economics, Colorado State University, Fort Collins, Colorado, USA"
doi:10.1002/jaa2.131,W4400204195,10.1002/jaa2.131,A5022734861,A5022734861,Allison Bauman,allison bauman,0000-0002-7925-3099,first,TRUE,Colorado State University,https://ror.org/03k1gpj17,US,education,"Department of Agricultural and Resource Economics Colorado State University Fort Collins Colorado USA; Department of Agricultural and Resource Economics, Colorado State University, Fort Collins, Colorado, USA"
doi:10.1002/jaa2.131,W4400204195,10.1002/jaa2.131,A5055158106,A5055158106,Becca B.R. Jablonski,becca b r jablonski,0000-0002-6404-039X,middle,FALSE,Resource (United States),https://ror.org/002sg8b56,US,company,"Department of Agricultural and Resource Economics Colorado State University Fort Collins Colorado USA; Department of Agricultural and Resource Economics, Colorado State University, Fort Collins, Colorado, USA"
doi:10.1002/jaa2.131,W4400204195,10.1002/jaa2.131,A5055158106,A5055158106,Becca B.R. Jablonski,becca b r jablonski,0000-0002-6404-039X,middle,FALSE,Colorado State University,https://ror.org/03k1gpj17,US,education,"Department of Agricultural and Resource Economics Colorado State University Fort Collins Colorado USA; Department of Agricultural and Resource Economics, Colorado State University, Fort Collins, Colorado, USA"
doi:10.1002/jaa2.131,W4400204195,10.1002/jaa2.131,A5006674829,A5006674829,D. Adeline Yeh,d adeline yeh,0000-0002-1958-4419,middle,FALSE,Economic Research Service,https://ror.org/05ycxzd89,US,government,"USDA Economic Research Service Washington District of Columbia USA; USDA Economic Research Service, Washington, District of Columbia, USA"
doi:10.1002/jaa2.131,W4400204195,10.1002/jaa2.131,A5063900109,A5063900109,Lauren Chenarides,lauren chenarides,0000-0001-8983-9694,middle,FALSE,Resource (United States),https://ror.org/002sg8b56,US,company,"Department of Agricultural and Resource Economics Colorado State University Fort Collins Colorado USA; Department of Agricultural and Resource Economics, Colorado State University, Fort Collins, Colorado, USA"
doi:10.1002/jaa2.131,W4400204195,10.1002/jaa2.131,A5063900109,A5063900109,Lauren Chenarides,lauren chenarides,0000-0001-8983-9694,middle,FALSE,Colorado State University,https://ror.org/03k1gpj17,US,education,"Department of Agricultural and Resource Economics Colorado State University Fort Collins Colorado USA; Department of Agricultural and Resource Economics, Colorado State University, Fort Collins, Colorado, USA"
doi:10.1002/jaa2.131,W4400204195,10.1002/jaa2.131,A5051019392,A5051019392,Dawn Thilmany McFadden,dawn thilmany mcfadden,0000-0002-3974-0888,last,FALSE,Resource (United States),https://ror.org/002sg8b56,US,company,"Department of Agricultural and Resource Economics Colorado State University Fort Collins Colorado USA; Department of Agricultural and Resource Economics, Colorado State University, Fort Collins, Colorado, USA"
doi:10.1002/jaa2.131,W4400204195,10.1002/jaa2.131,A5051019392,A5051019392,Dawn Thilmany McFadden,dawn thilmany mcfadden,0000-0002-3974-0888,last,FALSE,Colorado State University,https://ror.org/03k1gpj17,US,education,"Department of Agricultural and Resource Economics Colorado State University Fort Collins Colorado USA; Department of Agricultural and Resource Economics, Colorado State University, Fort Collins, Colorado, USA"
doi:10.1002/aepp.13503,W4408333772,10.1002/aepp.13503,A5048244236,A5048244236,Diane Charlton,diane charlton,NA,first,TRUE,Montana State University,https://ror.org/02w0trx84,US,education,Department of Agricultural Economics &amp; Economics Montana State University  Bozeman Montana USA
doi:10.1002/aepp.13503,W4408333772,10.1002/aepp.13503,A5059425466,A5059425466,Amanda M. Countryman,amanda m countryman,0000-0001-7086-2050,middle,FALSE,Resource (United States),https://ror.org/002sg8b56,US,company,Agricultural and Resource Economics Colorado State University  Fort Collins Colorado USA
doi:10.1002/aepp.13503,W4408333772,10.1002/aepp.13503,A5059425466,A5059425466,Amanda M. Countryman,amanda m countryman,0000-0001-7086-2050,middle,FALSE,Colorado State University,https://ror.org/03k1gpj17,US,education,Agricultural and Resource Economics Colorado State University  Fort Collins Colorado USA
doi:10.1002/aepp.13503,W4408333772,10.1002/aepp.13503,A5075200954,A5075200954,Dale T. Manning,dale t manning,0000-0001-6465-5530,middle,FALSE,University of Tennessee at Knoxville,https://ror.org/020f3ap87,US,education,Department of Agricultural and Resource Economics and Baker School of Public Policy University of Tennessee  Knoxville Tennessee USA
doi:10.1002/aepp.13503,W4408333772,10.1002/aepp.13503,A5116587932,A5116587932,Sionegael Ikeme,sionegael ikeme,0009-0002-2664-5109,last,FALSE,Resource (United States),https://ror.org/002sg8b56,US,company,Agricultural and Resource Economics Colorado State University  Fort Collins Colorado USA
doi:10.1002/aepp.13503,W4408333772,10.1002/aepp.13503,A5116587932,A5116587932,Sionegael Ikeme,sionegael ikeme,0009-0002-2664-5109,last,FALSE,Colorado State University,https://ror.org/03k1gpj17,US,education,Agricultural and Resource Economics Colorado State University  Fort Collins Colorado USA
doi:10.1002/agr.22051,W4409601532,10.1002/agr.22051,A5117215928,A5117215928,Chinonso Etumnu,chinonso etumnu,0009-0005-0217-1190,first,TRUE,Kentucky State University,https://ror.org/05xh8jn56,US,education,"School of Agriculture, Kentucky State University Frankfort Kentucky USA"
doi:10.1002/agr.22051,W4409601532,10.1002/agr.22051,A5063900109,A5063900109,Lauren Chenarides,lauren chenarides,0000-0001-8983-9694,middle,FALSE,Resource (United States),https://ror.org/002sg8b56,US,company,Department of Agricultural and Resource Economics Colorado State University Fort Collins Colorado USA
doi:10.1002/agr.22051,W4409601532,10.1002/agr.22051,A5063900109,A5063900109,Lauren Chenarides,lauren chenarides,0000-0001-8983-9694,middle,FALSE,Colorado State University,https://ror.org/03k1gpj17,US,education,Department of Agricultural and Resource Economics Colorado State University Fort Collins Colorado USA
doi:10.1002/agr.22051,W4409601532,10.1002/agr.22051,A5065308164,A5065308164,Edward C. Jaenicke,edward c jaenicke,0000-0002-2749-5555,last,FALSE,Pennsylvania State University,https://ror.org/04p491231,US,education,"Department of Agricultural Economics, Sociology, and Education Penn State University University Park Pennsylvania USA"
doi:10.1002/agr.22051,W4409601532,10.1002/agr.22051,A5065308164,A5065308164,Edward C. Jaenicke,edward c jaenicke,0000-0002-2749-5555,last,FALSE,Agricultural & Applied Economics Association,https://ror.org/04e5cyn06,US,nonprofit,"Department of Agricultural Economics, Sociology, and Education Penn State University University Park Pennsylvania USA"
doi:10.22434/ifamr.0001,W4411704991,10.22434/ifamr.0001,A5090100129,A5090100129,Lucie Maruejols,lucie maruejols,0000-0002-4149-9480,first,FALSE,Christian-Albrechts-Universität zu Kiel,https://ror.org/04v76ef78,DE,education,"Junior Professor, Department of Agricultural Economics, Christian Albrechts Universität zu Kiel Christian-Albrechts-Platz 4, 24118 Kiel Germany"
doi:10.22434/ifamr.0001,W4411704991,10.22434/ifamr.0001,A5058708996,A5058708996,Xiaohua Yu,xiaohua yu,0000-0003-4257-8081,middle,FALSE,University of Göttingen,https://ror.org/01y9bpm73,DE,education,"Professor, Department of Agricultural Economics and Rural Development, Georg-August-Universität Göttingen Platz der Göttinger Sieben 5, 37073 Göttingen Germany"
doi:10.22434/ifamr.0001,W4411704991,10.22434/ifamr.0001,A5063900109,A5063900109,Lauren Chenarides,lauren chenarides,0000-0001-8983-9694,last,FALSE,Colorado State University,https://ror.org/03k1gpj17,US,education,"Assistant Professor, Department of Agricultural and Resource Economics, Colorado State University Fort Collins, CO 80523 USA"
doi:10.1002/aepp.70039,W4416563969,10.1002/aepp.70039,A5116587932,A5116587932,Sionegael Ikeme,sionegael ikeme,0009-0002-2664-5109,first,TRUE,Resource (United States),https://ror.org/002sg8b56,US,company,"Department of Agricultural and Resource Economics Colorado State University  Fort Collins Colorado USA; Department of Agricultural and Resource Economics, Colorado State University, Fort Collins, Colorado, USA"
doi:10.1002/aepp.70039,W4416563969,10.1002/aepp.70039,A5116587932,A5116587932,Sionegael Ikeme,sionegael ikeme,0009-0002-2664-5109,first,TRUE,Colorado State University,https://ror.org/03k1gpj17,US,education,"Department of Agricultural and Resource Economics Colorado State University  Fort Collins Colorado USA; Department of Agricultural and Resource Economics, Colorado State University, Fort Collins, Colorado, USA"
doi:10.1002/aepp.70039,W4416563969,10.1002/aepp.70039,A5059425466,A5059425466,Amanda M. Countryman,amanda m countryman,0000-0001-7086-2050,middle,FALSE,Resource (United States),https://ror.org/002sg8b56,US,company,"Department of Agricultural and Resource Economics Colorado State University  Fort Collins Colorado USA; Department of Agricultural and Resource Economics, Colorado State University, Fort Collins, Colorado, USA"
doi:10.1002/aepp.70039,W4416563969,10.1002/aepp.70039,A5059425466,A5059425466,Amanda M. Countryman,amanda m countryman,0000-0001-7086-2050,middle,FALSE,Colorado State University,https://ror.org/03k1gpj17,US,education,"Department of Agricultural and Resource Economics Colorado State University  Fort Collins Colorado USA; Department of Agricultural and Resource Economics, Colorado State University, Fort Collins, Colorado, USA"
doi:10.1002/aepp.70039,W4416563969,10.1002/aepp.70039,A5075200954,A5075200954,Dale T. Manning,dale t manning,0000-0001-6465-5530,middle,FALSE,University of Tennessee at Knoxville,https://ror.org/020f3ap87,US,education,"Department of Agricultural and Resource Economics and Baker School of Public Policy University of Tennessee  Knoxville Tennessee USA; Department of Agricultural and Resource Economics and Baker School of Public Policy, University of Tennessee, Knoxville, Tennessee, USA"
doi:10.1002/aepp.70039,W4416563969,10.1002/aepp.70039,A5048244236,A5048244236,Diane Charlton,diane charlton,NA,last,FALSE,Montana State University,https://ror.org/02w0trx84,US,education,"Department of Agricultural Economics and Economics Montana State University  Bozeman Montana USA; Department of Agricultural Economics and Economics, Montana State University, Bozeman, Montana, USA"
doi:10.1002/aepp.70031,W4416825524,10.1002/aepp.70031,A5120708324,A5120708324,Nilufer Cetik,nilufer cetik,0000-0002-1927-3813,first,TRUE,Middle East Studies Association of North America,https://ror.org/047w8z534,US,other,Arizona State University Mesa Arizona USA; Arizona State University  Mesa Arizona USA
doi:10.1002/aepp.70031,W4416825524,10.1002/aepp.70031,A5120708324,A5120708324,Nilufer Cetik,nilufer cetik,0000-0002-1927-3813,first,TRUE,Arizona State University,https://ror.org/03efmqc40,US,education,Arizona State University Mesa Arizona USA; Arizona State University  Mesa Arizona USA
doi:10.1002/aepp.70031,W4416825524,10.1002/aepp.70031,A5053652107,A5053652107,Carola Grebitus,carola grebitus,0000-0001-6511-1690,middle,TRUE,Middle East Studies Association of North America,https://ror.org/047w8z534,US,other,Arizona State University Mesa Arizona USA; Arizona State University  Mesa Arizona USA
doi:10.1002/aepp.70031,W4416825524,10.1002/aepp.70031,A5053652107,A5053652107,Carola Grebitus,carola grebitus,0000-0001-6511-1690,middle,TRUE,Arizona State University,https://ror.org/03efmqc40,US,education,Arizona State University Mesa Arizona USA; Arizona State University  Mesa Arizona USA
doi:10.1002/aepp.70031,W4416825524,10.1002/aepp.70031,A5063900109,A5063900109,Lauren Chenarides,lauren chenarides,0000-0001-8983-9694,last,TRUE,Colorado State University,https://ror.org/03k1gpj17,US,education,Colorado State University Fort Collins Colorado USA; Colorado State University  Fort Collins Colorado USA
doi:10.1002/aepp.70047,W7116446301,10.1002/aepp.70047,A5110808574,A5110808574,Taís Cristina Menezes,tais cristina menezes,NA,first,FALSE,Resource (United States),https://ror.org/002sg8b56,US,company,Department of Agricultural and Resource Economics Colorado State University  Fort Collins Colorado USA
doi:10.1002/aepp.70047,W7116446301,10.1002/aepp.70047,A5110808574,A5110808574,Taís Cristina Menezes,tais cristina menezes,NA,first,FALSE,Colorado State University,https://ror.org/03k1gpj17,US,education,Department of Agricultural and Resource Economics Colorado State University  Fort Collins Colorado USA
doi:10.1002/aepp.70047,W7116446301,10.1002/aepp.70047,A5059425466,A5059425466,Amanda M. Countryman,amanda m countryman,0000-0001-7086-2050,middle,TRUE,Resource (United States),https://ror.org/002sg8b56,US,company,Department of Agricultural and Resource Economics Colorado State University  Fort Collins Colorado USA
doi:10.1002/aepp.70047,W7116446301,10.1002/aepp.70047,A5059425466,A5059425466,Amanda M. Countryman,amanda m countryman,0000-0001-7086-2050,middle,TRUE,Colorado State University,https://ror.org/03k1gpj17,US,education,Department of Agricultural and Resource Economics Colorado State University  Fort Collins Colorado USA
doi:10.1002/aepp.70047,W7116446301,10.1002/aepp.70047,A5120892837,A5120892837,Dustin L. Pendell,dustin l pendell,NA,last,FALSE,Kansas State University,https://ror.org/05p1j8758,US,education,Department of Agricultural Economics Kansas State University  Kansas USA
doi:10.1111/ajae.12212,W3130877874,10.1111/ajae.12212,A5038678727,A5038678727,Jayson Beckman,jayson beckman,0000-0001-6815-1524,first,TRUE,Toto (Japan),https://ror.org/000w7cv19,JP,company,Correspondence to be sent to: [email protected]
doi:10.1111/ajae.12212,W3130877874,10.1111/ajae.12212,A5059425466,A5059425466,Amanda M. Countryman,amanda m countryman,0000-0001-7086-2050,last,FALSE,NA,NA,NA,NA,
doi:10.1093/qopen/qoab005,W3146301825,10.1093/qopen/qoab005,A5038678727,A5038678727,Jayson Beckman,jayson beckman,0000-0001-6815-1524,first,TRUE,Economic Research Service,https://ror.org/05ycxzd89,US,government,"Economic Research Service, United States Department of Agriculture, USA"
doi:10.1093/qopen/qoab005,W3146301825,10.1093/qopen/qoab005,A5038678727,A5038678727,Jayson Beckman,jayson beckman,0000-0001-6815-1524,first,TRUE,United States Department of Agriculture,https://ror.org/01na82s61,US,government,"Economic Research Service, United States Department of Agriculture, USA"
doi:10.1093/qopen/qoab005,W3146301825,10.1093/qopen/qoab005,A5064369959,A5064369959,Felix G. Baquedano,felix g baquedano,NA,middle,FALSE,Economic Research Service,https://ror.org/05ycxzd89,US,government,"Economic Research Service, United States Department of Agriculture, USA"
doi:10.1093/qopen/qoab005,W3146301825,10.1093/qopen/qoab005,A5064369959,A5064369959,Felix G. Baquedano,felix g baquedano,NA,middle,FALSE,United States Department of Agriculture,https://ror.org/01na82s61,US,government,"Economic Research Service, United States Department of Agriculture, USA"
doi:10.1093/qopen/qoab005,W3146301825,10.1093/qopen/qoab005,A5059425466,A5059425466,Amanda M. Countryman,amanda m countryman,0000-0001-7086-2050,last,FALSE,Colorado State University,https://ror.org/03k1gpj17,US,education,"Colorado State University, USA"
doi:10.1016/j.scitotenv.2023.161964,W4318828324,10.1016/j.scitotenv.2023.161964,A5112893175,A5112893175,Ahmed Gharib,ahmed gharib,0000-0001-7361-4335,first,TRUE,National Water Research Center,https://ror.org/04320xd69,EG,facility,"Civil and Environmental Engineering Department, Colorado State University, Fort Collins, CO, United States; Drainage Research Institute, National Water Research Center, Delta Barrage (El-Kanater), Cairo, Egypt. Electronic address: ahmed.gharib@colostate.edu; Drainage Research Institute, National Water Research Center, Delta Barrage (El-Kanater), Cairo, Egypt; Civil and Environmental Engineering Department, Colorado State University, Fort Collins, CO, United States"
doi:10.1016/j.scitotenv.2023.161964,W4318828324,10.1016/j.scitotenv.2023.161964,A5112893175,A5112893175,Ahmed Gharib,ahmed gharib,0000-0001-7361-4335,first,TRUE,Colorado State University,https://ror.org/03k1gpj17,US,education,"Civil and Environmental Engineering Department, Colorado State University, Fort Collins, CO, United States; Drainage Research Institute, National Water Research Center, Delta Barrage (El-Kanater), Cairo, Egypt. Electronic address: ahmed.gharib@colostate.edu; Drainage Research Institute, National Water Research Center, Delta Barrage (El-Kanater), Cairo, Egypt; Civil and Environmental Engineering Department, Colorado State University, Fort Collins, CO, United States"
doi:10.1016/j.scitotenv.2023.161964,W4318828324,10.1016/j.scitotenv.2023.161964,A5112678107,A5112678107,Joey Blumberg,joey blumberg,NA,middle,FALSE,Colorado State University,https://ror.org/03k1gpj17,US,education,"Agricultural and Resource Economics Department, Colorado State University, Fort Collins, CO, United States"
doi:10.1016/j.scitotenv.2023.161964,W4318828324,10.1016/j.scitotenv.2023.161964,A5075200954,A5075200954,Dale T. Manning,dale t manning,0000-0001-6465-5530,middle,FALSE,Colorado State University,https://ror.org/03k1gpj17,US,education,"Agricultural and Resource Economics Department, Colorado State University, Fort Collins, CO, United States"
doi:10.1016/j.scitotenv.2023.161964,W4318828324,10.1016/j.scitotenv.2023.161964,A5007242274,A5007242274,Christopher Goemans,christopher goemans,0000-0003-4930-4278,middle,FALSE,Colorado State University,https://ror.org/03k1gpj17,US,education,"Agricultural and Resource Economics Department, Colorado State University, Fort Collins, CO, United States"
doi:10.1016/j.scitotenv.2023.161964,W4318828324,10.1016/j.scitotenv.2023.161964,A5065966986,A5065966986,Mazdak Arabi,mazdak arabi,0000-0003-1817-3260,last,FALSE,Colorado State University,https://ror.org/03k1gpj17,US,education,"Civil and Environmental Engineering Department, Colorado State University, Fort Collins, CO, United States"
doi:10.1002/aepp.13468,W4402116092,10.1002/aepp.13468,A5059425466,A5059425466,Amanda M. Countryman,amanda m countryman,0000-0001-7086-2050,first,TRUE,Resource (United States),https://ror.org/002sg8b56,US,company,"Department of Agricultural and Resource Economics Colorado State University  Fort Collins Colorado USA; Department of Agricultural and Resource Economics, Colorado State University, Fort Collins, Colorado, USA"
doi:10.1002/aepp.13468,W4402116092,10.1002/aepp.13468,A5059425466,A5059425466,Amanda M. Countryman,amanda m countryman,0000-0001-7086-2050,first,TRUE,Colorado State University,https://ror.org/03k1gpj17,US,education,"Department of Agricultural and Resource Economics Colorado State University  Fort Collins Colorado USA; Department of Agricultural and Resource Economics, Colorado State University, Fort Collins, Colorado, USA"
doi:10.1002/aepp.13468,W4402116092,10.1002/aepp.13468,A5113361759,A5113361759,В И Литвинов,,NA,middle,FALSE,Kyiv School of Economics,https://ror.org/006kf9d11,UA,education,"Kyiv School of Economics Center for Food and Land Use Research, Kyiv School of Economics  Kyiv Ukraine; Kyiv School of Economics, Center for Food and Land Use Research, Kyiv School of Economics, Kyiv, Ukraine"
doi:10.1002/aepp.13468,W4402116092,10.1002/aepp.13468,A5046017943,A5046017943,Ivan Kolodiazhnyi,ivan kolodiazhnyi,NA,middle,FALSE,Kyiv School of Economics,https://ror.org/006kf9d11,UA,education,"Kyiv School of Economics Center for Food and Land Use Research, Kyiv School of Economics  Kyiv Ukraine; Kyiv School of Economics, Center for Food and Land Use Research, Kyiv School of Economics, Kyiv, Ukraine"
doi:10.1002/aepp.13468,W4402116092,10.1002/aepp.13468,A5090916799,A5090916799,Mariia Bogonos,mariia bogonos,NA,middle,FALSE,Kyiv School of Economics,https://ror.org/006kf9d11,UA,education,"Kyiv School of Economics Center for Food and Land Use Research, Kyiv School of Economics  Kyiv Ukraine; Kyiv School of Economics, Center for Food and Land Use Research, Kyiv School of Economics, Kyiv, Ukraine"
doi:10.1002/aepp.13468,W4402116092,10.1002/aepp.13468,A5071368136,A5071368136,Oleg Nivievskyi,oleg nivievskyi,0000-0002-8902-9453,last,FALSE,Kyiv School of Economics,https://ror.org/006kf9d11,UA,education,"Graduate Economics Studies Kyiv School of Economics  Kyiv Ukraine; Graduate Economics Studies, Kyiv School of Economics, Kyiv, Ukraine"
doi:10.1371/journal.pone.0310268,W4405940882,10.1371/journal.pone.0310268,A5059425466,A5059425466,Amanda M. Countryman,amanda m countryman,0000-0001-7086-2050,first,TRUE,Resource (United States),https://ror.org/002sg8b56,US,company,"Department of Agricultural and Resource Economics, Colorado State University, Fort Collins, Colorado, United States of America"
doi:10.1371/journal.pone.0310268,W4405940882,10.1371/journal.pone.0310268,A5059425466,A5059425466,Amanda M. Countryman,amanda m countryman,0000-0001-7086-2050,first,TRUE,Colorado State University,https://ror.org/03k1gpj17,US,education,"Department of Agricultural and Resource Economics, Colorado State University, Fort Collins, Colorado, United States of America"
doi:10.1371/journal.pone.0310268,W4405940882,10.1371/journal.pone.0310268,A5018835169,A5018835169,Taís Cristina de Menezes,tais cristina de menezes,0000-0002-5919-6613,middle,TRUE,Resource (United States),https://ror.org/002sg8b56,US,company,"Department of Agricultural and Resource Economics, Colorado State University, Fort Collins, Colorado, United States of America"
doi:10.1371/journal.pone.0310268,W4405940882,10.1371/journal.pone.0310268,A5018835169,A5018835169,Taís Cristina de Menezes,tais cristina de menezes,0000-0002-5919-6613,middle,TRUE,Colorado State University,https://ror.org/03k1gpj17,US,education,"Department of Agricultural and Resource Economics, Colorado State University, Fort Collins, Colorado, United States of America"
doi:10.1371/journal.pone.0310268,W4405940882,10.1371/journal.pone.0310268,A5061321768,A5061321768,Dustin L. Pendell,dustin l pendell,0000-0002-4837-4330,middle,TRUE,Kansas State University,https://ror.org/05p1j8758,US,education,"Department of Agricultural Economics, Kansas State University, Manhattan, Kansas, United States of America"
doi:10.1371/journal.pone.0310268,W4405940882,10.1371/journal.pone.0310268,A5018040630,A5018040630,Jonathan Rushton,jonathan rushton,0000-0001-5450-4202,middle,TRUE,University of Liverpool,https://ror.org/04xs57h96,GB,education,"Global Burden of Animal Diseases, Livestock and One Health Department, University of Liverpool, Liverpool, Merseyside, England"
doi:10.1371/journal.pone.0310268,W4405940882,10.1371/journal.pone.0310268,A5064927206,A5064927206,Thomas L. Marsh,thomas l marsh,0000-0002-3699-4137,last,TRUE,Washington State University,https://ror.org/05dk0ce17,US,education,"School of Economic Sciences and Paul G. Allen School for Global Health, Washington State University, Pullman, Washington, United States of America"
doi:10.1016/j.rala.2024.05.006,W4407209665,10.1016/j.rala.2024.05.006,A5070917361,A5070917361,Dana L. Hoag,dana l hoag,0000-0001-7660-6832,first,TRUE,Colorado State University,https://ror.org/03k1gpj17,US,education,"Dept of Agricultural and Resource Economics, Colorado State University, Fort Collins, CO 80523, USA, (Hoag, Mooney, Ritten, and DeLay)"
doi:10.1016/j.rala.2024.05.006,W4407209665,10.1016/j.rala.2024.05.006,A5012756879,A5012756879,Ryan R Reuter,ryan r reuter,0000-0002-8498-7855,middle,FALSE,Oklahoma State University,https://ror.org/01g9vbr38,US,education,"Dept of Animal and Food Sciences, Oklahoma State University, Stillwater, OK 74075, USA (Reuter)"
doi:10.1016/j.rala.2024.05.006,W4407209665,10.1016/j.rala.2024.05.006,A5080323738,A5080323738,Daniel F. Mooney,daniel f mooney,0000-0002-5056-9102,middle,FALSE,Colorado State University,https://ror.org/03k1gpj17,US,education,"Dept of Agricultural and Resource Economics, Colorado State University, Fort Collins, CO 80523, USA, (Hoag, Mooney, Ritten, and DeLay)"
doi:10.1016/j.rala.2024.05.006,W4407209665,10.1016/j.rala.2024.05.006,A5108388468,A5108388468,Jeff Vitale,jeff vitale,NA,middle,FALSE,Oklahoma State University,https://ror.org/01g9vbr38,US,education,"Dept of Agricultural Economics, Oklahoma State University, Stillwater, OK 74075, USA (Vitale)"
doi:10.1016/j.rala.2024.05.006,W4407209665,10.1016/j.rala.2024.05.006,A5060067873,A5060067873,John P. Ritten,john p ritten,0000-0002-6468-3870,middle,FALSE,Colorado State University,https://ror.org/03k1gpj17,US,education,"Dept of Agricultural and Resource Economics, Colorado State University, Fort Collins, CO 80523, USA, (Hoag, Mooney, Ritten, and DeLay)"
doi:10.1016/j.rala.2024.05.006,W4407209665,10.1016/j.rala.2024.05.006,A5017296865,A5017296865,Nathan D. DeLay,nathan d delay,0000-0003-3239-0798,middle,FALSE,Colorado State University,https://ror.org/03k1gpj17,US,education,"Dept of Agricultural and Resource Economics, Colorado State University, Fort Collins, CO 80523, USA, (Hoag, Mooney, Ritten, and DeLay)"
doi:10.1016/j.rala.2024.05.006,W4407209665,10.1016/j.rala.2024.05.006,A5013632112,A5013632112,Paul Evangelista,paul evangelista,0000-0003-4750-8314,middle,FALSE,Colorado State University,https://ror.org/03k1gpj17,US,education,"Natural Resource Ecology Laboratory, Colorado State University, Fort Collins, CO 80523, USA (Evangelista and Vorster)"
doi:10.1016/j.rala.2024.05.006,W4407209665,10.1016/j.rala.2024.05.006,A5057308164,A5057308164,Anthony G. Vorster,anthony g vorster,0000-0002-0622-0683,last,FALSE,Colorado State University,https://ror.org/03k1gpj17,US,education,"Natural Resource Ecology Laboratory, Colorado State University, Fort Collins, CO 80523, USA (Evangelista and Vorster)"
doi:10.1007/978-3-030-45367-1_14,W3127790114,10.1007/978-3-030-45367-1_14,A5071416652,A5071416652,Travis Warziniack,travis warziniack,0000-0002-9431-2288,first,TRUE,Rocky Mountain Research Station,https://ror.org/04347cr60,US,government,"U.S. Department of Agriculture, Forest Service, Rocky Mountain Research Station, Fort Collins, CO, USA"
doi:10.1007/978-3-030-45367-1_14,W3127790114,10.1007/978-3-030-45367-1_14,A5013650171,A5013650171,Robert G. Haight,robert g haight,NA,middle,FALSE,Northern Research Station,https://ror.org/019jdc178,US,government,"U.S. Department of Agriculture, Forest Service, Northern Research Station, St Paul, MN, USA"
doi:10.1007/978-3-030-45367-1_14,W3127790114,10.1007/978-3-030-45367-1_14,A5018886004,A5018886004,Denys Yemshanov,denys yemshanov,0000-0002-6992-9614,middle,FALSE,Canadian Forest Service,https://ror.org/0430zw506,CA,government,"Natural Resources Canada, Canadian Forest Service, Great Lakes Forestry Centre, Sault Ste. Marie, ON, Canada"
doi:10.1007/978-3-030-45367-1_14,W3127790114,10.1007/978-3-030-45367-1_14,A5018886004,A5018886004,Denys Yemshanov,denys yemshanov,0000-0002-6992-9614,middle,FALSE,Natural Resources Canada,https://ror.org/05hepy730,CA,government,"Natural Resources Canada, Canadian Forest Service, Great Lakes Forestry Centre, Sault Ste. Marie, ON, Canada"
doi:10.1007/978-3-030-45367-1_14,W3127790114,10.1007/978-3-030-45367-1_14,A5060848568,A5060848568,Jenny L. Apriesnig,jenny l apriesnig,0000-0002-9555-5943,middle,FALSE,Arizona State University,https://ror.org/03efmqc40,US,education,"Julie Ann Wrigley Global Institute of Sustainability, Arizona State University, Tempe, AZ, USA"
doi:10.1007/978-3-030-45367-1_14,W3127790114,10.1007/978-3-030-45367-1_14,A5080269273,A5080269273,Thomas P. Holmes,thomas p holmes,0000-0002-7023-8415,middle,FALSE,Triangle,https://ror.org/00fhbr831,US,nonprofit,"U.S. Department of Agriculture, Forest Service, Southern Research Station, Research Triangle Park, NC, USA"
doi:10.1007/978-3-030-45367-1_14,W3127790114,10.1007/978-3-030-45367-1_14,A5080269273,A5080269273,Thomas P. Holmes,thomas p holmes,0000-0002-7023-8415,middle,FALSE,Southern Research Station,https://ror.org/022ethc91,US,government,"U.S. Department of Agriculture, Forest Service, Southern Research Station, Research Triangle Park, NC, USA"
doi:10.1007/978-3-030-45367-1_14,W3127790114,10.1007/978-3-030-45367-1_14,A5059425466,A5059425466,Amanda M. Countryman,amanda m countryman,0000-0001-7086-2050,middle,FALSE,Colorado State University,https://ror.org/03k1gpj17,US,education,"Department of Agricultural and Resource Economics, Colorado State University, Fort Collins, CO, USA"
doi:10.1007/978-3-030-45367-1_14,W3127790114,10.1007/978-3-030-45367-1_14,A5075258646,A5075258646,John D. Rothlisberger,john d rothlisberger,NA,middle,FALSE,US Forest Service,https://ror.org/03zmjc935,US,government,"U.S. Department of Agriculture, Forest Service, Washington Office, Washington, DC, USA"
doi:10.1007/978-3-030-45367-1_14,W3127790114,10.1007/978-3-030-45367-1_14,A5003728592,A5003728592,Christopher Haberland,christopher haberland,NA,last,FALSE,NA,NA,NA,NA,"U.S. Department of Agriculture, Forest Service, National Center for Natural Resource Economics, Washington, DC, USA"
doi:10.1109/ojcs.2021.3085846,W3166708802,10.1109/ojcs.2021.3085846,A5055585728,A5055585728,Somali Chaterji,somali chaterji,0000-0002-3651-6362,first,FALSE,Purdue University West Lafayette,https://ror.org/02dqehb95,US,education,"Department of Agricultural and Biological Engineering, Purdue University, West Lafayette, IN, USA"
doi:10.1109/ojcs.2021.3085846,W3166708802,10.1109/ojcs.2021.3085846,A5017296865,A5017296865,Nathan D. DeLay,nathan d delay,0000-0003-3239-0798,middle,FALSE,Purdue University West Lafayette,https://ror.org/02dqehb95,US,education,"Department of Agricultural and Biological Engineering, Purdue University, West Lafayette, IN, USA"
doi:10.1109/ojcs.2021.3085846,W3166708802,10.1109/ojcs.2021.3085846,A5109003810,A5109003810,John Evans,john evans,NA,middle,FALSE,Purdue University West Lafayette,https://ror.org/02dqehb95,US,education,"Department of Agricultural and Biological Engineering, Purdue University, West Lafayette, IN, USA"
doi:10.1109/ojcs.2021.3085846,W3166708802,10.1109/ojcs.2021.3085846,A5087903223,A5087903223,Nathan S. Mosier,nathan s mosier,0000-0003-0258-644X,middle,FALSE,Purdue University West Lafayette,https://ror.org/02dqehb95,US,education,"Department of Agricultural and Biological Engineering, Purdue University, West Lafayette, IN, USA"
doi:10.1109/ojcs.2021.3085846,W3166708802,10.1109/ojcs.2021.3085846,A5075832529,A5075832529,Bernard A. Engel,bernard a engel,0000-0001-7352-0507,middle,FALSE,Purdue University West Lafayette,https://ror.org/02dqehb95,US,education,"Department of Agricultural and Biological Engineering, Purdue University, West Lafayette, IN, USA"
doi:10.1109/ojcs.2021.3085846,W3166708802,10.1109/ojcs.2021.3085846,A5055708317,A5055708317,Dennis R. Buckmaster,dennis r buckmaster,0000-0002-5586-141X,middle,FALSE,Purdue University West Lafayette,https://ror.org/02dqehb95,US,education,"Department of Agricultural and Biological Engineering, Purdue University, West Lafayette, IN, USA"
doi:10.1109/ojcs.2021.3085846,W3166708802,10.1109/ojcs.2021.3085846,A5026552079,A5026552079,Michael R. Ladisch,michael r ladisch,0000-0001-9953-9599,middle,FALSE,Purdue University West Lafayette,https://ror.org/02dqehb95,US,education,"Department of Agricultural and Biological Engineering, Purdue University, West Lafayette, IN, USA"
doi:10.1109/ojcs.2021.3085846,W3166708802,10.1109/ojcs.2021.3085846,A5112443217,A5112443217,Ranveer Chandra,ranveer chandra,NA,last,FALSE,Microsoft (United States),https://ror.org/00d0nc645,US,company,"Microsoft Research, Microsoft Azure, Redmond, WA, USA"
doi:10.1016/j.reseneeco.2019.101143,W2994849090,10.1016/j.reseneeco.2019.101143,A5027026551,A5027026551,Jordan F. Suter,jordan f suter,0000-0003-0520-7150,first,TRUE,Colorado State University,https://ror.org/03k1gpj17,US,education,"Department of Agricultural and Resource Economics, Colorado State University, Fort Collins, CO 80526-1172, USA"
doi:10.1016/j.reseneeco.2019.101143,W2994849090,10.1016/j.reseneeco.2019.101143,A5027101973,A5027101973,Mani Rouhi Rad,mani rouhi rad,0000-0003-3572-1601,middle,FALSE,Colorado State University,https://ror.org/03k1gpj17,US,education,"Department of Agricultural and Resource Economics, Colorado State University, Fort Collins, CO 80526-1172, USA"
doi:10.1016/j.reseneeco.2019.101143,W2994849090,10.1016/j.reseneeco.2019.101143,A5075200954,A5075200954,Dale T. Manning,dale t manning,0000-0001-6465-5530,middle,FALSE,Colorado State University,https://ror.org/03k1gpj17,US,education,"Department of Agricultural and Resource Economics, Colorado State University, Fort Collins, CO 80526-1172, USA"
doi:10.1016/j.reseneeco.2019.101143,W2994849090,10.1016/j.reseneeco.2019.101143,A5007242274,A5007242274,Christopher Goemans,christopher goemans,0000-0003-4930-4278,middle,FALSE,Colorado State University,https://ror.org/03k1gpj17,US,education,"Department of Agricultural and Resource Economics, Colorado State University, Fort Collins, CO 80526-1172, USA"
doi:10.1016/j.reseneeco.2019.101143,W2994849090,10.1016/j.reseneeco.2019.101143,A5001783283,A5001783283,Matthew R. Sanderson,matthew r sanderson,0000-0002-5946-6556,last,FALSE,Kansas State University,https://ror.org/05p1j8758,US,education,"Department of Sociology, Anthropology, and Social Work, Kansas State University, Manhattan, KS 66506, USA"
doi:10.1007/s10683-020-09650-2,W3012531244,10.1007/s10683-020-09650-2,A5011766314,A5011766314,Nicholas Janusch,nicholas janusch,NA,first,TRUE,California Energy Commission,https://ror.org/05eaakg28,US,government,"California Energy Commission, 1516 Ninth Street, MS-22, Sacramento, CA, 95814, USA"
doi:10.1007/s10683-020-09650-2,W3012531244,10.1007/s10683-020-09650-2,A5037955637,A5037955637,Stephan Kroll,stephan kroll,NA,middle,FALSE,Colorado State University,https://ror.org/03k1gpj17,US,education,"Department of Agricultural and Resource Economics, Colorado State University, Fort Collins, CO, 80523, USA"
doi:10.1007/s10683-020-09650-2,W3012531244,10.1007/s10683-020-09650-2,A5007242274,A5007242274,Christopher Goemans,christopher goemans,0000-0003-4930-4278,middle,FALSE,Colorado State University,https://ror.org/03k1gpj17,US,education,"Department of Agricultural and Resource Economics, Colorado State University, Fort Collins, CO, 80523, USA"
doi:10.1007/s10683-020-09650-2,W3012531244,10.1007/s10683-020-09650-2,A5058067093,A5058067093,Todd L. Cherry,todd l cherry,0000-0002-9561-8350,middle,FALSE,CICERO Center for International Climate Research,https://ror.org/01gw5dy53,NO,facility,"Center for International Climate Research, Pb. 1129 Blindern, 0318, Oslo, Norway; Department of Economics, Appalachian State University, Boone, NC, 28608, USA"
doi:10.1007/s10683-020-09650-2,W3012531244,10.1007/s10683-020-09650-2,A5058067093,A5058067093,Todd L. Cherry,todd l cherry,0000-0002-9561-8350,middle,FALSE,Appalachian State University,https://ror.org/051m4vc48,US,education,"Center for International Climate Research, Pb. 1129 Blindern, 0318, Oslo, Norway; Department of Economics, Appalachian State University, Boone, NC, 28608, USA"
doi:10.1007/s10683-020-09650-2,W3012531244,10.1007/s10683-020-09650-2,A5074512279,A5074512279,Steffen Kallbekken,steffen kallbekken,0000-0001-6539-992X,last,FALSE,CICERO Center for International Climate Research,https://ror.org/01gw5dy53,NO,facility,"Center for International Climate Research, Pb. 1129 Blindern, 0318, Oslo, Norway"
doi:10.1016/j.agwat.2022.107764,W4282928459,10.1016/j.agwat.2022.107764,A5043415399,A5043415399,Steven K. Filippelli,steven k filippelli,0000-0001-7291-0888,first,TRUE,Colorado State University,https://ror.org/03k1gpj17,US,education,"Natural Resource Ecology Laboratory, Colorado State University, Fort Collins, CO 80523, USA"
doi:10.1016/j.agwat.2022.107764,W4282928459,10.1016/j.agwat.2022.107764,A5010041998,A5010041998,Matthew R. Sloggy,matthew r sloggy,0000-0001-5129-0755,middle,FALSE,Pacific Southwest Research Station,https://ror.org/036a0fn15,US,government,"USDA Forest Service, Pacific Southwest Research Station, Riverside, CA 92507, USA"
doi:10.1016/j.agwat.2022.107764,W4282928459,10.1016/j.agwat.2022.107764,A5052949522,A5052949522,Jody C. Vogeler,jody c vogeler,0000-0002-3639-8984,middle,FALSE,Colorado State University,https://ror.org/03k1gpj17,US,education,"Natural Resource Ecology Laboratory, Colorado State University, Fort Collins, CO 80523, USA"
doi:10.1016/j.agwat.2022.107764,W4282928459,10.1016/j.agwat.2022.107764,A5075200954,A5075200954,Dale T. Manning,dale t manning,0000-0001-6465-5530,middle,FALSE,Colorado State University,https://ror.org/03k1gpj17,US,education,"Department of Agricultural & Resource Economics, Colorado State University, Fort Collins, CO 80523, USA"
doi:10.1016/j.agwat.2022.107764,W4282928459,10.1016/j.agwat.2022.107764,A5007242274,A5007242274,Christopher Goemans,christopher goemans,0000-0003-4930-4278,middle,FALSE,Colorado State University,https://ror.org/03k1gpj17,US,education,"Department of Agricultural & Resource Economics, Colorado State University, Fort Collins, CO 80523, USA"
doi:10.1016/j.agwat.2022.107764,W4282928459,10.1016/j.agwat.2022.107764,A5001547699,A5001547699,G. B. Senay,g b senay,0000-0002-8810-8539,last,FALSE,United States Geological Survey,https://ror.org/035a68863,US,government,"US Geological Survey (USGS) Earth Resources Observation and Science Center, North Central Climate Adaptation Science Center, Fort Collins, CO 80523, USA"
doi:10.1016/j.agwat.2022.107764,W4282928459,10.1016/j.agwat.2022.107764,A5001547699,A5001547699,G. B. Senay,g b senay,0000-0002-8810-8539,last,FALSE,North Central Climate Adaptation Science Center,https://ror.org/00ctmtz16,NA,facility,"US Geological Survey (USGS) Earth Resources Observation and Science Center, North Central Climate Adaptation Science Center, Fort Collins, CO 80523, USA"
doi:10.1007/s11119-021-09807-w,W3158856111,10.1007/s11119-021-09807-w,A5040186224,A5040186224,Nathanael M. Thompson,nathanael m thompson,0000-0003-0987-5842,first,TRUE,Purdue University West Lafayette,https://ror.org/02dqehb95,US,education,"Department of Agricultural Economics, Purdue University, West Lafayette, IN, 47907, USA"
doi:10.1007/s11119-021-09807-w,W3158856111,10.1007/s11119-021-09807-w,A5017296865,A5017296865,Nathan D. DeLay,nathan d delay,0000-0003-3239-0798,middle,FALSE,Purdue University West Lafayette,https://ror.org/02dqehb95,US,education,"Department of Agricultural Economics, Purdue University, West Lafayette, IN, 47907, USA"
doi:10.1007/s11119-021-09807-w,W3158856111,10.1007/s11119-021-09807-w,A5028208229,A5028208229,James Mintert,james mintert,NA,last,FALSE,Purdue University West Lafayette,https://ror.org/02dqehb95,US,education,"Department of Agricultural Economics, Purdue University, West Lafayette, IN, 47907, USA"
doi:10.1093/qopen/qoac028,W4302760106,10.1093/qopen/qoac028,A5018835169,A5018835169,Taís Cristina de Menezes,tais cristina de menezes,0000-0002-5919-6613,first,FALSE,Colorado State University,https://ror.org/03k1gpj17,US,education,"Graduate Program in Agricultural Economics, Colorado State University, Fort Collins , CO 80523, USA"
doi:10.1093/qopen/qoac028,W4302760106,10.1093/qopen/qoac028,A5059425466,A5059425466,Amanda M. Countryman,amanda m countryman,0000-0001-7086-2050,middle,FALSE,Colorado State University,https://ror.org/03k1gpj17,US,education,"Agricultural and Resource Economics Department, Colorado State University, Fort Collins , CO 80523, USA"
doi:10.1093/qopen/qoac028,W4302760106,10.1093/qopen/qoac028,A5069945488,A5069945488,Joaquim Bento de Souza Ferreira Filho,joaquim bento de souza ferreira filho,0000-0002-3374-8918,middle,FALSE,Universidade de São Paulo,https://ror.org/036rp1748,BR,education,"Department of Economics, Administration and Sociology, Luiz de Queiroz College of Agriculture, University of São Paulo, Piracicaba , 13403, Brazil"
doi:10.1093/qopen/qoac028,W4302760106,10.1093/qopen/qoac028,A5005721088,A5005721088,Fernando Ferreira,fernando ferreira,0000-0002-9160-7355,last,FALSE,Universidade de São Paulo,https://ror.org/036rp1748,BR,education,"Laboratory of Epidemiology and Biostatistics, School of Veterinary Medicine and Animal Science, University of São Paulo, São Paulo , 05508060, Brazil"
doi:10.1371/journal.pwat.0000278,W4401695105,10.1371/journal.pwat.0000278,A5014343102,A5014343102,Alex Maas,alex maas,0000-0002-6689-3628,first,TRUE,University of Idaho,https://ror.org/03hbp5t65,US,education,"Dept. of Agricultural Economics and Rural Sociology, University of Idaho, Moscow, Idaho, United States of America"
doi:10.1371/journal.pwat.0000278,W4401695105,10.1371/journal.pwat.0000278,A5084299544,A5084299544,Roshan Puri,roshan puri,0000-0001-8109-3234,middle,TRUE,"University of California, Davis",https://ror.org/05rrcem69,US,education,"Center for Watershed Sciences, UC Davis, Davis, California, United States of America"
doi:10.1371/journal.pwat.0000278,W4401695105,10.1371/journal.pwat.0000278,A5007242274,A5007242274,Christopher Goemans,christopher goemans,0000-0003-4930-4278,last,TRUE,Resource (United States),https://ror.org/002sg8b56,US,company,"Dept. of Agricultural and Resource Economics, Colorado State University, Fort Collins, Colorado, United States of America"
doi:10.1371/journal.pwat.0000278,W4401695105,10.1371/journal.pwat.0000278,A5007242274,A5007242274,Christopher Goemans,christopher goemans,0000-0003-4930-4278,last,TRUE,Colorado State University,https://ror.org/03k1gpj17,US,education,"Dept. of Agricultural and Resource Economics, Colorado State University, Fort Collins, Colorado, United States of America"
doi:10.1111/ajae.12231,W3165941821,10.1111/ajae.12231,A5050534384,A5050534384,R. Aaron Hrozencik,r aaron hrozencik,0000-0002-4490-2730,first,FALSE,NA,NA,NA,NA,
doi:10.1111/ajae.12231,W3165941821,10.1111/ajae.12231,A5075200954,A5075200954,Dale T. Manning,dale t manning,0000-0001-6465-5530,middle,FALSE,NA,NA,NA,NA,
doi:10.1111/ajae.12231,W3165941821,10.1111/ajae.12231,A5027026551,A5027026551,Jordan F. Suter,jordan f suter,0000-0003-0520-7150,middle,FALSE,NA,NA,NA,NA,
doi:10.1111/ajae.12231,W3165941821,10.1111/ajae.12231,A5007242274,A5007242274,Christopher Goemans,christopher goemans,0000-0003-4930-4278,last,FALSE,NA,NA,NA,NA,
doi:10.1002/aepp.13340,W4316653239,10.1002/aepp.13340,A5017296865,A5017296865,Nathan D. DeLay,nathan d delay,0000-0003-3239-0798,first,TRUE,Resource (United States),https://ror.org/002sg8b56,US,company,"Department of Agricultural and Resource Economics Colorado State University  Fort Collins Colorado USA; Department of Agricultural and Resource Economics, Colorado State University, Fort Collins, Colorado, USA"
doi:10.1002/aepp.13340,W4316653239,10.1002/aepp.13340,A5017296865,A5017296865,Nathan D. DeLay,nathan d delay,0000-0003-3239-0798,first,TRUE,Colorado State University,https://ror.org/03k1gpj17,US,education,"Department of Agricultural and Resource Economics Colorado State University  Fort Collins Colorado USA; Department of Agricultural and Resource Economics, Colorado State University, Fort Collins, Colorado, USA"
doi:10.1002/aepp.13340,W4316653239,10.1002/aepp.13340,A5024221738,A5024221738,Michael Boehlje,michael boehlje,NA,middle,FALSE,Purdue University West Lafayette,https://ror.org/02dqehb95,US,education,"Department of Agricultural Economics Purdue University  West Lafayette Indiana USA; Department of Agricultural Economics, Purdue University, West Lafayette, Indiana, USA"
doi:10.1002/aepp.13340,W4316653239,10.1002/aepp.13340,A5051075318,A5051075318,Shannon Ferrell,shannon ferrell,NA,last,FALSE,Oklahoma State University,https://ror.org/01g9vbr38,US,education,"Department of Agricultural Economics Oklahoma State University  Stillwater Oklahoma USA; Department of Agricultural Economics, Oklahoma State University, Stillwater, Oklahoma, USA"
doi:10.1002/jaa2.73,W4385067478,10.1002/jaa2.73,A5018835169,A5018835169,Taís Cristina de Menezes,tais cristina de menezes,0000-0002-5919-6613,first,TRUE,Resource (United States),https://ror.org/002sg8b56,US,company,"Department of Agricultural and Resource Economics Colorado State University  Fort Collins Colorado USA; Department of Agricultural and Resource Economics, Colorado State University, Fort Collins, Colorado, USA"
doi:10.1002/jaa2.73,W4385067478,10.1002/jaa2.73,A5018835169,A5018835169,Taís Cristina de Menezes,tais cristina de menezes,0000-0002-5919-6613,first,TRUE,Colorado State University,https://ror.org/03k1gpj17,US,education,"Department of Agricultural and Resource Economics Colorado State University  Fort Collins Colorado USA; Department of Agricultural and Resource Economics, Colorado State University, Fort Collins, Colorado, USA"
doi:10.1002/jaa2.73,W4385067478,10.1002/jaa2.73,A5069945488,A5069945488,Joaquim Bento de Souza Ferreira Filho,joaquim bento de souza ferreira filho,0000-0002-3374-8918,middle,FALSE,Universidade de São Paulo,https://ror.org/036rp1748,BR,education,"Department of Economics, Administration and Sociology, Luiz de Queiroz College of Agriculture University of São Paulo  Piracicaba Brazil"
doi:10.1002/jaa2.73,W4385067478,10.1002/jaa2.73,A5059425466,A5059425466,Amanda M. Countryman,amanda m countryman,0000-0001-7086-2050,last,FALSE,Resource (United States),https://ror.org/002sg8b56,US,company,"Department of Agricultural and Resource Economics Colorado State University  Fort Collins Colorado USA; Department of Agricultural and Resource Economics, Colorado State University, Fort Collins, Colorado, USA"
doi:10.1002/jaa2.73,W4385067478,10.1002/jaa2.73,A5059425466,A5059425466,Amanda M. Countryman,amanda m countryman,0000-0001-7086-2050,last,FALSE,Colorado State University,https://ror.org/03k1gpj17,US,education,"Department of Agricultural and Resource Economics Colorado State University  Fort Collins Colorado USA; Department of Agricultural and Resource Economics, Colorado State University, Fort Collins, Colorado, USA"
doi:10.1111/1477-9552.12440,W3161348351,10.1111/1477-9552.12440,A5017296865,A5017296865,Nathan D. DeLay,nathan d delay,0000-0003-3239-0798,first,TRUE,Purdue University West Lafayette,https://ror.org/02dqehb95,US,education,"Department of Agricultural Economics Purdue University West Lafayette IN USA; Department of Agricultural Economics, Purdue University, West Lafayette, IN, USA"
doi:10.1111/1477-9552.12440,W3161348351,10.1111/1477-9552.12440,A5040186224,A5040186224,Nathanael M. Thompson,nathanael m thompson,0000-0003-0987-5842,middle,FALSE,Purdue University West Lafayette,https://ror.org/02dqehb95,US,education,"Department of Agricultural Economics Purdue University West Lafayette IN USA; Department of Agricultural Economics, Purdue University, West Lafayette, IN, USA"
doi:10.1111/1477-9552.12440,W3161348351,10.1111/1477-9552.12440,A5028208229,A5028208229,James Mintert,james mintert,NA,last,FALSE,Purdue University West Lafayette,https://ror.org/02dqehb95,US,education,"Department of Agricultural Economics Purdue University West Lafayette IN USA; Department of Agricultural Economics, Purdue University, West Lafayette, IN, USA"
doi:10.1111/ajae.12503,W4405137934,10.1111/ajae.12503,A5017296865,A5017296865,Nathan D. DeLay,nathan d delay,0000-0003-3239-0798,first,TRUE,Colorado State University,https://ror.org/03k1gpj17,US,education,The Department of Agricultural &amp; Resource Economics at Colorado State University  Fort Collins Colorado USA
doi:10.1111/ajae.12503,W4405137934,10.1111/ajae.12503,A5023622445,A5023622445,Cory Walters,cory walters,0000-0003-1957-8542,last,FALSE,University of Nebraska–Lincoln,https://ror.org/043mer456,US,education,The Department of Agricultural Economics at the University of Nebraska  Lincoln Nebraska USA
doi:10.1029/2024wr037196,W4404038588,10.1029/2024wr037196,A5112893175,A5112893175,Ahmed Gharib,ahmed gharib,0000-0001-7361-4335,first,TRUE,National Water Research Center,https://ror.org/04320xd69,EG,facility,"Civil and Environmental Engineering Department Colorado State University  Fort Collins CO USA; Drainage Research Institute National Water Research Center  Cairo Egypt; Drainage Research Institute, National Water Research Center, Cairo, Egypt; Civil and Environmental Engineering Department, Colorado State University, Fort Collins, CO, USA"
doi:10.1029/2024wr037196,W4404038588,10.1029/2024wr037196,A5112893175,A5112893175,Ahmed Gharib,ahmed gharib,0000-0001-7361-4335,first,TRUE,Colorado State University,https://ror.org/03k1gpj17,US,education,"Civil and Environmental Engineering Department Colorado State University  Fort Collins CO USA; Drainage Research Institute National Water Research Center  Cairo Egypt; Drainage Research Institute, National Water Research Center, Cairo, Egypt; Civil and Environmental Engineering Department, Colorado State University, Fort Collins, CO, USA"
doi:10.1029/2024wr037196,W4404038588,10.1029/2024wr037196,A5065966986,A5065966986,Mazdak Arabi,mazdak arabi,0000-0003-1817-3260,middle,FALSE,Colorado State University,https://ror.org/03k1gpj17,US,education,"Civil and Environmental Engineering Department Colorado State University  Fort Collins CO USA; Civil and Environmental Engineering Department, Colorado State University, Fort Collins, CO, USA"
doi:10.1029/2024wr037196,W4404038588,10.1029/2024wr037196,A5007242274,A5007242274,Christopher Goemans,christopher goemans,0000-0003-4930-4278,middle,FALSE,Colorado State University,https://ror.org/03k1gpj17,US,education,"Agricultural and Resource Economics Department Colorado State University  Fort Collins CO USA; Agricultural and Resource Economics Department, Colorado State University, Fort Collins, CO, USA"
doi:10.1029/2024wr037196,W4404038588,10.1029/2024wr037196,A5075200954,A5075200954,Dale T. Manning,dale t manning,0000-0001-6465-5530,middle,FALSE,Colorado State University,https://ror.org/03k1gpj17,US,education,"Agricultural and Resource Economics Department Colorado State University  Fort Collins CO USA; Agricultural and Resource Economics Department, Colorado State University, Fort Collins, CO, USA"
doi:10.1029/2024wr037196,W4404038588,10.1029/2024wr037196,A5014343102,A5014343102,Alex Maas,alex maas,0000-0002-6689-3628,last,FALSE,University of Idaho,https://ror.org/03hbp5t65,US,education,"Agricultural Economics and Rural Sociology University of Idaho  Moscow ID USA; Agricultural Economics and Rural Sociology, University of Idaho, Moscow, ID, USA"
doi:10.1371/journal.pone.0320316,W4409325059,10.1371/journal.pone.0320316,A5047699658,A5047699658,Sophie C. McKee,sophie c mckee,0000-0002-2283-4191,first,FALSE,Animal and Plant Health Inspection Service,https://ror.org/0599wfz09,US,government,"Department of Economics, Colorado State University, Fort Collins, Colorado, United States of America; National Wildlife Research Center, United States of America Department of Agriculture, Animal and Plant Health Inspection Service, Wildlife Services, Fort Collins, Colorado, United States of America"
doi:10.1371/journal.pone.0320316,W4409325059,10.1371/journal.pone.0320316,A5047699658,A5047699658,Sophie C. McKee,sophie c mckee,0000-0002-2283-4191,first,FALSE,Colorado State University,https://ror.org/03k1gpj17,US,education,"Department of Economics, Colorado State University, Fort Collins, Colorado, United States of America; National Wildlife Research Center, United States of America Department of Agriculture, Animal and Plant Health Inspection Service, Wildlife Services, Fort Collins, Colorado, United States of America"
doi:10.1371/journal.pone.0320316,W4409325059,10.1371/journal.pone.0320316,A5017296865,A5017296865,Nathan D. DeLay,nathan d delay,0000-0003-3239-0798,middle,FALSE,Resource (United States),https://ror.org/002sg8b56,US,company,"Department of Agricultural and Resource Economics, Colorado State University, Fort Collins, Colorado, United States of America"
doi:10.1371/journal.pone.0320316,W4409325059,10.1371/journal.pone.0320316,A5017296865,A5017296865,Nathan D. DeLay,nathan d delay,0000-0003-3239-0798,middle,FALSE,Colorado State University,https://ror.org/03k1gpj17,US,education,"Department of Agricultural and Resource Economics, Colorado State University, Fort Collins, Colorado, United States of America"
doi:10.1371/journal.pone.0320316,W4409325059,10.1371/journal.pone.0320316,A5080323738,A5080323738,Daniel F. Mooney,daniel f mooney,0000-0002-5056-9102,middle,FALSE,Resource (United States),https://ror.org/002sg8b56,US,company,"Department of Agricultural and Resource Economics, Colorado State University, Fort Collins, Colorado, United States of America"
doi:10.1371/journal.pone.0320316,W4409325059,10.1371/journal.pone.0320316,A5080323738,A5080323738,Daniel F. Mooney,daniel f mooney,0000-0002-5056-9102,middle,FALSE,Colorado State University,https://ror.org/03k1gpj17,US,education,"Department of Agricultural and Resource Economics, Colorado State University, Fort Collins, Colorado, United States of America"
doi:10.1371/journal.pone.0320316,W4409325059,10.1371/journal.pone.0320316,A5080180079,A5080180079,Stephanie A. Shwiff,stephanie a shwiff,0000-0001-9065-9017,last,FALSE,Animal and Plant Health Inspection Service,https://ror.org/0599wfz09,US,government,"National Wildlife Research Center, United States of America Department of Agriculture, Animal and Plant Health Inspection Service, Wildlife Services, Fort Collins, Colorado, United States of America"
doi:10.1108/afr-02-2023-0027,W4386790550,10.1108/afr-02-2023-0027,A5024869973,A5024869973,Haden Comstock,haden comstock,NA,first,FALSE,National Cattlemen's Beef Association,https://ror.org/04s498a57,US,nonprofit,"National Cattlemen's Beef Association, Centennial, Colorado, USA"
doi:10.1108/afr-02-2023-0027,W4386790550,10.1108/afr-02-2023-0027,A5092884089,A5092884089,Nathan DeLay,nathan delay,0000-0001-6298-172X,last,FALSE,Resource (United States),https://ror.org/002sg8b56,US,company,"Department of Agricultural and Resource Economics, Colorado State University, Fort Collins, Colorado, USA"
doi:10.1108/afr-02-2023-0027,W4386790550,10.1108/afr-02-2023-0027,A5092884089,A5092884089,Nathan DeLay,nathan delay,0000-0001-6298-172X,last,FALSE,Colorado State University,https://ror.org/03k1gpj17,US,education,"Department of Agricultural and Resource Economics, Colorado State University, Fort Collins, Colorado, USA"
doi:10.1016/j.jeem.2025.103125,W4406602699,10.1016/j.jeem.2025.103125,A5010041998,A5010041998,Matthew R. Sloggy,matthew r sloggy,0000-0001-5129-0755,first,TRUE,Pacific Southwest Research Station,https://ror.org/036a0fn15,US,government,"USDA Forest Service Pacific Southwest Research Station, United States"
doi:10.1016/j.jeem.2025.103125,W4406602699,10.1016/j.jeem.2025.103125,A5108948019,A5108948019,Aaron Hrozencik,aaron hrozencik,NA,middle,FALSE,Economic Research Service,https://ror.org/05ycxzd89,US,government,"USDA Economic Research Service, United States"
doi:10.1016/j.jeem.2025.103125,W4406602699,10.1016/j.jeem.2025.103125,A5075200954,A5075200954,Dale T. Manning,dale t manning,0000-0001-6465-5530,middle,FALSE,Economie Publique,https://ror.org/02z9j6m75,FR,facility,"The Baker School of Public Policy and Public Affairs, Department of Agricultural and Resource Economics, University of Tennessee, United States"
doi:10.1016/j.jeem.2025.103125,W4406602699,10.1016/j.jeem.2025.103125,A5007242274,A5007242274,Christopher Goemans,christopher goemans,0000-0003-4930-4278,middle,FALSE,Resource (United States),https://ror.org/002sg8b56,US,company,"Department of Agricultural and Resource Economics, Colorado State University, United States"
doi:10.1016/j.jeem.2025.103125,W4406602699,10.1016/j.jeem.2025.103125,A5007242274,A5007242274,Christopher Goemans,christopher goemans,0000-0003-4930-4278,middle,FALSE,Colorado State University,https://ror.org/03k1gpj17,US,education,"Department of Agricultural and Resource Economics, Colorado State University, United States"
doi:10.1016/j.jeem.2025.103125,W4406602699,10.1016/j.jeem.2025.103125,A5039685172,A5039685172,Roger Claassen,roger claassen,NA,last,FALSE,Natural Resources Conservation Service,https://ror.org/03j7rgg33,US,government,"USDA Natural Resource Conservation Service (NRCS), United States"
doi:10.3389/fvets.2025.1637190,W4414087324,10.3389/fvets.2025.1637190,A5080640333,A5080640333,Edward J. Raynor,edward j raynor,0000-0003-2483-4694,first,TRUE,Colorado State University,https://ror.org/03k1gpj17,US,education,"Department of Animal Sciences, Colorado State University, Fort Collins, CO, United States"
doi:10.3389/fvets.2025.1637190,W4414087324,10.3389/fvets.2025.1637190,A5106342330,A5106342330,Anna M Shadbolt,anna m shadbolt,NA,middle,FALSE,Colorado State University,https://ror.org/03k1gpj17,US,education,"Department of Animal Sciences, Colorado State University, Fort Collins, CO, United States"
doi:10.3389/fvets.2025.1637190,W4414087324,10.3389/fvets.2025.1637190,A5056021865,A5056021865,Melissa K. Johnston,melissa k johnston,NA,middle,FALSE,United States Department of Agriculture,https://ror.org/01na82s61,US,government,"Rangeland Resources and Systems Research Unit, US Department of Agriculture-Agricultural Research Service, Cheyenne, WY, United States; Rangeland Resources and Systems Research Unit, US Department of Agriculture-Agricultural Research Service, Fort Collins, CO, United States; Rangeland Resources and Systems Research Unit, US Department of Agriculture−Agricultural Research Service, Cheyenne, WY, United States; Rangeland Resources and Systems Research Unit, US Department of Agriculture−Agricultural Research Service, Fort Collins, CO, United States"
doi:10.3389/fvets.2025.1637190,W4414087324,10.3389/fvets.2025.1637190,A5056021865,A5056021865,Melissa K. Johnston,melissa k johnston,NA,middle,FALSE,Agricultural Research Service - Plains Area,https://ror.org/03sqy6516,US,government,"Rangeland Resources and Systems Research Unit, US Department of Agriculture-Agricultural Research Service, Cheyenne, WY, United States; Rangeland Resources and Systems Research Unit, US Department of Agriculture-Agricultural Research Service, Fort Collins, CO, United States; Rangeland Resources and Systems Research Unit, US Department of Agriculture−Agricultural Research Service, Cheyenne, WY, United States; Rangeland Resources and Systems Research Unit, US Department of Agriculture−Agricultural Research Service, Fort Collins, CO, United States"
doi:10.3389/fvets.2025.1637190,W4414087324,10.3389/fvets.2025.1637190,A5053897338,A5053897338,David J. Augustine,david j augustine,0000-0003-3144-0466,middle,FALSE,United States Department of Agriculture,https://ror.org/01na82s61,US,government,"Rangeland Resources and Systems Research Unit, US Department of Agriculture-Agricultural Research Service, Cheyenne, WY, United States; Rangeland Resources and Systems Research Unit, US Department of Agriculture-Agricultural Research Service, Fort Collins, CO, United States; Rangeland Resources and Systems Research Unit, US Department of Agriculture−Agricultural Research Service, Fort Collins, CO, United States; Rangeland Resources and Systems Research Unit, US Department of Agriculture−Agricultural Research Service, Cheyenne, WY, United States"
doi:10.3389/fvets.2025.1637190,W4414087324,10.3389/fvets.2025.1637190,A5053897338,A5053897338,David J. Augustine,david j augustine,0000-0003-3144-0466,middle,FALSE,Agricultural Research Service - Plains Area,https://ror.org/03sqy6516,US,government,"Rangeland Resources and Systems Research Unit, US Department of Agriculture-Agricultural Research Service, Cheyenne, WY, United States; Rangeland Resources and Systems Research Unit, US Department of Agriculture-Agricultural Research Service, Fort Collins, CO, United States; Rangeland Resources and Systems Research Unit, US Department of Agriculture−Agricultural Research Service, Fort Collins, CO, United States; Rangeland Resources and Systems Research Unit, US Department of Agriculture−Agricultural Research Service, Cheyenne, WY, United States"
doi:10.3389/fvets.2025.1637190,W4414087324,10.3389/fvets.2025.1637190,A5011607769,A5011607769,Justin Derner,justin derner,0000-0001-8076-0736,middle,FALSE,United States Department of Agriculture,https://ror.org/01na82s61,US,government,"Rangeland Resources and Systems Research Unit, US Department of Agriculture-Agricultural Research Service, Cheyenne, WY, United States; Rangeland Resources and Systems Research Unit, US Department of Agriculture-Agricultural Research Service, Fort Collins, CO, United States; Rangeland Resources and Systems Research Unit, US Department of Agriculture−Agricultural Research Service, Fort Collins, CO, United States; Rangeland Resources and Systems Research Unit, US Department of Agriculture−Agricultural Research Service, Cheyenne, WY, United States"
doi:10.3389/fvets.2025.1637190,W4414087324,10.3389/fvets.2025.1637190,A5011607769,A5011607769,Justin Derner,justin derner,0000-0001-8076-0736,middle,FALSE,Agricultural Research Service - Plains Area,https://ror.org/03sqy6516,US,government,"Rangeland Resources and Systems Research Unit, US Department of Agriculture-Agricultural Research Service, Cheyenne, WY, United States; Rangeland Resources and Systems Research Unit, US Department of Agriculture-Agricultural Research Service, Fort Collins, CO, United States; Rangeland Resources and Systems Research Unit, US Department of Agriculture−Agricultural Research Service, Fort Collins, CO, United States; Rangeland Resources and Systems Research Unit, US Department of Agriculture−Agricultural Research Service, Cheyenne, WY, United States"
doi:10.3389/fvets.2025.1637190,W4414087324,10.3389/fvets.2025.1637190,A5050605000,A5050605000,Sean P. Kearney,sean p kearney,0000-0002-5939-1259,middle,FALSE,Western EcoSystems Technology (United States),https://ror.org/03y5ndk86,US,company,"Thunder Basin Grasslands Prairie Ecosystem Association, Douglas, WY, United States"
doi:10.3389/fvets.2025.1637190,W4414087324,10.3389/fvets.2025.1637190,A5060067873,A5060067873,John P. Ritten,john p ritten,0000-0002-6468-3870,middle,FALSE,Colorado State University,https://ror.org/03k1gpj17,US,education,"Department of Agricultural and Resource Economics, Colorado State University, Fort Collins, CO, United States"
doi:10.3389/fvets.2025.1637190,W4414087324,10.3389/fvets.2025.1637190,A5017296865,A5017296865,Nathan D. DeLay,nathan d delay,0000-0003-3239-0798,middle,FALSE,Colorado State University,https://ror.org/03k1gpj17,US,education,"Department of Agricultural and Resource Economics, Colorado State University, Fort Collins, CO, United States"
doi:10.3389/fvets.2025.1637190,W4414087324,10.3389/fvets.2025.1637190,A5002369893,A5002369893,Pedro H V Carvalho,pedro h v carvalho,0000-0003-1620-6831,middle,FALSE,Colorado State University,https://ror.org/03k1gpj17,US,education,"Department of Animal Sciences, Colorado State University, Fort Collins, CO, United States"
doi:10.3389/fvets.2025.1637190,W4414087324,10.3389/fvets.2025.1637190,A5014591095,A5014591095,Juan Vargas,juan vargas,0000-0002-7674-3850,middle,FALSE,Colorado State University,https://ror.org/03k1gpj17,US,education,"Department of Animal Sciences, Colorado State University, Fort Collins, CO, United States"
doi:10.3389/fvets.2025.1637190,W4414087324,10.3389/fvets.2025.1637190,A5080504968,A5080504968,Sara E Place,sara e place,0000-0002-4033-3681,middle,FALSE,Colorado State University,https://ror.org/03k1gpj17,US,education,"Department of Animal Sciences, Colorado State University, Fort Collins, CO, United States"
doi:10.3389/fvets.2025.1637190,W4414087324,10.3389/fvets.2025.1637190,A5083715220,A5083715220,Kimberly R Stackhouse-Lawson,kimberly r stackhouse lawson,0000-0001-7435-8695,last,FALSE,Colorado State University,https://ror.org/03k1gpj17,US,education,"Department of Animal Sciences, Colorado State University, Fort Collins, CO, United States"
doi:10.1016/j.rama.2025.08.010,W4414479085,10.1016/j.rama.2025.08.010,A5119719586,A5119719586,Inés Mesa Gandolfo,ines mesa gandolfo,NA,first,FALSE,Colorado State University,https://ror.org/03k1gpj17,US,education,"AgNext and Department of Animal Sciences, Colorado State University, Fort Collins, CO 80523, USA"
doi:10.1016/j.rama.2025.08.010,W4414479085,10.1016/j.rama.2025.08.010,A5011607769,A5011607769,Justin Derner,justin derner,0000-0001-8076-0736,middle,FALSE,Agricultural Research Service,https://ror.org/02d2m2044,US,government,"Rangeland Resources and Systems Research Unit, US Department of Agriculture−Agricultural Research Service, Cheyenne, WY 82009, USA"
doi:10.1016/j.rama.2025.08.010,W4414479085,10.1016/j.rama.2025.08.010,A5011607769,A5011607769,Justin Derner,justin derner,0000-0001-8076-0736,middle,FALSE,United States Department of Agriculture,https://ror.org/01na82s61,US,government,"Rangeland Resources and Systems Research Unit, US Department of Agriculture−Agricultural Research Service, Cheyenne, WY 82009, USA"
doi:10.1016/j.rama.2025.08.010,W4414479085,10.1016/j.rama.2025.08.010,A5022092453,A5022092453,R. M. Enns,r m enns,0000-0001-6830-8886,middle,FALSE,Colorado State University,https://ror.org/03k1gpj17,US,education,"Department of Animal Sciences, Colorado State University, Fort Collins, CO 80523, USA"
doi:10.1016/j.rama.2025.08.010,W4414479085,10.1016/j.rama.2025.08.010,A5038042659,A5038042659,L. A. Kuehn,l a kuehn,0000-0002-7573-5365,middle,FALSE,Roman L. Hruska U.S. Meat Animal Research Center,https://ror.org/03hya7h57,US,facility,"Genetics and Animal Breeding Research Unit-U.S. Meat Animal Research Center, US Department of Agriculture−Agricultural Research Service, Clay Center, NE 68933, USA"
doi:10.1016/j.rama.2025.08.010,W4414479085,10.1016/j.rama.2025.08.010,A5056021865,A5056021865,Melissa K. Johnston,melissa k johnston,NA,middle,FALSE,Agricultural Research Service,https://ror.org/02d2m2044,US,government,"Rangeland Resources and Systems Research Unit, US Department of Agriculture−Agricultural Research Service, Cheyenne, WY 82009, USA"
doi:10.1016/j.rama.2025.08.010,W4414479085,10.1016/j.rama.2025.08.010,A5056021865,A5056021865,Melissa K. Johnston,melissa k johnston,NA,middle,FALSE,United States Department of Agriculture,https://ror.org/01na82s61,US,government,"Rangeland Resources and Systems Research Unit, US Department of Agriculture−Agricultural Research Service, Cheyenne, WY 82009, USA"
doi:10.1016/j.rama.2025.08.010,W4414479085,10.1016/j.rama.2025.08.010,A5050605000,A5050605000,Sean P. Kearney,sean p kearney,0000-0002-5939-1259,middle,FALSE,Western EcoSystems Technology (United States),https://ror.org/03y5ndk86,US,company,"Thunder Basin Grasslands Prairie Ecosystem Association, Douglas, WY 82633, USA"
doi:10.1016/j.rama.2025.08.010,W4414479085,10.1016/j.rama.2025.08.010,A5080504968,A5080504968,Sara E Place,sara e place,0000-0002-4033-3681,middle,FALSE,Colorado State University,https://ror.org/03k1gpj17,US,education,"AgNext and Department of Animal Sciences, Colorado State University, Fort Collins, CO 80523, USA"
doi:10.1016/j.rama.2025.08.010,W4414479085,10.1016/j.rama.2025.08.010,A5080640333,A5080640333,Edward J. Raynor,edward j raynor,0000-0003-2483-4694,middle,TRUE,Colorado State University,https://ror.org/03k1gpj17,US,education,"AgNext and Department of Animal Sciences, Colorado State University, Fort Collins, CO 80523, USA"
doi:10.1016/j.rama.2025.08.010,W4414479085,10.1016/j.rama.2025.08.010,A5060067873,A5060067873,John P. Ritten,john p ritten,0000-0002-6468-3870,middle,FALSE,Colorado State University,https://ror.org/03k1gpj17,US,education,"AgNext and Department of Agricultural and Resource Economics, Colorado State University, Fort Collins, CO 80523, USA"
doi:10.1016/j.rama.2025.08.010,W4414479085,10.1016/j.rama.2025.08.010,A5106342330,A5106342330,Anna M Shadbolt,anna m shadbolt,NA,middle,FALSE,Colorado State University,https://ror.org/03k1gpj17,US,education,"AgNext and Department of Animal Sciences, Colorado State University, Fort Collins, CO 80523, USA"
doi:10.1016/j.rama.2025.08.010,W4414479085,10.1016/j.rama.2025.08.010,A5083715220,A5083715220,Kimberly R Stackhouse-Lawson,kimberly r stackhouse lawson,0000-0001-7435-8695,middle,FALSE,Colorado State University,https://ror.org/03k1gpj17,US,education,"AgNext and Department of Animal Sciences, Colorado State University, Fort Collins, CO 80523, USA"
doi:10.1016/j.rama.2025.08.010,W4414479085,10.1016/j.rama.2025.08.010,A5014591095,A5014591095,Juan Vargas,juan vargas,0000-0002-7674-3850,middle,FALSE,Colorado State University,https://ror.org/03k1gpj17,US,education,"AgNext and Department of Animal Sciences, Colorado State University, Fort Collins, CO 80523, USA"
doi:10.1016/j.rama.2025.08.010,W4414479085,10.1016/j.rama.2025.08.010,A5002369893,A5002369893,Pedro H V Carvalho,pedro h v carvalho,0000-0003-1620-6831,last,FALSE,Colorado State University,https://ror.org/03k1gpj17,US,education,"AgNext and Department of Animal Sciences, Colorado State University, Fort Collins, CO 80523, USA"
doi:10.1111/ajae.70021,W4415487719,10.1111/ajae.70021,A5027101973,A5027101973,Mani Rouhi Rad,mani rouhi rad,0000-0003-3572-1601,first,TRUE,Texas College,https://ror.org/04fsb1973,US,education,"Agricultural Economics Department, Texas A&amp;M University College Station  USA"
doi:10.1111/ajae.70021,W4415487719,10.1111/ajae.70021,A5027101973,A5027101973,Mani Rouhi Rad,mani rouhi rad,0000-0003-3572-1601,first,TRUE,Texas A&M University,https://ror.org/01f5ytq51,US,education,"Agricultural Economics Department, Texas A&amp;M University College Station  USA"
doi:10.1111/ajae.70021,W4415487719,10.1111/ajae.70021,A5027026551,A5027026551,Jordan F. Suter,jordan f suter,0000-0003-0520-7150,middle,FALSE,Resource (United States),https://ror.org/002sg8b56,US,company,Department of Agricultural and Resource Economics Colorado State University  Fort Collins Colorado USA
doi:10.1111/ajae.70021,W4415487719,10.1111/ajae.70021,A5027026551,A5027026551,Jordan F. Suter,jordan f suter,0000-0003-0520-7150,middle,FALSE,Colorado State University,https://ror.org/03k1gpj17,US,education,Department of Agricultural and Resource Economics Colorado State University  Fort Collins Colorado USA
doi:10.1111/ajae.70021,W4415487719,10.1111/ajae.70021,A5075200954,A5075200954,Dale T. Manning,dale t manning,0000-0001-6465-5530,middle,FALSE,University of Tennessee at Knoxville,https://ror.org/020f3ap87,US,education,"Department of Agricultural and Resource Economics, Howard H. Baker Jr. School of Public Policy University of Tennessee  Knoxville Tennessee USA"
doi:10.1111/ajae.70021,W4415487719,10.1111/ajae.70021,A5007242274,A5007242274,Christopher Goemans,christopher goemans,0000-0003-4930-4278,last,FALSE,Resource (United States),https://ror.org/002sg8b56,US,company,Department of Agricultural and Resource Economics Colorado State University  Fort Collins Colorado USA
doi:10.1111/ajae.70021,W4415487719,10.1111/ajae.70021,A5007242274,A5007242274,Christopher Goemans,christopher goemans,0000-0003-4930-4278,last,FALSE,Colorado State University,https://ror.org/03k1gpj17,US,education,Department of Agricultural and Resource Economics Colorado State University  Fort Collins Colorado USA
doi:10.1093/tas/txaf169,W7117588825,10.1093/tas/txaf169,A5093230502,A5093230502,Rachael M Stucke,rachael m stucke,NA,first,FALSE,Colorado State University,https://ror.org/03k1gpj17,US,education,"Department of Animal Sciences, Colorado State University , Fort Collins, CO, 80523,"
doi:10.1093/tas/txaf169,W7117588825,10.1093/tas/txaf169,A5030369545,A5030369545,Allison N Vautier,allison n vautier,NA,middle,FALSE,Colorado State University,https://ror.org/03k1gpj17,US,education,"Department of Animal Sciences, Colorado State University , Fort Collins, CO, 80523,"
doi:10.1093/tas/txaf169,W7117588825,10.1093/tas/txaf169,A5021492037,A5021492037,Kellie Enns,kellie enns,NA,middle,FALSE,Colorado State University,https://ror.org/03k1gpj17,US,education,"Department of Agricultural and Resource Economics, Colorado State University , Fort Collins, CO, 80523,"
doi:10.1093/tas/txaf169,W7117588825,10.1093/tas/txaf169,A5014862449,A5014862449,Caitlin N Cadaret,caitlin n cadaret,0000-0003-1615-9633,last,FALSE,Colorado State University,https://ror.org/03k1gpj17,US,education,"Department of Animal Sciences, Colorado State University , Fort Collins, CO, 80523,"
doi:10.1186/s13021-026-00431-7,W7148776770,10.1186/s13021-026-00431-7,A5085434302,A5085434302,Paige Stanley,paige stanley,0000-0002-4444-3351,first,TRUE,Colorado State University,https://ror.org/03k1gpj17,US,education,"Department of Soil and Crop Sciences, Colorado State University, Fort Collins, CO, 80521, USA. paige.stanley@colostate.edu"
doi:10.1186/s13021-026-00431-7,W7148776770,10.1186/s13021-026-00431-7,A5070385858,A5070385858,A. Kühl,a kuhl,0000-0003-4921-5873,middle,FALSE,Michigan State University,https://ror.org/05hs6h993,US,education,"Institute of Water Research, Michigan State University, East Lansing, MI, 48823, USA"
doi:10.1186/s13021-026-00431-7,W7148776770,10.1186/s13021-026-00431-7,A5125632828,A5125632828,Isabella C.F. Maciel,isabella c f maciel,NA,middle,FALSE,Noble Research Institute,https://ror.org/02zta5505,US,nonprofit,"Noble Research Institute, Ardmore, OK, 73401, USA"
doi:10.1186/s13021-026-00431-7,W7148776770,10.1186/s13021-026-00431-7,A5132844718,A5132844718,M. Francesca Cotrufo,m francesca cotrufo,NA,middle,FALSE,Colorado State University,https://ror.org/03k1gpj17,US,education,"Department of Soil and Crop Sciences, Colorado State University, Fort Collins, CO, 80521, USA"
doi:10.1186/s13021-026-00431-7,W7148776770,10.1186/s13021-026-00431-7,A5011574496,A5011574496,Douglas Goodwin,douglas goodwin,0000-0002-1592-0577,middle,FALSE,Texas A&M University System,https://ror.org/0034eay46,US,education,"Texas A&M Agrilife Research, College Station, TX, 77845, USA"
doi:10.1186/s13021-026-00431-7,W7148776770,10.1186/s13021-026-00431-7,A5032148089,A5032148089,Jennifer Hodbod,jennifer hodbod,0000-0001-8899-6583,middle,FALSE,University of Leeds,https://ror.org/024mrxd33,GB,education,"Sustainability Research Institute, University of Leeds, Leeds, LS2 9JT, UK"
doi:10.1186/s13021-026-00431-7,W7148776770,10.1186/s13021-026-00431-7,A5082926470,A5082926470,Martha C. Anderson,martha c anderson,0000-0003-0748-5525,middle,FALSE,United States Department of Agriculture,https://ror.org/01na82s61,US,government,"Hydrology and Remote Sensing Laboratory, USDA Agricultural Research Service, Beltsville, MD, 10300, USA"
doi:10.1186/s13021-026-00431-7,W7148776770,10.1186/s13021-026-00431-7,A5082926470,A5082926470,Martha C. Anderson,martha c anderson,0000-0003-0748-5525,middle,FALSE,Beltsville Agricultural Research Center,https://ror.org/03b08sh51,US,facility,"Hydrology and Remote Sensing Laboratory, USDA Agricultural Research Service, Beltsville, MD, 10300, USA"
doi:10.1186/s13021-026-00431-7,W7148776770,10.1186/s13021-026-00431-7,A5026460314,A5026460314,John Derek Scasta,john derek scasta,0000-0002-9925-7492,middle,FALSE,University of Wyoming,https://ror.org/01485tq96,US,education,"Department of Ecosystem Science and Management, University of Wyoming, Laramie, WY, 82071, USA"
doi:10.1186/s13021-026-00431-7,W7148776770,10.1186/s13021-026-00431-7,A5048363435,A5048363435,Erika S Peirce,erika s peirce,0000-0002-6832-0583,middle,FALSE,Agricultural Research Service - Plains Area,https://ror.org/03sqy6516,US,government,"Rangeland Resources and Systems Research Unit, USDA Agricultural Research Service, Fort Collins, CO, 80526, USA; Thunder Basin Grasslands Prairie Ecosystem Association, Douglas, WY, 82633, USA"
doi:10.1186/s13021-026-00431-7,W7148776770,10.1186/s13021-026-00431-7,A5048363435,A5048363435,Erika S Peirce,erika s peirce,0000-0002-6832-0583,middle,FALSE,Ecosystem Sciences,https://ror.org/05mbqa235,AU,facility,"Rangeland Resources and Systems Research Unit, USDA Agricultural Research Service, Fort Collins, CO, 80526, USA; Thunder Basin Grasslands Prairie Ecosystem Association, Douglas, WY, 82633, USA"
doi:10.1186/s13021-026-00431-7,W7148776770,10.1186/s13021-026-00431-7,A5132900257,A5132900257,Micaela Branecky,micaela branecky,NA,middle,FALSE,Noble Research Institute,https://ror.org/02zta5505,US,nonprofit,"Noble Research Institute, Ardmore, OK, 73401, USA"
doi:10.1186/s13021-026-00431-7,W7148776770,10.1186/s13021-026-00431-7,A5132892285,A5132892285,Sarah Brokus,sarah brokus,NA,middle,FALSE,Michigan State University,https://ror.org/05hs6h993,US,education,"Department of Animal Science, Michigan State University, East Lansing, MI, 48824, USA"
doi:10.1186/s13021-026-00431-7,W7148776770,10.1186/s13021-026-00431-7,A5103822073,A5103822073,Robert Clement,robert clement,NA,middle,FALSE,Peninsula College of Medicine and Dentistry,https://ror.org/04dtfyh05,GB,education,"Quanterra Systems Ltd, Centenary House, Peninsula Park, Exeter, EX2 7XE, UK"
doi:10.1186/s13021-026-00431-7,W7148776770,10.1186/s13021-026-00431-7,A5017296865,A5017296865,Nathan D. DeLay,nathan d delay,0000-0003-3239-0798,middle,FALSE,Colorado State University,https://ror.org/03k1gpj17,US,education,"Department of Agricultural and Resource Economics, Colorado State University, Fort Collins, CO, 80521, USA"
doi:10.1186/s13021-026-00431-7,W7148776770,10.1186/s13021-026-00431-7,A5132882719,A5132882719,Justin D. Derner,justin d derner,NA,middle,FALSE,Agricultural Research Service - Plains Area,https://ror.org/03sqy6516,US,government,"Rangeland Resources and Systems Research Unit, USDA Agricultural Research Service, Fort Collins, CO, 80526, USA"
doi:10.1186/s13021-026-00431-7,W7148776770,10.1186/s13021-026-00431-7,A5132893416,A5132893416,Morgan MathisonSlee,morgan mathisonslee,NA,middle,FALSE,Michigan State University,https://ror.org/05hs6h993,US,education,"Department of Community Sustainability, Michigan State University, East Lansing, MI, 48824, USA"
doi:10.1186/s13021-026-00431-7,W7148776770,10.1186/s13021-026-00431-7,A5132887036,A5132887036,Rebecca Mitchell,rebecca mitchell,NA,middle,FALSE,Peninsula College of Medicine and Dentistry,https://ror.org/04dtfyh05,GB,education,"Quanterra Systems Ltd, Centenary House, Peninsula Park, Exeter, EX2 7XE, UK"
doi:10.1186/s13021-026-00431-7,W7148776770,10.1186/s13021-026-00431-7,A5051179271,A5051179271,Erica Patterson,erica patterson,0009-0005-4311-9655,middle,FALSE,Colorado State University,https://ror.org/03k1gpj17,US,education,"Department of Soil and Crop Sciences, Colorado State University, Fort Collins, CO, 80521, USA"
doi:10.1186/s13021-026-00431-7,W7148776770,10.1186/s13021-026-00431-7,A5132912521,A5132912521,Yao Zhang,yao zhang,NA,middle,FALSE,Colorado State University,https://ror.org/03k1gpj17,US,education,"Natural Resource Ecology Laboratory, Colorado State University, Fort Collins, CO, 80521, USA"
doi:10.1186/s13021-026-00431-7,W7148776770,10.1186/s13021-026-00431-7,A5073250145,A5073250145,Jeremiah Asher,jeremiah asher,NA,middle,FALSE,Michigan State University,https://ror.org/05hs6h993,US,education,"Institute of Water Research, Michigan State University, East Lansing, MI, 48823, USA"
doi:10.1186/s13021-026-00431-7,W7148776770,10.1186/s13021-026-00431-7,A5100362401,A5100362401,Feng Gao,feng gao,0000-0002-1865-2846,middle,FALSE,United States Department of Agriculture,https://ror.org/01na82s61,US,government,"Hydrology and Remote Sensing Laboratory, USDA Agricultural Research Service, Beltsville, MD, 10300, USA"
doi:10.1186/s13021-026-00431-7,W7148776770,10.1186/s13021-026-00431-7,A5100362401,A5100362401,Feng Gao,feng gao,0000-0002-1865-2846,middle,FALSE,Beltsville Agricultural Research Center,https://ror.org/03b08sh51,US,facility,"Hydrology and Remote Sensing Laboratory, USDA Agricultural Research Service, Beltsville, MD, 10300, USA"
doi:10.1186/s13021-026-00431-7,W7148776770,10.1186/s13021-026-00431-7,A5075200954,A5075200954,Dale T. Manning,dale t manning,0000-0001-6465-5530,middle,FALSE,University of Tennessee at Knoxville,https://ror.org/020f3ap87,US,education,"Baker School of Public Policy, University of Tennessee, Knoxville, TN, 37998, USA"
doi:10.1186/s13021-026-00431-7,W7148776770,10.1186/s13021-026-00431-7,A5132877029,A5132877029,Glenn O’Neil,glenn o neil,NA,middle,FALSE,Michigan State University,https://ror.org/05hs6h993,US,education,"Institute of Water Research, Michigan State University, East Lansing, MI, 48823, USA"
doi:10.1186/s13021-026-00431-7,W7148776770,10.1186/s13021-026-00431-7,A5072618060,A5072618060,Sangmi Lee Pallickara,sangmi lee pallickara,0000-0001-7012-5528,middle,FALSE,Colorado State University,https://ror.org/03k1gpj17,US,education,"Department of Computer Science, Colorado State University, Fort Collins, CO, 80521, USA"
doi:10.1186/s13021-026-00431-7,W7148776770,10.1186/s13021-026-00431-7,A5024685127,A5024685127,Keith Paustian,keith paustian,0000-0001-5262-5596,middle,FALSE,Colorado State University,https://ror.org/03k1gpj17,US,education,"Department of Soil and Crop Sciences, Colorado State University, Fort Collins, CO, 80521, USA"
doi:10.1186/s13021-026-00431-7,W7148776770,10.1186/s13021-026-00431-7,A5083668976,A5083668976,Matt R. Raven,matt r raven,0000-0002-8271-2321,middle,FALSE,Michigan State University,https://ror.org/05hs6h993,US,education,"Department of Community Sustainability, Michigan State University, East Lansing, MI, 48824, USA"
doi:10.1186/s13021-026-00431-7,W7148776770,10.1186/s13021-026-00431-7,A5026560471,A5026560471,João Paulo Sacramento,joao paulo sacramento,0000-0001-8451-7338,middle,FALSE,Michigan State University,https://ror.org/05hs6h993,US,education,"Department of Animal Science, Michigan State University, East Lansing, MI, 48824, USA"
doi:10.1186/s13021-026-00431-7,W7148776770,10.1186/s13021-026-00431-7,A5132883267,A5132883267,Yining Wu,yining wu,NA,middle,FALSE,University of Tennessee at Knoxville,https://ror.org/020f3ap87,US,education,"Baker School of Public Policy, University of Tennessee, Knoxville, TN, 37998, USA"
doi:10.1186/s13021-026-00431-7,W7148776770,10.1186/s13021-026-00431-7,A5092217677,A5092217677,Jenna M. Likins,jenna m likins,NA,middle,FALSE,Texas A&M University System,https://ror.org/0034eay46,US,education,"Texas A&M Agrilife Research, College Station, TX, 77845, USA"
doi:10.1186/s13021-026-00431-7,W7148776770,10.1186/s13021-026-00431-7,A5069490146,A5069490146,Dabit Bista,dabit bista,0000-0002-7019-3624,middle,FALSE,Michigan State University,https://ror.org/05hs6h993,US,education,"Department of Agricultural, Food, and Resource Economics, Michigan State University, East Lansing, MI, 48824, USA"
doi:10.1186/s13021-026-00431-7,W7148776770,10.1186/s13021-026-00431-7,A5065253104,A5065253104,Florencia Colella,florencia colella,0000-0002-3900-846X,middle,FALSE,Michigan State University,https://ror.org/05hs6h993,US,education,"Department of Agricultural, Food, and Resource Economics, Michigan State University, East Lansing, MI, 48824, USA"
doi:10.1186/s13021-026-00431-7,W7148776770,10.1186/s13021-026-00431-7,A5127684365,A5127684365,Guilhermo F.S. Congio,guilhermo f s congio,NA,middle,FALSE,Universidade de São Paulo,https://ror.org/036rp1748,BR,education,"Department of Animal Science, Luiz de Queiroz College of Agriculture, University of Sao Paulo, Piracicaba, 13418-900, SP, Brazil"
doi:10.1186/s13021-026-00431-7,W7148776770,10.1186/s13021-026-00431-7,A5031377663,A5031377663,Zekuan Dong,zekuan dong,NA,middle,FALSE,Michigan State University,https://ror.org/05hs6h993,US,education,"Department of Agricultural, Food, and Resource Economics, Michigan State University, East Lansing, MI, 48824, USA"
doi:10.1186/s13021-026-00431-7,W7148776770,10.1186/s13021-026-00431-7,A5073016131,A5073016131,Ethan Gordon,ethan gordon,0000-0002-8928-506X,middle,FALSE,Oregon State University,https://ror.org/00ysfqy60,US,education,"College of Earth, Ocean and Atmospheric Sciences, Oregon State University, Corvallis, OR, 97333, USA"
doi:10.1186/s13021-026-00431-7,W7148776770,10.1186/s13021-026-00431-7,A5088712575,A5088712575,Hannah Gosnell,hannah gosnell,0000-0002-2108-945X,middle,FALSE,Oregon State University,https://ror.org/00ysfqy60,US,education,"College of Earth, Ocean and Atmospheric Sciences, Oregon State University, Corvallis, OR, 97333, USA"
doi:10.1186/s13021-026-00431-7,W7148776770,10.1186/s13021-026-00431-7,A5132832078,A5132832078,Andrey K. Guber,andrey k guber,NA,middle,FALSE,Michigan State University,https://ror.org/05hs6h993,US,education,"Department of Plant, Soil and Microbial Sciences, Michigan State University, East Lansing, MI, 48824, USA"
doi:10.1186/s13021-026-00431-7,W7148776770,10.1186/s13021-026-00431-7,A5132864204,A5132864204,Sean P. Kearney,sean p kearney,NA,middle,FALSE,Ecosystem Sciences,https://ror.org/05mbqa235,AU,facility,"Thunder Basin Grasslands Prairie Ecosystem Association, Douglas, WY, 82633, USA"
doi:10.1186/s13021-026-00431-7,W7148776770,10.1186/s13021-026-00431-7,A5051035948,A5051035948,Frank Lupi,frank lupi,0000-0003-2287-2259,middle,FALSE,Michigan State University,https://ror.org/05hs6h993,US,education,"Department of Agricultural, Food, and Resource Economics, Michigan State University, East Lansing, MI, 48824, USA"
doi:10.1186/s13021-026-00431-7,W7148776770,10.1186/s13021-026-00431-7,A5132880336,A5132880336,Abdul Matin,abdul matin,NA,middle,FALSE,Colorado State University,https://ror.org/03k1gpj17,US,education,"Department of Computer Science, Colorado State University, Fort Collins, CO, 80521, USA"
doi:10.1186/s13021-026-00431-7,W7148776770,10.1186/s13021-026-00431-7,A5092274498,A5092274498,Nicole M. Nimlos,nicole m nimlos,0000-0003-2419-1350,middle,FALSE,University of Wyoming,https://ror.org/01485tq96,US,education,"Department of Ecosystem Science and Management, University of Wyoming, Laramie, WY, 82071, USA"
doi:10.1186/s13021-026-00431-7,W7148776770,10.1186/s13021-026-00431-7,A5018039020,A5018039020,Jonathan Vivas,jonathan vivas,0009-0009-1656-3768,middle,FALSE,Michigan State University,https://ror.org/05hs6h993,US,education,"Department of Community Sustainability, Michigan State University, East Lansing, MI, 48824, USA"
doi:10.1186/s13021-026-00431-7,W7148776770,10.1186/s13021-026-00431-7,A5132884296,A5132884296,Timm M. Gergeni,timm m gergeni,NA,middle,FALSE,University of Wyoming,https://ror.org/01485tq96,US,education,"Department of Ecosystem Science and Management, University of Wyoming, Laramie, WY, 82071, USA"
doi:10.1186/s13021-026-00431-7,W7148776770,10.1186/s13021-026-00431-7,A5040009268,A5040009268,Ada P. Smith,ada p smith,0000-0001-8315-1741,middle,FALSE,Oregon State University,https://ror.org/00ysfqy60,US,education,"College of Earth, Ocean and Atmospheric Sciences, Oregon State University, Corvallis, OR, 97333, USA"
doi:10.1186/s13021-026-00431-7,W7148776770,10.1186/s13021-026-00431-7,A5054716456,A5054716456,Jason E. Rowntree,jason e rowntree,0000-0003-4182-7592,last,FALSE,Michigan State University,https://ror.org/05hs6h993,US,education,"Department of Animal Science, Michigan State University, East Lansing, MI, 48824, USA"
doi:10.1002/aepp.13223,W3018359190,10.1002/aepp.13223,A5017296865,A5017296865,Nathan D. DeLay,nathan d delay,0000-0003-3239-0798,first,TRUE,Purdue University West Lafayette,https://ror.org/02dqehb95,US,education,Department of Agricultural Economics Purdue University  West Lafayette Indiana USA
doi:10.1002/aepp.13223,W3018359190,10.1002/aepp.13223,A5009011550,A5009011550,Brady Brewer,brady brewer,NA,middle,FALSE,Purdue University West Lafayette,https://ror.org/02dqehb95,US,education,Department of Agricultural Economics Purdue University  West Lafayette Indiana USA
doi:10.1002/aepp.13223,W3018359190,10.1002/aepp.13223,A5000530873,A5000530873,Allen M. Featherstone,allen m featherstone,0000-0002-2410-6526,middle,FALSE,Kansas State University,https://ror.org/05p1j8758,US,education,Department of Agricultural Economics Kansas State University  Manhattan Kansas USA
doi:10.1002/aepp.13223,W3018359190,10.1002/aepp.13223,A5056742123,A5056742123,David Boussios,david boussios,NA,last,FALSE,Office of the Chief Scientist,https://ror.org/00f21s284,IL,government,US Department of Agriculture Office of the Chief Economist  Washington D.C. USA
doi:10.56103/nactaj.v67i1.94,W4382025137,10.56103/nactaj.v67i1.94,A5030369545,A5030369545,Allison N Vautier,allison n vautier,NA,first,FALSE,Colorado State University,https://ror.org/03k1gpj17,US,education,Colorado State University
doi:10.56103/nactaj.v67i1.94,W4382025137,10.56103/nactaj.v67i1.94,A5021492037,A5021492037,Kellie Enns,kellie enns,NA,middle,FALSE,Colorado State University,https://ror.org/03k1gpj17,US,education,Colorado State University
doi:10.56103/nactaj.v67i1.94,W4382025137,10.56103/nactaj.v67i1.94,A5014862449,A5014862449,Caitlin N Cadaret,caitlin n cadaret,0000-0003-1615-9633,last,FALSE,Colorado State University,https://ror.org/03k1gpj17,US,education,Colorado State University
doi:10.1086/714148,W3027908917,10.1086/714148,A5027101973,A5027101973,Mani Rouhi Rad,mani rouhi rad,0000-0003-3572-1601,first,FALSE,NA,NA,NA,NA,
doi:10.1086/714148,W3027908917,10.1086/714148,A5075200954,A5075200954,Dale T. Manning,dale t manning,0000-0001-6465-5530,middle,FALSE,NA,NA,NA,NA,
doi:10.1086/714148,W3027908917,10.1086/714148,A5027026551,A5027026551,Jordan F. Suter,jordan f suter,0000-0003-0520-7150,middle,FALSE,NA,NA,NA,NA,
doi:10.1086/714148,W3027908917,10.1086/714148,A5007242274,A5007242274,Christopher Goemans,christopher goemans,0000-0003-4930-4278,last,FALSE,NA,NA,NA,NA,
doi:10.3368/le.100.4.041023-0032r1,W4393161275,10.3368/le.100.4.041023-0032r1,A5017296865,A5017296865,Nathan D. DeLay,nathan d delay,0000-0003-3239-0798,first,FALSE,Colorado State University,https://ror.org/03k1gpj17,US,education,"Department of Agricultural and Resource Economics, Colorado State University, Fort Collins; nathan.delay{at}colostate.edu; Department of Agricultural and Resource Economics, Colorado State University, nathan.delay@colostate.edu"
doi:10.3368/le.100.4.041023-0032r1,W4393161275,10.3368/le.100.4.041023-0032r1,A5040186224,A5040186224,Nathanael M. Thompson,nathanael m thompson,0000-0003-0987-5842,middle,FALSE,Purdue University West Lafayette,https://ror.org/02dqehb95,US,education,"Department of Agricultural Economics, Purdue University, West Lafayette, Indiana; thomp530{at}purdue.edu; Department of Agricultural Economics, Purdue University, thomp530@purdue.edu"
doi:10.3368/le.100.4.041023-0032r1,W4393161275,10.3368/le.100.4.041023-0032r1,A5028208229,A5028208229,James Mintert,james mintert,NA,middle,FALSE,Purdue University West Lafayette,https://ror.org/02dqehb95,US,education,"Department of Agricultural Economics, Purdue University, West Lafayette, Indiana; jmintert{at}purdue.edu; Department of Agricultural Economics, Purdue University, jmintert@purdue.edu"
doi:10.3368/le.100.4.041023-0032r1,W4393161275,10.3368/le.100.4.041023-0032r1,A5004033685,A5004033685,Todd Kuethe,todd kuethe,0000-0002-5889-4954,middle,FALSE,Purdue University West Lafayette,https://ror.org/02dqehb95,US,education,"Department of Agricultural Economics, Purdue University, West Lafayette, Indiana; tkuethe{at}purdue.edu; Department of Agricultural Economics, Purdue University, tkuethe@purdue.edu"
doi:10.3368/le.100.4.041023-0032r1,W4393161275,10.3368/le.100.4.041023-0032r1,A5021959623,A5021959623,Jayson L. Lusk,jayson l lusk,0000-0002-4841-323X,last,FALSE,Oklahoma State University,https://ror.org/01g9vbr38,US,education,"Division of Agricultural Sciences and Natural Resources, Oklahoma State University, Stillwater; jayson.lusk{at}okstate.edu; Division of Agricultural Sciences and Natural Resources, Oklahoma State University, jayson.lusk@okstate.edu"
doi:10.3368/le.100.4.041023-0032r1,W4393161275,10.3368/le.100.4.041023-0032r1,A5021959623,A5021959623,Jayson L. Lusk,jayson l lusk,0000-0002-4841-323X,last,FALSE,Oklahoma State University Oklahoma City,https://ror.org/03y1zyv86,US,education,"Division of Agricultural Sciences and Natural Resources, Oklahoma State University, Stillwater; jayson.lusk{at}okstate.edu; Division of Agricultural Sciences and Natural Resources, Oklahoma State University, jayson.lusk@okstate.edu"
doi:10.1016/j.jenvman.2021.113779,W3196648901,10.1016/j.jenvman.2021.113779,name:zhaojun wang,NA,Zhaojun Wang,zhaojun wang,0000-0002-7498-4132,first,TRUE,University of Delaware,https://ror.org/01sbq1a82,US,education,"School of Marine Science and Policy, College of Earth, Ocean, and Environment, University of Delaware, Delaware, USA. Electronic address: izhaojun@udel.edu; School of Marine Science and Policy, College of Earth, Ocean, and Environment, University of Delaware, Delaware, USA"
doi:10.1016/j.jenvman.2021.113779,W3196648901,10.1016/j.jenvman.2021.113779,A5059425466,A5059425466,Amanda M. Countryman,amanda m countryman,0000-0001-7086-2050,middle,FALSE,Resource (United States),https://ror.org/002sg8b56,US,company,"Department of Agricultural and Resource Economics, Colorado State University, Colorado, USA. Electronic address: Amanda.Countryman@colostate.edu; Department of Agricultural and Resource Economics, Colorado State University, Colorado, USA"
doi:10.1016/j.jenvman.2021.113779,W3196648901,10.1016/j.jenvman.2021.113779,A5059425466,A5059425466,Amanda M. Countryman,amanda m countryman,0000-0001-7086-2050,middle,FALSE,Colorado State University,https://ror.org/03k1gpj17,US,education,"Department of Agricultural and Resource Economics, Colorado State University, Colorado, USA. Electronic address: Amanda.Countryman@colostate.edu; Department of Agricultural and Resource Economics, Colorado State University, Colorado, USA"
doi:10.1016/j.jenvman.2021.113779,W3196648901,10.1016/j.jenvman.2021.113779,A5080466893,A5080466893,James J. Corbett,james j corbett,0000-0002-2588-3474,middle,FALSE,University of Delaware,https://ror.org/01sbq1a82,US,education,"School of Marine Science and Policy, College of Earth, Ocean, and Environment, University of Delaware, Delaware, USA. Electronic address: jcorbett@udel.edu"
doi:10.1016/j.jenvman.2021.113779,W3196648901,10.1016/j.jenvman.2021.113779,A5035700260,A5035700260,Mandana Saebi,mandana saebi,0000-0002-9839-9173,last,FALSE,University of Notre Dame,https://ror.org/00mkhxb43,US,education,"University of Notre Dame, 384 Nieuwland, Notre Dame, IN, 46556, USA. Electronic address: Mandana.Saebi.1@nd.edu; University of Notre Dame, 384 Nieuwland, Notre Dame, IN, 46556, USA"
doi:10.1093/qopen/qoab018,W3203835871,10.1093/qopen/qoab018,A5019772307,A5019772307,Andrew Muhammad,andrew muhammad,0000-0002-4825-9324,first,TRUE,University of Tennessee at Knoxville,https://ror.org/020f3ap87,US,education,"Department of Agricultural and Resource Economics, University of Tennessee Institute of Agriculture, Knoxville, TN, USA"
doi:10.1093/qopen/qoab018,W3203835871,10.1093/qopen/qoab018,A5059425466,A5059425466,Amanda M. Countryman,amanda m countryman,0000-0001-7086-2050,last,FALSE,Colorado State University,https://ror.org/03k1gpj17,US,education,"Department of Agricultural and Resource Economics, Colorado State University, Fort Collins, CO, USA"
doi:10.1007/s10584-022-03441-9,W4298000409,10.1007/s10584-022-03441-9,A5010041998,A5010041998,Matthew R. Sloggy,matthew r sloggy,0000-0001-5129-0755,first,TRUE,Pacific Southwest Research Station,https://ror.org/036a0fn15,US,government,"USDA Forest Service, Pacific Southwest Research Service, Riverside, CA, USA"
doi:10.1007/s10584-022-03441-9,W4298000409,10.1007/s10584-022-03441-9,A5027026551,A5027026551,Jordan F. Suter,jordan f suter,0000-0003-0520-7150,middle,FALSE,Colorado State University,https://ror.org/03k1gpj17,US,education,"Department of Agricultural and Resource Economics, Colorado State University, Fort Collins, CO, USA"
doi:10.1007/s10584-022-03441-9,W4298000409,10.1007/s10584-022-03441-9,A5027101973,A5027101973,Mani Rouhi Rad,mani rouhi rad,0000-0003-3572-1601,middle,FALSE,Clemson University,https://ror.org/037s24f05,US,education,"Department of Agricultural Sciences, Clemson University, Clemson, SC, USA"
doi:10.1007/s10584-022-03441-9,W4298000409,10.1007/s10584-022-03441-9,A5075200954,A5075200954,Dale T. Manning,dale t manning,0000-0001-6465-5530,middle,FALSE,Colorado State University,https://ror.org/03k1gpj17,US,education,"Department of Agricultural and Resource Economics, Colorado State University, Fort Collins, CO, USA"
doi:10.1007/s10584-022-03441-9,W4298000409,10.1007/s10584-022-03441-9,A5007242274,A5007242274,Christopher Goemans,christopher goemans,0000-0003-4930-4278,last,FALSE,Colorado State University,https://ror.org/03k1gpj17,US,education,"Department of Agricultural and Resource Economics, Colorado State University, Fort Collins, CO, USA"
doi:10.3386/w30080,W4281859237,10.3386/w30080,A5112678107,A5112678107,Joey Blumberg,joey blumberg,NA,first,FALSE,National Bureau of Economic Research,https://ror.org/04grmx538,US,nonprofit,"Colorado State University Nutrien Agricultural Sciences Building Fort Collins, Colo 80523-1172 United States; NATIONAL BUREAU OF ECONOMIC RESEARCH 1050 Massachusetts Avenue Cambridge, MA 02138; Colorado State University Nutrien Agricultural Sciences Building United States; Colorado State University"
doi:10.3386/w30080,W4281859237,10.3386/w30080,A5112678107,A5112678107,Joey Blumberg,joey blumberg,NA,first,FALSE,Colorado State University,https://ror.org/03k1gpj17,US,education,"Colorado State University Nutrien Agricultural Sciences Building Fort Collins, Colo 80523-1172 United States; NATIONAL BUREAU OF ECONOMIC RESEARCH 1050 Massachusetts Avenue Cambridge, MA 02138; Colorado State University Nutrien Agricultural Sciences Building United States; Colorado State University"
doi:10.3386/w30080,W4281859237,10.3386/w30080,A5007242274,A5007242274,Christopher Goemans,christopher goemans,0000-0003-4930-4278,middle,FALSE,National Bureau of Economic Research,https://ror.org/04grmx538,US,nonprofit,"Colorado State University; NATIONAL BUREAU OF ECONOMIC RESEARCH 1050 Massachusetts Avenue Cambridge, MA 02138; Colorado State University Nutrien Agricultural Sciences Building Fort Collins, Colo 80523-1172 United States; Colorado State University Nutrien Agricultural Sciences Building United States"
doi:10.3386/w30080,W4281859237,10.3386/w30080,A5007242274,A5007242274,Christopher Goemans,christopher goemans,0000-0003-4930-4278,middle,FALSE,Colorado State University,https://ror.org/03k1gpj17,US,education,"Colorado State University; NATIONAL BUREAU OF ECONOMIC RESEARCH 1050 Massachusetts Avenue Cambridge, MA 02138; Colorado State University Nutrien Agricultural Sciences Building Fort Collins, Colo 80523-1172 United States; Colorado State University Nutrien Agricultural Sciences Building United States"
doi:10.3386/w30080,W4281859237,10.3386/w30080,A5075200954,A5075200954,Dale T. Manning,dale t manning,0000-0001-6465-5530,last,FALSE,National Bureau of Economic Research,https://ror.org/04grmx538,US,nonprofit,"Colorado State University Nutrien Agricultural Sciences Building Fort Collins, Colo 80523-1172 United States; Colorado State University; NATIONAL BUREAU OF ECONOMIC RESEARCH 1050 Massachusetts Avenue Cambridge, MA 02138; Colorado State University Nutrien Agricultural Sciences Building United States"
doi:10.3386/w30080,W4281859237,10.3386/w30080,A5075200954,A5075200954,Dale T. Manning,dale t manning,0000-0001-6465-5530,last,FALSE,Colorado State University,https://ror.org/03k1gpj17,US,education,"Colorado State University Nutrien Agricultural Sciences Building Fort Collins, Colo 80523-1172 United States; Colorado State University; NATIONAL BUREAU OF ECONOMIC RESEARCH 1050 Massachusetts Avenue Cambridge, MA 02138; Colorado State University Nutrien Agricultural Sciences Building United States"
doi:10.5032/jae.2022.03135,W4386489467,10.5032/jae.2022.03135,A5101814829,A5101814829,Michael J. Martin,michael j martin,0009-0003-7191-036X,first,FALSE,Iowa State University,https://ror.org/04rswrd78,US,education,Iowa State University
doi:10.5032/jae.2022.03135,W4386489467,10.5032/jae.2022.03135,A5021492037,A5021492037,Kellie Enns,kellie enns,NA,middle,FALSE,Colorado State University,https://ror.org/03k1gpj17,US,education,Colorado State University
doi:10.5032/jae.2022.03135,W4386489467,10.5032/jae.2022.03135,A5103205137,A5103205137,Katherine Hartmann,katherine hartmann,0000-0002-3048-2210,last,FALSE,Iowa State University,https://ror.org/04rswrd78,US,education,Iowa State University
doi:10.1093/jas/skaf322,W4414471519,10.1093/jas/skaf322,A5093532001,A5093532001,Ashley K Schilling-Hazlett,ashley k schilling hazlett,NA,first,FALSE,Colorado State University,https://ror.org/03k1gpj17,US,education,"CSU AgNext, Department of Animal Sciences, Colorado State University , Fort Collins, CO 80523; CSU AgNext, Department of Animal Sciences, Colorado State University, Fort Collins, CO 80523, USA"
doi:10.1093/jas/skaf322,W4414471519,10.1093/jas/skaf322,A5083715220,A5083715220,Kimberly R Stackhouse-Lawson,kimberly r stackhouse lawson,0000-0001-7435-8695,middle,FALSE,Colorado State University,https://ror.org/03k1gpj17,US,education,"CSU AgNext, Department of Animal Sciences, Colorado State University , Fort Collins, CO 80523; CSU AgNext, Department of Animal Sciences, Colorado State University, Fort Collins, CO 80523, USA"
doi:10.1093/jas/skaf322,W4414471519,10.1093/jas/skaf322,A5070030238,A5070030238,Tony C Bryant,tony c bryant,0000-0001-9609-3042,middle,FALSE,University of Pittsburgh at Johnstown,https://ror.org/03n9scz70,US,education,"Five Rivers Cattle Feeding , Johnstown, CO 80534; Five Rivers Cattle Feeding, Johnstown, CO 80534, USA"
doi:10.1093/jas/skaf322,W4414471519,10.1093/jas/skaf322,A5014591095,A5014591095,Juan Vargas,juan vargas,0000-0002-7674-3850,middle,FALSE,Colorado State University,https://ror.org/03k1gpj17,US,education,"CSU AgNext, Department of Animal Sciences, Colorado State University , Fort Collins, CO 80523; CSU AgNext, Department of Animal Sciences, Colorado State University, Fort Collins, CO 80523, USA"
doi:10.1093/jas/skaf322,W4414471519,10.1093/jas/skaf322,A5080504968,A5080504968,Sara E Place,sara e place,0000-0002-4033-3681,middle,FALSE,Colorado State University,https://ror.org/03k1gpj17,US,education,"CSU AgNext, Department of Animal Sciences, Colorado State University , Fort Collins, CO 80523; CSU AgNext, Department of Animal Sciences, Colorado State University, Fort Collins, CO 80523, USA"
doi:10.1093/jas/skaf322,W4414471519,10.1093/jas/skaf322,A5060067873,A5060067873,John P. Ritten,john p ritten,0000-0002-6468-3870,middle,FALSE,Colorado State University,https://ror.org/03k1gpj17,US,education,"CSU AgNext, Department of Animal Sciences, Colorado State University , Fort Collins, CO 80523; CSU AgNext, Department of Animal Sciences, Colorado State University, Fort Collins, CO 80523, USA"
doi:10.1093/jas/skaf322,W4414471519,10.1093/jas/skaf322,A5113323698,A5113323698,Edilane C Martins,edilane c martins,NA,middle,FALSE,Colorado State University,https://ror.org/03k1gpj17,US,education,"CSU AgNext, Department of Animal Sciences, Colorado State University , Fort Collins, CO 80523; CSU AgNext, Department of Animal Sciences, Colorado State University, Fort Collins, CO 80523, USA"
doi:10.1093/jas/skaf322,W4414471519,10.1093/jas/skaf322,A5111282678,A5111282678,Willian A Souza,willian a souza,NA,middle,FALSE,Colorado State University,https://ror.org/03k1gpj17,US,education,"CSU AgNext, Department of Animal Sciences, Colorado State University , Fort Collins, CO 80523; CSU AgNext, Department of Animal Sciences, Colorado State University, Fort Collins, CO 80523, USA"
doi:10.1093/jas/skaf322,W4414471519,10.1093/jas/skaf322,A5112532502,A5112532502,M. J. Swenson,m j swenson,NA,middle,FALSE,Colorado State University,https://ror.org/03k1gpj17,US,education,"CSU AgNext, Department of Animal Sciences, Colorado State University , Fort Collins, CO 80523; CSU AgNext, Department of Animal Sciences, Colorado State University, Fort Collins, CO 80523, USA"
doi:10.1093/jas/skaf322,W4414471519,10.1093/jas/skaf322,name:erin n burke,NA,Erin N Burke,erin n burke,NA,middle,FALSE,Colorado State University,https://ror.org/03k1gpj17,US,education,"CSU AgNext, Department of Animal Sciences, Colorado State University , Fort Collins, CO 80523; CSU AgNext, Department of Animal Sciences, Colorado State University, Fort Collins, CO 80523, USA"
doi:10.1093/jas/skaf322,W4414471519,10.1093/jas/skaf322,name:rhyse k campion,NA,Rhyse K Campion,rhyse k campion,NA,middle,FALSE,Colorado State University,https://ror.org/03k1gpj17,US,education,"CSU AgNext, Department of Animal Sciences, Colorado State University , Fort Collins, CO 80523; CSU AgNext, Department of Animal Sciences, Colorado State University, Fort Collins, CO 80523, USA"
doi:10.1093/jas/skaf322,W4414471519,10.1093/jas/skaf322,A5106342330,A5106342330,Anna M Shadbolt,anna m shadbolt,NA,middle,FALSE,Colorado State University,https://ror.org/03k1gpj17,US,education,"CSU AgNext, Department of Animal Sciences, Colorado State University , Fort Collins, CO 80523; CSU AgNext, Department of Animal Sciences, Colorado State University, Fort Collins, CO 80523, USA"
doi:10.1093/jas/skaf322,W4414471519,10.1093/jas/skaf322,A5002369893,A5002369893,Pedro H V Carvalho,pedro h v carvalho,0000-0003-1620-6831,last,FALSE,Colorado State University,https://ror.org/03k1gpj17,US,education,"CSU AgNext, Department of Animal Sciences, Colorado State University , Fort Collins, CO 80523; CSU AgNext, Department of Animal Sciences, Colorado State University, Fort Collins, CO 80523, USA"
doi:10.3168/jds.2025-28132,W7167262554,10.3168/jds.2025-28132,A5027673163,A5027673163,Bishal Bista,bishal bista,0009-0003-0319-6870,first,FALSE,Colorado State University,https://ror.org/03k1gpj17,US,education,"Department of Agricultural and Resource Economics, Colorado State University, Fort Collins, CO 80523, United States"
doi:10.3168/jds.2025-28132,W7167262554,10.3168/jds.2025-28132,A5017296865,A5017296865,Nathan D. DeLay,nathan d delay,0000-0003-3239-0798,middle,FALSE,Colorado State University,https://ror.org/03k1gpj17,US,education,"Department of Agricultural and Resource Economics, Colorado State University, Fort Collins, CO 80523, United States"
doi:10.3168/jds.2025-28132,W7167262554,10.3168/jds.2025-28132,A5081042763,A5081042763,Pablo Pinedo,pablo pinedo,0000-0001-7111-3377,middle,FALSE,Colorado State University,https://ror.org/03k1gpj17,US,education,"Department of Animal Sciences, Colorado State University, Fort Collins, CO 80523, United States"
doi:10.3168/jds.2025-28132,W7167262554,10.3168/jds.2025-28132,A5068152134,A5068152134,Diego Manríquez,diego manriquez,0000-0003-0899-2457,last,FALSE,Colorado State University,https://ror.org/03k1gpj17,US,education,"Department of Animal Sciences, Colorado State University, Fort Collins, CO 80523, United States. Electronic address: dmanri@colostate.edu"
doi:10.1080/09644016.2022.2066285,W4225406346,10.1080/09644016.2022.2066285,A5058067093,A5058067093,Todd L. Cherry,todd l cherry,0000-0002-9561-8350,first,TRUE,University of Wyoming,https://ror.org/01485tq96,US,education,"CICERO Center for International Climate Research, Oslo, Norway; Department of Economics, University of Wyoming, Laramie, Wyoming, USA"
doi:10.1080/09644016.2022.2066285,W4225406346,10.1080/09644016.2022.2066285,A5058067093,A5058067093,Todd L. Cherry,todd l cherry,0000-0002-9561-8350,first,TRUE,CICERO Center for International Climate Research,https://ror.org/01gw5dy53,NO,facility,"CICERO Center for International Climate Research, Oslo, Norway; Department of Economics, University of Wyoming, Laramie, Wyoming, USA"
doi:10.1080/09644016.2022.2066285,W4225406346,10.1080/09644016.2022.2066285,A5037955637,A5037955637,Stephan Kroll,stephan kroll,NA,middle,FALSE,Resource (United States),https://ror.org/002sg8b56,US,company,"Department of Agricultural and Resource Economics, Colorado State University, Ft Collins, Colorado, USA"
doi:10.1080/09644016.2022.2066285,W4225406346,10.1080/09644016.2022.2066285,A5037955637,A5037955637,Stephan Kroll,stephan kroll,NA,middle,FALSE,Colorado State University,https://ror.org/03k1gpj17,US,education,"Department of Agricultural and Resource Economics, Colorado State University, Ft Collins, Colorado, USA"
doi:10.1080/09644016.2022.2066285,W4225406346,10.1080/09644016.2022.2066285,A5013955150,A5013955150,David M. McEvoy,david m mcevoy,0000-0001-7466-3681,middle,FALSE,Appalachian State University,https://ror.org/051m4vc48,US,education,"Department of Economics, Appalachian State University, Boone, North Carolina, USA"
doi:10.1080/09644016.2022.2066285,W4225406346,10.1080/09644016.2022.2066285,A5046588935,A5046588935,David Campoverde,david campoverde,0000-0001-9079-4577,middle,FALSE,University of Wyoming,https://ror.org/01485tq96,US,education,"Department of Economics, University of Wyoming, Laramie, Wyoming, USA"
doi:10.1080/09644016.2022.2066285,W4225406346,10.1080/09644016.2022.2066285,A5079394054,A5079394054,Juan Moreno‐Cruz,juan moreno cruz,0000-0003-3707-142X,last,FALSE,Ifo Institute for Economic Research,https://ror.org/045495t75,DE,facility,"CESifo, Munich, Germany; School of Environment, Enterprise and Development, University of Waterloo, Waterloo, Ontario, Canada"
doi:10.1080/09644016.2022.2066285,W4225406346,10.1080/09644016.2022.2066285,A5079394054,A5079394054,Juan Moreno‐Cruz,juan moreno cruz,0000-0003-3707-142X,last,FALSE,University of Waterloo,https://ror.org/01aff2v68,CA,education,"CESifo, Munich, Germany; School of Environment, Enterprise and Development, University of Waterloo, Waterloo, Ontario, Canada"
doi:10.1111/csp2.12632,W4211022438,10.1111/csp2.12632,A5017545413,A5017545413,Rebecca M. Niemiec,rebecca m niemiec,0000-0002-7561-8951,first,TRUE,Colorado State University,https://ror.org/03k1gpj17,US,education,"Department of Human Dimensions of Natural Resources Colorado State University  Fort Collins Colorado USA; Department of Human Dimensions of Natural Resources, Colorado State University, Fort Collins, Colorado, USA"
doi:10.1111/csp2.12632,W4211022438,10.1111/csp2.12632,A5087761602,A5087761602,Richard E. W. Berl,richard e w berl,0000-0002-4154-1319,middle,FALSE,Colorado State University,https://ror.org/03k1gpj17,US,education,"Department of Human Dimensions of Natural Resources Colorado State University  Fort Collins Colorado USA; Department of Human Dimensions of Natural Resources, Colorado State University, Fort Collins, Colorado, USA"
doi:10.1111/csp2.12632,W4211022438,10.1111/csp2.12632,A5019653565,A5019653565,Mireille Gonzalez,mireille gonzalez,0009-0001-3107-9466,middle,FALSE,Colorado State University,https://ror.org/03k1gpj17,US,education,"Department of Human Dimensions of Natural Resources Colorado State University  Fort Collins Colorado USA; Department of Human Dimensions of Natural Resources, Colorado State University, Fort Collins, Colorado, USA"
doi:10.1111/csp2.12632,W4211022438,10.1111/csp2.12632,A5069868751,A5069868751,Tara L. Teel,tara l teel,0000-0002-1944-1864,middle,FALSE,Colorado State University,https://ror.org/03k1gpj17,US,education,"Department of Human Dimensions of Natural Resources Colorado State University  Fort Collins Colorado USA; Department of Human Dimensions of Natural Resources, Colorado State University, Fort Collins, Colorado, USA"
doi:10.1111/csp2.12632,W4211022438,10.1111/csp2.12632,A5009903567,A5009903567,Jonathan Salerno,jonathan salerno,0000-0001-9402-6479,middle,FALSE,Colorado State University,https://ror.org/03k1gpj17,US,education,"Department of Human Dimensions of Natural Resources Colorado State University  Fort Collins Colorado USA; Graduate Degree Program in Ecology Colorado State University  Fort Collins Colorado USA; Graduate Degree Program in Ecology, Colorado State University, Fort Collins, Colorado, USA; Department of Human Dimensions of Natural Resources, Colorado State University, Fort Collins, Colorado, USA"
doi:10.1111/csp2.12632,W4211022438,10.1111/csp2.12632,A5032721246,A5032721246,Stewart W. Breck,stewart w breck,0000-0003-3138-1929,middle,FALSE,Colorado Parks and Wildlife,https://ror.org/032xegc37,US,other,"Department of Fish, Wildlife, and Conservation Biology Colorado State University  Fort Collins Colorado USA; USDA National Wildlife Research Center  Fort Collins Colorado USA; Department of Fish, Wildlife, and Conservation Biology, Colorado State University, Fort Collins, Colorado, USA; USDA National Wildlife Research Center, Fort Collins, Colorado, USA"
doi:10.1111/csp2.12632,W4211022438,10.1111/csp2.12632,A5032721246,A5032721246,Stewart W. Breck,stewart w breck,0000-0003-3138-1929,middle,FALSE,Life Services (United States),https://ror.org/021cmds57,US,company,"Department of Fish, Wildlife, and Conservation Biology Colorado State University  Fort Collins Colorado USA; USDA National Wildlife Research Center  Fort Collins Colorado USA; Department of Fish, Wildlife, and Conservation Biology, Colorado State University, Fort Collins, Colorado, USA; USDA National Wildlife Research Center, Fort Collins, Colorado, USA"
doi:10.1111/csp2.12632,W4211022438,10.1111/csp2.12632,A5032721246,A5032721246,Stewart W. Breck,stewart w breck,0000-0003-3138-1929,middle,FALSE,National Wildlife Research Center,https://ror.org/05vw05p26,NA,facility,"Department of Fish, Wildlife, and Conservation Biology Colorado State University  Fort Collins Colorado USA; USDA National Wildlife Research Center  Fort Collins Colorado USA; Department of Fish, Wildlife, and Conservation Biology, Colorado State University, Fort Collins, Colorado, USA; USDA National Wildlife Research Center, Fort Collins, Colorado, USA"
doi:10.1111/csp2.12632,W4211022438,10.1111/csp2.12632,A5032721246,A5032721246,Stewart W. Breck,stewart w breck,0000-0003-3138-1929,middle,FALSE,Colorado State University,https://ror.org/03k1gpj17,US,education,"Department of Fish, Wildlife, and Conservation Biology Colorado State University  Fort Collins Colorado USA; USDA National Wildlife Research Center  Fort Collins Colorado USA; Department of Fish, Wildlife, and Conservation Biology, Colorado State University, Fort Collins, Colorado, USA; USDA National Wildlife Research Center, Fort Collins, Colorado, USA"
doi:10.1111/csp2.12632,W4211022438,10.1111/csp2.12632,A5087484594,A5087484594,Cassiopeia Camara,cassiopeia camara,NA,middle,FALSE,Colorado State University,https://ror.org/03k1gpj17,US,education,"Department of Human Dimensions of Natural Resources Colorado State University  Fort Collins Colorado USA; Department of Human Dimensions of Natural Resources, Colorado State University, Fort Collins, Colorado, USA"
doi:10.1111/csp2.12632,W4211022438,10.1111/csp2.12632,A5055401400,A5055401400,Matthew Collins,matthew collins,0009-0002-8414-023X,middle,FALSE,Colorado State University,https://ror.org/03k1gpj17,US,education,"Department of Human Dimensions of Natural Resources Colorado State University  Fort Collins Colorado USA; Department of Human Dimensions of Natural Resources, Colorado State University, Fort Collins, Colorado, USA"
doi:10.1111/csp2.12632,W4211022438,10.1111/csp2.12632,A5078332377,A5078332377,Courtney A. Schultz,courtney a schultz,0000-0002-9972-7802,middle,FALSE,Colorado State University,https://ror.org/03k1gpj17,US,education,"Department of Forest and Rangeland Stewardship Colorado State University  Fort Collins Colorado USA; Department of Forest and Rangeland Stewardship, Colorado State University, Fort Collins, Colorado, USA"
doi:10.1111/csp2.12632,W4211022438,10.1111/csp2.12632,A5070917361,A5070917361,Dana L. Hoag,dana l hoag,0000-0001-7660-6832,middle,FALSE,Resource (United States),https://ror.org/002sg8b56,US,company,"Department of Agricultural and Resource Economics Colorado State University  Fort Collins Colorado USA; Department of Agricultural and Resource Economics, Colorado State University, Fort Collins, Colorado, USA"
doi:10.1111/csp2.12632,W4211022438,10.1111/csp2.12632,A5070917361,A5070917361,Dana L. Hoag,dana l hoag,0000-0001-7660-6832,middle,FALSE,Colorado State University,https://ror.org/03k1gpj17,US,education,"Department of Agricultural and Resource Economics Colorado State University  Fort Collins Colorado USA; Department of Agricultural and Resource Economics, Colorado State University, Fort Collins, Colorado, USA"
doi:10.1111/csp2.12632,W4211022438,10.1111/csp2.12632,A5014280017,A5014280017,Kevin R. Crooks,kevin r crooks,0000-0002-3742-4734,last,FALSE,Colorado State University,https://ror.org/03k1gpj17,US,education,"Department of Fish, Wildlife, and Conservation Biology Colorado State University  Fort Collins Colorado USA; Department of Fish, Wildlife, and Conservation Biology, Colorado State University, Fort Collins, Colorado, USA"
doi:10.1146/annurev-resource-101620-080426,W3187830255,10.1146/annurev-resource-101620-080426,A5039208828,A5039208828,Alexandra Hill,alexandra hill,NA,first,FALSE,Resource (United States),https://ror.org/002sg8b56,US,company,"Department of Agricultural and Resource Economics, Colorado State University, Fort Collins, Colorado 80523, USA;"
doi:10.1146/annurev-resource-101620-080426,W3187830255,10.1146/annurev-resource-101620-080426,A5039208828,A5039208828,Alexandra Hill,alexandra hill,NA,first,FALSE,Colorado State University,https://ror.org/03k1gpj17,US,education,"Department of Agricultural and Resource Economics, Colorado State University, Fort Collins, Colorado 80523, USA;"
doi:10.1146/annurev-resource-101620-080426,W3187830255,10.1146/annurev-resource-101620-080426,A5065892788,A5065892788,Izaac Ornelas,izaac ornelas,NA,middle,FALSE,JBS International (United States),https://ror.org/030h0wa62,US,company,"JBS International, Inc., San Mateo, California 94402, USA;"
doi:10.1146/annurev-resource-101620-080426,W3187830255,10.1146/annurev-resource-101620-080426,A5066308687,A5066308687,J. Edward Taylor,j edward taylor,0000-0002-5987-8112,last,FALSE,"University of California, Davis",https://ror.org/05rrcem69,US,education,"Department of Agricultural and Resource Economics, University of California, Davis, California 95616, USA;"
doi:10.1016/j.jclepro.2025.146920,W4416408763,10.1016/j.jclepro.2025.146920,A5002128685,A5002128685,Eihab Fathelrahman,eihab fathelrahman,0000-0002-4818-7041,first,TRUE,United Arab Emirates University,https://ror.org/01km6p862,AE,education,"Department of Integrative Agriculture, College of Agriculture and Veterinary, Medicine, United Arab Emirates University, P.O. Box 15551, Al Ain, United Arab Emirates"
doi:10.1016/j.jclepro.2025.146920,W4416408763,10.1016/j.jclepro.2025.146920,A5087389848,A5087389848,Raeda Osman,raeda osman,0009-0006-3462-2934,middle,FALSE,United Arab Emirates University,https://ror.org/01km6p862,AE,education,"Department of Integrative Agriculture, College of Agriculture and Veterinary, Medicine, United Arab Emirates University, P.O. Box 15551, Al Ain, United Arab Emirates"
doi:10.1016/j.jclepro.2025.146920,W4416408763,10.1016/j.jclepro.2025.146920,A5054019672,A5054019672,Sabeera Haris,sabeera haris,0000-0002-7366-3863,middle,FALSE,Abu Dhabi University,https://ror.org/01r3kjq03,AE,education,"Department of Chemical and Petroleum Engineering, College of Engineering, United Arab Emirates University, P.O. Box 15551, Al Ain, United Arab Emirates; Department of Environmental, Health and Safety, College of Health Sciences, Abu Dhabi University, United Arab Emirates"
doi:10.1016/j.jclepro.2025.146920,W4416408763,10.1016/j.jclepro.2025.146920,A5054019672,A5054019672,Sabeera Haris,sabeera haris,0000-0002-7366-3863,middle,FALSE,United Arab Emirates University,https://ror.org/01km6p862,AE,education,"Department of Chemical and Petroleum Engineering, College of Engineering, United Arab Emirates University, P.O. Box 15551, Al Ain, United Arab Emirates; Department of Environmental, Health and Safety, College of Health Sciences, Abu Dhabi University, United Arab Emirates"
doi:10.1016/j.jclepro.2025.146920,W4416408763,10.1016/j.jclepro.2025.146920,A5054019672,A5054019672,Sabeera Haris,sabeera haris,0000-0002-7366-3863,middle,FALSE,Abu Dhabi Health Services,https://ror.org/016bjqk65,AE,company,"Department of Chemical and Petroleum Engineering, College of Engineering, United Arab Emirates University, P.O. Box 15551, Al Ain, United Arab Emirates; Department of Environmental, Health and Safety, College of Health Sciences, Abu Dhabi University, United Arab Emirates"
doi:10.1016/j.jclepro.2025.146920,W4416408763,10.1016/j.jclepro.2025.146920,A5018132333,A5018132333,Munjed A. Maraqa,munjed a maraqa,0000-0002-9849-0866,middle,FALSE,United Arab Emirates University,https://ror.org/01km6p862,AE,education,"Department of Civil and Environmental Engineering, College of Engineering, United Arab Emirates University, P.O. Box 15551, Al Ain, United Arab Emirates"
doi:10.1016/j.jclepro.2025.146920,W4416408763,10.1016/j.jclepro.2025.146920,A5040727772,A5040727772,Tamrat Gebiso Challa,tamrat gebiso challa,0000-0002-9870-8626,middle,FALSE,United Arab Emirates University,https://ror.org/01km6p862,AE,education,"Department of Integrative Agriculture, College of Agriculture and Veterinary, Medicine, United Arab Emirates University, P.O. Box 15551, Al Ain, United Arab Emirates"
doi:10.1016/j.jclepro.2025.146920,W4416408763,10.1016/j.jclepro.2025.146920,A5074470241,A5074470241,Berhanu Degefa,berhanu degefa,0000-0001-5843-6008,middle,FALSE,United Arab Emirates University,https://ror.org/01km6p862,AE,education,"Department of Integrative Agriculture, College of Agriculture and Veterinary, Medicine, United Arab Emirates University, P.O. Box 15551, Al Ain, United Arab Emirates"
doi:10.1016/j.jclepro.2025.146920,W4416408763,10.1016/j.jclepro.2025.146920,A5079908958,A5079908958,Elke Neumann,elke neumann,NA,middle,FALSE,United Arab Emirates University,https://ror.org/01km6p862,AE,education,"Department of Integrative Agriculture, College of Agriculture and Veterinary, Medicine, United Arab Emirates University, P.O. Box 15551, Al Ain, United Arab Emirates"
doi:10.1016/j.jclepro.2025.146920,W4416408763,10.1016/j.jclepro.2025.146920,name:dana hoag,NA,Dana Hoag,dana hoag,0000-0001-7660-6832,last,FALSE,NA,NA,NA,NA,
doi:10.1007/s10584-021-03009-z,W3134417504,10.1007/s10584-021-03009-z,A5058067093,A5058067093,Todd L. Cherry,todd l cherry,0000-0002-9561-8350,first,TRUE,University of Wyoming,https://ror.org/01485tq96,US,education,"CICERO Center for International Climate Research-Oslo, Oslo, Norway; University of Wyoming, Laramie, WY, USA"
doi:10.1007/s10584-021-03009-z,W3134417504,10.1007/s10584-021-03009-z,A5058067093,A5058067093,Todd L. Cherry,todd l cherry,0000-0002-9561-8350,first,TRUE,CICERO Center for International Climate Research,https://ror.org/01gw5dy53,NO,facility,"CICERO Center for International Climate Research-Oslo, Oslo, Norway; University of Wyoming, Laramie, WY, USA"
doi:10.1007/s10584-021-03009-z,W3134417504,10.1007/s10584-021-03009-z,A5074512279,A5074512279,Steffen Kallbekken,steffen kallbekken,0000-0001-6539-992X,middle,FALSE,CICERO Center for International Climate Research,https://ror.org/01gw5dy53,NO,facility,"CICERO Center for International Climate Research-Oslo, Oslo, Norway"
doi:10.1007/s10584-021-03009-z,W3134417504,10.1007/s10584-021-03009-z,A5037955637,A5037955637,Stephan Kroll,stephan kroll,NA,middle,FALSE,Colorado State University,https://ror.org/03k1gpj17,US,education,"Colorado State University, Ft. Collins, CO, USA"
doi:10.1007/s10584-021-03009-z,W3134417504,10.1007/s10584-021-03009-z,A5013955150,A5013955150,David M. McEvoy,david m mcevoy,0000-0001-7466-3681,last,FALSE,Appalachian State University,https://ror.org/051m4vc48,US,education,"Appalachian State University, Boone, NC, USA"
doi:10.1108/afr-05-2021-0056,W4293087468,10.1108/afr-05-2021-0056,A5055158106,A5055158106,Becca B.R. Jablonski,becca b r jablonski,0000-0002-6404-039X,first,TRUE,Resource (United States),https://ror.org/002sg8b56,US,company,"Department Agricultural and Resource Economics, Colorado State University, Fort Collins, Colorado, USA"
doi:10.1108/afr-05-2021-0056,W4293087468,10.1108/afr-05-2021-0056,A5055158106,A5055158106,Becca B.R. Jablonski,becca b r jablonski,0000-0002-6404-039X,first,TRUE,Colorado State University,https://ror.org/03k1gpj17,US,education,"Department Agricultural and Resource Economics, Colorado State University, Fort Collins, Colorado, USA"
doi:10.1108/afr-05-2021-0056,W4293087468,10.1108/afr-05-2021-0056,A5026810637,A5026810637,Joleen C. Hadrich,joleen c hadrich,0000-0002-7990-5122,middle,FALSE,University of Minnesota,https://ror.org/017zqws13,US,education,"College of Food Agricultural and Natural Resource Sciences, University of Minnesota, Saint Paul, Minnesota, USA"
doi:10.1108/afr-05-2021-0056,W4293087468,10.1108/afr-05-2021-0056,A5022734861,A5022734861,Allison Bauman,allison bauman,0000-0002-7925-3099,middle,FALSE,Colorado State University,https://ror.org/03k1gpj17,US,education,"Colorado State University Extension, Fort Collins, Colorado, USA"
doi:10.1108/afr-05-2021-0056,W4293087468,10.1108/afr-05-2021-0056,A5034871658,A5034871658,Martha Sullins,martha sullins,0000-0003-2312-237X,middle,FALSE,Colorado State University,https://ror.org/03k1gpj17,US,education,"Colorado State University Extension, Fort Collins, Colorado, USA"
doi:10.1108/afr-05-2021-0056,W4293087468,10.1108/afr-05-2021-0056,A5051019392,A5051019392,Dawn Thilmany McFadden,dawn thilmany mcfadden,0000-0002-3974-0888,last,FALSE,Resource (United States),https://ror.org/002sg8b56,US,company,"Department Agricultural and Resource Economics, Colorado State University, Fort Collins, Colorado, USA"
doi:10.1108/afr-05-2021-0056,W4293087468,10.1108/afr-05-2021-0056,A5051019392,A5051019392,Dawn Thilmany McFadden,dawn thilmany mcfadden,0000-0002-3974-0888,last,FALSE,Colorado State University,https://ror.org/03k1gpj17,US,education,"Department Agricultural and Resource Economics, Colorado State University, Fort Collins, Colorado, USA"
doi:10.1111/1467-8489.12456,W3210113799,10.1111/1467-8489.12456,A5051019392,A5051019392,Dawn Thilmany McFadden,dawn thilmany mcfadden,0000-0002-3974-0888,first,TRUE,NA,NA,NA,NA,
doi:10.1111/1467-8489.12456,W3210113799,10.1111/1467-8489.12456,A5033310863,A5033310863,Lilian Brislen,lilian brislen,NA,middle,FALSE,NA,NA,NA,NA,
doi:10.1111/1467-8489.12456,W3210113799,10.1111/1467-8489.12456,A5028405243,A5028405243,Hailey Edmondson,hailey edmondson,NA,middle,FALSE,NA,NA,NA,NA,
doi:10.1111/1467-8489.12456,W3210113799,10.1111/1467-8489.12456,A5084558982,A5084558982,Mackenzie Gill,mackenzie gill,NA,middle,FALSE,NA,NA,NA,NA,
doi:10.1111/1467-8489.12456,W3210113799,10.1111/1467-8489.12456,A5055158106,A5055158106,Becca B.R. Jablonski,becca b r jablonski,0000-0002-6404-039X,middle,FALSE,NA,NA,NA,NA,
doi:10.1111/1467-8489.12456,W3210113799,10.1111/1467-8489.12456,A5002976395,A5002976395,Jairus Rossi,jairus rossi,0000-0003-0981-9349,middle,FALSE,NA,NA,NA,NA,
doi:10.1111/1467-8489.12456,W3210113799,10.1111/1467-8489.12456,A5091526772,A5091526772,Tim Woods,tim woods,NA,middle,FALSE,NA,NA,NA,NA,
doi:10.1111/1467-8489.12456,W3210113799,10.1111/1467-8489.12456,A5069477593,A5069477593,Samantha Schaffstall,samantha schaffstall,NA,last,FALSE,NA,NA,NA,NA,
doi:10.1002/aepp.13256,W4220797295,10.1002/aepp.13256,A5055158106,A5055158106,Becca B.R. Jablonski,becca b r jablonski,0000-0002-6404-039X,first,TRUE,Resource (United States),https://ror.org/002sg8b56,US,company,Department of Agricultural and Resource Economics Colorado State University  Fort Collins Colorado USA; Department of Agricultural and Resource Economics Colorado State University Fort Collins Colorado USA
doi:10.1002/aepp.13256,W4220797295,10.1002/aepp.13256,A5055158106,A5055158106,Becca B.R. Jablonski,becca b r jablonski,0000-0002-6404-039X,first,TRUE,Colorado State University,https://ror.org/03k1gpj17,US,education,Department of Agricultural and Resource Economics Colorado State University  Fort Collins Colorado USA; Department of Agricultural and Resource Economics Colorado State University Fort Collins Colorado USA
doi:10.1002/aepp.13256,W4220797295,10.1002/aepp.13256,A5013419936,A5013419936,Nigel Key,nigel key,0000-0002-0290-8608,middle,FALSE,Economic Research Service,https://ror.org/05ycxzd89,US,government,Economic Research Service U.S. Department of Agriculture  Washington District of Columbia USA; Economic Research Service U.S. Department of Agriculture Washington District of Columbia USA
doi:10.1002/aepp.13256,W4220797295,10.1002/aepp.13256,A5026810637,A5026810637,Joleen C. Hadrich,joleen c hadrich,NA,middle,FALSE,University of Minnesota,https://ror.org/017zqws13,US,education,Department of Applied Economics University of Minnesota  St. Paul Minnesota USA; Department of Applied Economics University of Minnesota St. Paul Minnesota USA
doi:10.1002/aepp.13256,W4220797295,10.1002/aepp.13256,A5026810637,A5026810637,Joleen C. Hadrich,joleen c hadrich,NA,middle,FALSE,Ecolab (United States),https://ror.org/02029yx61,US,company,Department of Applied Economics University of Minnesota  St. Paul Minnesota USA; Department of Applied Economics University of Minnesota St. Paul Minnesota USA
doi:10.1002/aepp.13256,W4220797295,10.1002/aepp.13256,A5084675400,A5084675400,Allie Bauman,allie bauman,NA,middle,FALSE,Resource (United States),https://ror.org/002sg8b56,US,company,Department of Agricultural and Resource Economics Colorado State University  Fort Collins Colorado USA; Department of Agricultural and Resource Economics Colorado State University Fort Collins Colorado USA
doi:10.1002/aepp.13256,W4220797295,10.1002/aepp.13256,A5084675400,A5084675400,Allie Bauman,allie bauman,NA,middle,FALSE,Colorado State University,https://ror.org/03k1gpj17,US,education,Department of Agricultural and Resource Economics Colorado State University  Fort Collins Colorado USA; Department of Agricultural and Resource Economics Colorado State University Fort Collins Colorado USA
doi:10.1002/aepp.13256,W4220797295,10.1002/aepp.13256,A5102048831,A5102048831,Sarah Campbell,sarah campbell,NA,middle,FALSE,Family Beginnings,https://ror.org/03qpq8w95,US,healthcare,Beginning Farmer and Rancher Program U.S. Department of Agriculture  Washington District of Columbia USA; Beginning Farmer and Rancher Program U.S. Department of Agriculture Washington District of Columbia USA
doi:10.1002/aepp.13256,W4220797295,10.1002/aepp.13256,A5057015263,A5057015263,Dawn Thilmany,dawn thilmany,NA,middle,FALSE,Resource (United States),https://ror.org/002sg8b56,US,company,Department of Agricultural and Resource Economics Colorado State University  Fort Collins Colorado USA; Department of Agricultural and Resource Economics Colorado State University Fort Collins Colorado USA
doi:10.1002/aepp.13256,W4220797295,10.1002/aepp.13256,A5057015263,A5057015263,Dawn Thilmany,dawn thilmany,NA,middle,FALSE,Colorado State University,https://ror.org/03k1gpj17,US,education,Department of Agricultural and Resource Economics Colorado State University  Fort Collins Colorado USA; Department of Agricultural and Resource Economics Colorado State University Fort Collins Colorado USA
doi:10.1002/aepp.13256,W4220797295,10.1002/aepp.13256,A5034871658,A5034871658,Martha Sullins,martha sullins,0000-0003-2312-237X,last,FALSE,Resource (United States),https://ror.org/002sg8b56,US,company,Department of Agricultural and Resource Economics Colorado State University  Fort Collins Colorado USA; Department of Agricultural and Resource Economics Colorado State University Fort Collins Colorado USA
doi:10.1002/aepp.13256,W4220797295,10.1002/aepp.13256,A5034871658,A5034871658,Martha Sullins,martha sullins,0000-0003-2312-237X,last,FALSE,Colorado State University,https://ror.org/03k1gpj17,US,education,Department of Agricultural and Resource Economics Colorado State University  Fort Collins Colorado USA; Department of Agricultural and Resource Economics Colorado State University Fort Collins Colorado USA
doi:10.1016/j.rama.2024.06.004,W4401021950,10.1016/j.rama.2024.06.004,A5070917361,A5070917361,Dana L. Hoag,dana l hoag,0000-0001-7660-6832,first,TRUE,Colorado State University,https://ror.org/03k1gpj17,US,education,"Department of Agricultural and Resource Economics, Colorado State University, Fort Collins, CO, 80523, USA"
doi:10.1016/j.rama.2024.06.004,W4401021950,10.1016/j.rama.2024.06.004,A5057308164,A5057308164,Anthony G. Vorster,anthony g vorster,0000-0002-0622-0683,middle,FALSE,Colorado State University,https://ror.org/03k1gpj17,US,education,"Natural Resource Ecology Laboratory, Colorado State University, Fort Collins, CO, 80523, USA"
doi:10.1016/j.rama.2024.06.004,W4401021950,10.1016/j.rama.2024.06.004,A5086466593,A5086466593,Krista Ehlert,krista ehlert,0000-0002-6423-8670,middle,FALSE,South Dakota State University,https://ror.org/015jmes13,US,education,"Department of Natural Resource Management, West River Research and Extension, South Dakota State University, Rapid City, SD, 57703, USA"
doi:10.1016/j.rama.2024.06.004,W4401021950,10.1016/j.rama.2024.06.004,A5013632112,A5013632112,Paul Evangelista,paul evangelista,0000-0003-4750-8314,middle,FALSE,Colorado State University,https://ror.org/03k1gpj17,US,education,"Natural Resource Ecology Laboratory, Colorado State University, Fort Collins, CO, 80523, USA"
doi:10.1016/j.rama.2024.06.004,W4401021950,10.1016/j.rama.2024.06.004,A5045305791,A5045305791,Lily Edwards-Callaway,lily edwards callaway,0000-0002-0737-9899,middle,FALSE,Colorado State University,https://ror.org/03k1gpj17,US,education,"Department of Animal Sciences, Colorado State University, Fort Collins, CO, 80523, USA"
doi:10.1016/j.rama.2024.06.004,W4401021950,10.1016/j.rama.2024.06.004,A5080323738,A5080323738,Daniel F. Mooney,daniel f mooney,0000-0002-5056-9102,middle,FALSE,Colorado State University,https://ror.org/03k1gpj17,US,education,"Department of Agricultural and Resource Economics, Colorado State University, Fort Collins, CO, 80523, USA"
doi:10.1016/j.rama.2024.06.004,W4401021950,10.1016/j.rama.2024.06.004,A5105102323,A5105102323,Josh Virene,josh virene,0009-0005-5124-6005,last,FALSE,Colorado State University,https://ror.org/03k1gpj17,US,education,"Department of Agricultural and Resource Economics, Colorado State University, Fort Collins, CO, 80523, USA"
doi:10.1108/afr-05-2021-0070,W4200169516,10.1108/afr-05-2021-0070,A5051019392,A5051019392,Dawn Thilmany McFadden,dawn thilmany mcfadden,0000-0002-3974-0888,first,FALSE,Resource (United States),https://ror.org/002sg8b56,US,company,"Agricultural and Resource Economics, Colorado State University, Fort Collins, Colorado, USA"
doi:10.1108/afr-05-2021-0070,W4200169516,10.1108/afr-05-2021-0070,A5051019392,A5051019392,Dawn Thilmany McFadden,dawn thilmany mcfadden,0000-0002-3974-0888,first,FALSE,Colorado State University,https://ror.org/03k1gpj17,US,education,"Agricultural and Resource Economics, Colorado State University, Fort Collins, Colorado, USA"
doi:10.1108/afr-05-2021-0070,W4200169516,10.1108/afr-05-2021-0070,A5022734861,A5022734861,Allison Bauman,allison bauman,0000-0002-7925-3099,middle,FALSE,Colorado State University,https://ror.org/03k1gpj17,US,education,"Colorado State University, Fort Collins, Colorado, USA"
doi:10.1108/afr-05-2021-0070,W4200169516,10.1108/afr-05-2021-0070,A5026810637,A5026810637,Joleen C. Hadrich,joleen c hadrich,0000-0002-7990-5122,middle,FALSE,University of Minnesota,https://ror.org/017zqws13,US,education,"College of Food, Agricultural and Natural Resource Sciences, University of Minnesota, Saint Paul, Minnesota, USA"
doi:10.1108/afr-05-2021-0070,W4200169516,10.1108/afr-05-2021-0070,A5055158106,A5055158106,Becca B.R. Jablonski,becca b r jablonski,0000-0002-6404-039X,middle,FALSE,Resource (United States),https://ror.org/002sg8b56,US,company,"Agricultural and Resource Economics, Colorado State University, Fort Collins, Colorado, USA"
doi:10.1108/afr-05-2021-0070,W4200169516,10.1108/afr-05-2021-0070,A5055158106,A5055158106,Becca B.R. Jablonski,becca b r jablonski,0000-0002-6404-039X,middle,FALSE,Colorado State University,https://ror.org/03k1gpj17,US,education,"Agricultural and Resource Economics, Colorado State University, Fort Collins, Colorado, USA"
doi:10.1108/afr-05-2021-0070,W4200169516,10.1108/afr-05-2021-0070,A5034871658,A5034871658,Martha Sullins,martha sullins,0000-0003-2312-237X,last,FALSE,Colorado State University,https://ror.org/03k1gpj17,US,education,"Colorado State University, Fort Collins, Colorado, USA"
doi:10.1016/j.rama.2024.03.004,W4394903695,10.1016/j.rama.2024.03.004,A5086466593,A5086466593,Krista Ehlert,krista ehlert,0000-0002-6423-8670,first,TRUE,South Dakota State University,https://ror.org/015jmes13,US,education,"Natural Resource Management Department, West River Research & Extension, South Dakota State University, Rapid City, SD, USA"
doi:10.1016/j.rama.2024.03.004,W4394903695,10.1016/j.rama.2024.03.004,A5089813553,A5089813553,Jameson R Brennan,jameson r brennan,0000-0002-8181-3630,middle,FALSE,South Dakota State University,https://ror.org/015jmes13,US,education,"Animal Science Department, West River Research & Extension, South Dakota State University, Rapid City, SD, USA"
doi:10.1016/j.rama.2024.03.004,W4394903695,10.1016/j.rama.2024.03.004,A5034722258,A5034722258,Joslyn K Beard,joslyn k beard,0000-0001-7014-6863,middle,FALSE,University of Arizona,https://ror.org/03m2x1q45,US,education,"School of Animal & Comparative Biomedical Sciences, University of Arizona-Tucson, Tucson, AZ, USA"
doi:10.1016/j.rama.2024.03.004,W4394903695,10.1016/j.rama.2024.03.004,A5012756879,A5012756879,Ryan R Reuter,ryan r reuter,0000-0002-8498-7855,middle,FALSE,Oklahoma State University,https://ror.org/01g9vbr38,US,education,"Animal and Food Sciences, Oklahoma State University, Stillwater, OK, USA"
doi:10.1016/j.rama.2024.03.004,W4394903695,10.1016/j.rama.2024.03.004,A5053347566,A5053347566,Hector M Menendez,hector m menendez,0000-0001-9092-7237,middle,FALSE,South Dakota State University,https://ror.org/015jmes13,US,education,"Animal Science Department, West River Research & Extension, South Dakota State University, Rapid City, SD, USA"
doi:10.1016/j.rama.2024.03.004,W4394903695,10.1016/j.rama.2024.03.004,A5084030850,A5084030850,Logan R Vandermark,logan r vandermark,0009-0002-5712-2466,middle,FALSE,South Dakota State University,https://ror.org/015jmes13,US,education,"West River Research & Extension, South Dakota State University, Rapid City, SD, USA"
doi:10.1016/j.rama.2024.03.004,W4394903695,10.1016/j.rama.2024.03.004,A5075654359,A5075654359,Mitchell Stephenson,mitchell stephenson,0000-0002-1094-2777,middle,FALSE,University of Nebraska–Lincoln,https://ror.org/043mer456,US,education,"Department of Agronomy and Horticulture, Panhandle Research, Extension, and Education Center, University of Nebraska—Lincoln, Scottsbluff, NE, USA"
doi:10.1016/j.rama.2024.03.004,W4394903695,10.1016/j.rama.2024.03.004,A5070917361,A5070917361,Dana L. Hoag,dana l hoag,0000-0001-7660-6832,middle,FALSE,Colorado State University,https://ror.org/03k1gpj17,US,education,"Agricultural and Resource Economics, Colorado State University, Fort Collins, CO, USA"
doi:10.1016/j.rama.2024.03.004,W4394903695,10.1016/j.rama.2024.03.004,A5058453790,A5058453790,Paul J. Meiman,paul j meiman,NA,middle,FALSE,"University of Nevada, Reno",https://ror.org/01keh0577,US,education,"Extension and Department of Agriculture, Veterinary, and Rangeland Sciences, University of Nevada, Reno, Elko, NV 89801, USA"
doi:10.1016/j.rama.2024.03.004,W4394903695,10.1016/j.rama.2024.03.004,A5046396482,A5046396482,Rory C. O’Connor,rory c o connor,0000-0002-6473-0032,middle,FALSE,Agricultural Research Service,https://ror.org/02d2m2044,US,government,"USDA-Agricultural Research Service, Range and Meadow Forage Management Research Unit, Burns, OR 97720, USA"
doi:10.1016/j.rama.2024.03.004,W4394903695,10.1016/j.rama.2024.03.004,A5008969050,A5008969050,Sarah Noelle,sarah noelle,NA,last,FALSE,University of Arizona,https://ror.org/03m2x1q45,US,education,"Southern Arizona Experiment Station, University of Arizona, Tucson, AZ, USA"
doi:10.1016/j.wre.2022.100212,W4308921092,10.1016/j.wre.2022.100212,A5080323738,A5080323738,Daniel F. Mooney,daniel f mooney,0000-0002-5056-9102,first,TRUE,Colorado State University,https://ror.org/03k1gpj17,US,education,"Colorado State University, Fort Collins, CO, 80523, USA"
doi:10.1016/j.wre.2022.100212,W4308921092,10.1016/j.wre.2022.100212,A5070917361,A5070917361,Dana L. Hoag,dana l hoag,0000-0001-7660-6832,middle,FALSE,Colorado State University,https://ror.org/03k1gpj17,US,education,"Colorado State University, Fort Collins, CO, 80523, USA"
doi:10.1016/j.wre.2022.100212,W4308921092,10.1016/j.wre.2022.100212,A5098620561,A5098620561,Zarif I. Rasul,zarif i rasul,NA,middle,FALSE,Colorado State University,https://ror.org/03k1gpj17,US,education,"Colorado State University, Fort Collins, CO, 80523, USA"
doi:10.1016/j.wre.2022.100212,W4308921092,10.1016/j.wre.2022.100212,A5070027768,A5070027768,Siwei Gao,siwei gao,0000-0003-0016-7874,last,FALSE,Colorado State University,https://ror.org/03k1gpj17,US,education,"Colorado State University, Fort Collins, CO, 80523, USA"
doi:10.13031/jash.15039,W4285193779,10.13031/jash.15039,A5111734452,A5111734452,Isabelle Picciotto,isabelle picciotto,NA,first,FALSE,"University of California, Davis",https://ror.org/05rrcem69,US,education,"Department of Agricultural and Resource Economics, University of California, Davis, USA"
doi:10.13031/jash.15039,W4285193779,10.13031/jash.15039,A5051443670,A5051443670,Timothy K.M. Beatty,timothy k m beatty,NA,middle,FALSE,"University of California, Davis",https://ror.org/05rrcem69,US,education,"Department of Agricultural and Resource Economics, University of California, Davis, USA"
doi:10.13031/jash.15039,W4285193779,10.13031/jash.15039,A5039208828,A5039208828,Alexandra Hill,alexandra hill,NA,last,FALSE,Colorado State University,https://ror.org/03k1gpj17,US,education,"Department of Agricultural and Resource Economics, Colorado State University, Fort Collins, USA"
doi:10.1093/biosci/biaf026,W4410577500,10.1093/biosci/biaf026,A5009903567,A5009903567,Jonathan Salerno,jonathan salerno,0000-0001-9402-6479,first,FALSE,Colorado State University,https://ror.org/03k1gpj17,US,education,"Center for Human-Carnivore Coexistence, Colorado State University Department of Human Dimensions of Natural Resources, , Fort Collins, Colorado ,"
doi:10.1093/biosci/biaf026,W4410577500,10.1093/biosci/biaf026,A5018335325,A5018335325,A. Alonso Aguirre,a alonso aguirre,0000-0001-9507-857X,middle,FALSE,Colorado State University,https://ror.org/03k1gpj17,US,education,"Warner College of Natural Resources , Department of Fish, Wildlife, and Conservation Biology, Colorado State University, Fort Collins, Colorado ,"
doi:10.1093/biosci/biaf026,W4410577500,10.1093/biosci/biaf026,A5001633888,A5001633888,Luís F. Aguirre,luis f aguirre,0000-0002-4194-1523,middle,FALSE,Universidad Mayor de San Simón,https://ror.org/03z27es23,BO,education,"Centro de Biodiversidad y Genética, Universidad Mayor de San Simón , Cochabamba ,"
doi:10.1093/biosci/biaf026,W4410577500,10.1093/biosci/biaf026,A5020341418,A5020341418,Cristián Bonacic,cristian bonacic,0000-0003-2175-076X,middle,FALSE,Pontificia Universidad Católica de Chile,https://ror.org/04teye511,CL,education,"Catholic University of Chile Department of Ecosystems and Environment, , Santiago ,"
doi:10.1093/biosci/biaf026,W4410577500,10.1093/biosci/biaf026,A5052534618,A5052534618,Angela M. Bosco‐Lauth,angela m bosco lauth,0000-0002-7745-2131,middle,FALSE,Colorado State University,https://ror.org/03k1gpj17,US,education,"Colorado State University Department of Biomedical Sciences, , Fort Collins, Colorado ,"
doi:10.1093/biosci/biaf026,W4410577500,10.1093/biosci/biaf026,A5032721246,A5032721246,Stewart W. Breck,stewart w breck,0000-0003-3138-1929,middle,FALSE,United States Department of Agriculture,https://ror.org/01na82s61,US,government,"National Wildlife Research Center , US Department of Agriculture, Department of Fish, Wildlife, and Conservation Biology, Center for Human-Carnivore Coexistence, Colorado State University, Fort Collins, Colorado ,"
doi:10.1093/biosci/biaf026,W4410577500,10.1093/biosci/biaf026,A5032721246,A5032721246,Stewart W. Breck,stewart w breck,0000-0003-3138-1929,middle,FALSE,Colorado State University,https://ror.org/03k1gpj17,US,education,"National Wildlife Research Center , US Department of Agriculture, Department of Fish, Wildlife, and Conservation Biology, Center for Human-Carnivore Coexistence, Colorado State University, Fort Collins, Colorado ,"
doi:10.1093/biosci/biaf026,W4410577500,10.1093/biosci/biaf026,A5106357569,A5106357569,Pauline Gitonga,pauline gitonga,0000-0002-1160-5625,middle,FALSE,Colorado State University,https://ror.org/03k1gpj17,US,education,"Colorado State University Department of Biomedical Sciences, , Fort Collins, Colorado ,"
doi:10.1093/biosci/biaf026,W4410577500,10.1093/biosci/biaf026,A5011254428,A5011254428,Tracey Goldstein,tracey goldstein,0000-0002-1672-7410,middle,FALSE,Colorado State University,https://ror.org/03k1gpj17,US,education,"One Health Institute , Department of Microbiology, Immunology, Pathology, Colorado State University, Fort Collins, Colorado ,"
doi:10.1093/biosci/biaf026,W4410577500,10.1093/biosci/biaf026,A5019653565,A5019653565,Mireille Gonzalez,mireille gonzalez,0009-0001-3107-9466,middle,FALSE,Colorado State University,https://ror.org/03k1gpj17,US,education,"Center for Human-Carnivore Coexistence, Colorado State University , Fort Collins, Colorado ,"
doi:10.1093/biosci/biaf026,W4410577500,10.1093/biosci/biaf026,A5070917361,A5070917361,Dana L. Hoag,dana l hoag,0000-0001-7660-6832,middle,FALSE,Colorado State University,https://ror.org/03k1gpj17,US,education,"Center for Human-Carnivore Coexistence, Colorado State University Department of Agricultural and Resource Economics, , Fort Collins, Colorado ,"
doi:10.1093/biosci/biaf026,W4410577500,10.1093/biosci/biaf026,A5014348888,A5014348888,Christie Mayo,christie mayo,0000-0001-7352-5009,middle,FALSE,Colorado State University,https://ror.org/03k1gpj17,US,education,"Immunology, Pathology, Colorado State University Department of Microbiology, , Fort Collins, Colorado ,"
doi:10.1093/biosci/biaf026,W4410577500,10.1093/biosci/biaf026,A5065061808,A5065061808,John Mizia,john mizia,NA,middle,FALSE,Colorado State University,https://ror.org/03k1gpj17,US,education,"Rapid Prototyping Lab, Colorado State University , Fort Collins, Colorado ,"
doi:10.1093/biosci/biaf026,W4410577500,10.1093/biosci/biaf026,A5080640333,A5080640333,Edward J. Raynor,edward j raynor,0000-0003-2483-4694,middle,FALSE,Colorado State University,https://ror.org/03k1gpj17,US,education,"AgNext , Department of Animal Sciences, Colorado State University, Fort Collins, Colorado ,"
doi:10.1093/biosci/biaf026,W4410577500,10.1093/biosci/biaf026,A5060067873,A5060067873,John P. Ritten,john p ritten,0000-0002-6468-3870,middle,FALSE,Colorado State University,https://ror.org/03k1gpj17,US,education,"AgNext , Department of Agricultural and Resource Economics, Colorado State University, Fort Collins, Colorado ,"
doi:10.1093/biosci/biaf026,W4410577500,10.1093/biosci/biaf026,A5021950133,A5021950133,Tyler Sherman,tyler sherman,0000-0002-9912-3937,middle,FALSE,Colorado State University,https://ror.org/03k1gpj17,US,education,"Immunology, Pathology, Colorado State University Department of Microbiology, , Fort Collins, Colorado ,"
doi:10.1093/biosci/biaf026,W4410577500,10.1093/biosci/biaf026,A5066289475,A5066289475,Kenneth Shockley,kenneth shockley,0000-0002-8106-297X,middle,FALSE,Colorado State University,https://ror.org/03k1gpj17,US,education,"Center for Human-Carnivore Coexistence, Colorado State University Department of Philosophy, , Fort Collins, Colorado ,"
doi:10.1093/biosci/biaf026,W4410577500,10.1093/biosci/biaf026,A5102724562,A5102724562,Raman Sukumar,raman sukumar,0000-0002-9941-1373,middle,FALSE,NA,NA,NA,NA,"Centre for Ecological Sciences, Indian Institute of Science , Bangaluru ,"
doi:10.1093/biosci/biaf026,W4410577500,10.1093/biosci/biaf026,A5066679862,A5066679862,Tarsh Thekaekara,tarsh thekaekara,0000-0002-7527-1388,middle,FALSE,University of Trans-Disciplinary Health Sciences and Technology,https://ror.org/014femp80,IN,education,"Coexistence Studies Group, University of Trans-Disciplinary Health Sciences and Technology , Bengaluru ,"
doi:10.1093/biosci/biaf026,W4410577500,10.1093/biosci/biaf026,A5046997926,A5046997926,Georgia Titcomb,georgia titcomb,0000-0002-2206-1125,middle,FALSE,Colorado State University,https://ror.org/03k1gpj17,US,education,"Conservation Biology, Center for Human-Carnivore Coexistence, Colorado State University Department of Fish, Wildlife, , Fort Collins, Colorado ,"
doi:10.1093/biosci/biaf026,W4410577500,10.1093/biosci/biaf026,name:seth m wilson,NA,Seth M Wilson,seth m wilson,NA,middle,FALSE,NA,NA,NA,NA,"Blackfoot Challenge , Ovando, Montana ,"
doi:10.1093/biosci/biaf026,W4410577500,10.1093/biosci/biaf026,A5108477524,A5108477524,Barbara A. Wolfe,barbara a wolfe,NA,middle,FALSE,Colorado State University,https://ror.org/03k1gpj17,US,education,"Conservation Biology, andCenter for Human-Carnivore Coexistence, Colorado State University Departments of Clinical Sciences and Fish, Wildlife, , Fort Collins, Colorado ,"
doi:10.1093/biosci/biaf026,W4410577500,10.1093/biosci/biaf026,A5009276729,A5009276729,Veronica Yovovich,veronica yovovich,0000-0002-9089-1569,middle,FALSE,Panthera Corporation,https://ror.org/01h745q46,US,nonprofit,"Conservation Biology, CSU Extension, Center for Human-Carnivore Coexistence, Colorado State University Department of Fish, Wildlife, , Fort Collins, Colorado ,; Panthera , New York, New York ,"
doi:10.1093/biosci/biaf026,W4410577500,10.1093/biosci/biaf026,A5009276729,A5009276729,Veronica Yovovich,veronica yovovich,0000-0002-9089-1569,middle,FALSE,Colorado State University,https://ror.org/03k1gpj17,US,education,"Conservation Biology, CSU Extension, Center for Human-Carnivore Coexistence, Colorado State University Department of Fish, Wildlife, , Fort Collins, Colorado ,; Panthera , New York, New York ,"
doi:10.1093/biosci/biaf026,W4410577500,10.1093/biosci/biaf026,A5014280017,A5014280017,Kevin R. Crooks,kevin r crooks,0000-0002-3742-4734,last,FALSE,Colorado State University,https://ror.org/03k1gpj17,US,education,"Conservation Biology, Center for Human-Carnivore Coexistence, Colorado State University Department of Fish, Wildlife, , Fort Collins, Colorado ,"
doi:10.3368/le.100.4.060823-0052r,W4393145512,10.3368/le.100.4.060823-0052r,A5007448841,A5007448841,Lynne Lewis,lynne lewis,NA,first,FALSE,Resource (United States),https://ror.org/002sg8b56,US,company,"Department of Agricultural and Resource Economics, Colorado State University; Department of Agricultural and Resource Economics, Colorado State University; Elmer W. Campbell Emeritus Professor of Economics, Bates College, Maine; lylewis{at}colostate.edu"
doi:10.3368/le.100.4.060823-0052r,W4393145512,10.3368/le.100.4.060823-0052r,A5007448841,A5007448841,Lynne Lewis,lynne lewis,NA,first,FALSE,Agricultural & Applied Economics Association,https://ror.org/04e5cyn06,US,nonprofit,"Department of Agricultural and Resource Economics, Colorado State University; Department of Agricultural and Resource Economics, Colorado State University; Elmer W. Campbell Emeritus Professor of Economics, Bates College, Maine; lylewis{at}colostate.edu"
doi:10.3368/le.100.4.060823-0052r,W4393145512,10.3368/le.100.4.060823-0052r,A5007448841,A5007448841,Lynne Lewis,lynne lewis,NA,first,FALSE,Colorado State University,https://ror.org/03k1gpj17,US,education,"Department of Agricultural and Resource Economics, Colorado State University; Department of Agricultural and Resource Economics, Colorado State University; Elmer W. Campbell Emeritus Professor of Economics, Bates College, Maine; lylewis{at}colostate.edu"
doi:10.3368/le.100.4.060823-0052r,W4393145512,10.3368/le.100.4.060823-0052r,A5013672273,A5013672273,Leslie Richardson,leslie richardson,0000-0002-3058-2318,middle,FALSE,National Park Service,https://ror.org/044zqqy65,US,government,"National Park Service, 1201 Oakridge Dr. Fort Collins, CO 80525, leslie_a_richardson@nps.gov, 970-821-5352; National Park Service, Fort Collins, Colorado; leslie_a_richardson{at}nps.gov"
doi:10.3368/le.100.4.060823-0052r,W4393145512,10.3368/le.100.4.060823-0052r,A5013207060,A5013207060,John C. Whitehead,john c whitehead,0000-0001-7639-5246,last,FALSE,Appalachian State University,https://ror.org/051m4vc48,US,education,"Appalachian State University, Boone, NC 28608, whiteheadjc@appstate.edu, 828-773-5049; Department of Economics, Appalachian State University, Boone, North Carolina; whiteheadjc{at}appstate.edu"
doi:10.1146/annurev-resource-101623-093149,W4400748387,10.1146/annurev-resource-101623-093149,A5007448841,A5007448841,Lynne Lewis,lynne lewis,NA,first,FALSE,Colorado State University,https://ror.org/03k1gpj17,US,education,"1Department of Agricultural and Resource Economics, Colorado State University, Fort Collins, Colorado, USA; email: lynne.lewis@colostate.edu"
doi:10.1146/annurev-resource-101623-093149,W4400748387,10.1146/annurev-resource-101623-093149,A5049355223,A5049355223,Jennifer Raynor,jennifer raynor,0000-0003-0229-9889,middle,FALSE,University of Wisconsin–Madison,https://ror.org/01y2jtd41,US,education,"2Department of Forest and Wildlife Ecology, University of Wisconsin–Madison, Madison, Wisconsin, USA; email: jennifer.raynor@wisc.edu"
doi:10.1146/annurev-resource-101623-093149,W4400748387,10.1146/annurev-resource-101623-093149,A5013672273,A5013672273,Leslie Richardson,leslie richardson,0000-0002-3058-2318,last,FALSE,National Park Service,https://ror.org/044zqqy65,US,government,"3Social Science Program, National Park Service, Fort Collins, Colorado, USA; email: leslie_a_richardson@nps.gov"
doi:10.1002/aepp.13059,W3043055687,10.1002/aepp.13059,A5055158106,A5055158106,Becca B.R. Jablonski,becca b r jablonski,0000-0002-6404-039X,first,TRUE,NA,NA,NA,NA,
doi:10.1002/aepp.13059,W3043055687,10.1002/aepp.13059,A5022734861,A5022734861,Allison Bauman,allison bauman,0000-0002-7925-3099,middle,FALSE,NA,NA,NA,NA,
doi:10.1002/aepp.13059,W3043055687,10.1002/aepp.13059,A5057015263,A5057015263,Dawn Thilmany,dawn thilmany,NA,last,FALSE,NA,NA,NA,NA,
doi:10.1086/728140,W4387444518,10.1086/728140,A5013955150,A5013955150,David M. McEvoy,david m mcevoy,0000-0001-7466-3681,first,FALSE,NA,NA,NA,NA,
doi:10.1086/728140,W4387444518,10.1086/728140,A5051931696,A5051931696,Matthew McGinty,matthew mcginty,0000-0002-9075-1777,middle,FALSE,NA,NA,NA,NA,
doi:10.1086/728140,W4387444518,10.1086/728140,A5058067093,A5058067093,Todd L. Cherry,todd l cherry,0000-0002-9561-8350,middle,FALSE,NA,NA,NA,NA,
doi:10.1086/728140,W4387444518,10.1086/728140,A5037955637,A5037955637,Stephan Kroll,stephan kroll,NA,last,FALSE,NA,NA,NA,NA,
doi:10.3390/foods13193124,W4402991773,10.3390/foods13193124,A5002128685,A5002128685,Eihab Fathelrahman,eihab fathelrahman,0000-0002-4818-7041,first,FALSE,United Arab Emirates University,https://ror.org/01km6p862,AE,education,"Department of Integrative Agriculture, College of Agriculture and Veterinary Medicine, United Arab Emirates University (UAEU), Al-Ain P.O. Box 15551, United Arab Emirates"
doi:10.3390/foods13193124,W4402991773,10.3390/foods13193124,A5087389848,A5087389848,Raeda Osman,raeda osman,0009-0006-3462-2934,middle,FALSE,United Arab Emirates University,https://ror.org/01km6p862,AE,education,"Department of Integrative Agriculture, College of Agriculture and Veterinary Medicine, United Arab Emirates University (UAEU), Al-Ain P.O. Box 15551, United Arab Emirates"
doi:10.3390/foods13193124,W4402991773,10.3390/foods13193124,A5111347479,A5111347479,Dana Loyd Keske Hoag,dana loyd keske hoag,NA,middle,FALSE,Colorado State University,https://ror.org/03k1gpj17,US,education,"Agricultural and Resource Economics Department, Colorado State University, Fort Collins, CO 80523, USA"
doi:10.3390/foods13193124,W4402991773,10.3390/foods13193124,A5037271533,A5037271533,Gregory N. Sixt,gregory n sixt,0000-0003-2839-8164,middle,FALSE,Massachusetts Institute of Technology,https://ror.org/042nb2s44,US,education,"Abdul Latif Jameel Water and Food Systems Lab (J-WAFS), Massachusetts Institute of Technology (MIT), Cambridge, MA 02142, USA"
doi:10.3390/foods13193124,W4402991773,10.3390/foods13193124,A5038278347,A5038278347,Kenneth Strzepek,kenneth strzepek,0000-0002-2677-2581,last,FALSE,International Food Policy Research Institute,https://ror.org/03pxz9p87,US,nonprofit,"Abdul Latif Jameel Water and Food Systems Lab (J-WAFS), Massachusetts Institute of Technology (MIT), Cambridge, MA 02142, USA; International Food Policy Research Institute, Washington, DC 20005, USA"
doi:10.3390/foods13193124,W4402991773,10.3390/foods13193124,A5038278347,A5038278347,Kenneth Strzepek,kenneth strzepek,0000-0002-2677-2581,last,FALSE,Massachusetts Institute of Technology,https://ror.org/042nb2s44,US,education,"Abdul Latif Jameel Water and Food Systems Lab (J-WAFS), Massachusetts Institute of Technology (MIT), Cambridge, MA 02142, USA; International Food Policy Research Institute, Washington, DC 20005, USA"
doi:10.1177/08912424241282425,W4403258135,10.1177/08912424241282425,A5022734861,A5022734861,Allison Bauman,allison bauman,0000-0002-7925-3099,first,TRUE,Colorado State University,https://ror.org/03k1gpj17,US,education,"Department of Agricultural and Resource Economics, Colorado State University, Fort Collins, CO, USA"
doi:10.1177/08912424241282425,W4403258135,10.1177/08912424241282425,A5028492981,A5028492981,Philip Watson,philip watson,0000-0002-0540-2370,middle,FALSE,University of Idaho,https://ror.org/03hbp5t65,US,education,"University of Idaho, Moscow, Idaho, USA"
doi:10.1177/08912424241282425,W4403258135,10.1177/08912424241282425,A5051019392,A5051019392,Dawn Thilmany McFadden,dawn thilmany mcfadden,0000-0002-3974-0888,middle,FALSE,Colorado State University,https://ror.org/03k1gpj17,US,education,"Department of Agricultural and Resource Economics, Colorado State University, Fort Collins, CO, USA"
doi:10.1177/08912424241282425,W4403258135,10.1177/08912424241282425,A5055158106,A5055158106,Becca B.R. Jablonski,becca b r jablonski,0000-0002-6404-039X,middle,FALSE,Colorado State University,https://ror.org/03k1gpj17,US,education,"Department of Agricultural and Resource Economics, Colorado State University, Fort Collins, CO, USA"
doi:10.1177/08912424241282425,W4403258135,10.1177/08912424241282425,A5079435775,A5079435775,Courtney A. Parks,courtney a parks,0000-0002-8989-667X,middle,FALSE,NA,NA,NA,NA,"Center for Nutrition & Health Impact, Omaha, NE, USA"
doi:10.1177/08912424241282425,W4403258135,10.1177/08912424241282425,A5114845981,A5114845981,Taylor Kaminsky,taylor kaminsky,NA,middle,FALSE,NA,NA,NA,NA,"Center for Nutrition & Health Impact, Omaha, NE, USA"
doi:10.1177/08912424241282425,W4403258135,10.1177/08912424241282425,A5029397288,A5029397288,Amy L. Yaroch,amy l yaroch,0000-0001-9390-2449,last,FALSE,NA,NA,NA,NA,"Center for Nutrition & Health Impact, Omaha, NE, USA"
doi:10.1016/j.worlddev.2025.107182,W4416538740,10.1016/j.worlddev.2025.107182,A5049165011,A5049165011,Kajal Gulati,kajal gulati,NA,first,TRUE,Michigan State University,https://ror.org/05hs6h993,US,education,"Michigan State University, East Lansing, MI, USA"
doi:10.1016/j.worlddev.2025.107182,W4416538740,10.1016/j.worlddev.2025.107182,A5087537072,A5087537072,Nicholas Magnan,nicholas magnan,0000-0002-5294-2126,middle,TRUE,Colorado State University,https://ror.org/03k1gpj17,US,education,"Colorado State University, Fort Collins, CO, USA"
doi:10.1016/j.worlddev.2025.107182,W4416538740,10.1016/j.worlddev.2025.107182,A5074314600,A5074314600,Travis J. Lybbert,travis j lybbert,0000-0002-4905-4881,middle,TRUE,"University of California, Davis",https://ror.org/05rrcem69,US,education,"University of California, Davis, CA, USA"
doi:10.1016/j.worlddev.2025.107182,W4416538740,10.1016/j.worlddev.2025.107182,A5045116483,A5045116483,David J. Spielman,david j spielman,0000-0002-6889-7358,last,TRUE,International Food Policy Research Institute,https://ror.org/03pxz9p87,US,nonprofit,"International Food Policy Research Institute, Washington D.C., USA"
doi:10.1007/s10584-023-03612-2,W4387253917,10.1007/s10584-023-03612-2,A5058067093,A5058067093,Todd L. Cherry,todd l cherry,0000-0002-9561-8350,first,TRUE,University of Wyoming,https://ror.org/01485tq96,US,education,"CICERO - Center for International Climate Research, Oslo, Norway; Department of Economics, University of Wyoming, Laramie, WY, USA"
doi:10.1007/s10584-023-03612-2,W4387253917,10.1007/s10584-023-03612-2,A5058067093,A5058067093,Todd L. Cherry,todd l cherry,0000-0002-9561-8350,first,TRUE,CICERO Center for International Climate Research,https://ror.org/01gw5dy53,NO,facility,"CICERO - Center for International Climate Research, Oslo, Norway; Department of Economics, University of Wyoming, Laramie, WY, USA"
doi:10.1007/s10584-023-03612-2,W4387253917,10.1007/s10584-023-03612-2,A5037955637,A5037955637,Stephan Kroll,stephan kroll,NA,middle,FALSE,Colorado State University,https://ror.org/03k1gpj17,US,education,"Department of Agricultural and Resource Economics, Colorado State University, Fort Collins, CO, USA"
doi:10.1007/s10584-023-03612-2,W4387253917,10.1007/s10584-023-03612-2,A5013955150,A5013955150,David M. McEvoy,david m mcevoy,0000-0001-7466-3681,last,FALSE,Appalachian State University,https://ror.org/051m4vc48,US,education,"Department of Economics, Appalachian State University, Boone, NC, USA"
doi:10.1017/s1742170523000145,W4366223024,10.1017/s1742170523000145,A5073977468,A5073977468,Rebecca Hill,rebecca hill,0000-0003-1421-6550,first,TRUE,Colorado State University,https://ror.org/03k1gpj17,US,education,"Office of Engagement and Extension, Colorado State University, Fort Collins, CO, USA"
doi:10.1017/s1742170523000145,W4366223024,10.1017/s1742170523000145,A5055158106,A5055158106,Becca B.R. Jablonski,becca b r jablonski,0000-0002-6404-039X,middle,FALSE,Colorado State University,https://ror.org/03k1gpj17,US,education,"Department of Agricultural and Resource Economics, Colorado State University, Fort Collins, CO, USA"
doi:10.1017/s1742170523000145,W4366223024,10.1017/s1742170523000145,A5051581053,A5051581053,Laney Van,laney van,NA,middle,FALSE,Colorado State University,https://ror.org/03k1gpj17,US,education,"Department of Agricultural and Resource Economics, Colorado State University, Fort Collins, CO, USA"
doi:10.1017/s1742170523000145,W4366223024,10.1017/s1742170523000145,A5100432552,A5100432552,Ming Wang,ming wang,0000-0002-1223-3421,middle,FALSE,Colorado State University,https://ror.org/03k1gpj17,US,education,"Department of Agricultural and Resource Economics, Colorado State University, Fort Collins, CO, USA"
doi:10.1017/s1742170523000145,W4366223024,10.1017/s1742170523000145,A5043455709,A5043455709,Buddhika Patalee,buddhika patalee,NA,middle,FALSE,University of Kentucky,https://ror.org/02k3smh20,US,education,"Department of Agricultural Economics, University of Kentucky, Lexington, KY, USA"
doi:10.1017/s1742170523000145,W4366223024,10.1017/s1742170523000145,A5083090282,A5083090282,Jonathan D. Shepherd,jonathan d shepherd,NA,middle,FALSE,University of Kentucky,https://ror.org/02k3smh20,US,education,"Department of Agricultural Economics, University of Kentucky, Lexington, KY, USA"
doi:10.1017/s1742170523000145,W4366223024,10.1017/s1742170523000145,A5050650942,A5050650942,Matt LeRoux,matt leroux,NA,middle,FALSE,Cornell University,https://ror.org/05bnh6r87,US,education,"Department of Applied Economics, Cornell University, Ithaca, NY, USA"
doi:10.1017/s1742170523000145,W4366223024,10.1017/s1742170523000145,A5035319098,A5035319098,Tyler Mark,tyler mark,0000-0001-8059-0116,middle,FALSE,University of Kentucky,https://ror.org/02k3smh20,US,education,"Department of Agricultural Economics, University of Kentucky, Lexington, KY, USA"
doi:10.1017/s1742170523000145,W4366223024,10.1017/s1742170523000145,A5080323738,A5080323738,Daniel F. Mooney,daniel f mooney,0000-0002-5056-9102,middle,FALSE,Colorado State University,https://ror.org/03k1gpj17,US,education,"Department of Agricultural and Resource Economics, Colorado State University, Fort Collins, CO, USA"
doi:10.1017/s1742170523000145,W4366223024,10.1017/s1742170523000145,A5057015263,A5057015263,Dawn Thilmany,dawn thilmany,NA,last,FALSE,Colorado State University,https://ror.org/03k1gpj17,US,education,"Department of Agricultural and Resource Economics, Colorado State University, Fort Collins, CO, USA"
doi:10.1007/s10640-024-00854-1,W4393221258,10.1007/s10640-024-00854-1,A5058067093,A5058067093,Todd L. Cherry,todd l cherry,0000-0002-9561-8350,first,TRUE,University of Wyoming,https://ror.org/01485tq96,US,education,"CICERO Center for International Climate Research, Oslo, Norway; Department of Economics, University of Wyoming, Laramie, WY, USA"
doi:10.1007/s10640-024-00854-1,W4393221258,10.1007/s10640-024-00854-1,A5058067093,A5058067093,Todd L. Cherry,todd l cherry,0000-0002-9561-8350,first,TRUE,CICERO Center for International Climate Research,https://ror.org/01gw5dy53,NO,facility,"CICERO Center for International Climate Research, Oslo, Norway; Department of Economics, University of Wyoming, Laramie, WY, USA"
doi:10.1007/s10640-024-00854-1,W4393221258,10.1007/s10640-024-00854-1,A5037955637,A5037955637,Stephan Kroll,stephan kroll,NA,middle,FALSE,Colorado State University,https://ror.org/03k1gpj17,US,education,"Department of Agricultural and Resource Economics, Colorado State University, Fort Collins, CO, USA"
doi:10.1007/s10640-024-00854-1,W4393221258,10.1007/s10640-024-00854-1,A5013955150,A5013955150,David M. McEvoy,david m mcevoy,0000-0001-7466-3681,middle,FALSE,Appalachian State University,https://ror.org/051m4vc48,US,education,"Department of Economics, Appalachian State University, Boone, NC, USA"
doi:10.1007/s10640-024-00854-1,W4393221258,10.1007/s10640-024-00854-1,A5046588935,A5046588935,David Campoverde,david campoverde,0000-0001-9079-4577,last,FALSE,University of Wyoming,https://ror.org/01485tq96,US,education,"Department of Economics, University of Wyoming, Laramie, WY, USA"
doi:10.1080/10871209.2024.2414880,W4403767062,10.1080/10871209.2024.2414880,A5079480306,A5079480306,Rae Nickerson,rae nickerson,0000-0003-2642-754X,first,TRUE,Colorado State University,https://ror.org/03k1gpj17,US,education,"Colorado State University; Department of Ecosystem Science and Sustainability, Colorado State University, Fort Collins, Colorado, USA"
doi:10.1080/10871209.2024.2414880,W4403767062,10.1080/10871209.2024.2414880,A5070917361,A5070917361,Dana L. Hoag,dana l hoag,0000-0001-7660-6832,middle,FALSE,Resource (United States),https://ror.org/002sg8b56,US,company,"Colorado State University; Department of Agriculture and Resource Economics, Colorado State University, Fort Collins, Colorado, USA"
doi:10.1080/10871209.2024.2414880,W4403767062,10.1080/10871209.2024.2414880,A5070917361,A5070917361,Dana L. Hoag,dana l hoag,0000-0001-7660-6832,middle,FALSE,Colorado State University,https://ror.org/03k1gpj17,US,education,"Colorado State University; Department of Agriculture and Resource Economics, Colorado State University, Fort Collins, Colorado, USA"
doi:10.1080/10871209.2024.2414880,W4403767062,10.1080/10871209.2024.2414880,A5013632112,A5013632112,Paul Evangelista,paul evangelista,0000-0003-4750-8314,middle,FALSE,Colorado State University,https://ror.org/03k1gpj17,US,education,"Colorado State University; Department of Ecosystem Science and Sustainability, Colorado State University, Fort Collins, Colorado, USA"
doi:10.1080/10871209.2024.2414880,W4403767062,10.1080/10871209.2024.2414880,A5017545413,A5017545413,Rebecca M. Niemiec,rebecca m niemiec,0000-0002-7561-8951,middle,FALSE,Colorado State University,https://ror.org/03k1gpj17,US,education,"Colorado State University; Department of Human Dimensions of Wildlife, Colorado State University, Fort Collins, Colorado, USA"
doi:10.1080/10871209.2024.2414880,W4403767062,10.1080/10871209.2024.2414880,A5061725366,A5061725366,Alex Few,alex few,NA,middle,FALSE,Jackson Memorial Hospital,https://ror.org/02y070a55,US,healthcare,"Jackson Hole Land Trust; Jackson Hole Land Trust, Jackson, Wyoming, USA"
doi:10.1080/10871209.2024.2414880,W4403767062,10.1080/10871209.2024.2414880,A5061725366,A5061725366,Alex Few,alex few,NA,middle,FALSE,Education Trust,https://ror.org/0337vmn97,US,nonprofit,"Jackson Hole Land Trust; Jackson Hole Land Trust, Jackson, Wyoming, USA"
doi:10.1080/10871209.2024.2414880,W4403767062,10.1080/10871209.2024.2414880,A5032721246,A5032721246,Stewart W. Breck,stewart w breck,0000-0003-3138-1929,last,FALSE,Animal and Plant Health Inspection Service,https://ror.org/0599wfz09,US,government,"National Wildlife Research Center; United States Department of Agriculture, Wildlife Services, National Wildlife Research Center, Fort Collins, Colorado, USA"
doi:10.1080/10871209.2024.2414880,W4403767062,10.1080/10871209.2024.2414880,A5032721246,A5032721246,Stewart W. Breck,stewart w breck,0000-0003-3138-1929,last,FALSE,United States Department of Agriculture,https://ror.org/01na82s61,US,government,"National Wildlife Research Center; United States Department of Agriculture, Wildlife Services, National Wildlife Research Center, Fort Collins, Colorado, USA"
doi:10.1080/10871209.2024.2414880,W4403767062,10.1080/10871209.2024.2414880,A5032721246,A5032721246,Stewart W. Breck,stewart w breck,0000-0003-3138-1929,last,FALSE,Life Services (United States),https://ror.org/021cmds57,US,company,"National Wildlife Research Center; United States Department of Agriculture, Wildlife Services, National Wildlife Research Center, Fort Collins, Colorado, USA"
doi:10.1080/10871209.2024.2414880,W4403767062,10.1080/10871209.2024.2414880,A5032721246,A5032721246,Stewart W. Breck,stewart w breck,0000-0003-3138-1929,last,FALSE,National Wildlife Research Center,https://ror.org/05vw05p26,NA,facility,"National Wildlife Research Center; United States Department of Agriculture, Wildlife Services, National Wildlife Research Center, Fort Collins, Colorado, USA"
doi:10.1016/j.worlddev.2025.107078,W4412025049,10.1016/j.worlddev.2025.107078,A5000619643,A5000619643,Aditi Kadam,aditi kadam,0000-0003-0299-8161,first,FALSE,University of Georgia,https://ror.org/00te3t702,US,education,"University of Georgia, Agricultural & Applied Economics Department, United States of America"
doi:10.1016/j.worlddev.2025.107078,W4412025049,10.1016/j.worlddev.2025.107078,A5000619643,A5000619643,Aditi Kadam,aditi kadam,0000-0003-0299-8161,first,FALSE,Agricultural & Applied Economics Association,https://ror.org/04e5cyn06,US,nonprofit,"University of Georgia, Agricultural & Applied Economics Department, United States of America"
doi:10.1016/j.worlddev.2025.107078,W4412025049,10.1016/j.worlddev.2025.107078,A5059127417,A5059127417,Ellen McCullough,ellen mccullough,0000-0002-5750-2517,middle,TRUE,University of Georgia,https://ror.org/00te3t702,US,education,"University of Georgia, Agricultural & Applied Economics Department, United States of America"
doi:10.1016/j.worlddev.2025.107078,W4412025049,10.1016/j.worlddev.2025.107078,A5059127417,A5059127417,Ellen McCullough,ellen mccullough,0000-0002-5750-2517,middle,TRUE,Agricultural & Applied Economics Association,https://ror.org/04e5cyn06,US,nonprofit,"University of Georgia, Agricultural & Applied Economics Department, United States of America"
doi:10.1016/j.worlddev.2025.107078,W4412025049,10.1016/j.worlddev.2025.107078,A5054874738,A5054874738,Tamara McGavock,tamara mcgavock,0000-0002-9119-8440,middle,FALSE,Grinnell College,https://ror.org/04tmmky42,US,education,"Grinnell College, Department of Economics, United States of America"
doi:10.1016/j.worlddev.2025.107078,W4412025049,10.1016/j.worlddev.2025.107078,A5087537072,A5087537072,Nicholas Magnan,nicholas magnan,0000-0002-5294-2126,last,FALSE,Agricultural & Applied Economics Association,https://ror.org/04e5cyn06,US,nonprofit,"Colorado State University, Department of Agricultural and Resource Economics, United States of America"
doi:10.1126/science.adz3885,W4412622914,10.1126/science.adz3885,A5069304951,A5069304951,Craig E. Landry,craig e landry,0000-0002-1140-5973,first,FALSE,University of Georgia,https://ror.org/00te3t702,US,education,"Department of Agricultural and Applied Economics, University of Georgia, Athens, GA, USA"
doi:10.1126/science.adz3885,W4412622914,10.1126/science.adz3885,A5007448841,A5007448841,Lynne Lewis,lynne lewis,NA,middle,FALSE,Colorado State University,https://ror.org/03k1gpj17,US,education,"Department of Agricultural and Resource Economics, Colorado State University, Fort Collins, CO, USA"
doi:10.1126/science.adz3885,W4412622914,10.1126/science.adz3885,A5027406535,A5027406535,Shana M. McDermott,shana m mcdermott,0000-0002-1005-5481,middle,FALSE,University of Missouri,https://ror.org/02ymw8z06,US,education,"Department of Economics, University of Missouri, Columbia, MO, USA"
doi:10.1126/science.adz3885,W4412622914,10.1126/science.adz3885,A5017237653,A5017237653,Brian Vander Naald,brian vander naald,0000-0002-6241-3666,middle,FALSE,Drake University,https://ror.org/001skmk61,US,education,"Department of Accounting, Economics, Finance, and Business Law, Drake University, Des Moines, IA, USA"
doi:10.1126/science.adz3885,W4412622914,10.1126/science.adz3885,A5041478191,A5041478191,Martin D. Smith,martin d smith,0000-0002-4714-463X,middle,FALSE,Duke University,https://ror.org/00py81415,US,education,"Nicholas School of the Environment, Duke University, Durham, NC, USA"
doi:10.1126/science.adz3885,W4412622914,10.1126/science.adz3885,A5013207060,A5013207060,John C. Whitehead,john c whitehead,0000-0001-7639-5246,last,FALSE,Appalachian State University,https://ror.org/051m4vc48,US,education,"Department of Economics, Appalachian State University, Boone, NC, USA"
doi:10.1111/cobi.70326,W7161155482,10.1111/cobi.70326,A5038468674,A5038468674,Benjamin Ghasemi,benjamin ghasemi,0000-0002-1606-8953,first,TRUE,Texas A&M University,https://ror.org/01f5ytq51,US,education,"Department of Rangeland, Wildlife, and Fisheries Management Texas A&amp;M University  College Station Texas USA"
doi:10.1111/cobi.70326,W7161155482,10.1111/cobi.70326,A5136186505,A5136186505,Gerard Kyle,gerard kyle,0000-0002-6944-9020,middle,FALSE,Texas A&M University,https://ror.org/01f5ytq51,US,education,"Department of Rangeland, Wildlife, and Fisheries Management Texas A&amp;M University  College Station Texas USA"
doi:10.1111/cobi.70326,W7161155482,10.1111/cobi.70326,A5136161477,A5136161477,Tara Teel,tara teel,0000-0002-1944-1864,middle,FALSE,Colorado State University,https://ror.org/03k1gpj17,US,education,Department of Human Dimensions of Natural Resources Colorado State University  Fort Collins Colorado USA
doi:10.1111/cobi.70326,W7161155482,10.1111/cobi.70326,A5136178374,A5136178374,Rebeca Niemiec,rebeca niemiec,0000-0002-7561-8951,middle,FALSE,Colorado State University,https://ror.org/03k1gpj17,US,education,Department of Human Dimensions of Natural Resources Colorado State University  Fort Collins Colorado USA
doi:10.1111/cobi.70326,W7161155482,10.1111/cobi.70326,A5123444264,A5123444264,Kevin Crooks,kevin crooks,NA,middle,FALSE,Colorado State University,https://ror.org/03k1gpj17,US,education,"Department of Fish, Wildlife, and Conservation Biology Colorado State University  Fort Collins Colorado USA"
doi:10.1111/cobi.70326,W7161155482,10.1111/cobi.70326,A5084083482,A5084083482,Jenny Anne Glikman,jenny anne glikman,0000-0002-0208-5488,middle,FALSE,Instituto de Estudios Sociales Avanzados,https://ror.org/054df1z79,ES,facility,Instituto de Estudios Sociales Avanzados (IESA‐CSIC)  Córdoba Spain
doi:10.1111/cobi.70326,W7161155482,10.1111/cobi.70326,A5136176431,A5136176431,Neil H. Carter,neil h carter,0000-0002-4399-6384,middle,FALSE,University of Michigan,https://ror.org/00jmfr291,US,education,School for Environment and Sustainability University of Michigan  Ann Arbor Michigan USA
doi:10.1111/cobi.70326,W7161155482,10.1111/cobi.70326,A5011647139,A5011647139,John A. Vucetich,john a vucetich,0000-0002-8400-7415,middle,FALSE,Michigan Technological University,https://ror.org/0036rpn28,US,education,College of Forest Resources and Environmental Science Michigan Technological University  Houghton Michigan USA
doi:10.1111/cobi.70326,W7161155482,10.1111/cobi.70326,A5057065751,A5057065751,Michelle L. Lute,michelle l lute,0000-0001-5396-6026,middle,FALSE,NA,NA,NA,NA,Wildlife for All  Pena Blanca New Mexico USA
doi:10.1111/cobi.70326,W7161155482,10.1111/cobi.70326,A5135649520,A5135649520,Stewart Breck,stewart breck,NA,middle,FALSE,Colorado State University,https://ror.org/03k1gpj17,US,education,"Department of Fish, Wildlife, and Conservation Biology Colorado State University  Fort Collins Colorado USA"
doi:10.1111/cobi.70326,W7161155482,10.1111/cobi.70326,A5057688843,A5057688843,Béatrice Frank,beatrice frank,0000-0002-4326-2567,middle,FALSE,University of Victoria,https://ror.org/04s5mat29,CA,education,Georgia Strait Alliance and School of Environmental Studies University of Victoria  Victoria British Columbia Canada
doi:10.1111/cobi.70326,W7161155482,10.1111/cobi.70326,A5136161359,A5136161359,Dana Hoag,dana hoag,NA,middle,FALSE,Resource (United States),https://ror.org/002sg8b56,US,company,Department of Agricultural and Resource Economics Colorado State University  Fort Collins Colorado USA
doi:10.1111/cobi.70326,W7161155482,10.1111/cobi.70326,A5136161359,A5136161359,Dana Hoag,dana hoag,NA,middle,FALSE,Colorado State University,https://ror.org/03k1gpj17,US,education,Department of Agricultural and Resource Economics Colorado State University  Fort Collins Colorado USA
doi:10.1111/cobi.70326,W7161155482,10.1111/cobi.70326,A5135628065,A5135628065,Jonathan Salerno,jonathan salerno,0000-0001-9402-6479,middle,FALSE,Colorado State University,https://ror.org/03k1gpj17,US,education,Department of Human Dimensions of Natural Resources Colorado State University  Fort Collins Colorado USA; Graduate Degree Program in Ecology Colorado State University  Fort Collins Colorado USA
doi:10.1111/cobi.70326,W7161155482,10.1111/cobi.70326,A5136124206,A5136124206,Lily M. van Eeden,lily m van eeden,0000-0002-0456-9670,middle,FALSE,RMIT University,https://ror.org/04ttjf776,AU,education,School of Science RMIT University  Melbourne Victoria Australia
doi:10.1111/cobi.70326,W7161155482,10.1111/cobi.70326,A5021208432,A5021208432,Jeremy T. Bruskotter,jeremy t bruskotter,0000-0002-1782-7835,last,FALSE,Michigan State University,https://ror.org/05hs6h993,US,education,Department of Community Sustainability Michigan State University  East Lansing Michigan USA
doi:10.3390/su13169375,W3193515861,10.3390/su13169375,A5033751995,A5033751995,Erich Von Stroheim,erich von stroheim,NA,first,TRUE,Colorado State University,https://ror.org/03k1gpj17,US,education,"Department of Sociology, Colorado State University, Fort Collins, CO 80523, USA"
doi:10.3390/su13169375,W3193515861,10.3390/su13169375,A5111347479,A5111347479,Dana Loyd Keske Hoag,dana loyd keske hoag,NA,last,FALSE,Colorado State University,https://ror.org/03k1gpj17,US,education,"Department of Agricultural & Resource Economics, Colorado State University, Fort Collins, CO 80523, USA"
doi:10.1093/qopen/qoab006,W3160910648,10.1093/qopen/qoab006,A5103278178,A5103278178,Thomas C. Brown,thomas c brown,0000-0002-8347-7546,first,TRUE,US Forest Service,https://ror.org/03zmjc935,US,government,"Rocky Mountain Research Station, US Forest Service, Fort Collins, Colorado, USA"
doi:10.1093/qopen/qoab006,W3160910648,10.1093/qopen/qoab006,A5103278178,A5103278178,Thomas C. Brown,thomas c brown,0000-0002-8347-7546,first,TRUE,Rocky Mountain Research Station,https://ror.org/04347cr60,US,government,"Rocky Mountain Research Station, US Forest Service, Fort Collins, Colorado, USA"
doi:10.1093/qopen/qoab006,W3160910648,10.1093/qopen/qoab006,A5037955637,A5037955637,Stephan Kroll,stephan kroll,NA,last,FALSE,Resource (United States),https://ror.org/002sg8b56,US,company,"Department of Agricultural and Resource Economics, Colorado State University, Fort Collins, Colorado, USA"
doi:10.1093/qopen/qoab006,W3160910648,10.1093/qopen/qoab006,A5037955637,A5037955637,Stephan Kroll,stephan kroll,NA,last,FALSE,Colorado State University,https://ror.org/03k1gpj17,US,education,"Department of Agricultural and Resource Economics, Colorado State University, Fort Collins, Colorado, USA"
doi:10.1080/19439342.2024.2319657,W4392906477,10.1080/19439342.2024.2319657,A5108909495,A5108909495,Sean Posey,sean posey,NA,first,FALSE,Tennessee State University,https://ror.org/01fpczx89,US,education,"Agricultural and Environmental Science, Tennessee State University, Nashville, USA"
doi:10.1080/19439342.2024.2319657,W4392906477,10.1080/19439342.2024.2319657,A5087537072,A5087537072,Nicholas Magnan,nicholas magnan,0000-0002-5294-2126,middle,TRUE,University of Georgia,https://ror.org/00te3t702,US,education,"Agricultural and Applied Economics, University of Georgia, Athens, USA; Department of Agricultural and Resource Economics, Colorado State University, Fort Collins, USA"
doi:10.1080/19439342.2024.2319657,W4392906477,10.1080/19439342.2024.2319657,A5087537072,A5087537072,Nicholas Magnan,nicholas magnan,0000-0002-5294-2126,middle,TRUE,Colorado State University,https://ror.org/03k1gpj17,US,education,"Agricultural and Applied Economics, University of Georgia, Athens, USA; Department of Agricultural and Resource Economics, Colorado State University, Fort Collins, USA"
doi:10.1080/19439342.2024.2319657,W4392906477,10.1080/19439342.2024.2319657,A5059127417,A5059127417,Ellen McCullough,ellen mccullough,0000-0002-5750-2517,middle,FALSE,University of Georgia,https://ror.org/00te3t702,US,education,"Agricultural and Applied Economics, University of Georgia, Athens, USA"
doi:10.1080/19439342.2024.2319657,W4392906477,10.1080/19439342.2024.2319657,A5037585926,A5037585926,Vivian Hoffmann,vivian hoffmann,0000-0002-6464-3748,middle,FALSE,International Food Policy Research Institute,https://ror.org/03pxz9p87,US,nonprofit,"Carleton University, Ottawa, Canada; Markets, Trade, and Institutions Division, International Food Policy Research Institute, Washington, DC, USA"
doi:10.1080/19439342.2024.2319657,W4392906477,10.1080/19439342.2024.2319657,A5037585926,A5037585926,Vivian Hoffmann,vivian hoffmann,0000-0002-6464-3748,middle,FALSE,Carleton University,https://ror.org/02qtvee93,CA,education,"Carleton University, Ottawa, Canada; Markets, Trade, and Institutions Division, International Food Policy Research Institute, Washington, DC, USA"
doi:10.1080/19439342.2024.2319657,W4392906477,10.1080/19439342.2024.2319657,A5073874636,A5073874636,Nelson Opoku,nelson opoku,0000-0002-6691-8178,middle,FALSE,University for Development Studies,https://ror.org/052nhnq73,GH,education,"Biotechnology, University for Development Studies, Nyankpala, Ghana"
doi:10.1080/19439342.2024.2319657,W4392906477,10.1080/19439342.2024.2319657,A5094179490,A5094179490,Abdul-Hafiz Alidu,abdul hafiz alidu,NA,last,FALSE,University of Jyväskylä,https://ror.org/05n3dz165,FI,education,"Biotechnology, University of Jyväskylä, Jyväskylä, Finland"
doi:10.1016/j.jdeveco.2024.103414,W4405747403,10.1016/j.jdeveco.2024.103414,A5010327778,A5010327778,Sarah Janzen,sarah janzen,0000-0002-0256-2192,first,FALSE,University of Illinois System,https://ror.org/05e94g991,US,education,"University of Illinois, United States of America"
doi:10.1016/j.jdeveco.2024.103414,W4405747403,10.1016/j.jdeveco.2024.103414,A5087537072,A5087537072,Nicholas Magnan,nicholas magnan,0000-0002-5294-2126,middle,TRUE,Colorado State University,https://ror.org/03k1gpj17,US,education,"Colorado State University, United States of America"
doi:10.1016/j.jdeveco.2024.103414,W4405747403,10.1016/j.jdeveco.2024.103414,A5087129296,A5087129296,Conner Mullally,conner mullally,0000-0001-5551-332X,middle,FALSE,University of Florida,https://ror.org/02y3ad647,US,education,"University of Florida, United States of America"
doi:10.1016/j.jdeveco.2024.103414,W4405747403,10.1016/j.jdeveco.2024.103414,A5100349679,A5100349679,Shruti Sharma,shruti sharma,0000-0003-0446-2942,middle,FALSE,Bank of America,https://ror.org/006tvg625,US,other,"US Bank, United States of America"
doi:10.1016/j.jdeveco.2024.103414,W4405747403,10.1016/j.jdeveco.2024.103414,A5109907480,A5109907480,Bhola Shrestha,bhola shrestha,NA,last,FALSE,Heifer International,https://ror.org/04pmfqr73,US,nonprofit,"Heifer International, Nepal"
doi:10.1002/9780470282014.ch14,W1482969843,10.1002/9780470282014.ch14,A5033025249,A5033025249,A. B. Bennett,a b bennett,0000-0002-3684-4307,first,TRUE,California Department of Food and Agriculture,https://ror.org/04ma4gj04,US,government,"Public Intellectual Property Resource for Agriculture, Department of Plant Sciences, Plant Reproductive Biology Building, Extension Center Circle, One Shields Avenue, University of California, Davis, CA, 95616-8631, USA; Public Intellectual Property Resource for Agriculture, Department of Plant Sciences, Plant Reproductive Biology Building, Extension Center Circle, One Shields Avenue, University of California, Davis, CA, 95616‐8631, USA"
doi:10.1002/9780470282014.ch14,W1482969843,10.1002/9780470282014.ch14,A5033025249,A5033025249,A. B. Bennett,a b bennett,0000-0002-3684-4307,first,TRUE,"University of California, Davis",https://ror.org/05rrcem69,US,education,"Public Intellectual Property Resource for Agriculture, Department of Plant Sciences, Plant Reproductive Biology Building, Extension Center Circle, One Shields Avenue, University of California, Davis, CA, 95616-8631, USA; Public Intellectual Property Resource for Agriculture, Department of Plant Sciences, Plant Reproductive Biology Building, Extension Center Circle, One Shields Avenue, University of California, Davis, CA, 95616‐8631, USA"
doi:10.1002/9780470282014.ch14,W1482969843,10.1002/9780470282014.ch14,A5020979519,A5020979519,Cecilia L. Chi‐Ham,cecilia l chi ham,NA,middle,TRUE,California Department of Food and Agriculture,https://ror.org/04ma4gj04,US,government,"Public Intellectual Property Resource for Agriculture, Department of Plant Sciences, Plant Reproductive Biology Building, Extension Center Circle, One Shields Avenue, University of California, Davis, CA, 95616-8631, USA; Public Intellectual Property Resource for Agriculture, Department of Plant Sciences, Plant Reproductive Biology Building, Extension Center Circle, One Shields Avenue, University of California, Davis, CA, 95616‐8631, USA"
doi:10.1002/9780470282014.ch14,W1482969843,10.1002/9780470282014.ch14,A5020979519,A5020979519,Cecilia L. Chi‐Ham,cecilia l chi ham,NA,middle,TRUE,"University of California, Davis",https://ror.org/05rrcem69,US,education,"Public Intellectual Property Resource for Agriculture, Department of Plant Sciences, Plant Reproductive Biology Building, Extension Center Circle, One Shields Avenue, University of California, Davis, CA, 95616-8631, USA; Public Intellectual Property Resource for Agriculture, Department of Plant Sciences, Plant Reproductive Biology Building, Extension Center Circle, One Shields Avenue, University of California, Davis, CA, 95616‐8631, USA"
doi:10.1002/9780470282014.ch14,W1482969843,10.1002/9780470282014.ch14,A5009186307,A5009186307,G. D. Graff,g d graff,0000-0002-9140-0901,middle,TRUE,California Department of Food and Agriculture,https://ror.org/04ma4gj04,US,government,"Public Intellectual Property Resource for Agriculture, Department of Plant Sciences, Plant Reproductive Biology Building, Extension Center Circle, One Shields Avenue, University of California, Davis, CA, 95616-8631, USA; Public Intellectual Property Resource for Agriculture, Department of Plant Sciences, Plant Reproductive Biology Building, Extension Center Circle, One Shields Avenue, University of California, Davis, CA, 95616‐8631, USA"
doi:10.1002/9780470282014.ch14,W1482969843,10.1002/9780470282014.ch14,A5009186307,A5009186307,G. D. Graff,g d graff,0000-0002-9140-0901,middle,TRUE,"University of California, Davis",https://ror.org/05rrcem69,US,education,"Public Intellectual Property Resource for Agriculture, Department of Plant Sciences, Plant Reproductive Biology Building, Extension Center Circle, One Shields Avenue, University of California, Davis, CA, 95616-8631, USA; Public Intellectual Property Resource for Agriculture, Department of Plant Sciences, Plant Reproductive Biology Building, Extension Center Circle, One Shields Avenue, University of California, Davis, CA, 95616‐8631, USA"
doi:10.1002/9780470282014.ch14,W1482969843,10.1002/9780470282014.ch14,A5079224348,A5079224348,Sara Boettiger,sara boettiger,NA,last,TRUE,California Department of Food and Agriculture,https://ror.org/04ma4gj04,US,government,"Public Intellectual Property Resource for Agriculture, Department of Plant Sciences, Plant Reproductive Biology Building, Extension Center Circle, One Shields Avenue, University of California, Davis, CA, 95616-8631, USA; Public Intellectual Property Resource for Agriculture, Department of Plant Sciences, Plant Reproductive Biology Building, Extension Center Circle, One Shields Avenue, University of California, Davis, CA, 95616‐8631, USA"
doi:10.1002/9780470282014.ch14,W1482969843,10.1002/9780470282014.ch14,A5079224348,A5079224348,Sara Boettiger,sara boettiger,NA,last,TRUE,"University of California, Davis",https://ror.org/05rrcem69,US,education,"Public Intellectual Property Resource for Agriculture, Department of Plant Sciences, Plant Reproductive Biology Building, Extension Center Circle, One Shields Avenue, University of California, Davis, CA, 95616-8631, USA; Public Intellectual Property Resource for Agriculture, Department of Plant Sciences, Plant Reproductive Biology Building, Extension Center Circle, One Shields Avenue, University of California, Davis, CA, 95616‐8631, USA"
doi:10.2139/ssrn.4892791,W4400683073,10.2139/ssrn.4892791,A5009186307,A5009186307,G. D. Graff,g d graff,0000-0002-9140-0901,first,TRUE,Colorado State University,https://ror.org/03k1gpj17,US,education,"Colorado State University, Fort Collins"
doi:10.2139/ssrn.4892791,W4400683073,10.2139/ssrn.4892791,A5104602165,A5104602165,Charles deGrazia,charles degrazia,NA,middle,FALSE,NA,NA,NA,NA,EMLV
doi:10.2139/ssrn.4892791,W4400683073,10.2139/ssrn.4892791,A5031398578,A5031398578,Nicholas E. Rada,nicholas e rada,NA,last,FALSE,United States Patent and Trademark Office,https://ror.org/0114yjq47,US,government,United States Patent and Trademark Office (USPTO)
doi:10.22004/ag.econ.311308,W3203596447,10.22004/ag.econ.311308,A5039208828,A5039208828,Alexandra Hill,alexandra hill,NA,first,FALSE,NA,NA,NA,NA,
doi:10.22004/ag.econ.311308,W3203596447,10.22004/ag.econ.311308,A5018139036,A5018139036,Philip Martin,philip martin,0000-0002-8456-9725,middle,FALSE,NA,NA,NA,NA,
doi:10.22004/ag.econ.311308,W3203596447,10.22004/ag.econ.311308,name:hill alexandra e,NA,"Hill, Alexandra E.",hill alexandra e,NA,middle,FALSE,NA,NA,NA,NA,
doi:10.22004/ag.econ.311308,W3203596447,10.22004/ag.econ.311308,name:martin philip,NA,"Martin, Philip",martin philip,NA,last,FALSE,NA,NA,NA,NA,
doi:10.4337/9781788114288.00018,W4210786184,10.4337/9781788114288.00018,A5037955637,A5037955637,Stephan Kroll,stephan kroll,NA,first,TRUE,NA,NA,NA,NA,
doi:10.1002/aepp.13302,W4283262314,10.1002/aepp.13302,A5112848169,A5112848169,Joshua G. Maples,joshua g maples,NA,first,TRUE,Mississippi State University,https://ror.org/0432jq872,US,education,"Department of Agricultural Economics Mississippi State University  Starkville Mississippi USA; Department of Agricultural Economics, Mississippi State University, Starkville, Mississippi, USA"
doi:10.1002/aepp.13302,W4283262314,10.1002/aepp.13302,A5103054787,A5103054787,J. Mitchell,j mitchell,0000-0003-4505-2923,middle,FALSE,University of Arkansas at Fayetteville,https://ror.org/05jbt9m15,US,education,"Department of Agricultural Economics and Agribusiness University of Arkansas  Fayetteville Arkansas USA; Department of Agricultural Economics and Agribusiness, University of Arkansas, Fayetteville, Arkansas, USA"
doi:10.1002/aepp.13302,W4283262314,10.1002/aepp.13302,A5101604557,A5101604557,David P. Anderson,david p anderson,0000-0003-1308-9385,middle,FALSE,Agricultural & Applied Economics Association,https://ror.org/04e5cyn06,US,nonprofit,"Department of Agricultural Economics Texas A&amp;M University  College Station Texas USA; Department of Agricultural Economics, Texas A&M University, College Station, Texas, USA"
doi:10.1002/aepp.13302,W4283262314,10.1002/aepp.13302,A5101604557,A5101604557,David P. Anderson,david p anderson,0000-0003-1308-9385,middle,FALSE,Texas A&M University,https://ror.org/01f5ytq51,US,education,"Department of Agricultural Economics Texas A&amp;M University  College Station Texas USA; Department of Agricultural Economics, Texas A&M University, College Station, Texas, USA"
doi:10.1002/aepp.13302,W4283262314,10.1002/aepp.13302,A5085366654,A5085366654,John D. Anderson,john d anderson,0000-0003-3059-5562,middle,FALSE,University of Arkansas at Fayetteville,https://ror.org/05jbt9m15,US,education,"Department of Agricultural Economics and Agribusiness University of Arkansas  Fayetteville Arkansas USA; Department of Agricultural Economics and Agribusiness, University of Arkansas, Fayetteville, Arkansas, USA"
doi:10.1002/aepp.13302,W4283262314,10.1002/aepp.13302,A5111427659,A5111427659,Christopher T. Bastian,christopher t bastian,NA,middle,FALSE,University of Wyoming,https://ror.org/01485tq96,US,education,"Department of Agricultural and Applied Economics University of Wyoming  Laramie Wyoming USA; Department of Agricultural and Applied Economics, University of Wyoming, Laramie, Wyoming, USA"
doi:10.1002/aepp.13302,W4283262314,10.1002/aepp.13302,A5110199952,A5110199952,Scott M. Brown,scott m brown,NA,middle,FALSE,University of Missouri,https://ror.org/02ymw8z06,US,education,"Department of Agricultural and Applied Economics University of Missouri  Columbia Missouri USA; Department of Agricultural and Applied Economics, University of Missouri, Columbia, Missouri, USA"
doi:10.1002/aepp.13302,W4283262314,10.1002/aepp.13302,A5113798574,A5113798574,Stephen R. Koontz,stephen r koontz,NA,middle,FALSE,Resource (United States),https://ror.org/002sg8b56,US,company,"Department of Agricultural and Resource Economics Colorado State University  Fort Collins Colorado USA; Department of Agricultural and Resource Economics, Colorado State University, Fort Collins, Colorado, USA"
doi:10.1002/aepp.13302,W4283262314,10.1002/aepp.13302,A5113798574,A5113798574,Stephen R. Koontz,stephen r koontz,NA,middle,FALSE,Colorado State University,https://ror.org/03k1gpj17,US,education,"Department of Agricultural and Resource Economics Colorado State University  Fort Collins Colorado USA; Department of Agricultural and Resource Economics, Colorado State University, Fort Collins, Colorado, USA"
doi:10.1002/aepp.13302,W4283262314,10.1002/aepp.13302,A5102764595,A5102764595,Derrell S. Peel,derrell s peel,0000-0002-4469-8725,last,FALSE,Oklahoma State University,https://ror.org/01g9vbr38,US,education,"Department of Agricultural Economics Oklahoma State University  Stillwater Oklahoma USA; Department of Agricultural Economics, Oklahoma State University, Stillwater, Oklahoma, USA"
doi:10.1201/9781003149774-10,W4297516866,10.1201/9781003149774-10,A5009186307,A5009186307,G. D. Graff,g d graff,0000-0002-9140-0901,first,FALSE,NA,NA,NA,NA,
doi:10.1201/9781003149774-10,W4297516866,10.1201/9781003149774-10,A5073726422,A5073726422,Benjamin Nordbrock,benjamin nordbrock,NA,middle,FALSE,NA,NA,NA,NA,
doi:10.1201/9781003149774-10,W4297516866,10.1201/9781003149774-10,A5080412252,A5080412252,Andrew Seidl,andrew seidl,0000-0002-2338-1307,last,FALSE,NA,NA,NA,NA,
doi:10.1201/9781003574040-12,W4403308619,10.1201/9781003574040-12,A5019918201,A5019918201,Jennie S. Hughes-Popp,jennie s hughes popp,NA,first,FALSE,NA,NA,NA,NA,
doi:10.1201/9781003574040-12,W4403308619,10.1201/9781003574040-12,A5090341046,A5090341046,Paul C. Huszar,paul c huszar,NA,middle,FALSE,NA,NA,NA,NA,
doi:10.1201/9781003574040-12,W4403308619,10.1201/9781003574040-12,A5070917361,A5070917361,Dana L. Hoag,dana l hoag,0000-0001-7660-6832,last,FALSE,NA,NA,NA,NA,
doi:10.7717/peerj.20732,W7127181137,10.7717/peerj.20732,A5079480306,A5079480306,Rae Nickerson,rae nickerson,0000-0003-2642-754X,first,FALSE,Colorado State University,https://ror.org/03k1gpj17,US,education,"Department of Ecosystem Science and Sustainability, Colorado State University, Fort Collins, CO,  United States of America"
doi:10.7717/peerj.20732,W7127181137,10.7717/peerj.20732,A5017545413,A5017545413,Rebecca M. Niemiec,rebecca m niemiec,0000-0002-7561-8951,middle,FALSE,Colorado Parks and Wildlife,https://ror.org/032xegc37,US,other,"Department of Human Dimensions of Wildlife, Colorado State University, Fort Collins, CO,  United States of America"
doi:10.7717/peerj.20732,W7127181137,10.7717/peerj.20732,A5017545413,A5017545413,Rebecca M. Niemiec,rebecca m niemiec,0000-0002-7561-8951,middle,FALSE,Colorado State University,https://ror.org/03k1gpj17,US,education,"Department of Human Dimensions of Wildlife, Colorado State University, Fort Collins, CO,  United States of America"
doi:10.7717/peerj.20732,W7127181137,10.7717/peerj.20732,A5023863700,A5023863700,Alexandra P. Few,alexandra p few,NA,middle,FALSE,Jackson College,https://ror.org/00x9kww32,US,education,"Jackson Hole Land Trust, Jackson, WY, United States of America"
doi:10.7717/peerj.20732,W7127181137,10.7717/peerj.20732,A5070917361,A5070917361,Dana L. Hoag,dana l hoag,0000-0001-7660-6832,middle,FALSE,Colorado State University,https://ror.org/03k1gpj17,US,education,"Department of Agriculture and Resource Economics, Colorado State University, Fort Collins, CO,  United States of America"
doi:10.7717/peerj.20732,W7127181137,10.7717/peerj.20732,A5111453718,A5111453718,P. P. Evangelista,p p evangelista,NA,middle,FALSE,Colorado State University,https://ror.org/03k1gpj17,US,education,"Department of Ecosystem Science and Sustainability, Colorado State University, Fort Collins, CO,  United States of America"
doi:10.7717/peerj.20732,W7127181137,10.7717/peerj.20732,A5032721246,A5032721246,Stewart W. Breck,stewart w breck,0000-0003-3138-1929,last,FALSE,Colorado Parks and Wildlife,https://ror.org/032xegc37,US,other,"Wildlife Services, United States Department of Agriculture, Fort Collins, CO, United States of America"
doi:10.7717/peerj.20732,W7127181137,10.7717/peerj.20732,A5032721246,A5032721246,Stewart W. Breck,stewart w breck,0000-0003-3138-1929,last,FALSE,Life Services (United States),https://ror.org/021cmds57,US,company,"Wildlife Services, United States Department of Agriculture, Fort Collins, CO, United States of America"
doi:10.1007/s10640-026-01072-7,W7140229287,10.1007/s10640-026-01072-7,name:todd l cherry,NA,Todd L. Cherry,todd l cherry,NA,first,FALSE,University of Wyoming,https://ror.org/01485tq96,US,education,"CICERO Center for International Climate Research, Norway; Department of Economics, University of Wyoming, Laramie, USA"
doi:10.1007/s10640-026-01072-7,W7140229287,10.1007/s10640-026-01072-7,name:todd l cherry,NA,Todd L. Cherry,todd l cherry,NA,first,FALSE,CICERO Center for International Climate Research,https://ror.org/01gw5dy53,NO,facility,"CICERO Center for International Climate Research, Norway; Department of Economics, University of Wyoming, Laramie, USA"
doi:10.1007/s10640-026-01072-7,W7140229287,10.1007/s10640-026-01072-7,name:stephan kroll,NA,Stephan Kroll,stephan kroll,NA,middle,FALSE,Colorado State University,https://ror.org/03k1gpj17,US,education,"Department of Agricultural and Resource Economics, Colorado State University, Fort Collins, USA"
doi:10.1007/s10640-026-01072-7,W7140229287,10.1007/s10640-026-01072-7,name:david m mcevoy,NA,David M. McEvoy,david m mcevoy,0000-0001-7466-3681,last,TRUE,Appalachian State University,https://ror.org/051m4vc48,US,education,"Department of Economics, Appalachian State University, Boone, USA"
doi:10.1002/ajae.70083,W7164191810,10.1002/ajae.70083,A5009186307,A5009186307,G. D. Graff,g d graff,0000-0002-9140-0901,first,TRUE,Resource (United States),https://ror.org/002sg8b56,US,company,Department of Agricultural and Resource Economics Colorado State University  Fort Collins Colorado USA
doi:10.1002/ajae.70083,W7164191810,10.1002/ajae.70083,A5009186307,A5009186307,G. D. Graff,g d graff,0000-0002-9140-0901,first,TRUE,Colorado State University,https://ror.org/03k1gpj17,US,education,Department of Agricultural and Resource Economics Colorado State University  Fort Collins Colorado USA
doi:10.1002/ajae.70083,W7164191810,10.1002/ajae.70083,A5111391304,A5111391304,C. Grazia,c grazia,NA,middle,FALSE,Vinci (France),https://ror.org/03e278q38,FR,company,De Vinci Research Center De Vinci Higher Education  Paris France
doi:10.1002/ajae.70083,W7164191810,10.1002/ajae.70083,A5031398578,A5031398578,Nicholas E. Rada,nicholas e rada,NA,last,FALSE,United States Patent and Trademark Office,https://ror.org/0114yjq47,US,government,Office of the Chief Economist U.S. Patent and Trademark Office (USPTO)  Arlington Virginia USA
doi:10.22004/ag.econ.404698,W7168092414,10.22004/ag.econ.404698,A5080323738,A5080323738,Daniel F. Mooney,daniel f mooney,0000-0002-5056-9102,first,FALSE,NA,NA,NA,NA,
doi:10.22004/ag.econ.404698,W7168092414,10.22004/ag.econ.404698,A5070917361,A5070917361,Dana L. Hoag,dana l hoag,0000-0001-7660-6832,middle,FALSE,NA,NA,NA,NA,
doi:10.22004/ag.econ.404698,W7168092414,10.22004/ag.econ.404698,A5099124529,A5099124529,Kyle Mankin,kyle mankin,NA,last,FALSE,NA,NA,NA,NA,
doi:10.1016/j.gfs.2025.100840,W4408565318,10.1016/j.gfs.2025.100840,A5044943282,A5044943282,Clare E. Kazanski,clare e kazanski,0000-0001-7432-5666,first,TRUE,The Nature Conservancy,https://ror.org/0563w1497,US,nonprofit,"North America Region, The Nature Conservancy, Minneapolis, MN, USA"
doi:10.1016/j.gfs.2025.100840,W4408565318,10.1016/j.gfs.2025.100840,A5113340620,A5113340620,Mulubhran Balehegn,mulubhran balehegn,0000-0001-6832-8369,middle,FALSE,The Nature Conservancy,https://ror.org/0563w1497,US,nonprofit,"North America Region, The Nature Conservancy, Minneapolis, MN, USA; World Resources Institute, Washington, DC, USA"
doi:10.1016/j.gfs.2025.100840,W4408565318,10.1016/j.gfs.2025.100840,A5113340620,A5113340620,Mulubhran Balehegn,mulubhran balehegn,0000-0001-6832-8369,middle,FALSE,World Resources Institute,https://ror.org/047ktk903,US,nonprofit,"North America Region, The Nature Conservancy, Minneapolis, MN, USA; World Resources Institute, Washington, DC, USA"
doi:10.1016/j.gfs.2025.100840,W4408565318,10.1016/j.gfs.2025.100840,A5018829535,A5018829535,Kristal Jones,kristal jones,0000-0001-9737-9042,middle,FALSE,NA,NA,NA,NA,"JG Research & Evaluation, Bozeman, MT, USA"
doi:10.1016/j.gfs.2025.100840,W4408565318,10.1016/j.gfs.2025.100840,A5077247105,A5077247105,Harriet Bartlett,harriet bartlett,0000-0002-7389-8785,middle,FALSE,University of Oxford,https://ror.org/052gg0110,GB,education,"Department of Biology, University of Oxford, Oxford, UK; Oxford Martin School, University of Oxford, Oxford, UK; School of Geography and the Environment, University of Oxford, Oxford, UK; Smith School of Enterprise and the Environment, University of Oxford, Oxford, UK"
doi:10.1016/j.gfs.2025.100840,W4408565318,10.1016/j.gfs.2025.100840,A5007824113,A5007824113,Alicia Calle,alicia calle,0000-0001-5333-1928,middle,FALSE,The Nature Conservancy,https://ror.org/0563w1497,US,nonprofit,"Latin America Region, The Nature Conservancy, Colombia"
doi:10.1016/j.gfs.2025.100840,W4408565318,10.1016/j.gfs.2025.100840,A5007824113,A5007824113,Alicia Calle,alicia calle,0000-0001-5333-1928,middle,FALSE,The Nature Conservancy,https://ror.org/00gcd8h55,CO,nonprofit,"Latin America Region, The Nature Conservancy, Colombia"
doi:10.1016/j.gfs.2025.100840,W4408565318,10.1016/j.gfs.2025.100840,A5060910966,A5060910966,Édenise Garcia,edenise garcia,0000-0002-1117-0318,middle,FALSE,The Nature Conservancy,https://ror.org/0563w1497,US,nonprofit,"Latin America Region, The Nature Conservancy, Brazil"
doi:10.1016/j.gfs.2025.100840,W4408565318,10.1016/j.gfs.2025.100840,A5060910966,A5060910966,Édenise Garcia,edenise garcia,0000-0002-1117-0318,middle,FALSE,The Nature Conservancy,https://ror.org/00gcd8h55,CO,nonprofit,"Latin America Region, The Nature Conservancy, Brazil"
doi:10.1016/j.gfs.2025.100840,W4408565318,10.1016/j.gfs.2025.100840,A5010335884,A5010335884,Heidi‐Jayne Hawkins,heidi jayne hawkins,0000-0001-9334-0669,middle,FALSE,University of Cape Town,https://ror.org/03p74gp79,ZA,education,"Conservation South Africa, Rondebosch, South Africa; University of Cape Town, Rondebosch, South Africa"
doi:10.1016/j.gfs.2025.100840,W4408565318,10.1016/j.gfs.2025.100840,A5010335884,A5010335884,Heidi‐Jayne Hawkins,heidi jayne hawkins,0000-0001-9334-0669,middle,FALSE,Colleges of Medicine of South Africa,https://ror.org/037gpje79,ZA,education,"Conservation South Africa, Rondebosch, South Africa; University of Cape Town, Rondebosch, South Africa"
doi:10.1016/j.gfs.2025.100840,W4408565318,10.1016/j.gfs.2025.100840,A5021743681,A5021743681,Dianne Mayberry,dianne mayberry,0000-0003-1584-8066,middle,FALSE,Commonwealth Scientific and Industrial Research Organisation,https://ror.org/03qn8fb07,AU,government,"Commonwealth Scientific and Industrial Research Organisation, Brisbane, QLD, Australia"
doi:10.1016/j.gfs.2025.100840,W4408565318,10.1016/j.gfs.2025.100840,A5002187633,A5002187633,Eve McDonald‐Madden,eve mcdonald madden,0000-0001-7755-2338,middle,FALSE,The University of Queensland,https://ror.org/00rqy9422,AU,education,"School of Environment, University of Queensland, Brisbane, QLD, Australia"
doi:10.1016/j.gfs.2025.100840,W4408565318,10.1016/j.gfs.2025.100840,A5040513911,A5040513911,Wilfred O. Odadi,wilfred o odadi,0000-0002-0165-4861,middle,FALSE,Egerton University,https://ror.org/01jk2zc89,KE,education,"Department of Natural Resources, Egerton University, Egerton, Kenya"
doi:10.1016/j.gfs.2025.100840,W4408565318,10.1016/j.gfs.2025.100840,A5003844512,A5003844512,Jessica Zionts,jessica zionts,0009-0007-1318-8128,middle,FALSE,University of Oxford,https://ror.org/052gg0110,GB,education,"School of Geography and the Environment, University of Oxford, Oxford, UK"
doi:10.1016/j.gfs.2025.100840,W4408565318,10.1016/j.gfs.2025.100840,A5046175530,A5046175530,Michael Clark,michael clark,0000-0001-7161-7751,middle,FALSE,University of Oxford,https://ror.org/052gg0110,GB,education,"Department of Biology, University of Oxford, Oxford, UK; Oxford Martin School, University of Oxford, Oxford, UK; School of Geography and the Environment, University of Oxford, Oxford, UK; Smith School of Enterprise and the Environment, University of Oxford, Oxford, UK"
doi:10.1016/j.gfs.2025.100840,W4408565318,10.1016/j.gfs.2025.100840,A5015079858,A5015079858,Tara Garnett,tara garnett,0000-0002-3900-9825,middle,FALSE,University of Oxford,https://ror.org/052gg0110,GB,education,"Environmental Change Institute, University of Oxford, Oxford, UK"
doi:10.1016/j.gfs.2025.100840,W4408565318,10.1016/j.gfs.2025.100840,A5013702236,A5013702236,Mario Herrero,mario herrero,0000-0002-7741-5090,middle,FALSE,Cornell University,https://ror.org/05bnh6r87,US,education,"Cornell University, Ithaca, NY, USA"
doi:10.1016/j.gfs.2025.100840,W4408565318,10.1016/j.gfs.2025.100840,A5054910409,A5054910409,H.H.E. van Zanten,h h e van zanten,0000-0002-5262-5518,middle,FALSE,Cornell University,https://ror.org/05bnh6r87,US,education,"Cornell University, Ithaca, NY, USA; Wageningen University, Wageningen, Netherlands"
doi:10.1016/j.gfs.2025.100840,W4408565318,10.1016/j.gfs.2025.100840,A5054910409,A5054910409,H.H.E. van Zanten,h h e van zanten,0000-0002-5262-5518,middle,FALSE,Wageningen University & Research,https://ror.org/04qw24q55,NL,education,"Cornell University, Ithaca, NY, USA; Wageningen University, Wageningen, Netherlands"
doi:10.1016/j.gfs.2025.100840,W4408565318,10.1016/j.gfs.2025.100840,A5060067873,A5060067873,John P. Ritten,john p ritten,0000-0002-6468-3870,middle,FALSE,Colorado State University,https://ror.org/03k1gpj17,US,education,"AgNext, Colorado State University, Fort Collins, CO, USA"
doi:10.1016/j.gfs.2025.100840,W4408565318,10.1016/j.gfs.2025.100840,A5022787237,A5022787237,Giovanni Mateus Mallmann,giovanni mateus mallmann,0009-0008-9143-7633,middle,FALSE,The Nature Conservancy,https://ror.org/0563w1497,US,nonprofit,"Latin America Region, The Nature Conservancy, Brazil"
doi:10.1016/j.gfs.2025.100840,W4408565318,10.1016/j.gfs.2025.100840,A5022787237,A5022787237,Giovanni Mateus Mallmann,giovanni mateus mallmann,0009-0008-9143-7633,middle,FALSE,The Nature Conservancy,https://ror.org/00gcd8h55,CO,nonprofit,"Latin America Region, The Nature Conservancy, Brazil"
doi:10.1016/j.gfs.2025.100840,W4408565318,10.1016/j.gfs.2025.100840,A5067962267,A5067962267,Matthew Tom Harrison,matthew tom harrison,0000-0001-7425-452X,middle,FALSE,University of Tasmania,https://ror.org/01nfmeh72,AU,education,"Tasmanian Institute of Agriculture, University of Tasmania, Launceston, TAS, Australia"
doi:10.1016/j.gfs.2025.100840,W4408565318,10.1016/j.gfs.2025.100840,A5056245670,A5056245670,Déborah Bossio,deborah bossio,0000-0002-2296-9125,middle,FALSE,The Nature Conservancy,https://ror.org/0563w1497,US,nonprofit,"The Nature Conservancy, Arlington, VA, USA"
doi:10.1016/j.gfs.2025.100840,W4408565318,10.1016/j.gfs.2025.100840,A5008303186,A5008303186,Sasha Gennet,sasha gennet,0000-0002-6338-5337,last,FALSE,The Nature Conservancy,https://ror.org/0563w1497,US,nonprofit,"Oxford Martin School, University of Oxford, Oxford, UK; The Nature Conservancy, Arlington, VA, USA; University of California, Berkeley, Berkeley, CA, USA"
doi:10.1016/j.gfs.2025.100840,W4408565318,10.1016/j.gfs.2025.100840,A5008303186,A5008303186,Sasha Gennet,sasha gennet,0000-0002-6338-5337,last,FALSE,University of Oxford,https://ror.org/052gg0110,GB,education,"Oxford Martin School, University of Oxford, Oxford, UK; The Nature Conservancy, Arlington, VA, USA; University of California, Berkeley, Berkeley, CA, USA"
doi:10.1016/j.gfs.2025.100840,W4408565318,10.1016/j.gfs.2025.100840,A5008303186,A5008303186,Sasha Gennet,sasha gennet,0000-0002-6338-5337,last,FALSE,"University of California, Berkeley",https://ror.org/01an7q238,US,education,"Oxford Martin School, University of Oxford, Oxford, UK; The Nature Conservancy, Arlington, VA, USA; University of California, Berkeley, Berkeley, CA, USA"
doi:10.1002/jeq2.20599,W4400869718,10.1002/jeq2.20599,A5053897338,A5053897338,David J. Augustine,david j augustine,0000-0003-3144-0466,first,TRUE,NA,NA,NA,NA,"USDA‐ARS, Rangeland Resources and Systems Research Unit  Fort Collins Colorado USA; USDA-ARS, Rangeland Resources and Systems Research Unit, Fort Collins, Colorado, USA"
doi:10.1002/jeq2.20599,W4400869718,10.1002/jeq2.20599,A5011607769,A5011607769,Justin Derner,justin derner,0000-0001-8076-0736,middle,FALSE,NA,NA,NA,NA,"USDA‐ARS, Rangeland Resources and Systems Research Unit  Cheyenne Wyoming USA; USDA-ARS, Rangeland Resources and Systems Research Unit, Cheyenne, Wyoming, USA"
doi:10.1002/jeq2.20599,W4400869718,10.1002/jeq2.20599,A5005249696,A5005249696,Lauren M. Porensky,lauren m porensky,0000-0001-6883-2442,middle,FALSE,NA,NA,NA,NA,"USDA‐ARS, Rangeland Resources and Systems Research Unit  Fort Collins Colorado USA; USDA-ARS, Rangeland Resources and Systems Research Unit, Fort Collins, Colorado, USA"
doi:10.1002/jeq2.20599,W4400869718,10.1002/jeq2.20599,A5022168676,A5022168676,David L. Hoover,david l hoover,0000-0002-9326-9791,middle,FALSE,NA,NA,NA,NA,"USDA‐ARS, Rangeland Resources and Systems Research Unit  Fort Collins Colorado USA; USDA-ARS, Rangeland Resources and Systems Research Unit, Fort Collins, Colorado, USA"
doi:10.1002/jeq2.20599,W4400869718,10.1002/jeq2.20599,A5060067873,A5060067873,John P. Ritten,john p ritten,0000-0002-6468-3870,middle,FALSE,Colorado State University,https://ror.org/03k1gpj17,US,education,"AgNext Colorado State University  Fort Collins Colorado USA; AgNext, Colorado State University, Fort Collins, Colorado, USA"
doi:10.1002/jeq2.20599,W4400869718,10.1002/jeq2.20599,A5050605000,A5050605000,Sean P. Kearney,sean p kearney,0000-0002-5939-1259,middle,FALSE,NA,NA,NA,NA,"USDA‐ARS, Rangeland Resources and Systems Research Unit  Fort Collins Colorado USA; USDA-ARS, Rangeland Resources and Systems Research Unit, Fort Collins, Colorado, USA"
doi:10.1002/jeq2.20599,W4400869718,10.1002/jeq2.20599,A5085254718,A5085254718,Liwang Ma,liwang ma,0000-0002-7451-5221,middle,FALSE,NA,NA,NA,NA,"USDA‐ARS, Rangeland Resources and Systems Research Unit  Fort Collins Colorado USA; USDA-ARS, Rangeland Resources and Systems Research Unit, Fort Collins, Colorado, USA"
doi:10.1002/jeq2.20599,W4400869718,10.1002/jeq2.20599,A5072903566,A5072903566,Dannele E. Peck,dannele e peck,0000-0001-5464-8097,middle,FALSE,NA,NA,NA,NA,"USDA‐ARS, Northern Plains Climate Hub  Fort Collins Colorado USA; USDA-ARS, Northern Plains Climate Hub, Fort Collins, Colorado, USA"
doi:10.1002/jeq2.20599,W4400869718,10.1002/jeq2.20599,A5013939276,A5013939276,Hailey Wilmer,hailey wilmer,0000-0003-0810-9687,middle,FALSE,NA,NA,NA,NA,"USDA‐ARS, Range Sheep Production Efficiency Research Unit  Dubois Idaho USA; USDA-ARS, Range Sheep Production Efficiency Research Unit, Dubois, Idaho, USA"
doi:10.1002/jeq2.20599,W4400869718,10.1002/jeq2.20599,name:the carm stakeholder group,NA,the CARM Stakeholder Group,the carm stakeholder group,NA,last,FALSE,NA,NA,NA,NA,
doi:10.1016/j.jdeveco.2020.102620,W2779231959,10.1016/j.jdeveco.2020.102620,A5087537072,A5087537072,Nicholas Magnan,nicholas magnan,0000-0002-5294-2126,first,TRUE,University of Georgia,https://ror.org/00te3t702,US,education,"University of Georgia, USA"
doi:10.1016/j.jdeveco.2020.102620,W2779231959,10.1016/j.jdeveco.2020.102620,A5037585926,A5037585926,Vivian Hoffmann,vivian hoffmann,0000-0002-6464-3748,middle,TRUE,International Food Policy Research Institute,https://ror.org/03pxz9p87,US,nonprofit,"International Food Policy Research Institute, USA"
doi:10.1016/j.jdeveco.2020.102620,W2779231959,10.1016/j.jdeveco.2020.102620,A5073874636,A5073874636,Nelson Opoku,nelson opoku,0000-0002-6691-8178,middle,FALSE,University of the Cumberlands,https://ror.org/05jz3sn81,US,education,"University of the Cumberlands, USA"
doi:10.1016/j.jdeveco.2020.102620,W2779231959,10.1016/j.jdeveco.2020.102620,A5079093895,A5079093895,Gissele Gajate Garrido,gissele gajate garrido,0000-0002-6037-8780,middle,FALSE,University for Development Studies,https://ror.org/052nhnq73,GH,education,"University for Development Studies, Ghana"
doi:10.1016/j.jdeveco.2020.102620,W2779231959,10.1016/j.jdeveco.2020.102620,A5076041997,A5076041997,Daniel Akwasi Kanyam,daniel akwasi kanyam,0000-0002-8942-7953,last,FALSE,Ernst & Young (United States),https://ror.org/02c00bp33,US,company,"Ernst and Young, USA"
doi:10.1016/j.rala.2021.02.004,W3143326807,10.1016/j.rala.2021.02.004,A5011607769,A5011607769,Justin Derner,justin derner,0000-0001-8076-0736,first,TRUE,Agricultural Research Service,https://ror.org/02d2m2044,US,government,"Supervisory Research Rangeland Management Specialist, US Department of Agriculture, Agricultural Research Service, Rangeland Resources and Systems Research Unit, Cheyenne, WY 82009/Fort Collins, CO, 80526, USA"
doi:10.1016/j.rala.2021.02.004,W3143326807,10.1016/j.rala.2021.02.004,A5065113649,A5065113649,Bob Budd,bob budd,0009-0007-4272-0312,middle,FALSE,Wyoming State Department of Health,https://ror.org/00xpcm295,US,government,"Executive Director, Wyoming Wildlife and Natural Resource Trust, Cheyenne, WY, 82001, USA"
doi:10.1016/j.rala.2021.02.004,W3143326807,10.1016/j.rala.2021.02.004,A5065113649,A5065113649,Bob Budd,bob budd,0009-0007-4272-0312,middle,FALSE,Wyoming Wildlife and Natural Resource Trust,https://ror.org/0275a3771,NA,government,"Executive Director, Wyoming Wildlife and Natural Resource Trust, Cheyenne, WY, 82001, USA"
doi:10.1016/j.rala.2021.02.004,W3143326807,10.1016/j.rala.2021.02.004,A5090742539,A5090742539,Grady Grissom,grady grissom,0000-0001-8919-817X,middle,FALSE,NA,NA,NA,NA,"Rancher, Rancho Largo, Walsenburg, Colorado, 81089, USA"
doi:10.1016/j.rala.2021.02.004,W3143326807,10.1016/j.rala.2021.02.004,A5061484846,A5061484846,Emily Kachergis,emily kachergis,0000-0003-4059-2525,middle,FALSE,Bureau of Land Management,https://ror.org/01sy5zn44,US,government,"Ecologist and Terrestrial Assessment, Inventory, and Monitoring (AIM) Lead, Bureau of Land Management, Denver, CO, 80225"
doi:10.1016/j.rala.2021.02.004,W3143326807,10.1016/j.rala.2021.02.004,A5053897338,A5053897338,David J. Augustine,david j augustine,0000-0003-3144-0466,middle,FALSE,Agricultural Research Service - Plains Area,https://ror.org/03sqy6516,US,government,"Ecologist, US Department of Agriculture, Agricultural Research Service, Rangeland Resources and Systems Research Unit, Cheyenne, WY 82009/Fort Collins, CO, 80526, USA"
doi:10.1016/j.rala.2021.02.004,W3143326807,10.1016/j.rala.2021.02.004,A5013939276,A5013939276,Hailey Wilmer,hailey wilmer,0000-0003-0810-9687,middle,FALSE,Pacific Northwest Research Station,https://ror.org/02s42ys89,US,government,"Research Social Scientist, US Department of Agriculture, Forest Service, Pacific Northwest Research Station, Juneau, AK, 99801, USA"
doi:10.1016/j.rala.2021.02.004,W3143326807,10.1016/j.rala.2021.02.004,A5026460314,A5026460314,John Derek Scasta,john derek scasta,0000-0002-9925-7492,middle,FALSE,University of Wyoming,https://ror.org/01485tq96,US,education,"Assistant Professor and Extension Range Management Specialist, Department of Ecosystem Science and Management, University of Wyoming, Laramie, WY, 82071"
doi:10.1016/j.rala.2021.02.004,W3143326807,10.1016/j.rala.2021.02.004,A5060067873,A5060067873,John P. Ritten,john p ritten,0000-0002-6468-3870,last,FALSE,University of Wyoming,https://ror.org/01485tq96,US,education,"Professor, Department of Agricultural and Applied Economics, University of Wyoming, Laramie, WY, 82071"
doi:10.1016/j.rala.2021.02.002,W3148129500,10.1016/j.rala.2021.02.002,A5013939276,A5013939276,Hailey Wilmer,hailey wilmer,0000-0003-0810-9687,first,TRUE,Pacific Northwest Research Station,https://ror.org/02s42ys89,US,government,"USDA-Forest Service, Pacific Northwest Research Station/Northwest Climate Hub, Juneau, AK, USA"
doi:10.1016/j.rala.2021.02.002,W3148129500,10.1016/j.rala.2021.02.002,A5104026914,A5104026914,Terri T. Schulz,terri t schulz,NA,middle,FALSE,The Nature Conservancy,https://ror.org/0563w1497,US,nonprofit,"The Nature Conservancy Colorado, Boulder, CO, USA"
doi:10.1016/j.rala.2021.02.002,W3148129500,10.1016/j.rala.2021.02.002,A5035593095,A5035593095,María E. Fernández‐Giménez,maria e fernandez gimenez,0000-0001-9641-1434,middle,FALSE,Colorado State University,https://ror.org/03k1gpj17,US,education,"Dept of Forest & Rangeland Stewardship, Colorado State University, Fort Collins, CO, USA"
doi:10.1016/j.rala.2021.02.002,W3148129500,10.1016/j.rala.2021.02.002,A5011607769,A5011607769,Justin Derner,justin derner,0000-0001-8076-0736,middle,FALSE,Agricultural Research Service,https://ror.org/02d2m2044,US,government,"Rangeland Scientist and Research Leader, USDA-Agricultural Research Service, Rangeland Resources and Systems Research Unit, Cheyenne, WY, USA"
doi:10.1016/j.rala.2021.02.002,W3148129500,10.1016/j.rala.2021.02.002,A5005249696,A5005249696,Lauren M. Porensky,lauren m porensky,0000-0001-6883-2442,middle,FALSE,Agricultural Research Service - Plains Area,https://ror.org/03sqy6516,US,government,"USDA-Agricultural Research Service, Rangeland Resources and Systems Research Unit, Fort Collins, CO, USA"
doi:10.1016/j.rala.2021.02.002,W3148129500,10.1016/j.rala.2021.02.002,A5053897338,A5053897338,David J. Augustine,david j augustine,0000-0003-3144-0466,middle,FALSE,Agricultural Research Service - Plains Area,https://ror.org/03sqy6516,US,government,"USDA-Agricultural Research Service, Rangeland Resources and Systems Research Unit, Fort Collins, CO, USA"
doi:10.1016/j.rala.2021.02.002,W3148129500,10.1016/j.rala.2021.02.002,A5060067873,A5060067873,John P. Ritten,john p ritten,0000-0002-6468-3870,middle,FALSE,University of Wyoming,https://ror.org/01485tq96,US,education,"Dept of Agricultural and Applied Economics University of Wyoming, Laramie, WY, USA"
doi:10.1016/j.rala.2021.02.002,W3148129500,10.1016/j.rala.2021.02.002,A5010544799,A5010544799,Angela M. Dwyer,angela m dwyer,NA,middle,FALSE,The Nature Conservancy,https://ror.org/0563w1497,US,nonprofit,"Bird Conservancy of the Rockies, Fort Collins, CO, USA"
doi:10.1016/j.rala.2021.02.002,W3148129500,10.1016/j.rala.2021.02.002,A5010544799,A5010544799,Angela M. Dwyer,angela m dwyer,NA,middle,FALSE,Bird Conservancy of the Rockies,https://ror.org/027kj5136,US,nonprofit,"Bird Conservancy of the Rockies, Fort Collins, CO, USA"
doi:10.1016/j.rala.2021.02.002,W3148129500,10.1016/j.rala.2021.02.002,A5036718489,A5036718489,Rachel Meade,rachel meade,NA,last,FALSE,Natural Resources Conservation Service,https://ror.org/03j7rgg33,US,government,"USDA-Natural Resources Conservation Service, Denver, CO, USA"
doi:10.1111/ajae.12124,W3048471999,10.1111/ajae.12124,A5010327778,A5010327778,Sarah Janzen,sarah janzen,0000-0002-0256-2192,first,TRUE,NA,NA,NA,NA,
doi:10.1111/ajae.12124,W3048471999,10.1111/ajae.12124,A5087537072,A5087537072,Nicholas Magnan,nicholas magnan,0000-0002-5294-2126,middle,FALSE,NA,NA,NA,NA,
doi:10.1111/ajae.12124,W3048471999,10.1111/ajae.12124,A5087129296,A5087129296,Conner Mullally,conner mullally,0000-0001-5551-332X,middle,FALSE,NA,NA,NA,NA,
doi:10.1111/ajae.12124,W3048471999,10.1111/ajae.12124,A5027474185,A5027474185,Soye Shin,soye shin,0000-0002-8856-8236,middle,FALSE,NA,NA,NA,NA,
doi:10.1111/ajae.12124,W3048471999,10.1111/ajae.12124,A5032493637,A5032493637,I. Bailey Palmer,i bailey palmer,NA,middle,FALSE,NA,NA,NA,NA,
doi:10.1111/ajae.12124,W3048471999,10.1111/ajae.12124,A5005408251,A5005408251,Judith Oduol,judith oduol,0000-0001-6038-6011,middle,FALSE,NA,NA,NA,NA,
doi:10.1111/ajae.12124,W3048471999,10.1111/ajae.12124,A5071127233,A5071127233,Karl Hughes,karl hughes,0000-0002-5176-6909,last,FALSE,NA,NA,NA,NA,
doi:10.1016/j.smallrumres.2021.106611,W4205369369,10.1016/j.smallrumres.2021.106611,A5076799200,A5076799200,Melinda J Ellison,melinda j ellison,0000-0001-7164-7694,first,TRUE,University of Wyoming,https://ror.org/01485tq96,US,education,"Department of Animal Science, University of Wyoming, 1000 East University Avenue, Laramie, WY 82071, USA"
doi:10.1016/j.smallrumres.2021.106611,W4205369369,10.1016/j.smallrumres.2021.106611,A5016526962,A5016526962,Rebecca Cockrum,rebecca cockrum,0000-0002-0040-238X,middle,FALSE,University of Wyoming,https://ror.org/01485tq96,US,education,"Department of Animal Science, University of Wyoming, 1000 East University Avenue, Laramie, WY 82071, USA"
doi:10.1016/j.smallrumres.2021.106611,W4205369369,10.1016/j.smallrumres.2021.106611,A5110680419,A5110680419,W. J. Means,w j means,NA,middle,FALSE,University of Wyoming,https://ror.org/01485tq96,US,education,"Department of Animal Science, University of Wyoming, 1000 East University Avenue, Laramie, WY 82071, USA"
doi:10.1016/j.smallrumres.2021.106611,W4205369369,10.1016/j.smallrumres.2021.106611,A5049587892,A5049587892,Allison M Meyer,allison m meyer,0000-0002-0072-4039,middle,FALSE,University of Missouri,https://ror.org/02ymw8z06,US,education,"Division of Animal Sciences, University of Missouri, 920 East Campus Drive, Columbia, MO 65211, USA"
doi:10.1016/j.smallrumres.2021.106611,W4205369369,10.1016/j.smallrumres.2021.106611,A5060067873,A5060067873,John P. Ritten,john p ritten,0000-0002-6468-3870,middle,FALSE,University of Wyoming,https://ror.org/01485tq96,US,education,"Department of Agricultural and Applied Economics, University of Wyoming, 1000 East University Avenue, Laramie, WY 82071, USA"
doi:10.1016/j.smallrumres.2021.106611,W4205369369,10.1016/j.smallrumres.2021.106611,A5108735291,A5108735291,Kathleen J Austin,kathleen j austin,NA,middle,FALSE,University of Wyoming,https://ror.org/01485tq96,US,education,"Department of Animal Science, University of Wyoming, 1000 East University Avenue, Laramie, WY 82071, USA"
doi:10.1016/j.smallrumres.2021.106611,W4205369369,10.1016/j.smallrumres.2021.106611,A5014582803,A5014582803,K. M. Cammack,k m cammack,NA,last,FALSE,University of Wyoming,https://ror.org/01485tq96,US,education,"Department of Animal Science, University of Wyoming, 1000 East University Avenue, Laramie, WY 82071, USA"
doi:10.1016/j.jebo.2022.07.027,W4291734210,10.1016/j.jebo.2022.07.027,A5027474185,A5027474185,Soye Shin,soye shin,0000-0002-8856-8236,first,TRUE,Duke-NUS Medical School,https://ror.org/02j1m6098,SG,education,"Program in Health Services and Systems Research, Duke-NUS Medical School, 8 College Road, 169857 Singapore"
doi:10.1016/j.jebo.2022.07.027,W4291734210,10.1016/j.jebo.2022.07.027,A5087537072,A5087537072,Nicholas Magnan,nicholas magnan,0000-0002-5294-2126,middle,FALSE,University of Georgia,https://ror.org/00te3t702,US,education,"Department of Agricultural & Applied Economics, University of Georgia, 315C Conner Hall, Athens, GA 30602, USA"
doi:10.1016/j.jebo.2022.07.027,W4291734210,10.1016/j.jebo.2022.07.027,A5087129296,A5087129296,Conner Mullally,conner mullally,0000-0001-5551-332X,middle,FALSE,University of Florida,https://ror.org/02y3ad647,US,education,"Food and Resource Economics Department, University of Florida, 1107 McCarty Hall, Gainesville, FL 32611, USA"
doi:10.1016/j.jebo.2022.07.027,W4291734210,10.1016/j.jebo.2022.07.027,A5010327778,A5010327778,Sarah Janzen,sarah janzen,0000-0002-0256-2192,last,FALSE,University of Illinois Urbana-Champaign,https://ror.org/047426m28,US,education,"Department of Agricultural & Consumer Economics, University of Illinois Urbana-Champaign, 317 Mumford Hall Urbana, IL 61801, USA"
doi:10.1086/720303,W4225547470,10.1086/720303,A5075200954,A5075200954,Dale T. Manning,dale t manning,0000-0001-6465-5530,first,FALSE,NA,NA,NA,NA,
doi:10.1086/720303,W4225547470,10.1086/720303,A5030913010,A5030913010,Amy W. Ando,amy w ando,0000-0002-3279-8075,last,FALSE,NA,NA,NA,NA,
doi:10.1093/tas/txae035,W4392736989,10.1093/tas/txae035,A5013241442,A5013241442,Paxton Sullivan,paxton sullivan,0000-0001-7715-2828,first,FALSE,Colorado State University,https://ror.org/03k1gpj17,US,education,"Department of Animal Sciences, Colorado State University , Fort Collins, CO 80523 , USA; Department of Animal Sciences, Colorado State University, Fort Collins, Colorado 80523, USA"
doi:10.1093/tas/txae035,W4392736989,10.1093/tas/txae035,A5073211524,A5073211524,Melissa Davis,melissa davis,0000-0001-9986-6143,middle,FALSE,Colorado State University,https://ror.org/03k1gpj17,US,education,"Department of Animal Sciences, Colorado State University , Fort Collins, CO 80523 , USA; Department of Animal Sciences, Colorado State University, Fort Collins, Colorado 80523, USA"
doi:10.1093/tas/txae035,W4392736989,10.1093/tas/txae035,A5041573292,A5041573292,Mahesh N. Nair,mahesh n nair,0000-0002-2917-1028,middle,FALSE,Colorado State University,https://ror.org/03k1gpj17,US,education,"Department of Animal Sciences, Colorado State University , Fort Collins, CO 80523 , USA; Department of Animal Sciences, Colorado State University, Fort Collins, Colorado 80523, USA"
doi:10.1093/tas/txae035,W4392736989,10.1093/tas/txae035,A5085533451,A5085533451,Ann M. Hess,ann m hess,0000-0001-5960-1685,middle,FALSE,Colorado State University,https://ror.org/03k1gpj17,US,education,"Department of Statistics, Colorado State University , Fort Collins, CO 80523 , USA; Department of Statistics, Colorado State University, Fort Collins, Colorado 80523, USA"
doi:10.1093/tas/txae035,W4392736989,10.1093/tas/txae035,A5080323738,A5080323738,Daniel F. Mooney,daniel f mooney,0000-0002-5056-9102,middle,FALSE,Resource (United States),https://ror.org/002sg8b56,US,company,"Department of Agricultural and Resource Economics, Colorado State University , Fort Collins, CO 80523 , USA; Department of Agricultural and Resource Economics, Colorado State University, Fort Collins, Colorado 80523, USA"
doi:10.1093/tas/txae035,W4392736989,10.1093/tas/txae035,A5080323738,A5080323738,Daniel F. Mooney,daniel f mooney,0000-0002-5056-9102,middle,FALSE,Colorado State University,https://ror.org/03k1gpj17,US,education,"Department of Agricultural and Resource Economics, Colorado State University , Fort Collins, CO 80523 , USA; Department of Agricultural and Resource Economics, Colorado State University, Fort Collins, Colorado 80523, USA"
doi:10.1093/tas/txae035,W4392736989,10.1093/tas/txae035,A5045305791,A5045305791,Lily Edwards-Callaway,lily edwards callaway,0000-0002-0737-9899,last,TRUE,Colorado State University,https://ror.org/03k1gpj17,US,education,"Department of Animal Sciences, Colorado State University , Fort Collins, CO 80523 , USA; Department of Animal Sciences, Colorado State University, Fort Collins, Colorado 80523, USA"
doi:10.1016/j.rama.2024.04.011,W4399202799,10.1016/j.rama.2024.04.011,A5053897338,A5053897338,David J. Augustine,david j augustine,0000-0003-3144-0466,first,TRUE,Agricultural Research Service - Plains Area,https://ror.org/03sqy6516,US,government,"Ecologist, US Department of Agriculture−Agricultural Research Service, Plains Area Rangeland Resources and Systems Research Unit, Fort Collins, CO, 80526, USA"
doi:10.1016/j.rama.2024.04.011,W4399202799,10.1016/j.rama.2024.04.011,A5060067873,A5060067873,John P. Ritten,john p ritten,0000-0002-6468-3870,middle,FALSE,Colorado State University,https://ror.org/03k1gpj17,US,education,"Associate Professor, AgNext, Colorado State University, Fort Collins, CO, 80523, USA"
doi:10.1016/j.rama.2024.04.011,W4399202799,10.1016/j.rama.2024.04.011,A5022168676,A5022168676,David L. Hoover,david l hoover,0000-0002-9326-9791,middle,FALSE,Agricultural Research Service - Plains Area,https://ror.org/03sqy6516,US,government,"Ecohydrologist, US Department of Agriculture−Agricultural Research Service, Plains Area Rangeland Resources and Systems Research Unit, Fort Collins, CO, 80526, USA"
doi:10.1016/j.rama.2024.04.011,W4399202799,10.1016/j.rama.2024.04.011,A5011607769,A5011607769,Justin Derner,justin derner,0000-0001-8076-0736,last,FALSE,NA,NA,NA,NA,"Research Leader and Supervisory Research Rangeland Management Specialist, USDA-ARS Plains Area Rangeland Resources and Systems Research Unit, Cheyenne, WY, 82001, USA"
doi:10.1016/j.rala.2022.04.002,W4281652952,10.1016/j.rala.2022.04.002,A5004206596,A5004206596,Tevyn Baldwin,tevyn baldwin,NA,first,FALSE,University of Wyoming,https://ror.org/01485tq96,US,education,"Graduate Student, Department of Agricultural and Applied Economics, University of Wyoming, Laramie, WY, 82071, USA"
doi:10.1016/j.rala.2022.04.002,W4281652952,10.1016/j.rala.2022.04.002,A5060067873,A5060067873,John P. Ritten,john p ritten,0000-0002-6468-3870,middle,FALSE,University of Wyoming,https://ror.org/01485tq96,US,education,"Professor, Department of Agricultural and Applied Economics, University of Wyoming, Laramie, WY, 82071, USA"
doi:10.1016/j.rala.2022.04.002,W4281652952,10.1016/j.rala.2022.04.002,A5011607769,A5011607769,Justin Derner,justin derner,0000-0001-8076-0736,middle,TRUE,Agricultural Research Service,https://ror.org/02d2m2044,US,government,"Supervisory Research Rangeland Management Specialist, US Department of Agriculture, Agricultural Research Service, Rangeland Resources and Systems Research Unit, Cheyenne, WY, 82009/1701, USA"
doi:10.1016/j.rala.2022.04.002,W4281652952,10.1016/j.rala.2022.04.002,A5011607769,A5011607769,Justin Derner,justin derner,0000-0001-8076-0736,middle,TRUE,United States Department of Agriculture,https://ror.org/01na82s61,US,government,"Supervisory Research Rangeland Management Specialist, US Department of Agriculture, Agricultural Research Service, Rangeland Resources and Systems Research Unit, Cheyenne, WY, 82009/1701, USA"
doi:10.1016/j.rala.2022.04.002,W4281652952,10.1016/j.rala.2022.04.002,A5053897338,A5053897338,David J. Augustine,david j augustine,0000-0003-3144-0466,middle,FALSE,Agricultural Research Service,https://ror.org/02d2m2044,US,government,"Ecologist, US Department of Agriculture, Agricultural Research Service, Rangeland Resources and Systems Research Unit, Cheyenne, WY, 82009/1701, USA"
doi:10.1016/j.rala.2022.04.002,W4281652952,10.1016/j.rala.2022.04.002,A5053897338,A5053897338,David J. Augustine,david j augustine,0000-0003-3144-0466,middle,FALSE,United States Department of Agriculture,https://ror.org/01na82s61,US,government,"Ecologist, US Department of Agriculture, Agricultural Research Service, Rangeland Resources and Systems Research Unit, Cheyenne, WY, 82009/1701, USA"
doi:10.1016/j.rala.2022.04.002,W4281652952,10.1016/j.rala.2022.04.002,A5013939276,A5013939276,Hailey Wilmer,hailey wilmer,0000-0003-0810-9687,middle,FALSE,Agricultural Research Service,https://ror.org/02d2m2044,US,government,"Research Rangeland Management Specialist, US Department of Agriculture, Agricultural Research Service, Range Sheep Production Efficiency Research Unit, Dubois, ID, 83423, USA"
doi:10.1016/j.rala.2022.04.002,W4281652952,10.1016/j.rala.2022.04.002,A5013939276,A5013939276,Hailey Wilmer,hailey wilmer,0000-0003-0810-9687,middle,FALSE,United States Department of Agriculture,https://ror.org/01na82s61,US,government,"Research Rangeland Management Specialist, US Department of Agriculture, Agricultural Research Service, Range Sheep Production Efficiency Research Unit, Dubois, ID, 83423, USA"
doi:10.1016/j.rala.2022.04.002,W4281652952,10.1016/j.rala.2022.04.002,A5040992076,A5040992076,Jeff Wahlert,jeff wahlert,NA,middle,FALSE,NA,NA,NA,NA,"Rancher, JT Wahlert Ranch, LLC, Grover, CO, 80729, USA"
doi:10.1016/j.rala.2022.04.002,W4281652952,10.1016/j.rala.2022.04.002,name:steve anderson,NA,Steve Anderson,steve anderson,NA,middle,FALSE,NA,NA,NA,NA,"Rancher, Flying T Ranch, LLLP, Grover, CO, 80729, USA"
doi:10.1016/j.rala.2022.04.002,W4281652952,10.1016/j.rala.2022.04.002,A5033955383,A5033955383,J. Gonzalo N. Irisarri,j gonzalo n irisarri,0000-0001-8610-3040,middle,FALSE,Rothamsted Research,https://ror.org/0347fy350,GB,facility,"Research Scientist, Sustainable Agriculture Sciences, Rothamsted Research, North Wyke, UK"
doi:10.1016/j.rala.2022.04.002,W4281652952,10.1016/j.rala.2022.04.002,A5072903566,A5072903566,Dannele E. Peck,dannele e peck,0000-0001-5464-8097,last,FALSE,Agricultural Research Service,https://ror.org/02d2m2044,US,government,"Northern Plains Climate Hub Director, US Department of Agriculture, Agricultural Research Service, Rangeland Resources and Systems Research Unit, Cheyenne, WY, 82009/1701, USA"
doi:10.1016/j.jenvman.2022.116420,W4315631941,10.1016/j.jenvman.2022.116420,A5052478658,A5052478658,Anna T. Maher,anna t maher,0000-0002-7919-3102,first,TRUE,University of Wyoming,https://ror.org/01485tq96,US,education,"Department of Ecosystem Science and Management, University of Wyoming, 1000 E. University Ave, Laramie, WY, 82071, USA. Electronic address: amaher@uwyo.edu; Department of Ecosystem Science and Management, University of Wyoming, 1000 E. University Ave, Laramie, WY, 82071, USA"
doi:10.1016/j.jenvman.2022.116420,W4315631941,10.1016/j.jenvman.2022.116420,A5073212552,A5073212552,Nicolas E. Quintana‐Ashwell,nicolas e quintana ashwell,0000-0002-6656-8067,middle,FALSE,University of Wyoming,https://ror.org/01485tq96,US,education,"Department of Ecosystem Science and Management, University of Wyoming, 1000 E. University Ave, Laramie, WY, 82071, USA"
doi:10.1016/j.jenvman.2022.116420,W4315631941,10.1016/j.jenvman.2022.116420,A5024300631,A5024300631,John A. Tanaka,john a tanaka,0000-0002-3476-1591,middle,FALSE,University of Wyoming,https://ror.org/01485tq96,US,education,"Department of Ecosystem Science and Management, University of Wyoming, 1000 E. University Ave, Laramie, WY, 82071, USA"
doi:10.1016/j.jenvman.2022.116420,W4315631941,10.1016/j.jenvman.2022.116420,A5060067873,A5060067873,John P. Ritten,john p ritten,0000-0002-6468-3870,middle,FALSE,University of Wyoming,https://ror.org/01485tq96,US,education,"Department of Agriculture and Applied Economics, University of Wyoming, 1000 E. University Ave, Laramie, WY, 82071, USA"
doi:10.1016/j.jenvman.2022.116420,W4315631941,10.1016/j.jenvman.2022.116420,A5003170447,A5003170447,Kristie A. Maczko,kristie a maczko,0000-0003-0804-5863,last,FALSE,University of Wyoming,https://ror.org/01485tq96,US,education,"Department of Ecosystem Science and Management, University of Wyoming, 1000 E. University Ave, Laramie, WY, 82071, USA; Sustainable Rangelands Roundtable, Fort Collins, CO, 80526, USA; Sustainable Rangelands Roundtable, Fort Collins, CO, 80526, USA; Department of Ecosystem Science and Management, University of Wyoming, 1000 E. University Ave, Laramie, WY, 82071, USA"
doi:10.1016/j.jenvman.2022.116420,W4315631941,10.1016/j.jenvman.2022.116420,A5003170447,A5003170447,Kristie A. Maczko,kristie a maczko,0000-0003-0804-5863,last,FALSE,Business Roundtable,https://ror.org/00c4hg173,US,other,"Department of Ecosystem Science and Management, University of Wyoming, 1000 E. University Ave, Laramie, WY, 82071, USA; Sustainable Rangelands Roundtable, Fort Collins, CO, 80526, USA; Sustainable Rangelands Roundtable, Fort Collins, CO, 80526, USA; Department of Ecosystem Science and Management, University of Wyoming, 1000 E. University Ave, Laramie, WY, 82071, USA"
doi:10.1016/j.rala.2022.05.003,W4298120606,10.1016/j.rala.2022.05.003,A5080640333,A5080640333,Edward J. Raynor,edward j raynor,0000-0003-2483-4694,first,FALSE,Agricultural Research Service,https://ror.org/02d2m2044,US,government,"USDA, Agricultural Research Service, Pasture Systems and Water Management Research Unit, University Park, PA 16802, USA"
doi:10.1016/j.rala.2022.05.003,W4298120606,10.1016/j.rala.2022.05.003,A5011607769,A5011607769,Justin Derner,justin derner,0000-0001-8076-0736,middle,TRUE,Agricultural Research Service - Plains Area,https://ror.org/03sqy6516,US,government,"USDA, Agricultural Research Service, Rangeland Resources and Systems Research Unit, Fort Collins, CO 80526 and Cheyenne, WY 82009, USA"
doi:10.1016/j.rala.2022.05.003,W4298120606,10.1016/j.rala.2022.05.003,A5053897338,A5053897338,David J. Augustine,david j augustine,0000-0003-3144-0466,middle,FALSE,Agricultural Research Service - Plains Area,https://ror.org/03sqy6516,US,government,"USDA, Agricultural Research Service, Rangeland Resources and Systems Research Unit, Fort Collins, CO 80526 and Cheyenne, WY 82009, USA"
doi:10.1016/j.rala.2022.05.003,W4298120606,10.1016/j.rala.2022.05.003,A5001634978,A5001634978,Kevin E. Jablonski,kevin e jablonski,0000-0002-2431-8043,middle,FALSE,Colorado State University,https://ror.org/03k1gpj17,US,education,"Department of Animal Sciences, Colorado State University, Fort Collins, CO 80523, USA"
doi:10.1016/j.rala.2022.05.003,W4298120606,10.1016/j.rala.2022.05.003,A5005249696,A5005249696,Lauren M. Porensky,lauren m porensky,0000-0001-6883-2442,middle,FALSE,Agricultural Research Service - Plains Area,https://ror.org/03sqy6516,US,government,"USDA, Agricultural Research Service, Rangeland Resources and Systems Research Unit, Fort Collins, CO 80526 and Cheyenne, WY 82009, USA"
doi:10.1016/j.rala.2022.05.003,W4298120606,10.1016/j.rala.2022.05.003,A5060067873,A5060067873,John P. Ritten,john p ritten,0000-0002-6468-3870,middle,FALSE,University of Wyoming,https://ror.org/01485tq96,US,education,"Department of Agricultural and Applied Economics, University of Wyoming, Laramie WY 82071, USA"
doi:10.1016/j.rala.2022.05.003,W4298120606,10.1016/j.rala.2022.05.003,A5022168676,A5022168676,David L. Hoover,david l hoover,0000-0002-9326-9791,middle,FALSE,Agricultural Research Service - Plains Area,https://ror.org/03sqy6516,US,government,"USDA, Agricultural Research Service, Rangeland Resources and Systems Research Unit, Fort Collins, CO 80526 and Cheyenne, WY 82009, USA"
doi:10.1016/j.rala.2022.05.003,W4298120606,10.1016/j.rala.2022.05.003,A5087695151,A5087695151,Julie Elliott,julie elliott,NA,last,FALSE,Agricultural Research Service - Plains Area,https://ror.org/03sqy6516,US,government,"Northern Plains Climate Hub, USDA, Agricultural Research Service, Rangeland Resources and Systems Research Unit, Fort Collins, CO 80526, USA"
doi:10.1016/j.rama.2022.09.003,W4307954858,10.1016/j.rama.2022.09.003,A5063869744,A5063869744,Lewis Crow,lewis crow,NA,first,FALSE,University of Wyoming,https://ror.org/01485tq96,US,education,"Department of Agricultural and Applied Economics, University of Wyoming, Laramie, WY, 82071, USA"
doi:10.1016/j.rama.2022.09.003,W4307954858,10.1016/j.rama.2022.09.003,A5005249696,A5005249696,Lauren M. Porensky,lauren m porensky,0000-0001-6883-2442,middle,FALSE,Agricultural Research Service - Plains Area,https://ror.org/03sqy6516,US,government,"US Department of Agriculture−Agricultural Research Services Rangeland Resources and Systems Research Unit, Fort Collins, CO, 80526, USA"
doi:10.1016/j.rama.2022.09.003,W4307954858,10.1016/j.rama.2022.09.003,A5053897338,A5053897338,David J. Augustine,david j augustine,0000-0003-3144-0466,middle,FALSE,Agricultural Research Service - Plains Area,https://ror.org/03sqy6516,US,government,"US Department of Agriculture−Agricultural Research Services Rangeland Resources and Systems Research Unit, Fort Collins, CO, 80526, USA"
doi:10.1016/j.rama.2022.09.003,W4307954858,10.1016/j.rama.2022.09.003,A5060067873,A5060067873,John P. Ritten,john p ritten,0000-0002-6468-3870,middle,TRUE,University of Wyoming,https://ror.org/01485tq96,US,education,"Department of Agricultural and Applied Economics, University of Wyoming, Laramie, WY, 82071, USA"
doi:10.1016/j.rama.2022.09.003,W4307954858,10.1016/j.rama.2022.09.003,A5111427659,A5111427659,Christopher T. Bastian,christopher t bastian,NA,middle,FALSE,University of Wyoming,https://ror.org/01485tq96,US,education,"Department of Agricultural and Applied Economics, University of Wyoming, Laramie, WY, 82071, USA"
doi:10.1016/j.rama.2022.09.003,W4307954858,10.1016/j.rama.2022.09.003,A5109875747,A5109875747,Steven I. Paisley,steven i paisley,NA,last,FALSE,University of Wyoming,https://ror.org/01485tq96,US,education,"Department of Animal Science, University of Wyoming, Laramie, WY, 82071, USA"
doi:10.3390/agriculture13040831,W4362614797,10.3390/agriculture13040831,A5071577070,A5071577070,Jan M. Sitterson,jan m sitterson,NA,first,FALSE,Colorado State University,https://ror.org/03k1gpj17,US,education,"Department of Soil and Crop Science, Colorado State University, Fort Collins, CO 80523, USA"
doi:10.3390/agriculture13040831,W4362614797,10.3390/agriculture13040831,A5002235296,A5002235296,Allan A. Andales,allan a andales,0000-0002-7640-6723,middle,TRUE,Colorado State University,https://ror.org/03k1gpj17,US,education,"Department of Soil and Crop Science, Colorado State University, Fort Collins, CO 80523, USA"
doi:10.3390/agriculture13040831,W4362614797,10.3390/agriculture13040831,A5080323738,A5080323738,Daniel F. Mooney,daniel f mooney,0000-0002-5056-9102,middle,FALSE,Colorado State University,https://ror.org/03k1gpj17,US,education,"Department of Agricultural and Resource Economics, Colorado State University, Fort Collins, CO 80523, USA"
doi:10.3390/agriculture13040831,W4362614797,10.3390/agriculture13040831,A5031288911,A5031288911,M. C. Capurro,m c capurro,0009-0006-7858-5143,middle,FALSE,Colorado State University,https://ror.org/03k1gpj17,US,education,"Department of Soil and Crop Science, Colorado State University, Fort Collins, CO 80523, USA"
doi:10.3390/agriculture13040831,W4362614797,10.3390/agriculture13040831,A5108494933,A5108494933,Joe E. Brummer,joe e brummer,NA,last,FALSE,Colorado State University,https://ror.org/03k1gpj17,US,education,"Department of Soil and Crop Science, Colorado State University, Fort Collins, CO 80523, USA"
doi:10.3390/su14052859,W4214897389,10.3390/su14052859,A5080323738,A5080323738,Daniel F. Mooney,daniel f mooney,0000-0002-5056-9102,first,TRUE,Colorado State University,https://ror.org/03k1gpj17,US,education,"Department of Agricultural and Resource Economics, Colorado State University, Fort Collins, CO 80523, USA"
doi:10.3390/su14052859,W4214897389,10.3390/su14052859,A5070912696,A5070912696,Scott M. Swinton,scott m swinton,0000-0002-3751-1811,middle,FALSE,Michigan State University,https://ror.org/05hs6h993,US,education,"Department of Agricultural, Food, and Resource Economics, Michigan State University, East Lansing, MI 48824, USA"
doi:10.3390/su14052859,W4214897389,10.3390/su14052859,A5003544814,A5003544814,Cristian Subía,cristian subia,NA,middle,FALSE,Instituto Nacional de Investigaciones Agropecuarias,https://ror.org/01vep7794,EC,facility,"Estación Experimental Central de la Amazonía, Instituto Nacional de Investigaciones Agropecuarias, Cantón La Joya de los Sachas 220350, Orellana, Ecuador"
doi:10.3390/su14052859,W4214897389,10.3390/su14052859,A5103625611,A5103625611,Eduardo Peralta,eduardo peralta,NA,last,FALSE,Instituto Nacional de Investigaciones Agropecuarias,https://ror.org/01vep7794,EC,facility,"Estación Experimental Santa Catalina, Instituto Nacional de Investigaciones Agropecuarias, Cantón Mejia 171110, Pichincha, Ecuador"
doi:10.1093/tas/txad150,W4390544728,10.1093/tas/txad150,A5073211524,A5073211524,Melissa Davis,melissa davis,0000-0001-9986-6143,first,FALSE,Colorado State University,https://ror.org/03k1gpj17,US,education,"Department of Animal Sciences, Colorado State University , Fort Collins, CO 80523 , USA"
doi:10.1093/tas/txad150,W4390544728,10.1093/tas/txad150,A5013241442,A5013241442,Paxton Sullivan,paxton sullivan,0000-0001-7715-2828,middle,FALSE,Colorado State University,https://ror.org/03k1gpj17,US,education,"Department of Animal Sciences, Colorado State University , Fort Collins, CO 80523 , USA"
doi:10.1093/tas/txad150,W4390544728,10.1093/tas/txad150,A5085533451,A5085533451,Ann M. Hess,ann m hess,0000-0001-5960-1685,middle,FALSE,Colorado State University,https://ror.org/03k1gpj17,US,education,"Department of Statistics, Colorado State University , Fort Collins, CO 80523 , USA"
doi:10.1093/tas/txad150,W4390544728,10.1093/tas/txad150,A5041573292,A5041573292,Mahesh N. Nair,mahesh n nair,0000-0002-2917-1028,middle,FALSE,Colorado State University,https://ror.org/03k1gpj17,US,education,"Department of Animal Sciences, Colorado State University , Fort Collins, CO 80523 , USA"
doi:10.1093/tas/txad150,W4390544728,10.1093/tas/txad150,A5080323738,A5080323738,Daniel F. Mooney,daniel f mooney,0000-0002-5056-9102,middle,FALSE,Colorado State University,https://ror.org/03k1gpj17,US,education,"Department of Agricultural and Resource Economics, Colorado State University , Fort Collins, CO 80523 , USA"
doi:10.1093/tas/txad150,W4390544728,10.1093/tas/txad150,A5045305791,A5045305791,Lily Edwards-Callaway,lily edwards callaway,0000-0002-0737-9899,last,TRUE,Colorado State University,https://ror.org/03k1gpj17,US,education,"Department of Animal Sciences, Colorado State University , Fort Collins, CO 80523 , USA"
doi:10.1088/2515-7620/ad82b5,W4403054836,10.1088/2515-7620/ad82b5,A5014591095,A5014591095,Juan Vargas,juan vargas,0000-0002-7674-3850,first,FALSE,Colorado State University,https://ror.org/03k1gpj17,US,education,"Department of Animal Sciences, AgNext, Colorado State University, Fort Collins, CO 80523, United States of America"
doi:10.1088/2515-7620/ad82b5,W4403054836,10.1088/2515-7620/ad82b5,A5018835169,A5018835169,Taís Cristina de Menezes,tais cristina de menezes,0000-0002-5919-6613,middle,FALSE,Colorado State University,https://ror.org/03k1gpj17,US,education,"Department of Agricultural and Resource Economics, AgNext, Colorado State University, Fort Collins, CO 80523, United States of America"
doi:10.1088/2515-7620/ad82b5,W4403054836,10.1088/2515-7620/ad82b5,A5006808514,A5006808514,Brent W. Auvermann,brent w auvermann,NA,middle,FALSE,Amarillo College,https://ror.org/003frhn24,US,education,"Texas AgriLife Research, Amarillo, TX 79106, United States of America"
doi:10.1088/2515-7620/ad82b5,W4403054836,10.1088/2515-7620/ad82b5,A5011607769,A5011607769,Justin Derner,justin derner,0000-0001-8076-0736,middle,FALSE,Agricultural Research Service,https://ror.org/02d2m2044,US,government,"USDA-ARS, Rangeland & Systems Research Unit, Cheyenne, WY 82009, United States of America"
doi:10.1088/2515-7620/ad82b5,W4403054836,10.1088/2515-7620/ad82b5,A5076919507,A5076919507,Greg Thoma,greg thoma,0000-0001-8757-7635,middle,FALSE,Colorado State University,https://ror.org/03k1gpj17,US,education,"Agricultural Experiment Station, AgNext, Colorado State University, Fort Collins, CO 80523, United States of America"
doi:10.1088/2515-7620/ad82b5,W4403054836,10.1088/2515-7620/ad82b5,A5113856619,A5113856619,Kristin E Hales,kristin e hales,NA,middle,FALSE,Texas Tech University,https://ror.org/0405mnx93,US,education,"Department of Animal and Food Science, Texas Tech University, Lubbock, TX 79409, United States of America"
doi:10.1088/2515-7620/ad82b5,W4403054836,10.1088/2515-7620/ad82b5,A5044758718,A5044758718,Kristen Johnson,kristen johnson,0000-0003-0788-7217,middle,FALSE,Washington State University,https://ror.org/05dk0ce17,US,education,"Department of Animal Sciences, Washington State University, Pullman, WA 99164, United States of America"
doi:10.1088/2515-7620/ad82b5,W4403054836,10.1088/2515-7620/ad82b5,A5025626998,A5025626998,April B. Leytem,april b leytem,0000-0001-5976-402X,middle,FALSE,Northwest Irrigation and Soils Research Laboratory,https://ror.org/04tm6ax73,US,facility,"USDA-ARS, Northwest Irrigation and Soils Research Laboratory, Kimberly, ID 83341, United States of America"
doi:10.1088/2515-7620/ad82b5,W4403054836,10.1088/2515-7620/ad82b5,A5080504968,A5080504968,Sara E Place,sara e place,0000-0002-4033-3681,middle,FALSE,Colorado State University,https://ror.org/03k1gpj17,US,education,"Department of Animal Sciences, AgNext, Colorado State University, Fort Collins, CO 80523, United States of America"
doi:10.1088/2515-7620/ad82b5,W4403054836,10.1088/2515-7620/ad82b5,A5107694796,A5107694796,Josie Plaut,josie plaut,NA,middle,FALSE,Colorado State University,https://ror.org/03k1gpj17,US,education,"Institute for the Built Environment, Colorado State University, Fort Collins, CO 80523, United States of America"
doi:10.1088/2515-7620/ad82b5,W4403054836,10.1088/2515-7620/ad82b5,A5060067873,A5060067873,John P. Ritten,john p ritten,0000-0002-6468-3870,middle,FALSE,Colorado State University,https://ror.org/03k1gpj17,US,education,"Department of Agricultural and Resource Economics, AgNext, Colorado State University, Fort Collins, CO 80523, United States of America"
doi:10.1088/2515-7620/ad82b5,W4403054836,10.1088/2515-7620/ad82b5,A5101553563,A5101553563,Logan R Thompson,logan r thompson,0000-0002-0940-586X,middle,FALSE,Kansas State University,https://ror.org/05p1j8758,US,education,"Department of Animal Sciences and Industry, Kansas State University, Manhattan, KS 66506, United States of America"
doi:10.1088/2515-7620/ad82b5,W4403054836,10.1088/2515-7620/ad82b5,A5083715220,A5083715220,Kimberly R Stackhouse-Lawson,kimberly r stackhouse lawson,0000-0001-7435-8695,last,FALSE,Colorado State University,https://ror.org/03k1gpj17,US,education,"Department of Animal Sciences, AgNext, Colorado State University, Fort Collins, CO 80523, United States of America"
doi:10.1016/j.rama.2025.01.007,W4408251596,10.1016/j.rama.2025.01.007,A5116559095,A5116559095,Hana Fancher,hana fancher,NA,first,FALSE,The Land Institute,https://ror.org/00jxaym78,US,nonprofit,"Crop Stewardship Specialist, The Land Institute, Salina, KS, 67401, USA"
doi:10.1016/j.rama.2025.01.007,W4408251596,10.1016/j.rama.2025.01.007,A5080224205,A5080224205,Amy M. Nagler,amy m nagler,NA,middle,FALSE,University of Wyoming,https://ror.org/01485tq96,US,education,"Research Scientist, Department of Agricultural & Applied Economics, University of Wyoming, Laramie, WY, 82071, USA"
doi:10.1016/j.rama.2025.01.007,W4408251596,10.1016/j.rama.2025.01.007,A5060067873,A5060067873,John P. Ritten,john p ritten,0000-0002-6468-3870,middle,TRUE,Colorado State University,https://ror.org/03k1gpj17,US,education,"Agricultural Economist and Extension Specialist, AgNext, Colorado State University, Fort Collins, CO, 80523, USA"
doi:10.1016/j.rama.2025.01.007,W4408251596,10.1016/j.rama.2025.01.007,A5013087528,A5013087528,J. D. Wulfhorst,j d wulfhorst,0000-0002-2010-1162,last,FALSE,University of Idaho,https://ror.org/03hbp5t65,US,education,"PRSM, Department of Natural Resources and Society, University of Idaho, Moscow, ID, 83844, USA"
doi:10.1002/jeq2.70051,W4411467092,10.1002/jeq2.70051,A5007859560,A5007859560,Megan Donovan,megan donovan,0000-0002-9225-2314,first,FALSE,Agricultural Research Service,https://ror.org/02d2m2044,US,government,"USDA‐ARS Range Management Research Unit, Jornada Experimental Range  Las Cruces New Mexico USA; USDA-ARS Range Management Research Unit, Jornada Experimental Range, Las Cruces, New Mexico, USA"
doi:10.1002/jeq2.70051,W4411467092,10.1002/jeq2.70051,A5007859560,A5007859560,Megan Donovan,megan donovan,0000-0002-9225-2314,first,FALSE,Society For Range Management,https://ror.org/04mercy44,US,other,"USDA‐ARS Range Management Research Unit, Jornada Experimental Range  Las Cruces New Mexico USA; USDA-ARS Range Management Research Unit, Jornada Experimental Range, Las Cruces, New Mexico, USA"
doi:10.1002/jeq2.70051,W4411467092,10.1002/jeq2.70051,A5019160624,A5019160624,Sheri Spiegal,sheri spiegal,0000-0002-5489-9512,middle,TRUE,Agricultural Research Service,https://ror.org/02d2m2044,US,government,"USDA‐ARS Range Management Research Unit, Jornada Experimental Range  Las Cruces New Mexico USA; USDA-ARS Range Management Research Unit, Jornada Experimental Range, Las Cruces, New Mexico, USA"
doi:10.1002/jeq2.70051,W4411467092,10.1002/jeq2.70051,A5019160624,A5019160624,Sheri Spiegal,sheri spiegal,0000-0002-5489-9512,middle,TRUE,Society For Range Management,https://ror.org/04mercy44,US,other,"USDA‐ARS Range Management Research Unit, Jornada Experimental Range  Las Cruces New Mexico USA; USDA-ARS Range Management Research Unit, Jornada Experimental Range, Las Cruces, New Mexico, USA"
doi:10.1002/jeq2.70051,W4411467092,10.1002/jeq2.70051,A5061395635,A5061395635,Nicole Kaplan,nicole kaplan,0000-0003-1090-9173,middle,FALSE,NA,NA,NA,NA,"USDA‐ARS Rangeland Resources and Systems Research Unit  Fort Collins Colorado USA; USDA-ARS Rangeland Resources and Systems Research Unit, Fort Collins, Colorado, USA"
doi:10.1002/jeq2.70051,W4411467092,10.1002/jeq2.70051,A5045522086,A5045522086,David W. Archer,david w archer,0000-0002-4816-7040,middle,FALSE,Northern Great Plains Research Laboratory,https://ror.org/0474dxd36,US,facility,"USDA‐ARS Northern Great Plains Research Laboratory  Mandan North Dakota USA; USDA-ARS Northern Great Plains Research Laboratory, Mandan, North Dakota, USA"
doi:10.1002/jeq2.70051,W4411467092,10.1002/jeq2.70051,A5103346746,A5103346746,Alycia Bean,alycia bean,0000-0002-6854-8967,middle,FALSE,Washington State University,https://ror.org/05dk0ce17,US,education,"Department of Crop and Soil Sciences Washington State University  Pullman Washington USA; Department of Crop and Soil Sciences, Washington State University, Pullman, Washington, USA"
doi:10.1002/jeq2.70051,W4411467092,10.1002/jeq2.70051,A5068654158,A5068654158,Sarah E. Johnson‐Beebout,sarah e johnson beebout,0000-0003-1276-6786,middle,FALSE,National Agricultural Library,https://ror.org/00z6b1508,US,archive,"USDA‐ARS Office of National Programs Natural Resources and Sustainable Agricultural Systems  Beltsville Maryland USA; USDA-ARS Office of National Programs, Natural Resources and Sustainable Agricultural Systems, Beltsville, Maryland, USA"
doi:10.1002/jeq2.70051,W4411467092,10.1002/jeq2.70051,A5068654158,A5068654158,Sarah E. Johnson‐Beebout,sarah e johnson beebout,0000-0003-1276-6786,middle,FALSE,Beltsville Agricultural Research Center,https://ror.org/03b08sh51,US,facility,"USDA‐ARS Office of National Programs Natural Resources and Sustainable Agricultural Systems  Beltsville Maryland USA; USDA-ARS Office of National Programs, Natural Resources and Sustainable Agricultural Systems, Beltsville, Maryland, USA"
doi:10.1002/jeq2.70051,W4411467092,10.1002/jeq2.70051,A5041795161,A5041795161,Brandon T. Bestelmeyer,brandon t bestelmeyer,0000-0001-5060-9955,middle,FALSE,Agricultural Research Service,https://ror.org/02d2m2044,US,government,"USDA‐ARS Range Management Research Unit, Jornada Experimental Range  Las Cruces New Mexico USA; USDA-ARS Range Management Research Unit, Jornada Experimental Range, Las Cruces, New Mexico, USA"
doi:10.1002/jeq2.70051,W4411467092,10.1002/jeq2.70051,A5041795161,A5041795161,Brandon T. Bestelmeyer,brandon t bestelmeyer,0000-0001-5060-9955,middle,FALSE,Society For Range Management,https://ror.org/04mercy44,US,other,"USDA‐ARS Range Management Research Unit, Jornada Experimental Range  Las Cruces New Mexico USA; USDA-ARS Range Management Research Unit, Jornada Experimental Range, Las Cruces, New Mexico, USA"
doi:10.1002/jeq2.70051,W4411467092,10.1002/jeq2.70051,A5017826607,A5017826607,Patrick E. Clark,patrick e clark,0000-0003-4299-1853,middle,FALSE,Northwest Watershed Research Center,https://ror.org/00cahhs35,US,facility,"USDA‐ARS Northwest Watershed Research Center  Boise Idaho USA; USDA-ARS Northwest Watershed Research Center, Boise, Idaho, USA"
doi:10.1002/jeq2.70051,W4411467092,10.1002/jeq2.70051,A5033413880,A5033413880,Alia DeLong,alia delong,0000-0002-5169-1003,middle,FALSE,Archbold Biological Station,https://ror.org/00m2ag473,US,nonprofit,"Archbold Biological Station Buck Island Ranch  Lake Placid Florida USA; Archbold Biological Station, Buck Island Ranch, Lake Placid, Florida, USA"
doi:10.1002/jeq2.70051,W4411467092,10.1002/jeq2.70051,A5035658688,A5035658688,Ann‐Marie Fortuna,ann marie fortuna,0000-0002-6966-7781,middle,FALSE,Agricultural Research Service,https://ror.org/02d2m2044,US,government,"USDA‐ARS, PA, Oklahoma and Central Plains Agricultural Research Center Agroclimate and Hydraulics Engineering Research Unit  El Reno Oklahoma USA; USDA-ARS, PA, Oklahoma and Central Plains Agricultural Research Center, Agroclimate and Hydraulics Engineering Research Unit, El Reno, Oklahoma, USA"
doi:10.1002/jeq2.70051,W4411467092,10.1002/jeq2.70051,A5085518227,A5085518227,Claire Friedrichsen,claire friedrichsen,0000-0002-6633-456X,middle,FALSE,Northern Great Plains Research Laboratory,https://ror.org/0474dxd36,US,facility,"USDA‐ARS Northern Great Plains Research Laboratory  Mandan North Dakota USA; USDA-ARS Northern Great Plains Research Laboratory, Mandan, North Dakota, USA"
doi:10.1002/jeq2.70051,W4411467092,10.1002/jeq2.70051,A5022168676,A5022168676,David L. Hoover,david l hoover,0000-0002-9326-9791,middle,FALSE,NA,NA,NA,NA,"USDA‐ARS Rangeland Resources and Systems Research Unit  Fort Collins Colorado USA; USDA-ARS Rangeland Resources and Systems Research Unit, Fort Collins, Colorado, USA"
doi:10.1002/jeq2.70051,W4411467092,10.1002/jeq2.70051,A5063852164,A5063852164,David R. Huggins,david r huggins,0000-0003-0441-8677,middle,FALSE,NA,NA,NA,NA,"USDA‐ARS Northwest Sustainable Agroecosystems Research Unit  Pullman Washington USA; USDA-ARS Northwest Sustainable Agroecosystems Research Unit, Pullman, Washington, USA"
doi:10.1002/jeq2.70051,W4411467092,10.1002/jeq2.70051,A5083932844,A5083932844,Peter J. A. Kleinman,peter j a kleinman,0000-0002-5093-3736,middle,FALSE,Agricultural Research Service,https://ror.org/02d2m2044,US,government,"USDA‐ARS Soil Management and Sugarbeet Research Unit  Fort Collins Colorado USA; USDA-ARS Soil Management and Sugarbeet Research Unit, Fort Collins, Colorado, USA"
doi:10.1002/jeq2.70051,W4411467092,10.1002/jeq2.70051,A5088656225,A5088656225,Matthew M. McIntosh,matthew m mcintosh,0000-0002-8957-8735,middle,FALSE,Agricultural Research Service,https://ror.org/02d2m2044,US,government,"USDA‐ARS Food Systems Research Unit  Burlington Vermont USA; USDA-ARS Food Systems Research Unit, Burlington, Vermont, USA"
doi:10.1002/jeq2.70051,W4411467092,10.1002/jeq2.70051,A5014970236,A5014970236,Chris S. Renschler,chris s renschler,0000-0002-7462-6386,middle,FALSE,National Soil Erosion Research Laboratory,https://ror.org/04cnk3y09,US,facility,"USDA‐ARS National Soil Erosion Research Laboratory (NSERL)  West Lafayette Indiana USA; USDA-ARS National Soil Erosion Research Laboratory (NSERL), West Lafayette, Indiana, USA"
doi:10.1002/jeq2.70051,W4411467092,10.1002/jeq2.70051,A5060067873,A5060067873,John P. Ritten,john p ritten,0000-0002-6468-3870,middle,FALSE,Colorado State University,https://ror.org/03k1gpj17,US,education,"AgNext Colorado State University  Fort Collins Colorado USA; AgNext, Colorado State University, Fort Collins, Colorado, USA"
doi:10.1002/jeq2.70051,W4411467092,10.1002/jeq2.70051,A5031528898,A5031528898,Douglas R. Smith,douglas r smith,0000-0002-7194-5787,middle,FALSE,"Grassland, Soil and Water Research Laboratory",https://ror.org/05mfs3k63,US,facility,"USDA‐ARS, Grassland Soil and Water Research Laboratory  Temple Texas USA; USDA-ARS, Grassland, Soil and Water Research Laboratory, Temple, Texas, USA"
doi:10.1002/jeq2.70051,W4411467092,10.1002/jeq2.70051,A5064810267,A5064810267,Nicholas P. Webb,nicholas p webb,0000-0001-9355-5512,middle,FALSE,Agricultural Research Service,https://ror.org/02d2m2044,US,government,"USDA‐ARS Range Management Research Unit, Jornada Experimental Range  Las Cruces New Mexico USA; USDA-ARS Range Management Research Unit, Jornada Experimental Range, Las Cruces, New Mexico, USA"
doi:10.1002/jeq2.70051,W4411467092,10.1002/jeq2.70051,A5064810267,A5064810267,Nicholas P. Webb,nicholas p webb,0000-0001-9355-5512,middle,FALSE,Society For Range Management,https://ror.org/04mercy44,US,other,"USDA‐ARS Range Management Research Unit, Jornada Experimental Range  Las Cruces New Mexico USA; USDA-ARS Range Management Research Unit, Jornada Experimental Range, Las Cruces, New Mexico, USA"
doi:10.1002/jeq2.70051,W4411467092,10.1002/jeq2.70051,A5013087528,A5013087528,J. D. Wulfhorst,j d wulfhorst,0000-0002-2010-1162,last,FALSE,University of Idaho,https://ror.org/03hbp5t65,US,education,"Department of Natural Resources and Society University of Idaho  Moscow Idaho USA; Department of Natural Resources and Society, University of Idaho, Moscow, Idaho, USA"
doi:10.2989/10220119.2025.2585814,W7134037685,10.2989/10220119.2025.2585814,A5121243497,A5121243497,Justin  D. Derner,justin d derner,0000-0001-8076-0736,first,TRUE,Center for Agricultural Resources Research,https://ror.org/0135db650,US,facility,"USDA-Agricultural Research Service, Center for Agricultural Resources Research, Rangeland Resources and Systems Research Unit"
doi:10.2989/10220119.2025.2585814,W7134037685,10.2989/10220119.2025.2585814,A5128255158,A5128255158,J Gonzalo Irisarri,j gonzalo irisarri,0000-0001-8610-3040,middle,FALSE,University of Wyoming,https://ror.org/01485tq96,US,education,"University of Wyoming, Department of Ecosystem Science and Management"
doi:10.2989/10220119.2025.2585814,W7134037685,10.2989/10220119.2025.2585814,A5080640333,A5080640333,Edward J. Raynor,edward j raynor,0000-0003-2483-4694,middle,FALSE,Colorado State University,https://ror.org/03k1gpj17,US,education,"Colorado State University, AgNext"
doi:10.2989/10220119.2025.2585814,W7134037685,10.2989/10220119.2025.2585814,A5060067873,A5060067873,John P. Ritten,john p ritten,0000-0002-6468-3870,middle,FALSE,Colorado State University,https://ror.org/03k1gpj17,US,education,"Colorado State University, AgNext"
doi:10.2989/10220119.2025.2585814,W7134037685,10.2989/10220119.2025.2585814,A5086619044,A5086619044,Clay A Lents,clay a lents,0000-0003-2512-7764,middle,FALSE,United States Department of Agriculture,https://ror.org/01na82s61,US,government,"USDA-Agricultural Research Service, Meat Animal Research Center, Livestock Biosystems Research Unit"
doi:10.2989/10220119.2025.2585814,W7134037685,10.2989/10220119.2025.2585814,A5128276452,A5128276452,Kaiyu Guan,kaiyu guan,0000-0002-3499-6382,middle,FALSE,University of Illinois Urbana-Champaign,https://ror.org/047426m28,US,education,"University of Illinois Urbana-Champaign, Agroecosystem Sustainability Center and College of Agricultural, Consumer, and Environmental Sciences"
doi:10.2989/10220119.2025.2585814,W7134037685,10.2989/10220119.2025.2585814,A5128268458,A5128268458,Bin Peng,bin peng,0000-0002-7284-3010,middle,FALSE,University of Illinois Urbana-Champaign,https://ror.org/047426m28,US,education,"University of Illinois Urbana-Champaign, Agroecosystem Sustainability Center and College of Agricultural, Consumer, and Environmental Sciences"
doi:10.2989/10220119.2025.2585814,W7134037685,10.2989/10220119.2025.2585814,A5128267680,A5128267680,Lexuan Ye,lexuan ye,0009-0005-1841-7175,middle,FALSE,University of Illinois Urbana-Champaign,https://ror.org/047426m28,US,education,"University of Illinois Urbana-Champaign, Agroecosystem Sustainability Center and College of Agricultural, Consumer, and Environmental Sciences"
doi:10.2989/10220119.2025.2585814,W7134037685,10.2989/10220119.2025.2585814,A5076919507,A5076919507,Greg Thoma,greg thoma,0000-0001-8757-7635,middle,FALSE,Colorado State University,https://ror.org/03k1gpj17,US,education,"Colorado State University, AgNext"
doi:10.2989/10220119.2025.2585814,W7134037685,10.2989/10220119.2025.2585814,A5005249696,A5005249696,Lauren M. Porensky,lauren m porensky,0000-0001-6883-2442,middle,FALSE,Center for Agricultural Resources Research,https://ror.org/0135db650,US,facility,"USDA-Agricultural Research Service, Center for Agricultural Resources Research, Rangeland Resources and Systems Research Unit"
doi:10.2989/10220119.2025.2585814,W7134037685,10.2989/10220119.2025.2585814,A5053897338,A5053897338,David J. Augustine,david j augustine,0000-0003-3144-0466,last,FALSE,Center for Agricultural Resources Research,https://ror.org/0135db650,US,facility,"USDA-Agricultural Research Service, Center for Agricultural Resources Research, Rangeland Resources and Systems Research Unit"
doi:10.1093/jas/skaa405,W3116943314,10.1093/jas/skaa405,A5050193902,A5050193902,Meredith A Harrison,meredith a harrison,NA,first,FALSE,Colorado State University,https://ror.org/03k1gpj17,US,education,"Department of Animal Sciences, Colorado State University, Fort Collins, CO, USA"
doi:10.1093/jas/skaa405,W3116943314,10.1093/jas/skaa405,A5041733109,A5041733109,John Sheehan,john sheehan,0000-0003-4953-6634,middle,FALSE,Colorado State University,https://ror.org/03k1gpj17,US,education,"Department of Chemical and Biological Engineering, Colorado State University, Fort Collins, CO, USA"
doi:10.1093/jas/skaa405,W3116943314,10.1093/jas/skaa405,A5113504078,A5113504078,G.E. Seidel,g e seidel,NA,middle,FALSE,Colorado State University,https://ror.org/03k1gpj17,US,education,"Department of Biomedical Sciences, Colorado State University, Fort Collins, CO, USA"
doi:10.1093/jas/skaa405,W3116943314,10.1093/jas/skaa405,A5080323738,A5080323738,Daniel F. Mooney,daniel f mooney,0000-0002-5056-9102,middle,FALSE,Colorado State University,https://ror.org/03k1gpj17,US,education,"Department of Agricultural and Resource Economics, Colorado State University, Fort Collins, CO, USA"
doi:10.1093/jas/skaa405,W3116943314,10.1093/jas/skaa405,A5113640287,A5113640287,Ryan Rhoades,ryan rhoades,NA,middle,FALSE,Colorado State University,https://ror.org/03k1gpj17,US,education,"Department of Animal Sciences, Colorado State University, Fort Collins, CO, USA"
doi:10.1093/jas/skaa405,W3116943314,10.1093/jas/skaa405,A5112504489,A5112504489,J. K. Ahola,j k ahola,NA,last,FALSE,Colorado State University,https://ror.org/03k1gpj17,US,education,"Department of Animal Sciences, Colorado State University, Fort Collins, CO, USA"
doi:10.1093/qopen/qoad027,W4387648594,10.1093/qopen/qoad027,A5047699658,A5047699658,Sophie C. McKee,sophie c mckee,0000-0002-2283-4191,first,FALSE,Animal and Plant Health Inspection Service,https://ror.org/0599wfz09,US,government,"Department of Economics, Colorado State University , Fort Collins, CO, USA; National Wildlife Research Center, United States Department of Agriculture, Animal and Plant Health Inspection Service, Wildlife Services , Fort Collins, CO, USA; National Wildlife Research Center, United States Department of Agriculture, Animal and Plant Health Inspection Service, Wildlife Services, 4101 LaPorte Avenue, Fort Collins, CO 80521, USA; Colorado State University, Economics Department, 711 Oval Drive, Fort Collins, CO 80521, USA"
doi:10.1093/qopen/qoad027,W4387648594,10.1093/qopen/qoad027,A5047699658,A5047699658,Sophie C. McKee,sophie c mckee,0000-0002-2283-4191,first,FALSE,United States Department of Agriculture,https://ror.org/01na82s61,US,government,"Department of Economics, Colorado State University , Fort Collins, CO, USA; National Wildlife Research Center, United States Department of Agriculture, Animal and Plant Health Inspection Service, Wildlife Services , Fort Collins, CO, USA; National Wildlife Research Center, United States Department of Agriculture, Animal and Plant Health Inspection Service, Wildlife Services, 4101 LaPorte Avenue, Fort Collins, CO 80521, USA; Colorado State University, Economics Department, 711 Oval Drive, Fort Collins, CO 80521, USA"
doi:10.1093/qopen/qoad027,W4387648594,10.1093/qopen/qoad027,A5047699658,A5047699658,Sophie C. McKee,sophie c mckee,0000-0002-2283-4191,first,FALSE,Colorado State University,https://ror.org/03k1gpj17,US,education,"Department of Economics, Colorado State University , Fort Collins, CO, USA; National Wildlife Research Center, United States Department of Agriculture, Animal and Plant Health Inspection Service, Wildlife Services , Fort Collins, CO, USA; National Wildlife Research Center, United States Department of Agriculture, Animal and Plant Health Inspection Service, Wildlife Services, 4101 LaPorte Avenue, Fort Collins, CO 80521, USA; Colorado State University, Economics Department, 711 Oval Drive, Fort Collins, CO 80521, USA"
doi:10.1093/qopen/qoad027,W4387648594,10.1093/qopen/qoad027,A5080323738,A5080323738,Daniel F. Mooney,daniel f mooney,0000-0002-5056-9102,middle,FALSE,Colorado State University,https://ror.org/03k1gpj17,US,education,"Department of Agricultural and Resource Economics, Colorado State University , Fort Collins, CO, USA; Colorado State University, Department of Agriculture and Resource Economics, 501 University Avenue, Fort Collins, CO 80521, USA"
doi:10.1093/qopen/qoad027,W4387648594,10.1093/qopen/qoad027,A5011693138,A5011693138,Ryan S. Miller,ryan s miller,0000-0003-3892-0251,last,FALSE,Animal and Plant Health Inspection Service,https://ror.org/0599wfz09,US,government,"USDA/APHIS/ Center for Epidemiology and Animal Health, Natural Resource Research Center , Fort Collins, CO, USA; USDA/APHIS/ Center for Epidemiology and Animal Health, Natural Resource Research Center, 2150 Center Avenue, Fort Collins, CO 80526, USA"
doi:10.1093/qopen/qoad027,W4387648594,10.1093/qopen/qoad027,A5011693138,A5011693138,Ryan S. Miller,ryan s miller,0000-0003-3892-0251,last,FALSE,Center for Epidemiology and Animal Health,https://ror.org/023cara48,US,government,"USDA/APHIS/ Center for Epidemiology and Animal Health, Natural Resource Research Center , Fort Collins, CO, USA; USDA/APHIS/ Center for Epidemiology and Animal Health, Natural Resource Research Center, 2150 Center Avenue, Fort Collins, CO 80526, USA"
doi:10.1093/tas/txae108,W4401040928,10.1093/tas/txae108,A5073211524,A5073211524,Melissa Davis,melissa davis,0000-0001-9986-6143,first,FALSE,Colorado State University,https://ror.org/03k1gpj17,US,education,"Department of Animal Sciences, Colorado State University , Fort Collins, CO 80523 , USA"
doi:10.1093/tas/txae108,W4401040928,10.1093/tas/txae108,A5013241442,A5013241442,Paxton Sullivan,paxton sullivan,0000-0001-7715-2828,middle,FALSE,Colorado State University,https://ror.org/03k1gpj17,US,education,"Department of Animal Sciences, Colorado State University , Fort Collins, CO 80523 , USA"
doi:10.1093/tas/txae108,W4401040928,10.1093/tas/txae108,A5085533451,A5085533451,Ann M. Hess,ann m hess,0000-0001-5960-1685,middle,FALSE,Colorado State University,https://ror.org/03k1gpj17,US,education,"Department of Statistics, Colorado State University , Fort Collins, CO 80523 , USA"
doi:10.1093/tas/txae108,W4401040928,10.1093/tas/txae108,A5041573292,A5041573292,Mahesh N. Nair,mahesh n nair,0000-0002-2917-1028,middle,FALSE,Colorado State University,https://ror.org/03k1gpj17,US,education,"Department of Animal Sciences, Colorado State University , Fort Collins, CO 80523 , USA"
doi:10.1093/tas/txae108,W4401040928,10.1093/tas/txae108,A5080323738,A5080323738,Daniel F. Mooney,daniel f mooney,0000-0002-5056-9102,middle,FALSE,Colorado State University,https://ror.org/03k1gpj17,US,education,"Department of Agricultural and Resource Economics, Colorado State University , Fort Collins, CO 80523 , USA"
doi:10.1093/tas/txae108,W4401040928,10.1093/tas/txae108,A5045305791,A5045305791,Lily Edwards-Callaway,lily edwards callaway,0000-0002-0737-9899,last,FALSE,Colorado State University,https://ror.org/03k1gpj17,US,education,"Department of Animal Sciences, Colorado State University , Fort Collins, CO 80523 , USA"
doi:10.1017/inp.2023.8,W4322500407,10.1017/inp.2023.8,A5044186496,A5044186496,Marshall Hart,marshall hart,0000-0002-1741-984X,first,TRUE,University of Wyoming,https://ror.org/01485tq96,US,education,"Research Assistant, University of Wyoming Sheridan Research and Extension Center, Sheridan, WY, USA; Institute for Managing Annual Grasses Invading Natural Ecosystems; Institute for Managing Annual Grasses Invading Natural Ecosystems; Research Assistant, University of Wyoming Sheridan Research and Extension Center, Sheridan, WY, USA"
doi:10.1017/inp.2023.8,W4322500407,10.1017/inp.2023.8,A5044186496,A5044186496,Marshall Hart,marshall hart,0000-0002-1741-984X,first,TRUE,Sheridan College,https://ror.org/004k51631,US,education,"Research Assistant, University of Wyoming Sheridan Research and Extension Center, Sheridan, WY, USA; Institute for Managing Annual Grasses Invading Natural Ecosystems; Institute for Managing Annual Grasses Invading Natural Ecosystems; Research Assistant, University of Wyoming Sheridan Research and Extension Center, Sheridan, WY, USA"
doi:10.1017/inp.2023.8,W4322500407,10.1017/inp.2023.8,A5044186496,A5044186496,Marshall Hart,marshall hart,0000-0002-1741-984X,first,TRUE,Institute for Environmental Management,https://ror.org/019ngyx76,US,nonprofit,"Research Assistant, University of Wyoming Sheridan Research and Extension Center, Sheridan, WY, USA; Institute for Managing Annual Grasses Invading Natural Ecosystems; Institute for Managing Annual Grasses Invading Natural Ecosystems; Research Assistant, University of Wyoming Sheridan Research and Extension Center, Sheridan, WY, USA"
doi:10.1017/inp.2023.8,W4322500407,10.1017/inp.2023.8,A5060067873,A5060067873,John P. Ritten,john p ritten,0000-0002-6468-3870,middle,FALSE,Colorado State University,https://ror.org/03k1gpj17,US,education,"Professor, Department of Agricultural and Resource Economics, Colorado State University, Fort Collins, CO, USA"
doi:10.1017/inp.2023.8,W4322500407,10.1017/inp.2023.8,A5039927774,A5039927774,Brian A. Mealor,brian a mealor,0000-0002-8923-342X,last,FALSE,University of Wyoming,https://ror.org/01485tq96,US,education,"Associate Professor and Director, University of Wyoming Sheridan Research and Extension Center, Sheridan, WY, USA; Institute for Managing Annual Grasses Invading Natural Ecosystems; Institute for Managing Annual Grasses Invading Natural Ecosystems; Associate Professor and Director, University of Wyoming Sheridan Research and Extension Center, Sheridan, WY, USA"
doi:10.1017/inp.2023.8,W4322500407,10.1017/inp.2023.8,A5039927774,A5039927774,Brian A. Mealor,brian a mealor,0000-0002-8923-342X,last,FALSE,Sheridan College,https://ror.org/004k51631,US,education,"Associate Professor and Director, University of Wyoming Sheridan Research and Extension Center, Sheridan, WY, USA; Institute for Managing Annual Grasses Invading Natural Ecosystems; Institute for Managing Annual Grasses Invading Natural Ecosystems; Associate Professor and Director, University of Wyoming Sheridan Research and Extension Center, Sheridan, WY, USA"
doi:10.1017/inp.2023.8,W4322500407,10.1017/inp.2023.8,A5039927774,A5039927774,Brian A. Mealor,brian a mealor,0000-0002-8923-342X,last,FALSE,Institute for Environmental Management,https://ror.org/019ngyx76,US,nonprofit,"Associate Professor and Director, University of Wyoming Sheridan Research and Extension Center, Sheridan, WY, USA; Institute for Managing Annual Grasses Invading Natural Ecosystems; Institute for Managing Annual Grasses Invading Natural Ecosystems; Associate Professor and Director, University of Wyoming Sheridan Research and Extension Center, Sheridan, WY, USA"
doi:10.1016/j.rama.2024.01.007,W4391848077,10.1016/j.rama.2024.01.007,A5011607769,A5011607769,Justin Derner,justin derner,0000-0001-8076-0736,first,TRUE,Agricultural Research Service,https://ror.org/02d2m2044,US,government,"Rangeland Scientist and Research Leader, Rangeland Resources and Systems Research Unit, US Department of Agriculture−Agricultural Research Service, Fort Collins, CO 80526/Cheyenne, WY 82009, USA"
doi:10.1016/j.rama.2024.01.007,W4391848077,10.1016/j.rama.2024.01.007,A5060067873,A5060067873,John P. Ritten,john p ritten,0000-0002-6468-3870,middle,FALSE,Colorado State University,https://ror.org/03k1gpj17,US,education,"Agricultural Economist and Extension Specialist, Ag Next, Colorado State University, Fort Collins, CO, 80523, USA"
doi:10.1016/j.rama.2024.01.007,W4391848077,10.1016/j.rama.2024.01.007,A5004206596,A5004206596,Tevyn Baldwin,tevyn baldwin,NA,middle,FALSE,NA,NA,NA,NA,"Credit Review, Platte Valley Companies, Scottsbluff, NE 69361, USA"
doi:10.1016/j.rama.2024.01.007,W4391848077,10.1016/j.rama.2024.01.007,A5044174844,A5044174844,Tamarah R. Jorns,tamarah r jorns,0000-0002-3555-7517,middle,FALSE,Agricultural Research Service,https://ror.org/02d2m2044,US,government,"Agricultural Science Research Technician, Rangeland Resources and Systems Research Unit, US Department of Agriculture−Agricultural Research Service, Fort Collins, CO 80526/Cheyenne, WY, 82009, USA"
doi:10.1016/j.rama.2024.01.007,W4391848077,10.1016/j.rama.2024.01.007,A5007322753,A5007322753,Matt Mortenson,matt mortenson,NA,middle,FALSE,Agricultural Research Service,https://ror.org/02d2m2044,US,government,"Agricultural Science Research Technician, Rangeland Resources and Systems Research Unit, US Department of Agriculture−Agricultural Research Service, Fort Collins, CO 80526/Cheyenne, WY, 82009, USA"
doi:10.1016/j.rama.2024.01.007,W4391848077,10.1016/j.rama.2024.01.007,A5053897338,A5053897338,David J. Augustine,david j augustine,0000-0003-3144-0466,last,FALSE,Agricultural Research Service,https://ror.org/02d2m2044,US,government,"Ecologist, Rangeland Resources and Systems Research Unit, US Department of Agriculture−Agricultural Research Service, Fort Collins, CO 80526/Cheyenne, WY, 82009, USA"
doi:10.1002/ecs2.70397,W4414175545,10.1002/ecs2.70397,A5040559671,A5040559671,L. Eash,l eash,0000-0003-1022-7076,first,TRUE,Colorado State University,https://ror.org/03k1gpj17,US,education,Department of Soil and Crop Sciences Colorado State University  Fort Collins Colorado USA
doi:10.1002/ecs2.70397,W4414175545,10.1002/ecs2.70397,A5039758630,A5039758630,Kathleen Russell,kathleen russell,NA,middle,FALSE,Colorado State University,https://ror.org/03k1gpj17,US,education,Agricultural Experiment Station Colorado State University  Fort Collins Colorado USA; Department of Soil and Crop Sciences Colorado State University  Fort Collins Colorado USA
doi:10.1002/ecs2.70397,W4414175545,10.1002/ecs2.70397,A5111701862,A5111701862,Abdel F. Berrada,abdel f berrada,NA,middle,FALSE,Colorado State University,https://ror.org/03k1gpj17,US,education,Agricultural Experiment Station Colorado State University  Fort Collins Colorado USA
doi:10.1002/ecs2.70397,W4414175545,10.1002/ecs2.70397,A5053936258,A5053936258,Meagan E. Schipanski,meagan e schipanski,0000-0002-1661-9858,middle,FALSE,Colorado State University,https://ror.org/03k1gpj17,US,education,Department of Soil and Crop Sciences Colorado State University  Fort Collins Colorado USA
doi:10.1002/ecs2.70397,W4414175545,10.1002/ecs2.70397,A5008979402,A5008979402,Pankaj Trivedi,pankaj trivedi,0000-0003-0173-2804,middle,FALSE,Colorado State University,https://ror.org/03k1gpj17,US,education,Microbiome Network and Department of Agricultural Biology Colorado State University  Fort Collins Colorado USA
doi:10.1002/ecs2.70397,W4414175545,10.1002/ecs2.70397,A5080323738,A5080323738,Daniel F. Mooney,daniel f mooney,0000-0002-5056-9102,middle,FALSE,Resource (United States),https://ror.org/002sg8b56,US,company,Department of Agricultural and Resource Economics Colorado State University  Fort Collins Colorado USA
doi:10.1002/ecs2.70397,W4414175545,10.1002/ecs2.70397,A5080323738,A5080323738,Daniel F. Mooney,daniel f mooney,0000-0002-5056-9102,middle,FALSE,Colorado State University,https://ror.org/03k1gpj17,US,education,Department of Agricultural and Resource Economics Colorado State University  Fort Collins Colorado USA
doi:10.1002/ecs2.70397,W4414175545,10.1002/ecs2.70397,A5082139943,A5082139943,Jenny Beiermann,jenny beiermann,NA,middle,FALSE,Colorado State University,https://ror.org/03k1gpj17,US,education,Colorado State University Extension  Fort Collins Colorado USA
doi:10.1002/ecs2.70397,W4414175545,10.1002/ecs2.70397,A5108494933,A5108494933,Joe E. Brummer,joe e brummer,NA,middle,FALSE,Colorado State University,https://ror.org/03k1gpj17,US,education,Department of Soil and Crop Sciences Colorado State University  Fort Collins Colorado USA
doi:10.1002/ecs2.70397,W4414175545,10.1002/ecs2.70397,A5055050430,A5055050430,Steven J. Fonte,steven j fonte,0000-0002-3727-2304,last,FALSE,Colorado State University,https://ror.org/03k1gpj17,US,education,Department of Soil and Crop Sciences Colorado State University  Fort Collins Colorado USA
doi:10.1038/s44264-025-00105-w,W4416850448,10.1038/s44264-025-00105-w,A5000437204,A5000437204,Samuel Willard,samuel willard,0009-0003-4986-8628,first,TRUE,The Nature Conservancy,https://ror.org/0563w1497,US,nonprofit,"The Nature Conservancy, Arlington, VA, USA; University of Pennsylvania, Philadelphia, PA, USA"
doi:10.1038/s44264-025-00105-w,W4416850448,10.1038/s44264-025-00105-w,A5000437204,A5000437204,Samuel Willard,samuel willard,0009-0003-4986-8628,first,TRUE,University of Pennsylvania,https://ror.org/00b30xv10,US,education,"The Nature Conservancy, Arlington, VA, USA; University of Pennsylvania, Philadelphia, PA, USA"
doi:10.1038/s44264-025-00105-w,W4416850448,10.1038/s44264-025-00105-w,A5008303186,A5008303186,Sasha Gennet,sasha gennet,0000-0002-6338-5337,middle,FALSE,The Nature Conservancy,https://ror.org/0563w1497,US,nonprofit,"The Nature Conservancy, Arlington, VA, USA"
doi:10.1038/s44264-025-00105-w,W4416850448,10.1038/s44264-025-00105-w,A5058293584,A5058293584,T. Michael Anderson,t michael anderson,0000-0003-0109-2528,middle,FALSE,Meridian Institute,https://ror.org/05p4w7d36,US,nonprofit,"Meridian Institute, Washington, DC, USA"
doi:10.1038/s44264-025-00105-w,W4416850448,10.1038/s44264-025-00105-w,A5048559297,A5048559297,Corrine Nöel Knapp,corrine noel knapp,0000-0001-9849-267X,middle,FALSE,University of Wyoming,https://ror.org/01485tq96,US,education,"University of Wyoming, Laramie, WY, USA"
doi:10.1038/s44264-025-00105-w,W4416850448,10.1038/s44264-025-00105-w,A5004577317,A5004577317,Jocelyn M. Lavallee,jocelyn m lavallee,0000-0002-3028-7087,middle,FALSE,Environmental Defense Fund,https://ror.org/02tj7r959,US,nonprofit,"Environmental Defense Fund, New York, NY, USA"
doi:10.1038/s44264-025-00105-w,W4416850448,10.1038/s44264-025-00105-w,A5060067873,A5060067873,John P. Ritten,john p ritten,0000-0002-6468-3870,middle,FALSE,Colorado State University,https://ror.org/03k1gpj17,US,education,"Colorado State University, Fort Collins, CO, USA"
doi:10.1038/s44264-025-00105-w,W4416850448,10.1038/s44264-025-00105-w,name:elana feldman,NA,Elana Feldman,elana feldman,NA,middle,FALSE,NA,NA,NA,NA,"Working Lands Conservation, Logan, UT, USA"
doi:10.1038/s44264-025-00105-w,W4416850448,10.1038/s44264-025-00105-w,A5001485385,A5001485385,Kristin B. Hulvey,kristin b hulvey,0000-0001-9062-4113,middle,FALSE,NA,NA,NA,NA,"Working Lands Conservation, Logan, UT, USA"
doi:10.1038/s44264-025-00105-w,W4416850448,10.1038/s44264-025-00105-w,A5016986037,A5016986037,Megan K. Nasto,megan k nasto,0000-0002-2422-7643,middle,FALSE,NA,NA,NA,NA,"Working Lands Conservation, Logan, UT, USA"
doi:10.1038/s44264-025-00105-w,W4416850448,10.1038/s44264-025-00105-w,A5081116123,A5081116123,Mark Jacobs,mark jacobs,0000-0002-2175-7040,middle,FALSE,Meridian Institute,https://ror.org/05p4w7d36,US,nonprofit,"Meridian Institute, Washington, DC, USA"
doi:10.1038/s44264-025-00105-w,W4416850448,10.1038/s44264-025-00105-w,A5005253577,A5005253577,Jennifer D. Watts,jennifer d watts,0000-0001-7207-8999,last,FALSE,Woodwell Climate Research Center,https://ror.org/04cvvej54,US,other,"Woodwell Climate Research Center, Falmouth, MA, USA"
doi:10.1093/jas/skaf448,W7117544177,10.1093/jas/skaf448,A5093532001,A5093532001,Ashley K Schilling-Hazlett,ashley k schilling hazlett,NA,first,FALSE,Colorado State University,https://ror.org/03k1gpj17,US,education,"CSU AgNext, Department of Animal Sciences, Colorado State University , Fort Collins, CO 80523"
doi:10.1093/jas/skaf448,W7117544177,10.1093/jas/skaf448,A5083715220,A5083715220,Kimberly R Stackhouse-Lawson,kimberly r stackhouse lawson,0000-0001-7435-8695,middle,FALSE,Colorado State University,https://ror.org/03k1gpj17,US,education,"CSU AgNext, Department of Animal Sciences, Colorado State University , Fort Collins, CO 80523"
doi:10.1093/jas/skaf448,W7117544177,10.1093/jas/skaf448,A5070030238,A5070030238,Tony C Bryant,tony c bryant,0000-0001-9609-3042,middle,FALSE,University of Pittsburgh at Johnstown,https://ror.org/03n9scz70,US,education,"Five Rivers Cattle Feeding , Johnstown, CO 80534"
doi:10.1093/jas/skaf448,W7117544177,10.1093/jas/skaf448,A5080504968,A5080504968,Sara E Place,sara e place,0000-0002-4033-3681,middle,FALSE,Colorado State University,https://ror.org/03k1gpj17,US,education,"CSU AgNext, Department of Animal Sciences, Colorado State University , Fort Collins, CO 80523"
doi:10.1093/jas/skaf448,W7117544177,10.1093/jas/skaf448,A5060067873,A5060067873,John P. Ritten,john p ritten,0000-0002-6468-3870,middle,FALSE,Colorado State University,https://ror.org/03k1gpj17,US,education,"CSU AgNext, Department of Animal Sciences, Colorado State University , Fort Collins, CO 80523"
doi:10.1093/jas/skaf448,W7117544177,10.1093/jas/skaf448,A5121557709,A5121557709,Juan J Vargas,juan j vargas,0000-0002-7674-3850,middle,FALSE,Colorado State University,https://ror.org/03k1gpj17,US,education,"CSU AgNext, Department of Animal Sciences, Colorado State University , Fort Collins, CO 80523"
doi:10.1093/jas/skaf448,W7117544177,10.1093/jas/skaf448,A5033086284,A5033086284,Irene Alexandre Reis,irene alexandre reis,0000-0001-7821-1877,middle,FALSE,Colorado State University,https://ror.org/03k1gpj17,US,education,"CSU AgNext, Department of Animal Sciences, Colorado State University , Fort Collins, CO 80523"
doi:10.1093/jas/skaf448,W7117544177,10.1093/jas/skaf448,A5113323698,A5113323698,Edilane C Martins,edilane c martins,NA,middle,FALSE,Colorado State University,https://ror.org/03k1gpj17,US,education,"CSU AgNext, Department of Animal Sciences, Colorado State University , Fort Collins, CO 80523"
doi:10.1093/jas/skaf448,W7117544177,10.1093/jas/skaf448,A5112532502,A5112532502,M. J. Swenson,m j swenson,NA,middle,FALSE,Colorado State University,https://ror.org/03k1gpj17,US,education,"CSU AgNext, Department of Animal Sciences, Colorado State University , Fort Collins, CO 80523"
doi:10.1093/jas/skaf448,W7117544177,10.1093/jas/skaf448,A5121528498,A5121528498,Erin N Burke,erin n burke,NA,middle,FALSE,Colorado State University,https://ror.org/03k1gpj17,US,education,"CSU AgNext, Department of Animal Sciences, Colorado State University , Fort Collins, CO 80523"
doi:10.1093/jas/skaf448,W7117544177,10.1093/jas/skaf448,A5121579422,A5121579422,Rhyse K Campion,rhyse k campion,NA,middle,FALSE,Colorado State University,https://ror.org/03k1gpj17,US,education,"CSU AgNext, Department of Animal Sciences, Colorado State University , Fort Collins, CO 80523"
doi:10.1093/jas/skaf448,W7117544177,10.1093/jas/skaf448,A5121590769,A5121590769,Cesar Velasquez,cesar velasquez,NA,middle,FALSE,Colorado State University,https://ror.org/03k1gpj17,US,education,"CSU AgNext, Department of Animal Sciences, Colorado State University , Fort Collins, CO 80523"
doi:10.1093/jas/skaf448,W7117544177,10.1093/jas/skaf448,A5106342330,A5106342330,Anna M Shadbolt,anna m shadbolt,NA,middle,FALSE,Colorado State University,https://ror.org/03k1gpj17,US,education,"CSU AgNext, Department of Animal Sciences, Colorado State University , Fort Collins, CO 80523"
doi:10.1093/jas/skaf448,W7117544177,10.1093/jas/skaf448,A5104195676,A5104195676,Pedro H V Carvalho,pedro h v carvalho,0000-0003-1620-6831,last,TRUE,Colorado State University,https://ror.org/03k1gpj17,US,education,"CSU AgNext, Department of Animal Sciences, Colorado State University , Fort Collins, CO 80523"
doi:10.1002/aepp.13383,W4377104004,10.1002/aepp.13383,A5091982217,A5091982217,Kierstin Ekstrom,kierstin ekstrom,NA,first,FALSE,University of Illinois Urbana-Champaign,https://ror.org/047426m28,US,education,"University of Illinois Urbana Champaign  Champaign Illinois USA; University of Illinois Urbana Champaign, Champaign, Illinois, USA"
doi:10.1002/aepp.13383,W4377104004,10.1002/aepp.13383,A5010327778,A5010327778,Sarah Janzen,sarah janzen,0000-0002-0256-2192,middle,TRUE,University of Illinois Urbana-Champaign,https://ror.org/047426m28,US,education,"University of Illinois Urbana Champaign  Champaign Illinois USA; University of Illinois Urbana Champaign, Champaign, Illinois, USA"
doi:10.1002/aepp.13383,W4377104004,10.1002/aepp.13383,A5087537072,A5087537072,Nicholas Magnan,nicholas magnan,0000-0002-5294-2126,last,FALSE,University of Georgia,https://ror.org/00te3t702,US,education,"University of Georgia  Athens Georgia USA; University of Georgia, Athens, Georgia, USA"
doi:10.15232/aas.2022-02322,W4296713815,10.15232/aas.2022-02322,A5090580984,A5090580984,J.R. Whaley,j r whaley,NA,first,FALSE,South Dakota State University,https://ror.org/015jmes13,US,education,"Department of Animal Science, South Dakota State University, Brookings 57007;; Department of Animal Science, South Dakota State University, Brookings 57007"
doi:10.15232/aas.2022-02322,W4296713815,10.15232/aas.2022-02322,A5052783944,A5052783944,Thomas W Murphy,thomas w murphy,0000-0003-3527-8814,middle,FALSE,Roman L. Hruska U.S. Meat Animal Research Center,https://ror.org/03hya7h57,US,facility,"USDA, ARS, Livestock Bio-systems Research Unit, Roman. L. Hruska U.S. Meat Animal Research Center, Clay Center, NE 68933;; USDA, ARS, Livestock Bio-systems Research Unit, Roman. L. Hruska U.S. Meat Animal Research Center, Clay Center, NE 68933"
doi:10.15232/aas.2022-02322,W4296713815,10.15232/aas.2022-02322,A5034313408,A5034313408,Cody Gifford,cody gifford,0000-0002-6083-1928,middle,FALSE,University of Wyoming,https://ror.org/01485tq96,US,education,"Department of Animal Science, University of Wyoming, Laramie 82072;; Department of Animal Science, University of Wyoming, Laramie 82072"
doi:10.15232/aas.2022-02322,W4296713815,10.15232/aas.2022-02322,A5110680419,A5110680419,W. J. Means,w j means,NA,middle,FALSE,University of Wyoming,https://ror.org/01485tq96,US,education,"Department of Animal Science, University of Wyoming, Laramie 82072;; Department of Animal Science, University of Wyoming, Laramie 82072"
doi:10.15232/aas.2022-02322,W4296713815,10.15232/aas.2022-02322,A5060067873,A5060067873,John P. Ritten,john p ritten,0000-0002-6468-3870,middle,FALSE,University of Wyoming,https://ror.org/01485tq96,US,education,"Department of Agricultural and Applied Economics, University of Wyoming, Laramie 82072; and; Department of Agricultural and Applied Economics, University of Wyoming, Laramie 82072"
doi:10.15232/aas.2022-02322,W4296713815,10.15232/aas.2022-02322,A5074955561,A5074955561,Heather N Mckibben,heather n mckibben,NA,middle,FALSE,University of Wyoming,https://ror.org/01485tq96,US,education,"Department of Animal Science, University of Wyoming, Laramie 82072;; Department of Animal Science, University of Wyoming, Laramie 82072"
doi:10.15232/aas.2022-02322,W4296713815,10.15232/aas.2022-02322,A5109586305,A5109586305,C.M. Page,c m page,NA,middle,FALSE,Utah State University,https://ror.org/00h6set76,US,education,"Department of Animal, Dairy, and Veterinary Science, Utah State University, Logan 84322"
doi:10.15232/aas.2022-02322,W4296713815,10.15232/aas.2022-02322,A5065958967,A5065958967,W. C. Stewart,w c stewart,0000-0003-1928-0359,last,TRUE,University of Wyoming,https://ror.org/01485tq96,US,education,"Department of Animal Science, University of Wyoming, Laramie 82072;; Department of Animal Science, University of Wyoming, Laramie 82072"
doi:10.1016/j.forpol.2023.103071,W4388202182,10.1016/j.forpol.2023.103071,A5061943825,A5061943825,Parag Kadam,parag kadam,0000-0002-6534-4205,first,TRUE,University of Copenhagen,https://ror.org/035b05819,DK,education,"Department of Geosciencens and Natural Resource Management, University of Copenhagen, 1350 Copenhagen K, Denmark; Warnell School of Forestry and Natural Resources, University of Georgia, Athens, GA 30602, United States of America"
doi:10.1016/j.forpol.2023.103071,W4388202182,10.1016/j.forpol.2023.103071,A5061943825,A5061943825,Parag Kadam,parag kadam,0000-0002-6534-4205,first,TRUE,University of Georgia,https://ror.org/00te3t702,US,education,"Department of Geosciencens and Natural Resource Management, University of Copenhagen, 1350 Copenhagen K, Denmark; Warnell School of Forestry and Natural Resources, University of Georgia, Athens, GA 30602, United States of America"
doi:10.1016/j.forpol.2023.103071,W4388202182,10.1016/j.forpol.2023.103071,A5087537072,A5087537072,Nicholas Magnan,nicholas magnan,0000-0002-5294-2126,middle,FALSE,University of Georgia,https://ror.org/00te3t702,US,education,"Department of Agricultural and Applied Economics, University of Georgia, Athens, GA 30602, United States of America; Department of Agricultural and Resource Economics, Colorado State University, Fort Collins, CO, 80523, United States of America"
doi:10.1016/j.forpol.2023.103071,W4388202182,10.1016/j.forpol.2023.103071,A5087537072,A5087537072,Nicholas Magnan,nicholas magnan,0000-0002-5294-2126,middle,FALSE,Colorado State University,https://ror.org/03k1gpj17,US,education,"Department of Agricultural and Applied Economics, University of Georgia, Athens, GA 30602, United States of America; Department of Agricultural and Resource Economics, Colorado State University, Fort Collins, CO, 80523, United States of America"
doi:10.1016/j.forpol.2023.103071,W4388202182,10.1016/j.forpol.2023.103071,A5065523962,A5065523962,Puneet Dwivedi,puneet dwivedi,0000-0001-6272-7473,last,FALSE,University of Georgia,https://ror.org/00te3t702,US,education,"Warnell School of Forestry and Natural Resources, University of Georgia, Athens, GA 30602, United States of America"
doi:10.1002/jaa2.93,W4389228450,10.1002/jaa2.93,A5080323738,A5080323738,Daniel F. Mooney,daniel f mooney,0000-0002-5056-9102,first,TRUE,Resource (United States),https://ror.org/002sg8b56,US,company,"Department of Agricultural and Resource Economics Colorado State University  Fort Collins Colorado USA; Department of Agricultural and Resource Economics, Colorado State University, Fort Collins, Colorado, USA"
doi:10.1002/jaa2.93,W4389228450,10.1002/jaa2.93,A5080323738,A5080323738,Daniel F. Mooney,daniel f mooney,0000-0002-5056-9102,first,TRUE,Colorado State University,https://ror.org/03k1gpj17,US,education,"Department of Agricultural and Resource Economics Colorado State University  Fort Collins Colorado USA; Department of Agricultural and Resource Economics, Colorado State University, Fort Collins, Colorado, USA"
doi:10.1002/jaa2.93,W4389228450,10.1002/jaa2.93,A5010688379,A5010688379,Bradford L. Barham,bradford l barham,0000-0003-0936-214X,last,FALSE,University of Wisconsin–Madison,https://ror.org/01y2jtd41,US,education,"Department of Agricultural and Applied Economics University of Wisconsin‐Madison  Madison Wisconsin USA; Department of Agricultural and Applied Economics, University of Wisconsin-Madison, Madison, Wisconsin, USA"
doi:10.1016/j.rama.2025.08.009,W4414414261,10.1016/j.rama.2025.08.009,A5011607769,A5011607769,Justin Derner,justin derner,0000-0001-8076-0736,first,TRUE,Agricultural Research Service - Plains Area,https://ror.org/03sqy6516,US,government,"Rangeland Resources and Systems Research Unit, USDA-Agricultural Research Service, Fort Collins, CO 80526, USA"
doi:10.1016/j.rama.2025.08.009,W4414414261,10.1016/j.rama.2025.08.009,A5053897338,A5053897338,David J. Augustine,david j augustine,0000-0003-3144-0466,middle,FALSE,Agricultural Research Service - Plains Area,https://ror.org/03sqy6516,US,government,"Rangeland Resources and Systems Research Unit, USDA-Agricultural Research Service, Fort Collins, Cheyenne, WY 82009, USA"
doi:10.1016/j.rama.2025.08.009,W4414414261,10.1016/j.rama.2025.08.009,A5033955383,A5033955383,J. Gonzalo N. Irisarri,j gonzalo n irisarri,0000-0001-8610-3040,middle,FALSE,University of Wyoming,https://ror.org/01485tq96,US,education,"Department of Ecosystem Science and Management, University of Wyoming, Laramie, WY 82071, USA"
doi:10.1016/j.rama.2025.08.009,W4414414261,10.1016/j.rama.2025.08.009,A5060067873,A5060067873,John P. Ritten,john p ritten,0000-0002-6468-3870,middle,FALSE,Colorado State University,https://ror.org/03k1gpj17,US,education,"Ag Next, Colorado State University, Fort Collins, CO 80523, USA"
doi:10.1016/j.rama.2025.08.009,W4414414261,10.1016/j.rama.2025.08.009,A5080640333,A5080640333,Edward J. Raynor,edward j raynor,0000-0003-2483-4694,last,FALSE,Colorado State University,https://ror.org/03k1gpj17,US,education,"Ag Next, Colorado State University, Fort Collins, CO 80523, USA"
doi:10.22004/ag.econ.387628,W7125015489,10.22004/ag.econ.387628,A5043455709,A5043455709,Buddhika Patalee,buddhika patalee,NA,first,FALSE,NA,NA,NA,NA,
doi:10.22004/ag.econ.387628,W7125015489,10.22004/ag.econ.387628,A5123384502,A5123384502,Daniel Mooney,daniel mooney,NA,middle,FALSE,NA,NA,NA,NA,
doi:10.22004/ag.econ.387628,W7125015489,10.22004/ag.econ.387628,A5123404032,A5123404032,Tyler Mark,tyler mark,NA,last,FALSE,NA,NA,NA,NA,
doi:10.1016/j.rama.2026.03.004,W7155510746,10.1016/j.rama.2026.03.004,A5011607769,A5011607769,Justin Derner,justin derner,0000-0001-8076-0736,first,TRUE,Center for Agricultural Resources Research,https://ror.org/0135db650,US,facility,"USDA-Agricultural Research Service, Center for Agricultural Resources Research, Rangeland Resources and Systems Research Unit, Fort Collins, CO 82056, USA"
doi:10.1016/j.rama.2026.03.004,W7155510746,10.1016/j.rama.2026.03.004,A5053897338,A5053897338,David J. Augustine,david j augustine,0000-0003-3144-0466,middle,FALSE,Center for Agricultural Resources Research,https://ror.org/0135db650,US,facility,"USDA-Agricultural Research Service, Center for Agricultural Resources Research, Rangeland Resources and Systems Research Unit, Fort Collins, CO 82056, USA"
doi:10.1016/j.rama.2026.03.004,W7155510746,10.1016/j.rama.2026.03.004,A5005249696,A5005249696,Lauren M. Porensky,lauren m porensky,0000-0001-6883-2442,middle,FALSE,Center for Agricultural Resources Research,https://ror.org/0135db650,US,facility,"USDA-Agricultural Research Service, Center for Agricultural Resources Research, Rangeland Resources and Systems Research Unit, Fort Collins, CO 82056, USA"
doi:10.1016/j.rama.2026.03.004,W7155510746,10.1016/j.rama.2026.03.004,A5085254718,A5085254718,Liwang Ma,liwang ma,0000-0002-7451-5221,middle,FALSE,Center for Agricultural Resources Research,https://ror.org/0135db650,US,facility,"USDA-Agricultural Research Service, Center for Agricultural Resources Research, Rangeland Resources and Systems Research Unit, Fort Collins, CO 82056, USA"
doi:10.1016/j.rama.2026.03.004,W7155510746,10.1016/j.rama.2026.03.004,A5022168676,A5022168676,David L. Hoover,david l hoover,0000-0002-9326-9791,middle,FALSE,Center for Agricultural Resources Research,https://ror.org/0135db650,US,facility,"USDA-Agricultural Research Service, Center for Agricultural Resources Research, Rangeland Resources and Systems Research Unit, Fort Collins, CO 82056, USA"
doi:10.1016/j.rama.2026.03.004,W7155510746,10.1016/j.rama.2026.03.004,A5060067873,A5060067873,John P. Ritten,john p ritten,0000-0002-6468-3870,middle,FALSE,Colorado State University,https://ror.org/03k1gpj17,US,education,"Colorado State University, Ag Next, Fort Collins, CO 80523, USA"
doi:10.1016/j.rama.2026.03.004,W7155510746,10.1016/j.rama.2026.03.004,A5013939276,A5013939276,Hailey Wilmer,hailey wilmer,0000-0003-0810-9687,middle,FALSE,Agricultural Research Service,https://ror.org/02d2m2044,US,government,"USDA-Agricultural Research Service, Range Sheep Production Efficiency Research Unit, Dubois, ID 83423, USA"
doi:10.1016/j.rama.2026.03.004,W7155510746,10.1016/j.rama.2026.03.004,A5132864204,A5132864204,Sean P. Kearney,sean p kearney,0000-0002-5939-1259,last,FALSE,Western EcoSystems Technology (United States),https://ror.org/03y5ndk86,US,company,"Thunder Basin Grasslands Prairie Ecosystem Association, Douglas, WY 82633, USA"
doi:10.1016/j.rama.2026.04.003,W7162435065,10.1016/j.rama.2026.04.003,A5136800418,A5136800418,David J. Augustine,david j augustine,0000-0003-3144-0466,first,TRUE,Agricultural Research Service,https://ror.org/02d2m2044,US,government,"USDA-ARS, Rangeland Resources and Systems Research Unit, 2150 Center Ave, Fort Collins, CO 80526, USA"
doi:10.1016/j.rama.2026.04.003,W7162435065,10.1016/j.rama.2026.04.003,A5136800418,A5136800418,David J. Augustine,david j augustine,0000-0003-3144-0466,first,TRUE,Center for Agricultural Resources Research,https://ror.org/0135db650,US,facility,"USDA-ARS, Rangeland Resources and Systems Research Unit, 2150 Center Ave, Fort Collins, CO 80526, USA"
doi:10.1016/j.rama.2026.04.003,W7162435065,10.1016/j.rama.2026.04.003,A5136801573,A5136801573,Lauren M. Porensky,lauren m porensky,0000-0001-6883-2442,middle,FALSE,Agricultural Research Service,https://ror.org/02d2m2044,US,government,"USDA-ARS, Rangeland Resources and Systems Research Unit, 2150 Center Ave, Fort Collins, CO 80526, USA"
doi:10.1016/j.rama.2026.04.003,W7162435065,10.1016/j.rama.2026.04.003,A5136801573,A5136801573,Lauren M. Porensky,lauren m porensky,0000-0001-6883-2442,middle,FALSE,Center for Agricultural Resources Research,https://ror.org/0135db650,US,facility,"USDA-ARS, Rangeland Resources and Systems Research Unit, 2150 Center Ave, Fort Collins, CO 80526, USA"
doi:10.1016/j.rama.2026.04.003,W7162435065,10.1016/j.rama.2026.04.003,A5022168676,A5022168676,David L. Hoover,david l hoover,0000-0002-9326-9791,middle,FALSE,Agricultural Research Service,https://ror.org/02d2m2044,US,government,"USDA-ARS, Rangeland Resources and Systems Research Unit, 2150 Center Ave, Fort Collins, CO 80526, USA"
doi:10.1016/j.rama.2026.04.003,W7162435065,10.1016/j.rama.2026.04.003,A5022168676,A5022168676,David L. Hoover,david l hoover,0000-0002-9326-9791,middle,FALSE,Center for Agricultural Resources Research,https://ror.org/0135db650,US,facility,"USDA-ARS, Rangeland Resources and Systems Research Unit, 2150 Center Ave, Fort Collins, CO 80526, USA"
doi:10.1016/j.rama.2026.04.003,W7162435065,10.1016/j.rama.2026.04.003,A5137068253,A5137068253,Sean Kearney,sean kearney,0000-0002-5939-1259,middle,FALSE,Western EcoSystems Technology (United States),https://ror.org/03y5ndk86,US,company,"Thunder Basin Grasslands Prairie Ecosystem Association, Douglas, WY 82633, USA"
doi:10.1016/j.rama.2026.04.003,W7162435065,10.1016/j.rama.2026.04.003,A5013939276,A5013939276,Hailey Wilmer,hailey wilmer,0000-0003-0810-9687,middle,FALSE,Agricultural Research Service,https://ror.org/02d2m2044,US,government,"USDA-ARS, Range Sheep Production Efficiency Research, Dubois, ID 83423, USA"
doi:10.1016/j.rama.2026.04.003,W7162435065,10.1016/j.rama.2026.04.003,A5137026703,A5137026703,John P. Ritten,john p ritten,0000-0002-6468-3870,middle,FALSE,Colorado State University,https://ror.org/03k1gpj17,US,education,"AgNext, 350 West Pitkin Street, Colorado State University, Fort Collins, CO 80523, USA"
doi:10.1016/j.rama.2026.04.003,W7162435065,10.1016/j.rama.2026.04.003,A5137082555,A5137082555,Justin D. Derner,justin d derner,NA,last,FALSE,Agricultural Research Service,https://ror.org/02d2m2044,US,government,"USDA-ARS, Rangeland Resources and Systems Research Unit, 8404 Hildreth Road, Cheyenne, WY 82009, USA"
doi:10.1093/tas/txag072,W7162752579,10.1093/tas/txag072,A5112532502,A5112532502,M. J. Swenson,m j swenson,NA,first,FALSE,Colorado State University,https://ror.org/03k1gpj17,US,education,"CSU AgNext, Department of Animal Sciences, Colorado State University , Fort Collins, CO, 80523,"
doi:10.1093/tas/txag072,W7162752579,10.1093/tas/txag072,A5121557709,A5121557709,Juan J Vargas,juan j vargas,NA,middle,FALSE,Colorado State University,https://ror.org/03k1gpj17,US,education,"CSU AgNext, Department of Animal Sciences, Colorado State University , Fort Collins, CO, 80523,"
doi:10.1093/tas/txag072,W7162752579,10.1093/tas/txag072,A5060067873,A5060067873,John P. Ritten,john p ritten,0000-0002-6468-3870,middle,FALSE,Colorado State University,https://ror.org/03k1gpj17,US,education,"CSU AgNext, Department of Animal Sciences, Colorado State University , Fort Collins, CO, 80523,"
doi:10.1093/tas/txag072,W7162752579,10.1093/tas/txag072,A5093532001,A5093532001,Ashley K Schilling-Hazlett,ashley k schilling hazlett,NA,middle,FALSE,Colorado State University,https://ror.org/03k1gpj17,US,education,"CSU AgNext, Department of Animal Sciences, Colorado State University , Fort Collins, CO, 80523,"
doi:10.1093/tas/txag072,W7162752579,10.1093/tas/txag072,A5113323698,A5113323698,Edilane C Martins,edilane c martins,NA,middle,FALSE,Colorado State University,https://ror.org/03k1gpj17,US,education,"CSU AgNext, Department of Animal Sciences, Colorado State University , Fort Collins, CO, 80523,"
doi:10.1093/tas/txag072,W7162752579,10.1093/tas/txag072,A5121528498,A5121528498,Erin N Burke,erin n burke,NA,middle,FALSE,Colorado State University,https://ror.org/03k1gpj17,US,education,"CSU AgNext, Department of Animal Sciences, Colorado State University , Fort Collins, CO, 80523,"
doi:10.1093/tas/txag072,W7162752579,10.1093/tas/txag072,A5121579422,A5121579422,Rhyse K Campion,rhyse k campion,NA,middle,FALSE,Colorado State University,https://ror.org/03k1gpj17,US,education,"CSU AgNext, Department of Animal Sciences, Colorado State University , Fort Collins, CO, 80523,"
doi:10.1093/tas/txag072,W7162752579,10.1093/tas/txag072,A5106342330,A5106342330,Anna M Shadbolt,anna m shadbolt,NA,middle,FALSE,Colorado State University,https://ror.org/03k1gpj17,US,education,"CSU AgNext, Department of Animal Sciences, Colorado State University , Fort Collins, CO, 80523,"
doi:10.1093/tas/txag072,W7162752579,10.1093/tas/txag072,A5136324611,A5136324611,Pedro H V Carvalho,pedro h v carvalho,0000-0003-1620-6831,middle,FALSE,Colorado State University,https://ror.org/03k1gpj17,US,education,"CSU AgNext, Department of Animal Sciences, Colorado State University , Fort Collins, CO, 80523,"
doi:10.1093/tas/txag072,W7162752579,10.1093/tas/txag072,A5137379765,A5137379765,Kimberly R Stackhouse-Lawson,kimberly r stackhouse lawson,NA,middle,FALSE,Colorado State University,https://ror.org/03k1gpj17,US,education,"CSU AgNext, Department of Animal Sciences, Colorado State University , Fort Collins, CO, 80523,"
doi:10.1093/tas/txag072,W7162752579,10.1093/tas/txag072,A5017296865,A5017296865,Nathan D. DeLay,nathan d delay,0000-0003-3239-0798,middle,FALSE,Colorado State University,https://ror.org/03k1gpj17,US,education,"CSU AgNext, Department of Animal Sciences, Colorado State University , Fort Collins, CO, 80523,"
doi:10.1093/tas/txag072,W7162752579,10.1093/tas/txag072,A5080504968,A5080504968,Sara E Place,sara e place,0000-0002-4033-3681,last,FALSE,Colorado State University,https://ror.org/03k1gpj17,US,education,"CSU AgNext, Department of Animal Sciences, Colorado State University , Fort Collins, CO, 80523,"
doi:10.1016/j.rama.2026.05.006,W7166506521,10.1016/j.rama.2026.05.006,A5031090585,A5031090585,R. Daren Harmel,r daren harmel,0000-0002-5344-1286,first,TRUE,NA,NA,NA,NA,
doi:10.1016/j.rama.2026.05.006,W7166506521,10.1016/j.rama.2026.05.006,A5011039592,A5011039592,Joshua Mott,joshua mott,0000-0002-5598-5383,middle,FALSE,NA,NA,NA,NA,
doi:10.1016/j.rama.2026.05.006,W7166506521,10.1016/j.rama.2026.05.006,A5072615505,A5072615505,Merilynn C. Schantz,merilynn c schantz,0000-0002-7740-2345,middle,FALSE,NA,NA,NA,NA,
doi:10.1016/j.rama.2026.05.006,W7166506521,10.1016/j.rama.2026.05.006,A5022168676,A5022168676,David L. Hoover,david l hoover,0000-0002-9326-9791,middle,FALSE,NA,NA,NA,NA,
doi:10.1016/j.rama.2026.05.006,W7166506521,10.1016/j.rama.2026.05.006,A5053897338,A5053897338,David J. Augustine,david j augustine,0000-0003-3144-0466,middle,FALSE,NA,NA,NA,NA,
doi:10.1016/j.rama.2026.05.006,W7166506521,10.1016/j.rama.2026.05.006,A5139591011,A5139591011,Aaron Hird,aaron hird,0009-0004-4451-5548,middle,FALSE,NA,NA,NA,NA,
doi:10.1016/j.rama.2026.05.006,W7166506521,10.1016/j.rama.2026.05.006,A5139543513,A5139543513,Peter J.A. Kleinman,peter j a kleinman,NA,middle,FALSE,NA,NA,NA,NA,
doi:10.1016/j.rama.2026.05.006,W7166506521,10.1016/j.rama.2026.05.006,A5005249696,A5005249696,Lauren M. Porensky,lauren m porensky,0000-0001-6883-2442,middle,FALSE,NA,NA,NA,NA,
doi:10.1016/j.rama.2026.05.006,W7166506521,10.1016/j.rama.2026.05.006,A5060067873,A5060067873,John P. Ritten,john p ritten,0000-0002-6468-3870,middle,FALSE,NA,NA,NA,NA,
doi:10.1016/j.rama.2026.05.006,W7166506521,10.1016/j.rama.2026.05.006,A5083715220,A5083715220,Kimberly R Stackhouse-Lawson,kimberly r stackhouse lawson,0000-0001-7435-8695,last,FALSE,NA,NA,NA,NA,
doi:10.1016/j.ecoser.2024.101601,W4391517522,10.1016/j.ecoser.2024.101601,A5080412252,A5080412252,Andrew Seidl,andrew seidl,0000-0002-2338-1307,first,TRUE,United Nations Development Programme,https://ror.org/051777d98,US,other,"Department of Agricultural and Resource Economics, Colorado State University, Fort Collins, CO 80523-1172, USA; United Nations Development Programme-Biodiversity Finance Initiative (BIOFIN), Istanbul, Turkey"
doi:10.1016/j.ecoser.2024.101601,W4391517522,10.1016/j.ecoser.2024.101601,A5080412252,A5080412252,Andrew Seidl,andrew seidl,0000-0002-2338-1307,first,TRUE,Colorado State University,https://ror.org/03k1gpj17,US,education,"Department of Agricultural and Resource Economics, Colorado State University, Fort Collins, CO 80523-1172, USA; United Nations Development Programme-Biodiversity Finance Initiative (BIOFIN), Istanbul, Turkey"
doi:10.1016/j.ecoser.2024.101601,W4391517522,10.1016/j.ecoser.2024.101601,A5013601679,A5013601679,Tracey Cumming,tracey cumming,NA,middle,FALSE,United Nations Development Programme,https://ror.org/051777d98,US,other,"United Nations Development Programme-Biodiversity Finance Initiative (BIOFIN), Istanbul, Turkey"
doi:10.1016/j.ecoser.2024.101601,W4391517522,10.1016/j.ecoser.2024.101601,A5034946869,A5034946869,Marco Arlaud,marco arlaud,0009-0007-0174-5601,middle,FALSE,United Nations Development Programme,https://ror.org/051777d98,US,other,"United Nations Development Programme-Biodiversity Finance Initiative (BIOFIN), Istanbul, Turkey"
doi:10.1016/j.ecoser.2024.101601,W4391517522,10.1016/j.ecoser.2024.101601,A5093857429,A5093857429,Cole Crossett,cole crossett,NA,middle,FALSE,Colorado State University,https://ror.org/03k1gpj17,US,education,"Department of Agricultural and Resource Economics, Colorado State University, Fort Collins, CO 80523-1172, USA"
doi:10.1016/j.ecoser.2024.101601,W4391517522,10.1016/j.ecoser.2024.101601,A5076100998,A5076100998,Onno van den Heuvel,onno van den heuvel,NA,last,FALSE,United Nations Development Programme,https://ror.org/051777d98,US,other,"United Nations Development Programme-Biodiversity Finance Initiative (BIOFIN), Istanbul, Turkey"
doi:10.1038/s41559-020-01372-1,W3122428385,10.1038/s41559-020-01372-1,A5080412252,A5080412252,Andrew Seidl,andrew seidl,0000-0002-2338-1307,first,TRUE,United Nations Development Programme,https://ror.org/051777d98,US,other,"Biodiversity Finance Initiative (BIOFIN), United Nations Development Programme (UNDP), New York, NY, USA. Andrew.seidl@colostate.edu; Department of Agricultural and Resource Economics, Colorado State University, Fort Collins, CO, USA. Andrew.seidl@colostate.edu; Department of Agricultural and Resource Economics, Colorado State University, Fort Collins, CO, USA"
doi:10.1038/s41559-020-01372-1,W3122428385,10.1038/s41559-020-01372-1,A5080412252,A5080412252,Andrew Seidl,andrew seidl,0000-0002-2338-1307,first,TRUE,Colorado State University,https://ror.org/03k1gpj17,US,education,"Biodiversity Finance Initiative (BIOFIN), United Nations Development Programme (UNDP), New York, NY, USA. Andrew.seidl@colostate.edu; Department of Agricultural and Resource Economics, Colorado State University, Fort Collins, CO, USA. Andrew.seidl@colostate.edu; Department of Agricultural and Resource Economics, Colorado State University, Fort Collins, CO, USA"
doi:10.1038/s41559-020-01372-1,W3122428385,10.1038/s41559-020-01372-1,A5023948800,A5023948800,Kelvin Mulungu,kelvin mulungu,0000-0002-4904-4122,middle,FALSE,Colorado State University,https://ror.org/03k1gpj17,US,education,"Department of Agricultural and Resource Economics, Colorado State University, Fort Collins, CO, USA"
doi:10.1038/s41559-020-01372-1,W3122428385,10.1038/s41559-020-01372-1,A5034946869,A5034946869,Marco Arlaud,marco arlaud,0009-0007-0174-5601,middle,FALSE,NA,NA,NA,NA,"BIOFIN, UNDP Regional Hub, Istanbul, Turkey"
doi:10.1038/s41559-020-01372-1,W3122428385,10.1038/s41559-020-01372-1,A5076100998,A5076100998,Onno van den Heuvel,onno van den heuvel,NA,middle,FALSE,United Nations Development Programme,https://ror.org/051777d98,US,other,"Biodiversity Finance Initiative (BIOFIN), United Nations Development Programme (UNDP), New York, NY, USA"
doi:10.1038/s41559-020-01372-1,W3122428385,10.1038/s41559-020-01372-1,A5046475815,A5046475815,Massimiliano Riva,massimiliano riva,0000-0001-6695-1763,last,FALSE,United Nations Development Programme,https://ror.org/051777d98,US,other,"UNDP, New York, NY, USA"
doi:10.1016/j.eneco.2024.108176,W4406268583,10.1016/j.eneco.2024.108176,A5105101634,A5105101634,Maurice K. Ekoue,maurice k ekoue,NA,first,FALSE,Centre National de la Recherche Scientifique,https://ror.org/02feahw73,FR,government,"Grenoble Applied Economic Laboratory, INRAE, CNRS, University Grenoble Alpes, France"
doi:10.1016/j.eneco.2024.108176,W4406268583,10.1016/j.eneco.2024.108176,A5105101634,A5105101634,Maurice K. Ekoue,maurice k ekoue,NA,first,FALSE,"Institut National de Recherche pour l'Agriculture, l'Alimentation et l'Environnement",https://ror.org/003vg9w96,FR,government,"Grenoble Applied Economic Laboratory, INRAE, CNRS, University Grenoble Alpes, France"
doi:10.1016/j.eneco.2024.108176,W4406268583,10.1016/j.eneco.2024.108176,A5105101634,A5105101634,Maurice K. Ekoue,maurice k ekoue,NA,first,FALSE,Laboratoire d'Economie Appliquée de Grenoble,https://ror.org/00fwjkb59,FR,facility,"Grenoble Applied Economic Laboratory, INRAE, CNRS, University Grenoble Alpes, France"
doi:10.1016/j.eneco.2024.108176,W4406268583,10.1016/j.eneco.2024.108176,A5105101634,A5105101634,Maurice K. Ekoue,maurice k ekoue,NA,first,FALSE,Université Grenoble Alpes,https://ror.org/02rx3b187,FR,education,"Grenoble Applied Economic Laboratory, INRAE, CNRS, University Grenoble Alpes, France"
doi:10.1016/j.eneco.2024.108176,W4406268583,10.1016/j.eneco.2024.108176,A5054886966,A5054886966,Matt Woerman,matt woerman,0000-0002-4903-6261,middle,TRUE,Agricultural & Applied Economics Association,https://ror.org/04e5cyn06,US,nonprofit,"Department of Agricultural and Resource Economics, Colorado State University, United States of America"
doi:10.1016/j.eneco.2024.108176,W4406268583,10.1016/j.eneco.2024.108176,name:cedric clastres,NA,Cédric Clastres,cedric clastres,0009-0007-1340-250X,last,FALSE,Centre National de la Recherche Scientifique,https://ror.org/02feahw73,FR,government,"Grenoble Applied Economic Laboratory, INRAE, CNRS, University Grenoble Alpes, France"
doi:10.1016/j.eneco.2024.108176,W4406268583,10.1016/j.eneco.2024.108176,name:cedric clastres,NA,Cédric Clastres,cedric clastres,0009-0007-1340-250X,last,FALSE,"Institut National de Recherche pour l'Agriculture, l'Alimentation et l'Environnement",https://ror.org/003vg9w96,FR,government,"Grenoble Applied Economic Laboratory, INRAE, CNRS, University Grenoble Alpes, France"
doi:10.1016/j.eneco.2024.108176,W4406268583,10.1016/j.eneco.2024.108176,name:cedric clastres,NA,Cédric Clastres,cedric clastres,0009-0007-1340-250X,last,FALSE,Laboratoire d'Economie Appliquée de Grenoble,https://ror.org/00fwjkb59,FR,facility,"Grenoble Applied Economic Laboratory, INRAE, CNRS, University Grenoble Alpes, France"
doi:10.1016/j.eneco.2024.108176,W4406268583,10.1016/j.eneco.2024.108176,name:cedric clastres,NA,Cédric Clastres,cedric clastres,0009-0007-1340-250X,last,FALSE,Université Grenoble Alpes,https://ror.org/02rx3b187,FR,education,"Grenoble Applied Economic Laboratory, INRAE, CNRS, University Grenoble Alpes, France"
doi:10.1111/conl.12955,W4384342652,10.1111/conl.12955,A5009034028,A5009034028,Sue Stolton,sue stolton,0000-0002-6581-0114,first,TRUE,International Union for Conservation of Nature,https://ror.org/04tehfn33,CH,nonprofit,"Equilibrium Research and IUCN World Commission on Protected Areas Gland Switzerland; Equilibrium Research and IUCN World Commission on Protected Areas, Gland, Switzerland"
doi:10.1111/conl.12955,W4384342652,10.1111/conl.12955,A5033787451,A5033787451,Hannah L. Timmins,hannah l timmins,0000-0002-3129-0165,middle,FALSE,Equilibrium Research,https://ror.org/03gcx9p86,GB,facility,"Equilibrium Research Bristol UK; Equilibrium Research, Bristol, UK"
doi:10.1111/conl.12955,W4384342652,10.1111/conl.12955,A5074876720,A5074876720,Nigel Dudley,nigel dudley,0000-0001-7068-0468,middle,FALSE,International Union for Conservation of Nature,https://ror.org/04tehfn33,CH,nonprofit,"Equilibrium Research and IUCN World Commission on Protected Areas Gland Switzerland; Equilibrium Research and IUCN World Commission on Protected Areas, Gland, Switzerland"
doi:10.1111/conl.12955,W4384342652,10.1111/conl.12955,A5028724069,A5028724069,Olga Biegus,olga biegus,0000-0001-8507-8250,middle,FALSE,Rainforest Alliance,https://ror.org/0109e8m16,US,nonprofit,"Universal Ranger Support Alliance (URSA) Gland Switzerland; Universal Ranger Support Alliance (URSA), Gland, Switzerland"
doi:10.1111/conl.12955,W4384342652,10.1111/conl.12955,A5023208794,A5023208794,Chris Galliers,chris galliers,NA,middle,FALSE,South African Institute of International Affairs,https://ror.org/02bxpm650,ZA,facility,"International Ranger Federation Johannesburg South Africa; International Ranger Federation, Johannesburg, South Africa"
doi:10.1111/conl.12955,W4384342652,10.1111/conl.12955,A5080635577,A5080635577,William James Jackson,william james jackson,0000-0002-7435-5723,middle,FALSE,Skin and Cancer Foundation,https://ror.org/04x436h61,AU,nonprofit,"The Thin Green Line Foundation Balnarring Australia; The Thin Green Line Foundation, Balnarring, Australia"
doi:10.1111/conl.12955,W4384342652,10.1111/conl.12955,A5102844700,A5102844700,Marianne Kettunen,marianne kettunen,0000-0002-9687-3484,middle,FALSE,International Union for Conservation of Nature,https://ror.org/04tehfn33,CH,nonprofit,"IUCN World Commission on Protected Areas Gland Switzerland; IUCN World Commission on Protected Areas, Gland, Switzerland"
doi:10.1111/conl.12955,W4384342652,10.1111/conl.12955,A5085437945,A5085437945,Barney Long,barney long,0000-0002-9747-6042,middle,FALSE,NA,NA,NA,NA,"Re:wild Austin Texas USA; Re:wild, Austin, Texas, USA"
doi:10.1111/conl.12955,W4384342652,10.1111/conl.12955,A5018705599,A5018705599,Madhu Rao,madhu rao,0000-0002-5360-4073,middle,FALSE,International Union for Conservation of Nature,https://ror.org/04tehfn33,CH,nonprofit,"IUCN World Commission on Protected Areas Gland Switzerland; IUCN World Commission on Protected Areas, Gland, Switzerland"
doi:10.1111/conl.12955,W4384342652,10.1111/conl.12955,A5102008104,A5102008104,Carlos Manuel Taboada Rodriguez,carlos manuel taboada rodriguez,0000-0003-2328-378X,middle,FALSE,Global Environment Facility,https://ror.org/006xm7s91,US,other,"Global Environment Facility Washington District of Columbia USA; Global Environment Facility, Washington, District of Columbia, USA"
doi:10.1111/conl.12955,W4384342652,10.1111/conl.12955,A5102745467,A5102745467,Cristina Romanelli,cristina romanelli,0000-0001-9429-6946,middle,FALSE,World Health Organization - Pakistan,https://ror.org/047bn1w15,PK,government,"World Health Organization, Department of Environment Climate Change and Health Geneve Switzerland; World Health Organization, Department of Environment, Climate Change and Health, Geneve, Switzerland"
doi:10.1111/conl.12955,W4384342652,10.1111/conl.12955,A5102745467,A5102745467,Cristina Romanelli,cristina romanelli,0000-0001-9429-6946,middle,FALSE,World Health Organization,https://ror.org/01f80g185,CH,government,"World Health Organization, Department of Environment Climate Change and Health Geneve Switzerland; World Health Organization, Department of Environment, Climate Change and Health, Geneve, Switzerland"
doi:10.1111/conl.12955,W4384342652,10.1111/conl.12955,A5006962113,A5006962113,T. L. Schneider,t l schneider,NA,middle,FALSE,Skin and Cancer Foundation,https://ror.org/04x436h61,AU,nonprofit,"The Thin Green Line Foundation Balnarring Australia; The Thin Green Line Foundation, Balnarring, Australia"
doi:10.1111/conl.12955,W4384342652,10.1111/conl.12955,A5080412252,A5080412252,Andrew Seidl,andrew seidl,0000-0002-2338-1307,middle,FALSE,Colorado State University,https://ror.org/03k1gpj17,US,education,"Colorado State University and UNDP Biodiversity Finance Initiative (BIOFIN) Fort Collins Colorado USA; Colorado State University and UNDP Biodiversity Finance Initiative (BIOFIN), Fort Collins, Colorado, USA"
doi:10.1111/conl.12955,W4384342652,10.1111/conl.12955,A5060891602,A5060891602,Rohit Singh,rohit singh,0000-0002-7888-7655,middle,FALSE,World Wildlife Fund,https://ror.org/011590k05,US,nonprofit,"World Wildlife Fund Washington District of Columbia USA; World Wildlife Fund, Washington, District of Columbia, USA"
doi:10.1111/conl.12955,W4384342652,10.1111/conl.12955,A5111009190,A5111009190,M. T. Sykes,m t sykes,NA,last,FALSE,Business Roundtable,https://ror.org/00c4hg173,US,other,"Ranger Roundtable Melbourne Australia; Ranger Roundtable, Melbourne, Australia"
doi:10.1038/s41586-026-10251-x,W7147329468,10.1038/s41586-026-10251-x,A5132730848,A5132730848,Abel Brodeur,abel brodeur,0000-0003-3980-4324,first,TRUE,University of Ottawa,https://ror.org/03c4mmv16,CA,education,"University of Ottawa, Ottawa, Ontario, Canada. abrodeur@uottawa.ca"
doi:10.1038/s41586-026-10251-x,W7147329468,10.1038/s41586-026-10251-x,A5068344881,A5068344881,Derek Mikola,derek mikola,0000-0003-3913-0921,middle,FALSE,University of Ottawa,https://ror.org/03c4mmv16,CA,education,"University of Ottawa, Ottawa, Ontario, Canada"
doi:10.1038/s41586-026-10251-x,W7147329468,10.1038/s41586-026-10251-x,A5040258786,A5040258786,Nikolai Cook,nikolai cook,0000-0003-2988-0606,middle,FALSE,Wilfrid Laurier University,https://ror.org/00fn7gb05,CA,education,"Wilfrid Laurier University, Waterloo, Ontario, Canada"
doi:10.1038/s41586-026-10251-x,W7147329468,10.1038/s41586-026-10251-x,A5124359171,A5124359171,Lenka Fiala,lenka fiala,0000-0003-0216-7050,middle,FALSE,University of Ottawa,https://ror.org/03c4mmv16,CA,education,"Institute for Replication, Tilburg University, Tilburg, The Netherlands; Institute for Replication, University of Ottawa, Ottawa, Ontario, Canada"
doi:10.1038/s41586-026-10251-x,W7147329468,10.1038/s41586-026-10251-x,A5124359171,A5124359171,Lenka Fiala,lenka fiala,0000-0003-0216-7050,middle,FALSE,Tilburg University,https://ror.org/04b8v1s79,NL,education,"Institute for Replication, Tilburg University, Tilburg, The Netherlands; Institute for Replication, University of Ottawa, Ottawa, Ontario, Canada"
doi:10.1038/s41586-026-10251-x,W7147329468,10.1038/s41586-026-10251-x,A5124442092,A5124442092,Thomas James Brailey,thomas james brailey,NA,middle,FALSE,University of Oxford,https://ror.org/052gg0110,GB,education,"University of Oxford, Oxford, UK"
doi:10.1038/s41586-026-10251-x,W7147329468,10.1038/s41586-026-10251-x,A5073041387,A5073041387,Ryan C. Briggs,ryan c briggs,0000-0002-3933-8119,middle,FALSE,University of Guelph,https://ror.org/01r7awg59,CA,education,"University of Guelph, Guelph, Ontario, Canada"
doi:10.1038/s41586-026-10251-x,W7147329468,10.1038/s41586-026-10251-x,A5005489692,A5005489692,Alexandra de Gendre,alexandra de gendre,0000-0001-6409-1982,middle,FALSE,The University of Melbourne,https://ror.org/01ej9dk98,AU,education,"The University of Melbourne, Carlton, Victoria, Australia"
doi:10.1038/s41586-026-10251-x,W7147329468,10.1038/s41586-026-10251-x,A5043733640,A5043733640,Yannick Dupraz,yannick dupraz,0000-0002-1243-5779,middle,FALSE,Centre National de la Recherche Scientifique,https://ror.org/02feahw73,FR,government,"Paris Dauphine University, PSL University, LEDA, CNRS, IRD, Paris, France"
doi:10.1038/s41586-026-10251-x,W7147329468,10.1038/s41586-026-10251-x,A5043733640,A5043733640,Yannick Dupraz,yannick dupraz,0000-0002-1243-5779,middle,FALSE,Université Paris Sciences et Lettres,https://ror.org/013cjyk83,FR,education,"Paris Dauphine University, PSL University, LEDA, CNRS, IRD, Paris, France"
doi:10.1038/s41586-026-10251-x,W7147329468,10.1038/s41586-026-10251-x,A5043733640,A5043733640,Yannick Dupraz,yannick dupraz,0000-0002-1243-5779,middle,FALSE,Institut de Recherche pour le Développement,https://ror.org/05q3vnk25,FR,government,"Paris Dauphine University, PSL University, LEDA, CNRS, IRD, Paris, France"
doi:10.1038/s41586-026-10251-x,W7147329468,10.1038/s41586-026-10251-x,A5043733640,A5043733640,Yannick Dupraz,yannick dupraz,0000-0002-1243-5779,middle,FALSE,Université Paris Dauphine-PSL,https://ror.org/052bz7812,FR,education,"Paris Dauphine University, PSL University, LEDA, CNRS, IRD, Paris, France"
doi:10.1038/s41586-026-10251-x,W7147329468,10.1038/s41586-026-10251-x,A5010866429,A5010866429,Jacopo Gabani,jacopo gabani,0000-0001-7461-7300,middle,FALSE,World Bank,https://ror.org/00ae7jd04,US,other,"Centre for Health Economics, University of York, York, UK; World Bank, Washington, DC, USA"
doi:10.1038/s41586-026-10251-x,W7147329468,10.1038/s41586-026-10251-x,A5010866429,A5010866429,Jacopo Gabani,jacopo gabani,0000-0001-7461-7300,middle,FALSE,University of York,https://ror.org/04m01e293,GB,education,"Centre for Health Economics, University of York, York, UK; World Bank, Washington, DC, USA"
doi:10.1038/s41586-026-10251-x,W7147329468,10.1038/s41586-026-10251-x,A5132678499,A5132678499,Romain Gauriot,romain gauriot,0000-0002-7633-7086,middle,FALSE,Deakin University,https://ror.org/02czsnj07,AU,education,"Deakin University, Melbourne, Victoria, Australia"
doi:10.1038/s41586-026-10251-x,W7147329468,10.1038/s41586-026-10251-x,A5035352497,A5035352497,Joanne Haddad,joanne haddad,0000-0002-9829-8815,middle,FALSE,Universitat Autònoma de Barcelona,https://ror.org/052g8jq94,ES,education,"Universitat Autonoma de Barcelona, Bellaterra, Spain"
doi:10.1038/s41586-026-10251-x,W7147329468,10.1038/s41586-026-10251-x,A5124352654,A5124352654,Goncalo Lima,goncalo lima,NA,middle,FALSE,European University Institute,https://ror.org/0031wrj91,IT,education,"European University Institute, Florence, Italy; University of Bologna, Bologna, Italy"
doi:10.1038/s41586-026-10251-x,W7147329468,10.1038/s41586-026-10251-x,A5124352654,A5124352654,Goncalo Lima,goncalo lima,NA,middle,FALSE,University of Bologna,https://ror.org/01111rn36,IT,education,"European University Institute, Florence, Italy; University of Bologna, Bologna, Italy"
doi:10.1038/s41586-026-10251-x,W7147329468,10.1038/s41586-026-10251-x,A5023040173,A5023040173,Jörg Peters,jorg peters,0000-0002-7835-8745,middle,FALSE,RWI – Leibniz Institute for Economic Research,https://ror.org/02pse8162,DE,facility,"RWI-Leibniz Institute for Economic Research, Essen, Germany"
doi:10.1038/s41586-026-10251-x,W7147329468,10.1038/s41586-026-10251-x,A5128511078,A5128511078,Anna Dreber,anna dreber,0000-0003-3989-9941,middle,FALSE,Stockholm School of Economics,https://ror.org/01s5jzh92,SE,education,"Stockholm School of Economics, Stockholm, Sweden"
doi:10.1038/s41586-026-10251-x,W7147329468,10.1038/s41586-026-10251-x,A5132565315,A5132565315,Douglas Campbell,douglas campbell,NA,middle,FALSE,American University of Armenia,https://ror.org/04dngzj56,AM,education,"American University of Armenia, Santa Monica, CA, USA"
doi:10.1038/s41586-026-10251-x,W7147329468,10.1038/s41586-026-10251-x,A5024634580,A5024634580,Lamis Kattan,lamis kattan,0000-0002-3191-7896,middle,FALSE,Georgetown University in Qatar,https://ror.org/029e47x73,QA,education,"School of Foreign Service, Georgetown University Qatar, Doha, Qatar"
doi:10.1038/s41586-026-10251-x,W7147329468,10.1038/s41586-026-10251-x,A5082996135,A5082996135,Diego Mariño Fages,diego marino fages,0000-0002-6233-2292,middle,FALSE,Durham University,https://ror.org/01v29qb04,GB,education,"University Business Centre, Durham University, Durham, UK"
doi:10.1038/s41586-026-10251-x,W7147329468,10.1038/s41586-026-10251-x,A5091368365,A5091368365,Fabian Mierisch,fabian mierisch,NA,middle,FALSE,Oldham Council,https://ror.org/05cxzzq07,GB,government,"Independent Researcher, Bavaria, Germany"
doi:10.1038/s41586-026-10251-x,W7147329468,10.1038/s41586-026-10251-x,A5132545021,A5132545021,Pu Sun,pu sun,NA,middle,FALSE,Dongbei University of Finance and Economics,https://ror.org/05db1pj03,CN,education,"Dongbei University of Finance and Economics, Dalian, China"
doi:10.1038/s41586-026-10251-x,W7147329468,10.1038/s41586-026-10251-x,A5077880460,A5077880460,Taylor Wright,taylor wright,0000-0002-6045-0164,middle,FALSE,Brock University,https://ror.org/056am2717,CA,education,"Brock University, St Catharines, Ontario, Canada"
doi:10.1038/s41586-026-10251-x,W7147329468,10.1038/s41586-026-10251-x,name:marie connolly,NA,Marie Connolly,marie connolly,0000-0002-5471-3984,middle,FALSE,Université du Québec à Montréal,https://ror.org/002rjbv21,CA,education,"UQAM, Montreal, Quebec, Canada"
doi:10.1038/s41586-026-10251-x,W7147329468,10.1038/s41586-026-10251-x,A5109308432,A5109308432,Fernando Hoces de la Guardia,fernando hoces de la guardia,NA,middle,FALSE,NA,NA,NA,NA,"Berkeley Initiative for Transparency in the Social Sciences, Berkeley, CA, USA"
doi:10.1038/s41586-026-10251-x,W7147329468,10.1038/s41586-026-10251-x,A5132655497,A5132655497,Magnus Johannesson,magnus johannesson,0000-0001-8759-6393,middle,FALSE,Stockholm School of Economics,https://ror.org/01s5jzh92,SE,education,"Stockholm School of Economics, Stockholm, Sweden"
doi:10.1038/s41586-026-10251-x,W7147329468,10.1038/s41586-026-10251-x,A5077506130,A5077506130,Edward Miguel,edward miguel,0000-0001-6927-709X,middle,FALSE,"University of California, Berkeley",https://ror.org/01an7q238,US,education,"University of California Berkeley, Berkeley, CA, USA"
doi:10.1038/s41586-026-10251-x,W7147329468,10.1038/s41586-026-10251-x,A5082879481,A5082879481,Lars Vilhuber,lars vilhuber,0000-0001-5733-8932,middle,FALSE,Cornell University,https://ror.org/05bnh6r87,US,education,"Cornell University, Ithaca, NY, USA"
doi:10.1038/s41586-026-10251-x,W7147329468,10.1038/s41586-026-10251-x,A5013904101,A5013904101,Alejandro Abarca,alejandro abarca,0009-0008-0930-8753,middle,FALSE,Texas Tech University,https://ror.org/0405mnx93,US,education,"Texas Tech University, Lubbock, Texas, USA"
doi:10.1038/s41586-026-10251-x,W7147329468,10.1038/s41586-026-10251-x,A5124670823,A5124670823,Mahesh Acharya,mahesh acharya,0009-0006-7721-5212,middle,FALSE,University of Calgary,https://ror.org/03yjb2x39,CA,education,"University of Calgary, Calgary, Alberta, Canada"
doi:10.1038/s41586-026-10251-x,W7147329468,10.1038/s41586-026-10251-x,A5132631816,A5132631816,Sossou Simplice Adjisse,sossou simplice adjisse,NA,middle,FALSE,Bloomfield College,https://ror.org/04gdk0x87,US,education,"Oregon State University, Bloomfield, NM, USA"
doi:10.1038/s41586-026-10251-x,W7147329468,10.1038/s41586-026-10251-x,A5002745589,A5002745589,Ahwaz Akhtar,ahwaz akhtar,0000-0001-6535-174X,middle,FALSE,George Washington University,https://ror.org/00y4zzh67,US,education,"George Washington University, Washington, DC, USA"
doi:10.1038/s41586-026-10251-x,W7147329468,10.1038/s41586-026-10251-x,A5134401619,A5134401619,Eduardo Alberto Ramirez Lizardi,eduardo alberto ramirez lizardi,0009-0006-0073-9843,middle,FALSE,University of Oslo,https://ror.org/01xtthb56,NO,education,"University of Oslo, Oslo, Norway"
doi:10.1038/s41586-026-10251-x,W7147329468,10.1038/s41586-026-10251-x,A5071615677,A5071615677,Sabina Albrecht,sabina albrecht,0000-0002-2896-5248,middle,FALSE,The University of Queensland,https://ror.org/00rqy9422,AU,education,"University of Queensland, Brisbane, Queensland, Australia"
doi:10.1038/s41586-026-10251-x,W7147329468,10.1038/s41586-026-10251-x,A5046534223,A5046534223,Synøve N. Andersen,synove n andersen,0000-0002-6665-3093,middle,FALSE,University of Oslo,https://ror.org/01xtthb56,NO,education,"University of Oslo, Oslo, Norway"
doi:10.1038/s41586-026-10251-x,W7147329468,10.1038/s41586-026-10251-x,A5132627179,A5132627179,Zubaria Andlib,zubaria andlib,0000-0002-4042-6861,middle,FALSE,Federal Urdu University,https://ror.org/02b52th27,PK,education,"Federal Urdu University of Arts Science and Technology, Islamabad, Pakistan; Lancaster University, Lancaster, UK"
doi:10.1038/s41586-026-10251-x,W7147329468,10.1038/s41586-026-10251-x,A5132627179,A5132627179,Zubaria Andlib,zubaria andlib,0000-0002-4042-6861,middle,FALSE,Lancaster University,https://ror.org/04f2nsd36,GB,education,"Federal Urdu University of Arts Science and Technology, Islamabad, Pakistan; Lancaster University, Lancaster, UK"
doi:10.1038/s41586-026-10251-x,W7147329468,10.1038/s41586-026-10251-x,A5132586327,A5132586327,Falak Arrora,falak arrora,0009-0005-3881-5373,middle,FALSE,University of Warwick,https://ror.org/01a77tt86,GB,education,"University of Warwick, Coventry, UK"
doi:10.1038/s41586-026-10251-x,W7147329468,10.1038/s41586-026-10251-x,A5104954350,A5104954350,Thomas Ash,thomas ash,NA,middle,FALSE,"University of California, Los Angeles",https://ror.org/046rm7j60,US,education,"Anderson School of Management UCLA, Los Angeles, CA, USA"
doi:10.1038/s41586-026-10251-x,W7147329468,10.1038/s41586-026-10251-x,A5119058173,A5119058173,Etienne Bacher,etienne bacher,NA,middle,FALSE,Luxembourg Institute of Socio-Economic Research,https://ror.org/040jf9322,LU,nonprofit,"Luxembourg Institute of Socio-Economic Research (LISER), Esch-sur-Alzette, Luxembourg"
doi:10.1038/s41586-026-10251-x,W7147329468,10.1038/s41586-026-10251-x,A5022171090,A5022171090,Sebastian Bachler,sebastian bachler,0000-0002-7036-1501,middle,FALSE,Universität Innsbruck,https://ror.org/054pv6659,AT,education,"University of Innsbruck, Innsbruck, Austria"
doi:10.1038/s41586-026-10251-x,W7147329468,10.1038/s41586-026-10251-x,A5132619071,A5132619071,Félix Bacon,felix bacon,NA,middle,FALSE,Université Laval,https://ror.org/04sjchr03,CA,education,"Université Laval, Quebec City, Quebec, Canada"
doi:10.1038/s41586-026-10251-x,W7147329468,10.1038/s41586-026-10251-x,A5128871491,A5128871491,Manuel F. Bagues,manuel f bagues,NA,middle,FALSE,University of Warwick,https://ror.org/01a77tt86,GB,education,"University of Warwick, Coventry, UK"
doi:10.1038/s41586-026-10251-x,W7147329468,10.1038/s41586-026-10251-x,A5132641633,A5132641633,Timea Balogh,timea balogh,NA,middle,FALSE,University of Strathclyde,https://ror.org/00n3w3b69,GB,education,"University of Strathclyde, Glasgow, UK"
doi:10.1038/s41586-026-10251-x,W7147329468,10.1038/s41586-026-10251-x,A5114659704,A5114659704,Alisher Batmanov,alisher batmanov,NA,middle,FALSE,University of California San Diego,https://ror.org/0168r3w48,US,education,"University of California San Diego, La Jolla, CA, USA"
doi:10.1038/s41586-026-10251-x,W7147329468,10.1038/s41586-026-10251-x,A5132581326,A5132581326,Mara Barschkett,mara barschkett,0000-0002-9326-0690,middle,FALSE,University of Bonn,https://ror.org/041nas322,DE,education,"IZA Berlin, Berlin, Germany; University of Bonn, Bonn, Germany"
doi:10.1038/s41586-026-10251-x,W7147329468,10.1038/s41586-026-10251-x,A5132581326,A5132581326,Mara Barschkett,mara barschkett,0000-0002-9326-0690,middle,FALSE,Berlin School of Economics and Law,https://ror.org/03rkmps36,DE,education,"IZA Berlin, Berlin, Germany; University of Bonn, Bonn, Germany"
doi:10.1038/s41586-026-10251-x,W7147329468,10.1038/s41586-026-10251-x,A5132559900,A5132559900,Barış Kaan Basdil,baris kaan basdil,NA,middle,FALSE,Teknoloji Arastirma ve Gelistirme Endustriyel Urunler Bilisim Teknolojileri San Tic,https://ror.org/040nc8096,TR,company,"Risk Software Technologies, Istanbul, Turkey"
doi:10.1038/s41586-026-10251-x,W7147329468,10.1038/s41586-026-10251-x,A5000880544,A5000880544,Jaromír Baxa,jaromir baxa,0000-0002-9768-209X,middle,FALSE,Charles University,https://ror.org/024d6js02,CZ,education,"Institute of Economic Studies, Faculty of Social Sciences, Charles University, Prague, Czech Republic; Institute of Information Theory and Automation, Czech Academy of Sciences, Prague, Czech Republic"
doi:10.1038/s41586-026-10251-x,W7147329468,10.1038/s41586-026-10251-x,A5000880544,A5000880544,Jaromír Baxa,jaromir baxa,0000-0002-9768-209X,middle,FALSE,"Czech Academy of Sciences, Institute of Information Theory and Automation",https://ror.org/03h1hsz49,CZ,facility,"Institute of Economic Studies, Faculty of Social Sciences, Charles University, Prague, Czech Republic; Institute of Information Theory and Automation, Czech Academy of Sciences, Prague, Czech Republic"
doi:10.1038/s41586-026-10251-x,W7147329468,10.1038/s41586-026-10251-x,A5110491465,A5110491465,S. Becker,s becker,0000-0002-0672-4865,middle,FALSE,University of Warwick,https://ror.org/01a77tt86,GB,education,"Monash University, Clayton, Victoria, Australia; University of Warwick, Coventry, UK"
doi:10.1038/s41586-026-10251-x,W7147329468,10.1038/s41586-026-10251-x,A5110491465,A5110491465,S. Becker,s becker,0000-0002-0672-4865,middle,FALSE,Monash University,https://ror.org/02bfwt286,AU,education,"Monash University, Clayton, Victoria, Australia; University of Warwick, Coventry, UK"
doi:10.1038/s41586-026-10251-x,W7147329468,10.1038/s41586-026-10251-x,A5116436356,A5116436356,Monica Beeder,monica beeder,0000-0001-9661-4936,middle,FALSE,University of Southampton,https://ror.org/01ryk1543,GB,education,"University of Southampton, Southampton, UK"
doi:10.1038/s41586-026-10251-x,W7147329468,10.1038/s41586-026-10251-x,A5013698209,A5013698209,Louis‐Philippe Beland,louis philippe beland,0000-0001-7458-4641,middle,FALSE,Carleton University,https://ror.org/02qtvee93,CA,education,"Carleton University, Ottawa, Ontario, Canada"
doi:10.1038/s41586-026-10251-x,W7147329468,10.1038/s41586-026-10251-x,A5130885249,A5130885249,Abdel-Hamid Bello,abdel hamid bello,NA,middle,FALSE,Université de Montréal,https://ror.org/0161xgx34,CA,education,"University of Montreal, Montreal, Quebec, Canada"
doi:10.1038/s41586-026-10251-x,W7147329468,10.1038/s41586-026-10251-x,A5003065250,A5003065250,Daniel Markovits,daniel markovits,0000-0003-1006-2590,middle,FALSE,Columbia University,https://ror.org/00hj8s172,US,education,"Columbia University, New York, NY, USA"
doi:10.1038/s41586-026-10251-x,W7147329468,10.1038/s41586-026-10251-x,A5132636405,A5132636405,Grant Benjamin,grant benjamin,0000-0003-0744-9428,middle,FALSE,University of Toronto,https://ror.org/03dbr7087,CA,education,"University of Toronto, Toronto, Ontario, Canada"
doi:10.1038/s41586-026-10251-x,W7147329468,10.1038/s41586-026-10251-x,A5041121197,A5041121197,Thomas Bergeron,thomas bergeron,0000-0003-3621-1910,middle,FALSE,Université de Montréal,https://ror.org/0161xgx34,CA,education,"University of Montreal, Montreal, Quebec, Canada"
doi:10.1038/s41586-026-10251-x,W7147329468,10.1038/s41586-026-10251-x,A5003348358,A5003348358,Moussa P. Blimpo,moussa p blimpo,0000-0003-3168-9042,middle,FALSE,University of Toronto,https://ror.org/03dbr7087,CA,education,"University of Toronto, Toronto, Ontario, Canada"
doi:10.1038/s41586-026-10251-x,W7147329468,10.1038/s41586-026-10251-x,A5023081062,A5023081062,Marco Nicola Binetti,marco nicola binetti,0000-0003-2037-6454,middle,FALSE,University of Bremen,https://ror.org/04ers2y35,DE,education,"Institute of Intercultural and International Studies, University of Bremen, Bremen, Germany"
doi:10.1038/s41586-026-10251-x,W7147329468,10.1038/s41586-026-10251-x,A5053789722,A5053789722,Carl Bonander,carl bonander,0000-0002-1189-9950,middle,FALSE,Karlstad University,https://ror.org/05s754026,SE,education,"Karlstad Business School, Karlstad University, Karlstad, Sweden"
doi:10.1038/s41586-026-10251-x,W7147329468,10.1038/s41586-026-10251-x,A5057053404,A5057053404,Joseph Bonneau,joseph bonneau,0000-0002-6349-0145,middle,FALSE,"University of California, Davis",https://ror.org/05rrcem69,US,education,"University of California Davis, Davis, CA, USA"
doi:10.1038/s41586-026-10251-x,W7147329468,10.1038/s41586-026-10251-x,A5078154669,A5078154669,Endre Borbáth,endre borbath,0000-0002-2980-8586,middle,FALSE,Heidelberg University,https://ror.org/038t36y30,DE,education,"Ruprecht-Karls-Universität Heidelberg, Heidelberg, Germany"
doi:10.1038/s41586-026-10251-x,W7147329468,10.1038/s41586-026-10251-x,A5026140823,A5026140823,Nicolai T. Borgen,nicolai t borgen,0000-0002-7638-3293,middle,FALSE,University of Oslo,https://ror.org/01xtthb56,NO,education,"Centre for Research on Equality in Education, University of Oslo, Oslo, Norway; Department of Special Needs Education, University of Oslo, Oslo, Norway"
doi:10.1038/s41586-026-10251-x,W7147329468,10.1038/s41586-026-10251-x,A5005257867,A5005257867,Solveig Topstad Borgen,solveig topstad borgen,0000-0002-4852-3332,middle,FALSE,University of Oslo,https://ror.org/01xtthb56,NO,education,"University of Oslo, Oslo, Norway"
doi:10.1038/s41586-026-10251-x,W7147329468,10.1038/s41586-026-10251-x,A5132584492,A5132584492,Jonathan Borowsky,jonathan borowsky,NA,middle,FALSE,University of Minnesota,https://ror.org/017zqws13,US,education,"University of Minnesota, St Paul, MN, USA"
doi:10.1038/s41586-026-10251-x,W7147329468,10.1038/s41586-026-10251-x,A5004535574,A5004535574,Elisa Brini,elisa brini,0000-0002-0049-7833,middle,FALSE,University of Florence,https://ror.org/04jr1s763,IT,education,"University of Florence, Florence, Italy"
doi:10.1038/s41586-026-10251-x,W7147329468,10.1038/s41586-026-10251-x,A5132598414,A5132598414,Myriam Brown,myriam brown,NA,middle,FALSE,Université Laval,https://ror.org/04sjchr03,CA,education,"Université Laval, Quebec City, Quebec, Canada"
doi:10.1038/s41586-026-10251-x,W7147329468,10.1038/s41586-026-10251-x,A5132552695,A5132552695,Martin Brun,martin brun,0000-0002-6896-6309,middle,FALSE,Tampere University,NA,FI,NA,"Finnish Centre of Excellence in Tax Systems Research, Tampere University, Tampere, Finland"
doi:10.1038/s41586-026-10251-x,W7147329468,10.1038/s41586-026-10251-x,A5102887246,A5102887246,Stephan B. Bruns,stephan b bruns,0000-0002-3028-9699,middle,FALSE,University of Kassel,https://ror.org/04zc7p361,DE,education,"Centre for Environmental Sciences, Hasselt University, Hasselt, Belgium; INCHER Kassel, Kassel, Germany; METRICS Stanford, Stanford University, Stanford, CA, USA"
doi:10.1038/s41586-026-10251-x,W7147329468,10.1038/s41586-026-10251-x,A5102887246,A5102887246,Stephan B. Bruns,stephan b bruns,0000-0002-3028-9699,middle,FALSE,Stanford Medicine,https://ror.org/03mtd9a03,US,healthcare,"Centre for Environmental Sciences, Hasselt University, Hasselt, Belgium; INCHER Kassel, Kassel, Germany; METRICS Stanford, Stanford University, Stanford, CA, USA"
doi:10.1038/s41586-026-10251-x,W7147329468,10.1038/s41586-026-10251-x,A5102887246,A5102887246,Stephan B. Bruns,stephan b bruns,0000-0002-3028-9699,middle,FALSE,Hasselt University,https://ror.org/04nbhqj75,BE,education,"Centre for Environmental Sciences, Hasselt University, Hasselt, Belgium; INCHER Kassel, Kassel, Germany; METRICS Stanford, Stanford University, Stanford, CA, USA"
doi:10.1038/s41586-026-10251-x,W7147329468,10.1038/s41586-026-10251-x,A5102887246,A5102887246,Stephan B. Bruns,stephan b bruns,0000-0002-3028-9699,middle,FALSE,Stanford University,https://ror.org/00f54p054,US,education,"Centre for Environmental Sciences, Hasselt University, Hasselt, Belgium; INCHER Kassel, Kassel, Germany; METRICS Stanford, Stanford University, Stanford, CA, USA"
doi:10.1038/s41586-026-10251-x,W7147329468,10.1038/s41586-026-10251-x,A5132640187,A5132640187,Nino Buliskeria,nino buliskeria,0000-0001-6708-8519,middle,FALSE,Nazarbayev University,https://ror.org/052bx8q98,KZ,education,"Nazarbayev University, Astana, Kazakhstan"
doi:10.1038/s41586-026-10251-x,W7147329468,10.1038/s41586-026-10251-x,A5080043591,A5080043591,Andrea Calef,andrea calef,0000-0002-7045-2622,middle,FALSE,University College London,https://ror.org/02jx3x895,GB,education,"UCL School of Management, University College London, London, UK"
doi:10.1038/s41586-026-10251-x,W7147329468,10.1038/s41586-026-10251-x,A5132720576,A5132720576,Alistair Cameron,alistair cameron,NA,middle,FALSE,NA,NA,NA,NA,"Laterite Ltd, Kigali, Rwanda"
doi:10.1038/s41586-026-10251-x,W7147329468,10.1038/s41586-026-10251-x,A5006244410,A5006244410,Pamela Campa,pamela campa,NA,middle,FALSE,Swedish Institute for Health Economics,https://ror.org/01nfdxd69,SE,facility,"Stockholm Institute of Transition Economics, Stockholm, Sweden"
doi:10.1038/s41586-026-10251-x,W7147329468,10.1038/s41586-026-10251-x,A5069061916,A5069061916,Santiago Campos-Rodríguez,santiago campos rodriguez,0000-0001-9868-4778,middle,FALSE,"University of California, Irvine",https://ror.org/04gyf1771,US,education,"University of California Irvine, Irvine, CA, USA"
doi:10.1038/s41586-026-10251-x,W7147329468,10.1038/s41586-026-10251-x,A5054279715,A5054279715,Giulio Giacomo Cantone,giulio giacomo cantone,0000-0001-7149-5213,middle,FALSE,Magna Graecia University,https://ror.org/0530bdk91,IT,education,"""Magna Graecia"" University of Catanzaro, Catanzaro, Italy"
doi:10.1038/s41586-026-10251-x,W7147329468,10.1038/s41586-026-10251-x,A5132717773,A5132717773,Fenella Carpena,fenella carpena,0000-0001-6535-4772,middle,FALSE,NA,NA,NA,NA,"Oslo Business School, Oslo Metropolitan University, Oslo, Norway"
doi:10.1038/s41586-026-10251-x,W7147329468,10.1038/s41586-026-10251-x,A5102953401,A5102953401,Perry Carter,perry carter,0000-0002-4684-6533,middle,FALSE,New York University Abu Dhabi,https://ror.org/00e5k0821,AE,education,"NYU Abu Dhabi, Abu Dhabi, United Arab Emirates"
doi:10.1038/s41586-026-10251-x,W7147329468,10.1038/s41586-026-10251-x,A5029451943,A5029451943,Paul Castañeda Dower,paul castaneda dower,0000-0001-5902-6799,middle,FALSE,University of Wisconsin–Madison,https://ror.org/01y2jtd41,US,education,"University of Wisconsin-Madison, Madison, WI, USA"
doi:10.1038/s41586-026-10251-x,W7147329468,10.1038/s41586-026-10251-x,A5022021967,A5022021967,Ondřej Částek,ondrej castek,0000-0003-1406-7495,middle,FALSE,Masaryk University,https://ror.org/02j46qs45,CZ,education,"Masaryk University, Brno, Czech Republic"
doi:10.1038/s41586-026-10251-x,W7147329468,10.1038/s41586-026-10251-x,A5035582089,A5035582089,Jill L. Caviglia,jill l caviglia,0000-0001-7860-4857,middle,FALSE,Salisbury University,https://ror.org/029gwvs11,US,education,"Salisbury University, Salisbury, MD, USA"
doi:10.1038/s41586-026-10251-x,W7147329468,10.1038/s41586-026-10251-x,A5049462153,A5049462153,Gabriella Chauca Strand,gabriella chauca strand,0000-0002-0940-9166,middle,FALSE,University of Gothenburg,https://ror.org/01tm6cn81,SE,education,"Institute of Medicine, University of Gothenburg, Gothenburg, Sweden"
doi:10.1038/s41586-026-10251-x,W7147329468,10.1038/s41586-026-10251-x,A5100362195,A5100362195,Shi Chen,shi chen,0000-0002-2316-111X,middle,FALSE,Zhejiang University,https://ror.org/00a2xv884,CN,education,"Zhejiang University, Hangzhou, China"
doi:10.1038/s41586-026-10251-x,W7147329468,10.1038/s41586-026-10251-x,A5132711047,A5132711047,Sya In Chzhen,sya in chzhen,NA,middle,FALSE,University of East Anglia,https://ror.org/026k5mg93,GB,education,"University of East Anglia, Norwich, UK"
doi:10.1038/s41586-026-10251-x,W7147329468,10.1038/s41586-026-10251-x,A5109359818,A5109359818,Jong Min Chung,jong min chung,NA,middle,FALSE,Auburn University,https://ror.org/02v80fc35,US,education,"Auburn University, Auburn, AL, USA"
doi:10.1038/s41586-026-10251-x,W7147329468,10.1038/s41586-026-10251-x,A5068001028,A5068001028,Jason Collins,jason collins,0000-0003-3073-6070,middle,FALSE,University of Technology Sydney,https://ror.org/03f0f6041,AU,education,"University of Technology Sydney, Ultimo, New South Wales, Australia"
doi:10.1038/s41586-026-10251-x,W7147329468,10.1038/s41586-026-10251-x,A5132634617,A5132634617,Alexander Coppock,alexander coppock,0000-0002-5733-2386,middle,FALSE,Northwestern University,https://ror.org/000e0be47,US,education,"Northwestern University, Evanston, IL, USA"
doi:10.1038/s41586-026-10251-x,W7147329468,10.1038/s41586-026-10251-x,A5132586857,A5132586857,Hugo Cordeau,hugo cordeau,0009-0009-1083-6446,middle,FALSE,University of Toronto,https://ror.org/03dbr7087,CA,education,"University of Toronto, Toronto, Ontario, Canada"
doi:10.1038/s41586-026-10251-x,W7147329468,10.1038/s41586-026-10251-x,A5132622524,A5132622524,Ben Couillard,ben couillard,NA,middle,FALSE,University of Toronto,https://ror.org/03dbr7087,CA,education,"University of Toronto, Toronto, Ontario, Canada"
doi:10.1038/s41586-026-10251-x,W7147329468,10.1038/s41586-026-10251-x,A5132674333,A5132674333,Jonathan Crechet,jonathan crechet,NA,middle,FALSE,University of Ottawa,https://ror.org/03c4mmv16,CA,education,"University of Ottawa, Ottawa, Ontario, Canada"
doi:10.1038/s41586-026-10251-x,W7147329468,10.1038/s41586-026-10251-x,A5016970930,A5016970930,Lorenzo Crippa,lorenzo crippa,0000-0002-4342-7026,middle,FALSE,University of Strathclyde,https://ror.org/00n3w3b69,GB,education,"University of Strathclyde, Glasgow, UK"
doi:10.1038/s41586-026-10251-x,W7147329468,10.1038/s41586-026-10251-x,A5108647405,A5108647405,Jing Cui,jing cui,0009-0003-6350-2913,middle,FALSE,Beijing Normal University,https://ror.org/022k4wk35,CN,education,"Beijing Normal University, Beijing, China"
doi:10.1038/s41586-026-10251-x,W7147329468,10.1038/s41586-026-10251-x,A5003546846,A5003546846,Christian S. Czymara,christian s czymara,0000-0002-9535-3559,middle,FALSE,Netherlands Interdisciplinary Demographic Institute,https://ror.org/04kf5kc54,NL,facility,"Netherlands Interdisciplinary Demographic Institute, Den Haag, Netherlands"
doi:10.1038/s41586-026-10251-x,W7147329468,10.1038/s41586-026-10251-x,A5132709986,A5132709986,Haley Daarstad,haley daarstad,NA,middle,FALSE,"University of California, Davis",https://ror.org/05rrcem69,US,education,"University of California Davis, Davis, CA, USA"
doi:10.1038/s41586-026-10251-x,W7147329468,10.1038/s41586-026-10251-x,A5132704871,A5132704871,Danh Chi Dao,danh chi dao,NA,middle,FALSE,Queen's University,https://ror.org/02y72wh86,CA,education,"Queen's University, Kingston, Ontario, Canada; University of Oxford, Oxford, UK"
doi:10.1038/s41586-026-10251-x,W7147329468,10.1038/s41586-026-10251-x,A5132704871,A5132704871,Danh Chi Dao,danh chi dao,NA,middle,FALSE,University of Oxford,https://ror.org/052gg0110,GB,education,"Queen's University, Kingston, Ontario, Canada; University of Oxford, Oxford, UK"
doi:10.1038/s41586-026-10251-x,W7147329468,10.1038/s41586-026-10251-x,A5098111241,A5098111241,Daniel Dao,daniel dao,0000-0001-9449-8003,middle,FALSE,Queen's University,https://ror.org/02y72wh86,CA,education,"Queen's University, Kingston, Ontario, Canada; University of Oxford, Oxford, UK"
doi:10.1038/s41586-026-10251-x,W7147329468,10.1038/s41586-026-10251-x,A5098111241,A5098111241,Daniel Dao,daniel dao,0000-0001-9449-8003,middle,FALSE,University of Oxford,https://ror.org/052gg0110,GB,education,"Queen's University, Kingston, Ontario, Canada; University of Oxford, Oxford, UK"
doi:10.1038/s41586-026-10251-x,W7147329468,10.1038/s41586-026-10251-x,A5132552531,A5132552531,Marco David Schmandt,marco david schmandt,NA,middle,FALSE,Technische Universität Berlin,https://ror.org/03v4gjf40,DE,education,"TU Berlin, Berlin, Germany"
doi:10.1038/s41586-026-10251-x,W7147329468,10.1038/s41586-026-10251-x,A5114070177,A5114070177,Astrid de Linde,astrid de linde,0009-0007-3246-8141,middle,FALSE,University of Oslo,https://ror.org/01xtthb56,NO,education,"University of Oslo, Oslo, Norway"
doi:10.1038/s41586-026-10251-x,W7147329468,10.1038/s41586-026-10251-x,A5132575836,A5132575836,Lucas De Melo,lucas de melo,NA,middle,FALSE,University of Nottingham,https://ror.org/01ee9ar58,GB,education,"Nottingham Interdisciplinary Centre for Economic and Political Research, University of Nottingham, Nottingham, UK"
doi:10.1038/s41586-026-10251-x,W7147329468,10.1038/s41586-026-10251-x,A5132575836,A5132575836,Lucas De Melo,lucas de melo,NA,middle,FALSE,Nottingham Biomedical Research Centre,https://ror.org/046cr9566,GB,facility,"Nottingham Interdisciplinary Centre for Economic and Political Research, University of Nottingham, Nottingham, UK"
doi:10.1038/s41586-026-10251-x,W7147329468,10.1038/s41586-026-10251-x,A5116413028,A5116413028,Lachlan Deer,lachlan deer,0000-0001-8646-6095,middle,FALSE,The University of Melbourne,https://ror.org/01ej9dk98,AU,education,"University of Melbourne, Carlton, Victoria, Australia"
doi:10.1038/s41586-026-10251-x,W7147329468,10.1038/s41586-026-10251-x,A5049893344,A5049893344,Micole De Vera,micole de vera,0009-0005-9071-9039,middle,FALSE,Bank of Spain,https://ror.org/02f26yq04,ES,other,"Banco de España, Madrid, Spain"
doi:10.1038/s41586-026-10251-x,W7147329468,10.1038/s41586-026-10251-x,A5132695053,A5132695053,Velichka Dimitrova,velichka dimitrova,NA,middle,FALSE,University College London,https://ror.org/02jx3x895,GB,education,"Social Research Institute, University College London, London, UK"
doi:10.1038/s41586-026-10251-x,W7147329468,10.1038/s41586-026-10251-x,A5132555586,A5132555586,Jan Fabian Dollbaum,jan fabian dollbaum,NA,middle,FALSE,University College Dublin,https://ror.org/05m7pjf47,IE,education,"LMU Munich, Munich, Germany; University College Dublin, Dublin, Ireland; University of Fribourg, Fribourg, Switzerland"
doi:10.1038/s41586-026-10251-x,W7147329468,10.1038/s41586-026-10251-x,A5132555586,A5132555586,Jan Fabian Dollbaum,jan fabian dollbaum,NA,middle,FALSE,University of Fribourg,https://ror.org/022fs9h90,CH,education,"LMU Munich, Munich, Germany; University College Dublin, Dublin, Ireland; University of Fribourg, Fribourg, Switzerland"
doi:10.1038/s41586-026-10251-x,W7147329468,10.1038/s41586-026-10251-x,A5132555586,A5132555586,Jan Fabian Dollbaum,jan fabian dollbaum,NA,middle,FALSE,LMU Klinikum,https://ror.org/02jet3w32,DE,healthcare,"LMU Munich, Munich, Germany; University College Dublin, Dublin, Ireland; University of Fribourg, Fribourg, Switzerland"
doi:10.1038/s41586-026-10251-x,W7147329468,10.1038/s41586-026-10251-x,A5132555586,A5132555586,Jan Fabian Dollbaum,jan fabian dollbaum,NA,middle,FALSE,Ludwig-Maximilians-Universität München,https://ror.org/05591te55,DE,education,"LMU Munich, Munich, Germany; University College Dublin, Dublin, Ireland; University of Fribourg, Fribourg, Switzerland"
doi:10.1038/s41586-026-10251-x,W7147329468,10.1038/s41586-026-10251-x,A5128122341,A5128122341,Jan Matti Dollbaum,jan matti dollbaum,NA,middle,FALSE,University College Dublin,https://ror.org/05m7pjf47,IE,education,"LMU Munich, Munich, Germany; University College Dublin, Dublin, Ireland; University of Fribourg, Fribourg, Switzerland"
doi:10.1038/s41586-026-10251-x,W7147329468,10.1038/s41586-026-10251-x,A5128122341,A5128122341,Jan Matti Dollbaum,jan matti dollbaum,NA,middle,FALSE,University of Fribourg,https://ror.org/022fs9h90,CH,education,"LMU Munich, Munich, Germany; University College Dublin, Dublin, Ireland; University of Fribourg, Fribourg, Switzerland"
doi:10.1038/s41586-026-10251-x,W7147329468,10.1038/s41586-026-10251-x,A5128122341,A5128122341,Jan Matti Dollbaum,jan matti dollbaum,NA,middle,FALSE,LMU Klinikum,https://ror.org/02jet3w32,DE,healthcare,"LMU Munich, Munich, Germany; University College Dublin, Dublin, Ireland; University of Fribourg, Fribourg, Switzerland"
doi:10.1038/s41586-026-10251-x,W7147329468,10.1038/s41586-026-10251-x,A5128122341,A5128122341,Jan Matti Dollbaum,jan matti dollbaum,NA,middle,FALSE,Ludwig-Maximilians-Universität München,https://ror.org/05591te55,DE,education,"LMU Munich, Munich, Germany; University College Dublin, Dublin, Ireland; University of Fribourg, Fribourg, Switzerland"
doi:10.1038/s41586-026-10251-x,W7147329468,10.1038/s41586-026-10251-x,A5129453372,A5129453372,Michael Donnelly,michael donnelly,0000-0002-9571-799X,middle,FALSE,University of Toronto,https://ror.org/03dbr7087,CA,education,"University of Toronto, Toronto, Ontario, Canada"
doi:10.1038/s41586-026-10251-x,W7147329468,10.1038/s41586-026-10251-x,A5036857398,A5036857398,Luu Duc Toan Huynh,luu duc toan huynh,0000-0002-3182-3320,middle,FALSE,Queen Mary University of London,https://ror.org/026zzn846,GB,education,"Queen Mary University of London, London, UK"
doi:10.1038/s41586-026-10251-x,W7147329468,10.1038/s41586-026-10251-x,A5045292532,A5045292532,Tsvetomira Dumbalska,tsvetomira dumbalska,0000-0002-5761-8536,middle,FALSE,University of Oxford,https://ror.org/052gg0110,GB,education,"University of Oxford, Oxford, UK"
doi:10.2305/iucn.ch.2021.parks-27-sitc.en,W3137015242,10.2305/iucn.ch.2021.parks-27-sitc.en,A5013601679,A5013601679,Tracey Cumming,tracey cumming,NA,first,TRUE,NA,NA,NA,NA,"Biodiversity Finance Ini(a(ve (BIOFIN), United Na(ons Development Programme"
doi:10.2305/iucn.ch.2021.parks-27-sitc.en,W3137015242,10.2305/iucn.ch.2021.parks-27-sitc.en,A5080412252,A5080412252,Andrew Seidl,andrew seidl,0000-0002-2338-1307,middle,FALSE,Resource (United States),https://ror.org/002sg8b56,US,company,"Biodiversity Finance Ini(a(ve (BIOFIN), United Na(ons Development Programme; Department of Agricultural and Resource Economics, Colorado State University, CO USA"
doi:10.2305/iucn.ch.2021.parks-27-sitc.en,W3137015242,10.2305/iucn.ch.2021.parks-27-sitc.en,A5080412252,A5080412252,Andrew Seidl,andrew seidl,0000-0002-2338-1307,middle,FALSE,Colorado State University,https://ror.org/03k1gpj17,US,education,"Biodiversity Finance Ini(a(ve (BIOFIN), United Na(ons Development Programme; Department of Agricultural and Resource Economics, Colorado State University, CO USA"
doi:10.2305/iucn.ch.2021.parks-27-sitc.en,W3137015242,10.2305/iucn.ch.2021.parks-27-sitc.en,A5042557255,A5042557255,L. Emerton,l emerton,0000-0003-1626-6324,middle,FALSE,NA,NA,NA,NA,"Environment Management Group, Cambridge, UK and Colombo, Sri Lanka"
doi:10.2305/iucn.ch.2021.parks-27-sitc.en,W3137015242,10.2305/iucn.ch.2021.parks-27-sitc.en,A5098395725,A5098395725,Anna Spencely,anna spencely,NA,middle,FALSE,University of Brighton,https://ror.org/04kp2b655,GB,education,"IUCN World Commission on Protected Areas Tourism and Protected Areas Specialist Group, School of Sport and Service Management, University of Brighton, School of Tourism and Hospitality, University of Johannesburg"
doi:10.2305/iucn.ch.2021.parks-27-sitc.en,W3137015242,10.2305/iucn.ch.2021.parks-27-sitc.en,A5015883622,A5015883622,Rachel Golden Kroner,rachel golden kroner,0000-0003-1844-3398,middle,FALSE,NA,NA,NA,NA,"Conserva(on Interna(onal, USA"
doi:10.2305/iucn.ch.2021.parks-27-sitc.en,W3137015242,10.2305/iucn.ch.2021.parks-27-sitc.en,A5098483497,A5098483497,Yvette Uwineza,yvette uwineza,NA,middle,FALSE,Resource (United States),https://ror.org/002sg8b56,US,company,"Department of Agricultural and Resource Economics, Colorado State University, CO USA"
doi:10.2305/iucn.ch.2021.parks-27-sitc.en,W3137015242,10.2305/iucn.ch.2021.parks-27-sitc.en,A5098483497,A5098483497,Yvette Uwineza,yvette uwineza,NA,middle,FALSE,Colorado State University,https://ror.org/03k1gpj17,US,education,"Department of Agricultural and Resource Economics, Colorado State University, CO USA"
doi:10.2305/iucn.ch.2021.parks-27-sitc.en,W3137015242,10.2305/iucn.ch.2021.parks-27-sitc.en,A5054621620,A5054621620,Hugo van Zyl,hugo van zyl,0000-0002-2810-1167,last,FALSE,NA,NA,NA,NA,"Independent Economic Researchers, South Africa"
doi:10.1016/j.jebo.2021.12.012,W4200145669,10.1016/j.jebo.2021.12.012,A5034139295,A5034139295,Ahsanuzzaman,ahsanuzzaman,NA,first,TRUE,Center for Food Safety and Applied Nutrition,https://ror.org/05hzdft06,US,facility,"Assistant Research Scientist, The Joint Institute for Food Safety and Applied Nutrition (JIFSAN), University of Maryland, College Park, MD 20742, United States"
doi:10.1016/j.jebo.2021.12.012,W4200145669,10.1016/j.jebo.2021.12.012,A5034139295,A5034139295,Ahsanuzzaman,ahsanuzzaman,NA,first,TRUE,"University of Maryland, College Park",https://ror.org/047s2c258,US,education,"Assistant Research Scientist, The Joint Institute for Food Safety and Applied Nutrition (JIFSAN), University of Maryland, College Park, MD 20742, United States"
doi:10.1016/j.jebo.2021.12.012,W4200145669,10.1016/j.jebo.2021.12.012,A5001244704,A5001244704,Leah H. Palm‐Forster,leah h palm forster,0000-0001-8191-0310,middle,FALSE,University of Delaware,https://ror.org/01sbq1a82,US,education,"Associate Professor in the Department of Applied Economics and Statistics, University of Delaware, Newark, DE 19716, United States"
doi:10.1016/j.jebo.2021.12.012,W4200145669,10.1016/j.jebo.2021.12.012,A5027026551,A5027026551,Jordan F. Suter,jordan f suter,0000-0003-0520-7150,last,FALSE,Colorado State University,https://ror.org/03k1gpj17,US,education,"Professor in the Department of Agricultural & Resource Economics, Colorado State University, Fort Collins, CO 80523, United States"
doi:10.1016/j.buildenv.2021.108390,W3203151447,10.1016/j.buildenv.2021.108390,A5104111766,A5104111766,Wande Benka-Coker,wande benka coker,NA,first,FALSE,Colorado State University,https://ror.org/03k1gpj17,US,education,"Department of Environmental and Radiological Health Sciences, Colorado State University, Fort Collins, CO, USA"
doi:10.1016/j.buildenv.2021.108390,W3203151447,10.1016/j.buildenv.2021.108390,A5068393606,A5068393606,Bonnie N. Young,bonnie n young,0000-0002-6524-2348,middle,FALSE,Colorado State University,https://ror.org/03k1gpj17,US,education,"Department of Environmental and Radiological Health Sciences, Colorado State University, Fort Collins, CO, USA"
doi:10.1016/j.buildenv.2021.108390,W3203151447,10.1016/j.buildenv.2021.108390,A5010888183,A5010888183,Shannon Oliver,shannon oliver,0009-0007-1294-8164,middle,FALSE,NA,NA,NA,NA,"Adams 12 Five Star Schools, Thornton, CO, USA"
doi:10.1016/j.buildenv.2021.108390,W3203151447,10.1016/j.buildenv.2021.108390,A5073662623,A5073662623,Joshua W. Schaeffer,joshua w schaeffer,0000-0003-3367-4696,middle,FALSE,Colorado State University,https://ror.org/03k1gpj17,US,education,"Department of Environmental and Radiological Health Sciences, Colorado State University, Fort Collins, CO, USA"
doi:10.1016/j.buildenv.2021.108390,W3203151447,10.1016/j.buildenv.2021.108390,A5075200954,A5075200954,Dale T. Manning,dale t manning,0000-0001-6465-5530,middle,FALSE,Colorado State University,https://ror.org/03k1gpj17,US,education,"Department of Agricultural & Resource Economics, Colorado State University, Fort Collins, CO, USA"
doi:10.1016/j.buildenv.2021.108390,W3203151447,10.1016/j.buildenv.2021.108390,A5027026551,A5027026551,Jordan F. Suter,jordan f suter,0000-0003-0520-7150,middle,FALSE,Colorado State University,https://ror.org/03k1gpj17,US,education,"Department of Agricultural & Resource Economics, Colorado State University, Fort Collins, CO, USA"
doi:10.1016/j.buildenv.2021.108390,W3203151447,10.1016/j.buildenv.2021.108390,A5042004866,A5042004866,Jennifer E. Cross,jennifer e cross,0000-0002-5582-4192,middle,FALSE,Colorado State University,https://ror.org/03k1gpj17,US,education,"Department of Sociology, Colorado State University, Fort Collins, CO, USA"
doi:10.1016/j.buildenv.2021.108390,W3203151447,10.1016/j.buildenv.2021.108390,A5075009365,A5075009365,Sheryl Magzamen,sheryl magzamen,0000-0002-2874-3530,last,TRUE,Colorado State University,https://ror.org/03k1gpj17,US,education,"Department of Environmental and Radiological Health Sciences, Colorado State University, Fort Collins, CO, USA"
doi:10.1111/ajae.12415,W4381852009,10.1111/ajae.12415,A5050534384,A5050534384,R. Aaron Hrozencik,r aaron hrozencik,0000-0002-4490-2730,first,TRUE,Economic Research Service,https://ror.org/05ycxzd89,US,government,Resource and Rural Economics Division USDA‐Economic Research Service  Washington District of Columbia USA; Resource and Rural Economics Division USDA-Economic Research Service Washington District of Columbia USA
doi:10.1111/ajae.12415,W4381852009,10.1111/ajae.12415,A5027026551,A5027026551,Jordan F. Suter,jordan f suter,0000-0003-0520-7150,middle,FALSE,Resource (United States),https://ror.org/002sg8b56,US,company,Department of Agricultural and Resource Economics Colorado State University  Fort Collins Colorado USA; Department of Agricultural and Resource Economics Colorado State University Fort Collins Colorado USA
doi:10.1111/ajae.12415,W4381852009,10.1111/ajae.12415,A5027026551,A5027026551,Jordan F. Suter,jordan f suter,0000-0003-0520-7150,middle,FALSE,Colorado State University,https://ror.org/03k1gpj17,US,education,Department of Agricultural and Resource Economics Colorado State University  Fort Collins Colorado USA; Department of Agricultural and Resource Economics Colorado State University Fort Collins Colorado USA
doi:10.1111/ajae.12415,W4381852009,10.1111/ajae.12415,A5019002025,A5019002025,Paul J. Ferraro,paul j ferraro,0000-0002-4777-5108,middle,FALSE,Johns Hopkins University,https://ror.org/00za53h95,US,education,"Carey Business School and Department of Environmental Health and Engineering, A Joint Department of the Bloomberg School of Public Health and the Whiting School of Engineering Johns Hopkins University  Baltimore Maryland USA; Carey Business School and Department of Environmental Health and Engineering, A Joint Department of the Bloomberg School of Public Health and the Whiting School of Engineering Johns Hopkins University Baltimore Maryland USA"
doi:10.1111/ajae.12415,W4381852009,10.1111/ajae.12415,A5056021318,A5056021318,Nathan Hendricks,nathan hendricks,0000-0001-7301-8314,last,FALSE,Kansas State University,https://ror.org/05p1j8758,US,education,Department of Agricultural Economics Kansas State University  Manhattan Kansas USA; Department of Agricultural Economics Kansas State University Manhattan Kansas USA
doi:10.1016/j.foodpol.2024.102672,W4400314702,10.1016/j.foodpol.2024.102672,A5008197760,A5008197760,Pratyoosh Kashyap,pratyoosh kashyap,0000-0003-3805-1754,first,TRUE,Colorado State University,https://ror.org/03k1gpj17,US,education,"Department of Agricultural and Resource Economics, Colorado State University, Nutrien Agricultural Sciences Building, Fort Collins, CO, USA"
doi:10.1016/j.foodpol.2024.102672,W4400314702,10.1016/j.foodpol.2024.102672,A5027026551,A5027026551,Jordan F. Suter,jordan f suter,0000-0003-0520-7150,middle,FALSE,Colorado State University,https://ror.org/03k1gpj17,US,education,"Department of Agricultural and Resource Economics, Colorado State University, Nutrien Agricultural Sciences Building, Fort Collins, CO, USA"
doi:10.1016/j.foodpol.2024.102672,W4400314702,10.1016/j.foodpol.2024.102672,A5047699658,A5047699658,Sophie C. McKee,sophie c mckee,0000-0002-2283-4191,last,FALSE,Colorado State University,https://ror.org/03k1gpj17,US,education,"National Wildlife Research Center, U.S. Department of Agriculture, Colorado State University, Fort Collins, CO, USA"
doi:10.1086/729841,W4391542603,10.1086/729841,A5081069586,A5081069586,Paige Weber,paige weber,0000-0002-3894-1127,first,FALSE,NA,NA,NA,NA,
doi:10.1086/729841,W4391542603,10.1086/729841,A5054886966,A5054886966,Matt Woerman,matt woerman,0000-0002-4903-6261,last,FALSE,NA,NA,NA,NA,
doi:10.1016/j.foodpol.2024.102727,W4402951903,10.1016/j.foodpol.2024.102727,A5073129925,A5073129925,Anders Van Sandt,anders van sandt,0000-0001-8665-2357,first,FALSE,Oregon State University,https://ror.org/00ysfqy60,US,education,"University of Wyoming, Colorado State University and Oregon State University, United States"
doi:10.1016/j.foodpol.2024.102727,W4402951903,10.1016/j.foodpol.2024.102727,A5057015263,A5057015263,Dawn Thilmany,dawn thilmany,NA,middle,TRUE,Oregon State University,https://ror.org/00ysfqy60,US,education,"University of Wyoming, Colorado State University and Oregon State University, United States"
doi:10.1016/j.foodpol.2024.102727,W4402951903,10.1016/j.foodpol.2024.102727,A5060932467,A5060932467,Lauren Gwin,lauren gwin,0000-0001-6156-4932,last,FALSE,Oregon State University,https://ror.org/00ysfqy60,US,education,"University of Wyoming, Colorado State University and Oregon State University, United States"
doi:10.1002/aepp.13046,W3042925910,10.1002/aepp.13046,A5077009438,A5077009438,Sarah A. Low,sarah a low,0000-0003-0089-9688,first,TRUE,University of Missouri–St. Louis,https://ror.org/037cnag11,US,education,"College of Agriculture , Food & Natural Resources at the University of Missouri. Martha Division of Applied Social Sciences at the University of Missouri. College of Agricultural Sciences at Colorado State University; College of Agriculture, Food & Natural Resources at the University of Missouri. Martha; Division of Applied Social Sciences at the University of Missouri; College of Agricultural Sciences at Colorado State University"
doi:10.1002/aepp.13046,W3042925910,10.1002/aepp.13046,A5077009438,A5077009438,Sarah A. Low,sarah a low,0000-0003-0089-9688,first,TRUE,Missouri College,https://ror.org/01c9nq002,US,education,"College of Agriculture , Food & Natural Resources at the University of Missouri. Martha Division of Applied Social Sciences at the University of Missouri. College of Agricultural Sciences at Colorado State University; College of Agriculture, Food & Natural Resources at the University of Missouri. Martha; Division of Applied Social Sciences at the University of Missouri; College of Agricultural Sciences at Colorado State University"
doi:10.1002/aepp.13046,W3042925910,10.1002/aepp.13046,A5077009438,A5077009438,Sarah A. Low,sarah a low,0000-0003-0089-9688,first,TRUE,University of Missouri,https://ror.org/02ymw8z06,US,education,"College of Agriculture , Food & Natural Resources at the University of Missouri. Martha Division of Applied Social Sciences at the University of Missouri. College of Agricultural Sciences at Colorado State University; College of Agriculture, Food & Natural Resources at the University of Missouri. Martha; Division of Applied Social Sciences at the University of Missouri; College of Agricultural Sciences at Colorado State University"
doi:10.1002/aepp.13046,W3042925910,10.1002/aepp.13046,A5077009438,A5077009438,Sarah A. Low,sarah a low,0000-0003-0089-9688,first,TRUE,Colorado State University,https://ror.org/03k1gpj17,US,education,"College of Agriculture , Food & Natural Resources at the University of Missouri. Martha Division of Applied Social Sciences at the University of Missouri. College of Agricultural Sciences at Colorado State University; College of Agriculture, Food & Natural Resources at the University of Missouri. Martha; Division of Applied Social Sciences at the University of Missouri; College of Agricultural Sciences at Colorado State University"
doi:10.1002/aepp.13046,W3042925910,10.1002/aepp.13046,A5039581363,A5039581363,Martha Bass,martha bass,NA,middle,FALSE,University of Missouri–St. Louis,https://ror.org/037cnag11,US,education,"College of Agriculture , Food & Natural Resources at the University of Missouri. Martha Division of Applied Social Sciences at the University of Missouri. College of Agricultural Sciences at Colorado State University; College of Agriculture, Food & Natural Resources at the University of Missouri. Martha; Division of Applied Social Sciences at the University of Missouri; College of Agricultural Sciences at Colorado State University"
doi:10.1002/aepp.13046,W3042925910,10.1002/aepp.13046,A5039581363,A5039581363,Martha Bass,martha bass,NA,middle,FALSE,Missouri College,https://ror.org/01c9nq002,US,education,"College of Agriculture , Food & Natural Resources at the University of Missouri. Martha Division of Applied Social Sciences at the University of Missouri. College of Agricultural Sciences at Colorado State University; College of Agriculture, Food & Natural Resources at the University of Missouri. Martha; Division of Applied Social Sciences at the University of Missouri; College of Agricultural Sciences at Colorado State University"
doi:10.1002/aepp.13046,W3042925910,10.1002/aepp.13046,A5039581363,A5039581363,Martha Bass,martha bass,NA,middle,FALSE,University of Missouri,https://ror.org/02ymw8z06,US,education,"College of Agriculture , Food & Natural Resources at the University of Missouri. Martha Division of Applied Social Sciences at the University of Missouri. College of Agricultural Sciences at Colorado State University; College of Agriculture, Food & Natural Resources at the University of Missouri. Martha; Division of Applied Social Sciences at the University of Missouri; College of Agricultural Sciences at Colorado State University"
doi:10.1002/aepp.13046,W3042925910,10.1002/aepp.13046,A5039581363,A5039581363,Martha Bass,martha bass,NA,middle,FALSE,Colorado State University,https://ror.org/03k1gpj17,US,education,"College of Agriculture , Food & Natural Resources at the University of Missouri. Martha Division of Applied Social Sciences at the University of Missouri. College of Agricultural Sciences at Colorado State University; College of Agriculture, Food & Natural Resources at the University of Missouri. Martha; Division of Applied Social Sciences at the University of Missouri; College of Agricultural Sciences at Colorado State University"
doi:10.1002/aepp.13046,W3042925910,10.1002/aepp.13046,A5057015263,A5057015263,Dawn Thilmany,dawn thilmany,NA,middle,FALSE,University of Missouri–St. Louis,https://ror.org/037cnag11,US,education,"College of Agriculture , Food & Natural Resources at the University of Missouri. Martha Division of Applied Social Sciences at the University of Missouri. College of Agricultural Sciences at Colorado State University; Division of Applied Social Sciences at the University of Missouri; College of Agriculture, Food & Natural Resources at the University of Missouri. Martha; College of Agricultural Sciences at Colorado State University"
doi:10.1002/aepp.13046,W3042925910,10.1002/aepp.13046,A5057015263,A5057015263,Dawn Thilmany,dawn thilmany,NA,middle,FALSE,Missouri College,https://ror.org/01c9nq002,US,education,"College of Agriculture , Food & Natural Resources at the University of Missouri. Martha Division of Applied Social Sciences at the University of Missouri. College of Agricultural Sciences at Colorado State University; Division of Applied Social Sciences at the University of Missouri; College of Agriculture, Food & Natural Resources at the University of Missouri. Martha; College of Agricultural Sciences at Colorado State University"
doi:10.1002/aepp.13046,W3042925910,10.1002/aepp.13046,A5057015263,A5057015263,Dawn Thilmany,dawn thilmany,NA,middle,FALSE,University of Missouri,https://ror.org/02ymw8z06,US,education,"College of Agriculture , Food & Natural Resources at the University of Missouri. Martha Division of Applied Social Sciences at the University of Missouri. College of Agricultural Sciences at Colorado State University; Division of Applied Social Sciences at the University of Missouri; College of Agriculture, Food & Natural Resources at the University of Missouri. Martha; College of Agricultural Sciences at Colorado State University"
doi:10.1002/aepp.13046,W3042925910,10.1002/aepp.13046,A5057015263,A5057015263,Dawn Thilmany,dawn thilmany,NA,middle,FALSE,Colorado State University,https://ror.org/03k1gpj17,US,education,"College of Agriculture , Food & Natural Resources at the University of Missouri. Martha Division of Applied Social Sciences at the University of Missouri. College of Agricultural Sciences at Colorado State University; Division of Applied Social Sciences at the University of Missouri; College of Agriculture, Food & Natural Resources at the University of Missouri. Martha; College of Agricultural Sciences at Colorado State University"
doi:10.1002/aepp.13046,W3042925910,10.1002/aepp.13046,A5010347907,A5010347907,Marcelo Castillo,marcelo castillo,0000-0002-8462-1896,last,FALSE,University of Missouri–St. Louis,https://ror.org/037cnag11,US,education,"College of Agriculture , Food & Natural Resources at the University of Missouri. Martha Division of Applied Social Sciences at the University of Missouri. College of Agricultural Sciences at Colorado State University; College of Agriculture, Food & Natural Resources at the University of Missouri. Martha; College of Agricultural Sciences at Colorado State University; Division of Applied Social Sciences at the University of Missouri"
doi:10.1002/aepp.13046,W3042925910,10.1002/aepp.13046,A5010347907,A5010347907,Marcelo Castillo,marcelo castillo,0000-0002-8462-1896,last,FALSE,Missouri College,https://ror.org/01c9nq002,US,education,"College of Agriculture , Food & Natural Resources at the University of Missouri. Martha Division of Applied Social Sciences at the University of Missouri. College of Agricultural Sciences at Colorado State University; College of Agriculture, Food & Natural Resources at the University of Missouri. Martha; College of Agricultural Sciences at Colorado State University; Division of Applied Social Sciences at the University of Missouri"
doi:10.1002/aepp.13046,W3042925910,10.1002/aepp.13046,A5010347907,A5010347907,Marcelo Castillo,marcelo castillo,0000-0002-8462-1896,last,FALSE,University of Missouri,https://ror.org/02ymw8z06,US,education,"College of Agriculture , Food & Natural Resources at the University of Missouri. Martha Division of Applied Social Sciences at the University of Missouri. College of Agricultural Sciences at Colorado State University; College of Agriculture, Food & Natural Resources at the University of Missouri. Martha; College of Agricultural Sciences at Colorado State University; Division of Applied Social Sciences at the University of Missouri"
doi:10.1002/aepp.13046,W3042925910,10.1002/aepp.13046,A5010347907,A5010347907,Marcelo Castillo,marcelo castillo,0000-0002-8462-1896,last,FALSE,Colorado State University,https://ror.org/03k1gpj17,US,education,"College of Agriculture , Food & Natural Resources at the University of Missouri. Martha Division of Applied Social Sciences at the University of Missouri. College of Agricultural Sciences at Colorado State University; College of Agriculture, Food & Natural Resources at the University of Missouri. Martha; College of Agricultural Sciences at Colorado State University; Division of Applied Social Sciences at the University of Missouri"
doi:10.1016/j.ocecoaman.2023.106726,W4383032658,10.1016/j.ocecoaman.2023.106726,A5080412252,A5080412252,Andrew Seidl,andrew seidl,0000-0002-2338-1307,first,TRUE,United Nations Development Programme,https://ror.org/051777d98,US,other,"Department of Agricultural and Resource Economics, Colorado State University, Fort Collins, CO, 80523-1172, USA; United Nations Development Programme-Biodiversity Finance Initiative (BIOFIN), Istanbul, Turkey"
doi:10.1016/j.ocecoaman.2023.106726,W4383032658,10.1016/j.ocecoaman.2023.106726,A5080412252,A5080412252,Andrew Seidl,andrew seidl,0000-0002-2338-1307,first,TRUE,Colorado State University,https://ror.org/03k1gpj17,US,education,"Department of Agricultural and Resource Economics, Colorado State University, Fort Collins, CO, 80523-1172, USA; United Nations Development Programme-Biodiversity Finance Initiative (BIOFIN), Istanbul, Turkey"
doi:10.1016/j.ocecoaman.2023.106726,W4383032658,10.1016/j.ocecoaman.2023.106726,A5077065190,A5077065190,Kelly Wallace,kelly wallace,0009-0006-4123-6353,middle,FALSE,Colorado State University,https://ror.org/03k1gpj17,US,education,"Department of Agricultural and Resource Economics, Colorado State University, Fort Collins, CO, 80523-1172, USA"
doi:10.1016/j.ocecoaman.2023.106726,W4383032658,10.1016/j.ocecoaman.2023.106726,A5017785839,A5017785839,Annabelle Cruz‐Trinidad,annabelle cruz trinidad,NA,middle,FALSE,United Nations Development Programme,https://ror.org/051777d98,US,other,"United Nations Development Programme-Biodiversity Finance Initiative (BIOFIN), Istanbul, Turkey"
doi:10.1016/j.ocecoaman.2023.106726,W4383032658,10.1016/j.ocecoaman.2023.106726,A5090449263,A5090449263,Angelique Ogena,angelique ogena,NA,middle,FALSE,NA,NA,NA,NA,"BIOFIN-Philippines, Manila, Republic of the Philippines"
doi:10.1016/j.ocecoaman.2023.106726,W4383032658,10.1016/j.ocecoaman.2023.106726,A5092391101,A5092391101,Niran Nirannoot,niran nirannoot,NA,middle,FALSE,NA,NA,NA,NA,"BIOFIN-Thailand, Bangkok, Thailand"
doi:10.1016/j.ocecoaman.2023.106726,W4383032658,10.1016/j.ocecoaman.2023.106726,A5092391102,A5092391102,Anabelle Plantilla,anabelle plantilla,NA,middle,FALSE,NA,NA,NA,NA,"BIOFIN-Philippines, Manila, Republic of the Philippines"
doi:10.1016/j.ocecoaman.2023.106726,W4383032658,10.1016/j.ocecoaman.2023.106726,A5066091092,A5066091092,Arturo Soberón Mora,arturo soberon mora,NA,middle,FALSE,NA,NA,NA,NA,"BIOFIN-Ecuador, Quito, Ecuador"
doi:10.1016/j.ocecoaman.2023.106726,W4383032658,10.1016/j.ocecoaman.2023.106726,A5064015382,A5064015382,H. Martínez,h martinez,NA,middle,FALSE,University of Belize,https://ror.org/00fgcap50,BZ,education,"BIOFIN-Belize, Belmopan, Belize; National Biodiversity Office, Government of Belize, Belmopan, Belize"
doi:10.1016/j.ocecoaman.2023.106726,W4383032658,10.1016/j.ocecoaman.2023.106726,A5114063787,A5114063787,Sheneil Salazar,sheneil salazar,NA,middle,FALSE,University of Belize,https://ror.org/00fgcap50,BZ,education,"BIOFIN-Belize, Belmopan, Belize; National Biodiversity Office, Government of Belize, Belmopan, Belize"
doi:10.1016/j.ocecoaman.2023.106726,W4383032658,10.1016/j.ocecoaman.2023.106726,A5010342837,A5010342837,Ana Lucia Orozco,ana lucia orozco,NA,middle,FALSE,NA,NA,NA,NA,"BIOFIN-Costa Rica, San Jose, Costa Rica"
doi:10.1016/j.ocecoaman.2023.106726,W4383032658,10.1016/j.ocecoaman.2023.106726,A5076100998,A5076100998,Onno van den Heuvel,onno van den heuvel,NA,last,FALSE,United Nations Development Programme,https://ror.org/051777d98,US,other,"United Nations Development Programme-Biodiversity Finance Initiative (BIOFIN), Istanbul, Turkey"
doi:10.1016/j.jeem.2023.102820,W4367396773,10.1016/j.jeem.2023.102820,A5054886966,A5054886966,Matt Woerman,matt woerman,0000-0002-4903-6261,first,TRUE,University of Massachusetts Amherst,https://ror.org/0072zz521,US,education,"University of Massachusetts Amherst, Department of Resource Economics, USA"
doi:10.1016/j.eneco.2025.108351,W4407954727,10.1016/j.eneco.2025.108351,A5052161877,A5052161877,Rafael Bakhtavoryan,rafael bakhtavoryan,0000-0002-8644-5267,first,FALSE,East Texas A&M University,https://ror.org/01red3556,US,education,"College of Agricultural Sciences and Natural Resources, Texas A&M University – Commerce, P.O. 3011, Commerce, TX 75429-3011, United States of America"
doi:10.1016/j.eneco.2025.108351,W4407954727,10.1016/j.eneco.2025.108351,A5082238082,A5082238082,Vardges Hovhannisyan,vardges hovhannisyan,0000-0002-6806-9595,middle,TRUE,University of Wyoming,https://ror.org/01485tq96,US,education,"Agricultural and Applied Economics, University of Wyoming, Dept. 3354, 1000 E. University Ave., Room 203 Agriculture and Natural Resources Bldg, Laramie, WY 82071-2000, United States of America"
doi:10.1016/j.eneco.2025.108351,W4407954727,10.1016/j.eneco.2025.108351,A5054886966,A5054886966,Matt Woerman,matt woerman,0000-0002-4903-6261,last,FALSE,Colorado State University,https://ror.org/03k1gpj17,US,education,"Agricultural and Resource Economics, Colorado State University, Room 206 Nutrien Building, Fort Collins, CO 80523-1172, United States of America"
doi:10.1002/aepp.13047,W3043543695,10.1002/aepp.13047,A5015017711,A5015017711,Jeffrey K. O’Hara,jeffrey k o hara,NA,first,TRUE,NA,NA,NA,NA,
doi:10.1002/aepp.13047,W3043543695,10.1002/aepp.13047,A5010347907,A5010347907,Marcelo Castillo,marcelo castillo,0000-0002-8462-1896,middle,FALSE,NA,NA,NA,NA,
doi:10.1002/aepp.13047,W3043543695,10.1002/aepp.13047,A5051019392,A5051019392,Dawn Thilmany McFadden,dawn thilmany mcfadden,0000-0002-3974-0888,last,FALSE,NA,NA,NA,NA,
doi:10.1016/j.ecoser.2021.101351,W3193367627,10.1016/j.ecoser.2021.101351,A5080412252,A5080412252,Andrew Seidl,andrew seidl,0000-0002-2338-1307,first,TRUE,Colorado State University,https://ror.org/03k1gpj17,US,education,"Department of Agricultural and Resource Economics, Colorado State University, Fort Collins, CO, USA; UNDP Biodiversity Finance Initiative (BIOFIN), Istanbul, Turkey"
doi:10.1016/j.ecoser.2021.101351,W3193367627,10.1016/j.ecoser.2021.101351,A5103804726,A5103804726,Paulo A.L.D. Nunes,paulo a l d nunes,NA,last,FALSE,Food and Agriculture Organization of the United Nations,https://ror.org/00pe0tf51,IT,government,"Office of the Assistant Director-General, Food and Agriculture Organization of the United Nations, Rome, Italy"
doi:10.1016/j.jort.2023.100690,W4387150601,10.1016/j.jort.2023.100690,A5077065190,A5077065190,Kelly Wallace,kelly wallace,0009-0006-4123-6353,first,TRUE,Colorado State University,https://ror.org/03k1gpj17,US,education,"Department of Agricultural and Resource Economics, Colorado State University, Fort Collins, CO, 80523, USA"
doi:10.1016/j.jort.2023.100690,W4387150601,10.1016/j.jort.2023.100690,A5027026551,A5027026551,Jordan F. Suter,jordan f suter,0000-0003-0520-7150,middle,FALSE,Colorado State University,https://ror.org/03k1gpj17,US,education,"Department of Agricultural and Resource Economics, Colorado State University, Fort Collins, CO, 80523, USA"
doi:10.1016/j.jort.2023.100690,W4387150601,10.1016/j.jort.2023.100690,A5038602398,A5038602398,Daniel W. McCollum,daniel w mccollum,0000-0003-0762-3844,last,FALSE,Rocky Mountain Research Station,https://ror.org/04347cr60,US,government,"USDA Forest Service, Rocky Mountain Research Station, Fort Collins, CO, 80526, USA"
doi:10.1111/csp2.13273,W4404445485,10.1111/csp2.13273,A5104424718,A5104424718,Tom Hilton,tom hilton,0000-0003-0294-8447,first,TRUE,Colorado State University,https://ror.org/03k1gpj17,US,education,"Department of Human Dimensions of Natural Resources Colorado State University  Fort Collins Colorado USA; Department of Human Dimensions of Natural Resources, Colorado State University, Fort Collins, Colorado, USA"
doi:10.1111/csp2.13273,W4404445485,10.1111/csp2.13273,A5068437936,A5068437936,Josephine Smit,josephine smit,0000-0003-2974-6140,middle,FALSE,University of Stirling,https://ror.org/045wgfr59,GB,education,"Faculty of Natural Sciences University of Stirling  Stirling UK; Southern Tanzania Elephant Program  Iringa Tanzania; Southern Tanzania Elephant Program, Iringa, Tanzania; Faculty of Natural Sciences, University of Stirling, Stirling, UK"
doi:10.1111/csp2.13273,W4404445485,10.1111/csp2.13273,A5068437936,A5068437936,Josephine Smit,josephine smit,0000-0003-2974-6140,middle,FALSE,Iringa Mercy Organization,https://ror.org/041g4k048,TZ,nonprofit,"Faculty of Natural Sciences University of Stirling  Stirling UK; Southern Tanzania Elephant Program  Iringa Tanzania; Southern Tanzania Elephant Program, Iringa, Tanzania; Faculty of Natural Sciences, University of Stirling, Stirling, UK"
doi:10.1111/csp2.13273,W4404445485,10.1111/csp2.13273,A5029314507,A5029314507,Trevor Jones,trevor jones,0000-0002-3477-785X,middle,FALSE,Iringa Mercy Organization,https://ror.org/041g4k048,TZ,nonprofit,"Southern Tanzania Elephant Program  Iringa Tanzania; Southern Tanzania Elephant Program, Iringa, Tanzania"
doi:10.1111/csp2.13273,W4404445485,10.1111/csp2.13273,A5114672152,A5114672152,Joseph Mwalugelo,joseph mwalugelo,NA,middle,FALSE,Iringa Mercy Organization,https://ror.org/041g4k048,TZ,nonprofit,"Southern Tanzania Elephant Program  Iringa Tanzania; Southern Tanzania Elephant Program, Iringa, Tanzania"
doi:10.1111/csp2.13273,W4404445485,10.1111/csp2.13273,name:kim lim,NA,Kim Lim,kim lim,NA,middle,FALSE,Iringa Mercy Organization,https://ror.org/041g4k048,TZ,nonprofit,"Southern Tanzania Elephant Program  Iringa Tanzania; Southern Tanzania Elephant Program, Iringa, Tanzania"
doi:10.1111/csp2.13273,W4404445485,10.1111/csp2.13273,A5080412252,A5080412252,Andrew Seidl,andrew seidl,0000-0002-2338-1307,middle,FALSE,Resource (United States),https://ror.org/002sg8b56,US,company,"Department of Agriculture and Resource Economics Colorado State University  Fort Collins Colorado USA; Department of Agriculture and Resource Economics, Colorado State University, Fort Collins, Colorado, USA"
doi:10.1111/csp2.13273,W4404445485,10.1111/csp2.13273,A5080412252,A5080412252,Andrew Seidl,andrew seidl,0000-0002-2338-1307,middle,FALSE,Colorado State University,https://ror.org/03k1gpj17,US,education,"Department of Agriculture and Resource Economics Colorado State University  Fort Collins Colorado USA; Department of Agriculture and Resource Economics, Colorado State University, Fort Collins, Colorado, USA"
doi:10.1111/csp2.13273,W4404445485,10.1111/csp2.13273,A5025101353,A5025101353,Kelly W. Jones,kelly w jones,0000-0001-9664-7615,middle,FALSE,New Mexico State University,https://ror.org/00hpz7z43,US,education,"Department of Fish, Wildlife, and Conservation Ecology New Mexico State University  Las Cruces New Mexico USA; Department of Human Dimensions of Natural Resources Colorado State University  Fort Collins Colorado USA; Department of Fish, Wildlife, and Conservation Ecology, New Mexico State University, Las Cruces, New Mexico, USA; Department of Human Dimensions of Natural Resources, Colorado State University, Fort Collins, Colorado, USA"
doi:10.1111/csp2.13273,W4404445485,10.1111/csp2.13273,A5025101353,A5025101353,Kelly W. Jones,kelly w jones,0000-0001-9664-7615,middle,FALSE,Colorado State University,https://ror.org/03k1gpj17,US,education,"Department of Fish, Wildlife, and Conservation Ecology New Mexico State University  Las Cruces New Mexico USA; Department of Human Dimensions of Natural Resources Colorado State University  Fort Collins Colorado USA; Department of Fish, Wildlife, and Conservation Ecology, New Mexico State University, Las Cruces, New Mexico, USA; Department of Human Dimensions of Natural Resources, Colorado State University, Fort Collins, Colorado, USA"
doi:10.1111/csp2.13273,W4404445485,10.1111/csp2.13273,A5017029942,A5017029942,Brett L. Bruyere,brett l bruyere,0000-0001-7802-5468,middle,FALSE,Colorado State University,https://ror.org/03k1gpj17,US,education,"Department of Human Dimensions of Natural Resources Colorado State University  Fort Collins Colorado USA; Department of Human Dimensions of Natural Resources, Colorado State University, Fort Collins, Colorado, USA"
doi:10.1111/csp2.13273,W4404445485,10.1111/csp2.13273,A5009903567,A5009903567,Jonathan Salerno,jonathan salerno,0000-0001-9402-6479,last,FALSE,Colorado State University,https://ror.org/03k1gpj17,US,education,"Department of Human Dimensions of Natural Resources Colorado State University  Fort Collins Colorado USA; Graduate Degree Program in Ecology Colorado State University  Fort Collins Colorado USA; Department of Human Dimensions of Natural Resources, Colorado State University, Fort Collins, Colorado, USA; Graduate Degree Program in Ecology, Colorado State University, Fort Collins, Colorado, USA"
doi:10.1016/j.tfp.2025.101081,W4416373336,10.1016/j.tfp.2025.101081,A5120702958,A5120702958,Caleb E. Axlund,caleb e axlund,0009-0001-9438-3086,first,TRUE,Colorado State University,https://ror.org/03k1gpj17,US,education,"Colorado State University, 301 University Ave, Fort Collins, 80521, CO, USA"
doi:10.1016/j.tfp.2025.101081,W4416373336,10.1016/j.tfp.2025.101081,A5027026551,A5027026551,Jordan F. Suter,jordan f suter,0000-0003-0520-7150,middle,FALSE,Colorado State University,https://ror.org/03k1gpj17,US,education,"Colorado State University, 301 University Ave, Fort Collins, 80521, CO, USA"
doi:10.1016/j.tfp.2025.101081,W4416373336,10.1016/j.tfp.2025.101081,A5038602398,A5038602398,Daniel W. McCollum,daniel w mccollum,0000-0003-0762-3844,last,FALSE,Rocky Mountain Research Station,https://ror.org/04347cr60,US,government,"USDA Forest Service, Rocky Mountain Research Station, 240 W Prospect Rd, Fort Collins, 80526, CO, USA"
doi:10.1017/age.2025.11,W4409114506,10.1017/age.2025.11,A5018404669,A5018404669,Erin Love,erin love,0000-0002-2209-8366,first,FALSE,RTI International,https://ror.org/052tfza37,US,funder,"Center for Applied Economics and Strategy, RTI International, Research Triangle Park, NC, USA"
doi:10.1017/age.2025.11,W4409114506,10.1017/age.2025.11,A5055158106,A5055158106,Becca B.R. Jablonski,becca b r jablonski,0000-0002-6404-039X,middle,TRUE,Colorado State University,https://ror.org/03k1gpj17,US,education,"Department of Agricultural and Resource Economics, Colorado State University, Fort Collins, CO, USA"
doi:10.1017/age.2025.11,W4409114506,10.1017/age.2025.11,A5051019392,A5051019392,Dawn Thilmany McFadden,dawn thilmany mcfadden,0000-0002-3974-0888,middle,FALSE,Colorado State University,https://ror.org/03k1gpj17,US,education,"Department of Agricultural and Resource Economics, Colorado State University, Fort Collins, CO, USA"
doi:10.1017/age.2025.11,W4409114506,10.1017/age.2025.11,A5046588574,A5046588574,Laura Bellows,laura bellows,0000-0002-5317-5037,last,FALSE,Cornell University,https://ror.org/05bnh6r87,US,education,"Division of Nutritional Sciences, Cornell University, Ithaca, NY, USA"
doi:10.1007/s10640-022-00690-1,W4283699050,10.1007/s10640-022-00690-1,A5013061638,A5013061638,Ben S. Meiselman,ben s meiselman,0000-0001-9297-8871,first,TRUE,United States Department of the Treasury,https://ror.org/028t43p77,US,government,"U.S. Department of the Treasury, 1500 Pennsylvania Ave NW, Washington, DC, 20220, USA"
doi:10.1007/s10640-022-00690-1,W4283699050,10.1007/s10640-022-00690-1,A5069009668,A5069009668,Collin Weigel,collin weigel,0000-0003-3090-4484,middle,FALSE,California Air Resources Board,https://ror.org/021h56y19,US,government,"California Air Resources Board, Sacramento, CA, USA"
doi:10.1007/s10640-022-00690-1,W4283699050,10.1007/s10640-022-00690-1,A5019002025,A5019002025,Paul J. Ferraro,paul j ferraro,0000-0002-4777-5108,middle,FALSE,Johns Hopkins University,https://ror.org/00za53h95,US,education,"Johns Hopkins University, Baltimore, MD, USA; The Center for Behavioral & Experimental Agri-Environmental Research https://www.centerbear.org"
doi:10.1007/s10640-022-00690-1,W4283699050,10.1007/s10640-022-00690-1,A5025117770,A5025117770,Mark H. Masters,mark h masters,NA,middle,FALSE,Albany State University,https://ror.org/01vme4277,US,education,"Albany State University and Georgia Water Planning and Policy Center, Albany, GA, USA; The Center for Behavioral & Experimental Agri-Environmental Research https://www.centerbear.org"
doi:10.1007/s10640-022-00690-1,W4283699050,10.1007/s10640-022-00690-1,A5000708557,A5000708557,Kent D. Messer,kent d messer,0000-0002-9458-5278,middle,FALSE,University of Delaware,https://ror.org/01sbq1a82,US,education,"The Center for Behavioral & Experimental Agri-Environmental Research https://www.centerbear.org; University of Delaware, Newark, DE, USA"
doi:10.1007/s10640-022-00690-1,W4283699050,10.1007/s10640-022-00690-1,A5070227956,A5070227956,Olesya M. Savchenko,olesya m savchenko,0000-0002-7679-2919,middle,FALSE,University of Florida,https://ror.org/02y3ad647,US,education,"The Center for Behavioral & Experimental Agri-Environmental Research https://www.centerbear.org; University of Florida, Gainesville, FL, USA"
doi:10.1007/s10640-022-00690-1,W4283699050,10.1007/s10640-022-00690-1,A5027026551,A5027026551,Jordan F. Suter,jordan f suter,0000-0003-0520-7150,last,FALSE,Colorado State University,https://ror.org/03k1gpj17,US,education,"Colorado State University, Fort Collins, CO, USA; The Center for Behavioral & Experimental Agri-Environmental Research https://www.centerbear.org"
doi:10.1002/jaa2.78,W4386031430,10.1002/jaa2.78,A5027026551,A5027026551,Jordan F. Suter,jordan f suter,0000-0003-0520-7150,first,TRUE,Resource (United States),https://ror.org/002sg8b56,US,company,"Department of Agricultural and Resource Economics Colorado State University Fort Collins Colorado USA; Department of Agricultural and Resource Economics, Colorado State University, Fort Collins, Colorado, USA"
doi:10.1002/jaa2.78,W4386031430,10.1002/jaa2.78,A5027026551,A5027026551,Jordan F. Suter,jordan f suter,0000-0003-0520-7150,first,TRUE,Colorado State University,https://ror.org/03k1gpj17,US,education,"Department of Agricultural and Resource Economics Colorado State University Fort Collins Colorado USA; Department of Agricultural and Resource Economics, Colorado State University, Fort Collins, Colorado, USA"
doi:10.1002/jaa2.78,W4386031430,10.1002/jaa2.78,A5041435680,A5041435680,Todd Guilfoos,todd guilfoos,0000-0001-6062-7049,middle,FALSE,University of Rhode Island,https://ror.org/013ckk937,US,education,"Department of Environmental and Natural Resource Economics University of Rhode Island  Kingston Rhode Island USA; Department of Environmental and Natural Resource Economics, University of Rhode Island, Kingston, Rhode Island, USA"
doi:10.1002/jaa2.78,W4386031430,10.1002/jaa2.78,A5048073916,A5048073916,Karina Schoengold,karina schoengold,0000-0001-9378-7129,last,FALSE,University of Nebraska–Lincoln,https://ror.org/043mer456,US,education,"Department of Agricultural Economics, Nebraska Water Center, Part of the Robert B. Daugherty Water for Food Global Institute University of Nebraska  Lincoln Nebraska USA; Department of Agricultural Economics, Nebraska Water Center, Part of the Robert B. Daugherty Water for Food Global Institute, University of Nebraska, Lincoln, Nebraska, USA"
doi:10.3368/wple.97.3.030320-0031r1,W3204241389,10.3368/wple.97.3.030320-0031r1,A5065320355,A5065320355,Taro Mieno,taro mieno,0000-0002-0614-0771,first,FALSE,University of Nebraska–Lincoln,https://ror.org/043mer456,US,education,"Department of Agricultural Economics, University of Nebraska, Lincoln; tmieno2@unl.edu; Department of Agricultural Economics, University of Nebraska, Lincoln"
doi:10.3368/wple.97.3.030320-0031r1,W3204241389,10.3368/wple.97.3.030320-0031r1,A5027101973,A5027101973,Mani Rouhi Rad,mani rouhi rad,0000-0003-3572-1601,middle,FALSE,Clemson University,https://ror.org/037s24f05,US,education,"Department of Agricultural Sciences, Clemson University, South Carolina; rrad@clemson.edu; Department of Agricultural Sciences, Clemson University, South Carolina"
doi:10.3368/wple.97.3.030320-0031r1,W3204241389,10.3368/wple.97.3.030320-0031r1,A5027026551,A5027026551,Jordan F. Suter,jordan f suter,0000-0003-0520-7150,middle,FALSE,Colorado State University,https://ror.org/03k1gpj17,US,education,"Department of Agricultural and Resource Economics, Colorado State University, Fort Collins; Jordan.Suter@colostate.edu; Department of Agricultural and Resource Economics, Colorado State University, Fort Collins"
doi:10.3368/wple.97.3.030320-0031r1,W3204241389,10.3368/wple.97.3.030320-0031r1,A5050534384,A5050534384,R. Aaron Hrozencik,r aaron hrozencik,0000-0002-4490-2730,last,FALSE,Economic Research Service,https://ror.org/05ycxzd89,US,government,"U.S. Department of Agriculture, Economic Research Service, Kansas City, Missouri; Aaron.Hrozencik@usda.gov; U.S. Department of Agriculture, Economic Research Service, Kansas City, Missouri"
doi:10.1002/aepp.13454,W4399361991,10.1002/aepp.13454,A5023494945,A5023494945,Michael K. Adjemian,michael k adjemian,0000-0003-4111-8526,first,TRUE,Commodity Futures Trading Commission,https://ror.org/050m8a892,US,government,"Commodity Futures Trading Commission  Washington DC USA; Department of Agricultural and Applied Economics University of Georgia  Athens Georgia USA; Commodity Futures Trading Commission, Washington, DC, USA; Department of Agricultural and Applied Economics, University of Georgia, Athens, Georgia, USA"
doi:10.1002/aepp.13454,W4399361991,10.1002/aepp.13454,A5023494945,A5023494945,Michael K. Adjemian,michael k adjemian,0000-0003-4111-8526,first,TRUE,University of Georgia,https://ror.org/00te3t702,US,education,"Commodity Futures Trading Commission  Washington DC USA; Department of Agricultural and Applied Economics University of Georgia  Athens Georgia USA; Commodity Futures Trading Commission, Washington, DC, USA; Department of Agricultural and Applied Economics, University of Georgia, Athens, Georgia, USA"
doi:10.1002/aepp.13454,W4399361991,10.1002/aepp.13454,A5020220138,A5020220138,Raghav Goyal,raghav goyal,0000-0002-7722-4104,middle,FALSE,Louisiana State University Agricultural Center,https://ror.org/01b8rza40,US,education,"Department of Agricultural Economics Louisiana State University  Baton Rouge Louisiana USA; Department of Agricultural Economics, Louisiana State University, Baton Rouge, Louisiana, USA"
doi:10.1002/aepp.13454,W4399361991,10.1002/aepp.13454,A5109870549,A5109870549,Ron C. Mittelhammer,ron c mittelhammer,NA,middle,FALSE,Washington State University,https://ror.org/05dk0ce17,US,education,"School of Economic Sciences, Washington State University  Pullman Washington USA; School of Economic Sciences, Washington State University, Pullman, Washington, USA"
doi:10.1002/aepp.13454,W4399361991,10.1002/aepp.13454,A5057015263,A5057015263,Dawn Thilmany,dawn thilmany,NA,last,FALSE,Resource (United States),https://ror.org/002sg8b56,US,company,"Department of Agricultural and Resource Economics Colorado State University  Fort Collins Colorado USA; Department of Agricultural and Resource Economics, Colorado State University, Fort Collins, Colorado, USA"
doi:10.1002/aepp.13454,W4399361991,10.1002/aepp.13454,A5057015263,A5057015263,Dawn Thilmany,dawn thilmany,NA,last,FALSE,Colorado State University,https://ror.org/03k1gpj17,US,education,"Department of Agricultural and Resource Economics Colorado State University  Fort Collins Colorado USA; Department of Agricultural and Resource Economics, Colorado State University, Fort Collins, Colorado, USA"
doi:10.3390/tourhosp5030032,W4399882779,10.3390/tourhosp5030032,A5075437932,A5075437932,Soo K. Kang,soo k kang,0000-0002-1722-9544,first,TRUE,Colorado State University,https://ror.org/03k1gpj17,US,education,"Department of Hospitality and Event Management, Colorado State University, Fort Collins, CO 80521, USA"
doi:10.3390/tourhosp5030032,W4399882779,10.3390/tourhosp5030032,A5073977468,A5073977468,Rebecca Hill,rebecca hill,0000-0003-1421-6550,middle,FALSE,Colorado State University,https://ror.org/03k1gpj17,US,education,"Office of Engagement and Extension, Colorado State University, Fort Collins, CO 80521, USA"
doi:10.3390/tourhosp5030032,W4399882779,10.3390/tourhosp5030032,A5051019392,A5051019392,Dawn Thilmany McFadden,dawn thilmany mcfadden,0000-0002-3974-0888,last,FALSE,Colorado State University,https://ror.org/03k1gpj17,US,education,"Department of Agriculture and Resource Economics, Colorado State University, Fort Collins, CO 80521, USA"
doi:10.1002/aepp.13531,W4410757952,10.1002/aepp.13531,A5084558982,A5084558982,Mackenzie Gill,mackenzie gill,NA,first,TRUE,Resource (United States),https://ror.org/002sg8b56,US,company,"Department of Agricultural and Resource Economics Colorado State University  Fort Collins Colorado USA; Department of Agricultural and Resource Economics, Colorado State University, Fort Collins, Colorado, USA"
doi:10.1002/aepp.13531,W4410757952,10.1002/aepp.13531,A5084558982,A5084558982,Mackenzie Gill,mackenzie gill,NA,first,TRUE,Colorado State University,https://ror.org/03k1gpj17,US,education,"Department of Agricultural and Resource Economics Colorado State University  Fort Collins Colorado USA; Department of Agricultural and Resource Economics, Colorado State University, Fort Collins, Colorado, USA"
doi:10.1002/aepp.13531,W4410757952,10.1002/aepp.13531,A5051019392,A5051019392,Dawn Thilmany McFadden,dawn thilmany mcfadden,0000-0002-3974-0888,last,FALSE,Resource (United States),https://ror.org/002sg8b56,US,company,"Department of Agricultural and Resource Economics Colorado State University  Fort Collins Colorado USA; Department of Agricultural and Resource Economics, Colorado State University, Fort Collins, Colorado, USA"
doi:10.1002/aepp.13531,W4410757952,10.1002/aepp.13531,A5051019392,A5051019392,Dawn Thilmany McFadden,dawn thilmany mcfadden,0000-0002-3974-0888,last,FALSE,Colorado State University,https://ror.org/03k1gpj17,US,education,"Department of Agricultural and Resource Economics Colorado State University  Fort Collins Colorado USA; Department of Agricultural and Resource Economics, Colorado State University, Fort Collins, Colorado, USA"
doi:10.1016/j.socec.2025.102403,W4412450665,10.1016/j.socec.2025.102403,A5041435680,A5041435680,Todd Guilfoos,todd guilfoos,0000-0001-6062-7049,first,TRUE,University of Rhode Island,https://ror.org/013ckk937,US,education,"Department of Environmental and Natural Resource Economics, University of Rhode Island, 219 Coastal Institute, 1 Greenhouse Road, Kingston, RI 02881, United States of America"
doi:10.1016/j.socec.2025.102403,W4412450665,10.1016/j.socec.2025.102403,A5027026551,A5027026551,Jordan F. Suter,jordan f suter,0000-0003-0520-7150,last,FALSE,Colorado State University,https://ror.org/03k1gpj17,US,education,"Department of Agricultural and Resource Economics, Colorado State University, Fort Collins, CO, 80523, United States of America"
doi:10.3389/fclim.2025.1398452,W4413179794,10.3389/fclim.2025.1398452,name:mary l keller,NA,Mary L. Keller,mary l keller,NA,first,TRUE,University of Wyoming,https://ror.org/01485tq96,US,education,"Religious Studies, University of Wyoming, United States; Religious Studies, University of Wyoming, Laramie, WY, United States"
doi:10.3389/fclim.2025.1398452,W4413179794,10.3389/fclim.2025.1398452,name:mary l keller,NA,Mary L. Keller,mary l keller,NA,first,TRUE,Wyoming Department of Education,https://ror.org/02abxwv41,US,government,"Religious Studies, University of Wyoming, United States; Religious Studies, University of Wyoming, Laramie, WY, United States"
doi:10.3389/fclim.2025.1398452,W4413179794,10.3389/fclim.2025.1398452,A5016584693,A5016584693,Kristiana Hansen,kristiana hansen,0000-0002-9061-1440,middle,FALSE,University of Wyoming,https://ror.org/01485tq96,US,education,"Department of Agricultural and Applied Economics and UW Extension, University of Wyoming, United States; Department of Agricultural and Applied Economics and UW Extension, University of Wyoming, Laramie, WY, United States"
doi:10.3389/fclim.2025.1398452,W4413179794,10.3389/fclim.2025.1398452,A5016584693,A5016584693,Kristiana Hansen,kristiana hansen,0000-0002-9061-1440,middle,FALSE,Agricultural & Applied Economics Association,https://ror.org/04e5cyn06,US,nonprofit,"Department of Agricultural and Applied Economics and UW Extension, University of Wyoming, United States; Department of Agricultural and Applied Economics and UW Extension, University of Wyoming, Laramie, WY, United States"
doi:10.3389/fclim.2025.1398452,W4413179794,10.3389/fclim.2025.1398452,A5015909287,A5015909287,Jacqueline J. Shinker,jacqueline j shinker,0000-0003-1950-3428,middle,FALSE,University of Wyoming,https://ror.org/01485tq96,US,education,"Department of Geology and Geophysics, University of Wyoming, United States; Department of Geology and Geophysics, University of Wyoming, Laramie, WY, United States"
doi:10.3389/fclim.2025.1398452,W4413179794,10.3389/fclim.2025.1398452,A5084015752,A5084015752,Kristen D. Landreville,kristen d landreville,0000-0002-2389-2190,middle,FALSE,University of Wyoming,https://ror.org/01485tq96,US,education,"Genetic Engineering and Society Center, North Carolina State University, United States; Haub School of Environment and Natural Resources, University of Wyoming, Laramie, WY, United States; Genetic Engineering and Society Center, North Carolina State University, Raleigh, NC, United States"
doi:10.3389/fclim.2025.1398452,W4413179794,10.3389/fclim.2025.1398452,A5084015752,A5084015752,Kristen D. Landreville,kristen d landreville,0000-0002-2389-2190,middle,FALSE,North Carolina State University,https://ror.org/04tj63d06,US,education,"Genetic Engineering and Society Center, North Carolina State University, United States; Haub School of Environment and Natural Resources, University of Wyoming, Laramie, WY, United States; Genetic Engineering and Society Center, North Carolina State University, Raleigh, NC, United States"
doi:10.3389/fclim.2025.1398452,W4413179794,10.3389/fclim.2025.1398452,A5086341180,A5086341180,Kathryn E. Cooper,kathryn e cooper,0000-0002-8100-9466,middle,FALSE,University of Wyoming,https://ror.org/01485tq96,US,education,"Department of Geology and Geophysics, University of Wyoming, United States; School of Media and Journalism, Kent State University, Kent, OH, United States; Department of Geology and Geophysics, University of Wyoming, Laramie, WY, United States"
doi:10.3389/fclim.2025.1398452,W4413179794,10.3389/fclim.2025.1398452,A5086341180,A5086341180,Kathryn E. Cooper,kathryn e cooper,0000-0002-8100-9466,middle,FALSE,Kent State University,https://ror.org/049pfb863,US,education,"Department of Geology and Geophysics, University of Wyoming, United States; School of Media and Journalism, Kent State University, Kent, OH, United States; Department of Geology and Geophysics, University of Wyoming, Laramie, WY, United States"
doi:10.3389/fclim.2025.1398452,W4413179794,10.3389/fclim.2025.1398452,A5109023757,A5109023757,Emily Donaldson,emily donaldson,NA,middle,FALSE,University of Wyoming,https://ror.org/01485tq96,US,education,"Haub School of Environment and Natural Resources, University of Wyoming, United States; Haub School of Environment and Natural Resources, University of Wyoming, Laramie, WY, United States"
doi:10.3389/fclim.2025.1398452,W4413179794,10.3389/fclim.2025.1398452,A5019295235,A5019295235,M. E. Kim,m e kim,NA,middle,FALSE,University of Wyoming,https://ror.org/01485tq96,US,education,"Department of Geology and Geophysics, University of Wyoming, United States; Department of Geology and Geophysics, University of Wyoming, Laramie, WY, United States"
doi:10.3389/fclim.2025.1398452,W4413179794,10.3389/fclim.2025.1398452,A5044661974,A5044661974,Ginger B. Paige,ginger b paige,0000-0003-1391-0823,middle,FALSE,University of Wyoming,https://ror.org/01485tq96,US,education,"Department of Ecosystem Science and Management and UW Extension, University of Wyoming, United States; Department of Ecosystem Science and Management and UW Extension, University of Wyoming, Laramie, WY, United States"
doi:10.3389/fclim.2025.1398452,W4413179794,10.3389/fclim.2025.1398452,A5044661974,A5044661974,Ginger B. Paige,ginger b paige,0000-0003-1391-0823,middle,FALSE,University of Wisconsin–Extension,https://ror.org/05mdm7050,US,education,"Department of Ecosystem Science and Management and UW Extension, University of Wyoming, United States; Department of Ecosystem Science and Management and UW Extension, University of Wyoming, Laramie, WY, United States"
doi:10.3389/fclim.2025.1398452,W4413179794,10.3389/fclim.2025.1398452,A5073129925,A5073129925,Anders Van Sandt,anders van sandt,0000-0001-8665-2357,last,FALSE,University of Wyoming,https://ror.org/01485tq96,US,education,"Department of Agricultural and Applied Economics and UW Extension, University of Wyoming, United States; Department of Agricultural and Applied Economics and UW Extension, University of Wyoming, Laramie, WY, United States"
doi:10.3389/fclim.2025.1398452,W4413179794,10.3389/fclim.2025.1398452,A5073129925,A5073129925,Anders Van Sandt,anders van sandt,0000-0001-8665-2357,last,FALSE,Agricultural & Applied Economics Association,https://ror.org/04e5cyn06,US,nonprofit,"Department of Agricultural and Applied Economics and UW Extension, University of Wyoming, United States; Department of Agricultural and Applied Economics and UW Extension, University of Wyoming, Laramie, WY, United States"
doi:10.1029/2024wr038504,W4415701601,10.1029/2024wr038504,name:nataly medina,NA,Nataly Medina,nataly medina,NA,first,FALSE,Clemson University,https://ror.org/037s24f05,US,education,Clemson University  Clemson SC USA
doi:10.1029/2024wr038504,W4415701601,10.1029/2024wr038504,A5027101973,A5027101973,Mani Rouhi Rad,mani rouhi rad,0000-0003-3572-1601,middle,TRUE,Texas A&M University,https://ror.org/01f5ytq51,US,education,Texas A&amp;M University  College Station TX USA
doi:10.1029/2024wr038504,W4415701601,10.1029/2024wr038504,A5016347377,A5016347377,Soheil Nozari,soheil nozari,0000-0002-0098-5837,middle,FALSE,Colorado State University,https://ror.org/03k1gpj17,US,education,Colorado State University  Fort Collins CO USA
doi:10.1029/2024wr038504,W4415701601,10.1029/2024wr038504,A5027026551,A5027026551,Jordan F. Suter,jordan f suter,0000-0003-0520-7150,middle,FALSE,Colorado State University,https://ror.org/03k1gpj17,US,education,Colorado State University  Fort Collins CO USA
doi:10.1029/2024wr038504,W4415701601,10.1029/2024wr038504,A5004156469,A5004156469,Ryan T. Bailey,ryan t bailey,0000-0002-6539-1474,middle,FALSE,Colorado State University,https://ror.org/03k1gpj17,US,education,Colorado State University  Fort Collins CO USA
doi:10.1029/2024wr038504,W4415701601,10.1029/2024wr038504,A5052325482,A5052325482,Debabrata Sahoo,debabrata sahoo,0000-0001-9592-1555,last,FALSE,Clemson University,https://ror.org/037s24f05,US,education,Clemson University  Clemson SC USA
doi:10.1186/s40008-025-00359-0,W4415995576,10.1186/s40008-025-00359-0,A5073129925,A5073129925,Anders Van Sandt,anders van sandt,0000-0001-8665-2357,first,FALSE,Colorado State University,https://ror.org/03k1gpj17,US,education,"Colorado State University, 301 University Ave., Fort Collins, CO, 80523, USA"
doi:10.1186/s40008-025-00359-0,W4415995576,10.1186/s40008-025-00359-0,A5065567149,A5065567149,Craig Wesley Carpenter,craig wesley carpenter,0000-0001-7511-1168,middle,FALSE,Michigan State University,https://ror.org/05hs6h993,US,education,"Michigan State University, East Lansing, USA"
doi:10.1186/s40008-025-00359-0,W4415995576,10.1186/s40008-025-00359-0,A5020425267,A5020425267,Rebekka M. Dudensing,rebekka m dudensing,0000-0002-1684-6188,middle,FALSE,Texas A&M University,https://ror.org/01f5ytq51,US,education,"Texas A&M University, College Station, USA"
doi:10.1186/s40008-025-00359-0,W4415995576,10.1186/s40008-025-00359-0,A5112421671,A5112421671,Scott Loveridge,scott loveridge,0000-0002-0665-350X,middle,FALSE,Michigan State University,https://ror.org/05hs6h993,US,education,"Michigan State University, East Lansing, USA"
doi:10.1186/s40008-025-00359-0,W4415995576,10.1186/s40008-025-00359-0,A5009246171,A5009246171,Linda S. Niehm,linda s niehm,NA,last,FALSE,Iowa State University,https://ror.org/04rswrd78,US,education,"Iowa State University, Ames, USA"
doi:10.1111/jrh.70112,W7124536210,10.1111/jrh.70112,A5073129925,A5073129925,Anders Van Sandt,anders van sandt,0000-0001-8665-2357,first,TRUE,Resource (United States),https://ror.org/002sg8b56,US,company,Department of Agricultural and Resource Economics Colorado State University Fort Collins Colorado USA
doi:10.1111/jrh.70112,W7124536210,10.1111/jrh.70112,A5073129925,A5073129925,Anders Van Sandt,anders van sandt,0000-0001-8665-2357,first,TRUE,Colorado State University,https://ror.org/03k1gpj17,US,education,Department of Agricultural and Resource Economics Colorado State University Fort Collins Colorado USA
doi:10.1111/jrh.70112,W7124536210,10.1111/jrh.70112,A5120535675,A5120535675,Kaitlyn Line,kaitlyn line,NA,middle,FALSE,Utah State University,https://ror.org/00h6set76,US,education,Department of Social Work Utah State University Logan Utah USA
doi:10.1111/jrh.70112,W7124536210,10.1111/jrh.70112,A5071821906,A5071821906,Anja Gruber,anja gruber,0000-0002-3869-4330,middle,FALSE,University of Wyoming,https://ror.org/01485tq96,US,education,Department of Agricultural and Applied Economics University of Wyoming Laramie Wyoming USA
doi:10.1111/jrh.70112,W7124536210,10.1111/jrh.70112,A5102327556,A5102327556,Cris Meier,cris meier,0000-0001-6328-4272,middle,FALSE,Utah State University,https://ror.org/00h6set76,US,education,Department of Social Work Utah State University Logan Utah USA
doi:10.1111/jrh.70112,W7124536210,10.1111/jrh.70112,A5065567149,A5065567149,Craig Wesley Carpenter,craig wesley carpenter,0000-0001-7511-1168,middle,FALSE,Michigan State University,https://ror.org/05hs6h993,US,education,"Department of Agricultural, Food, and Resource Economics Michigan State University East Lansing Michigan USA"
doi:10.1111/jrh.70112,W7124536210,10.1111/jrh.70112,A5112421671,A5112421671,Scott Loveridge,scott loveridge,0000-0002-0665-350X,last,FALSE,Michigan State University,https://ror.org/05hs6h993,US,education,"Department of Agricultural, Food, and Resource Economics Michigan State University East Lansing Michigan USA"
doi:10.1016/j.jhealeco.2026.103121,W7128963714,10.1016/j.jhealeco.2026.103121,A5071821906,A5071821906,Anja Gruber,anja gruber,0000-0002-3869-4330,first,TRUE,University of Wyoming,https://ror.org/01485tq96,US,education,"University of Wyoming 1000E. University Ave. Laramie, WY 82071, USA. Electronic address: agruber1@uwyo.edu"
doi:10.1016/j.jhealeco.2026.103121,W7128963714,10.1016/j.jhealeco.2026.103121,A5073129925,A5073129925,Anders Van Sandt,anders van sandt,0000-0001-8665-2357,middle,FALSE,Colorado State University,https://ror.org/03k1gpj17,US,education,"Colorado State University 200W. Lake Street, Fort Collins, CO 80523, USA. Electronic address: a.vansandt@colostate.edu"
doi:10.1016/j.jhealeco.2026.103121,W7128963714,10.1016/j.jhealeco.2026.103121,A5065567149,A5065567149,Craig Wesley Carpenter,craig wesley carpenter,0000-0001-7511-1168,middle,FALSE,Michigan State University,https://ror.org/05hs6h993,US,education,"Michigan State University 446W. Circle Drive, East Lansing, MI 48824, USA. Electronic address: cwcarp@msu.edu"
doi:10.1016/j.jhealeco.2026.103121,W7128963714,10.1016/j.jhealeco.2026.103121,A5112421671,A5112421671,Scott Loveridge,scott loveridge,0000-0002-0665-350X,last,FALSE,Michigan State University,https://ror.org/05hs6h993,US,education,"Michigan State University 446W. Circle Drive, East Lansing, MI 48824, USA. Electronic address: loverid2@msu.edu"
doi:10.1029/2025wr040427,W7162135996,10.1029/2025wr040427,A5016347377,A5016347377,Soheil Nozari,soheil nozari,0000-0002-0098-5837,first,TRUE,Colorado State University,https://ror.org/03k1gpj17,US,education,Department of Civil and Environmental Engineering Colorado State University  Fort Collins CO USA
doi:10.1029/2025wr040427,W7162135996,10.1029/2025wr040427,A5004156469,A5004156469,Ryan T. Bailey,ryan t bailey,0000-0002-6539-1474,middle,FALSE,Colorado State University,https://ror.org/03k1gpj17,US,education,Department of Civil and Environmental Engineering Colorado State University  Fort Collins CO USA
doi:10.1029/2025wr040427,W7162135996,10.1029/2025wr040427,A5136744552,A5136744552,Mani Rouhi Rad,mani rouhi rad,0000-0003-3572-1601,middle,TRUE,Texas College,https://ror.org/04fsb1973,US,education,Department of Agricultural Economics Texas A&amp;M University  College Station TX USA
doi:10.1029/2025wr040427,W7162135996,10.1029/2025wr040427,A5136744552,A5136744552,Mani Rouhi Rad,mani rouhi rad,0000-0003-3572-1601,middle,TRUE,Texas A&M University,https://ror.org/01f5ytq51,US,education,Department of Agricultural Economics Texas A&amp;M University  College Station TX USA
doi:10.1029/2025wr040427,W7162135996,10.1029/2025wr040427,A5136813606,A5136813606,Garvey E. B. Smith,garvey e b smith,0000-0003-4522-1192,middle,FALSE,Colorado State University,https://ror.org/03k1gpj17,US,education,Department of Soil and Crop Sciences Colorado State University  College Station TX USA
doi:10.1029/2025wr040427,W7162135996,10.1029/2025wr040427,A5002235296,A5002235296,Allan A. Andales,allan a andales,0000-0002-7640-6723,middle,FALSE,Colorado State University,https://ror.org/03k1gpj17,US,education,Department of Soil and Crop Sciences Colorado State University  College Station TX USA
doi:10.1029/2025wr040427,W7162135996,10.1029/2025wr040427,A5136766265,A5136766265,Zachary T. Zambreski,zachary t zambreski,NA,middle,FALSE,Kansas State University,https://ror.org/05p1j8758,US,education,Department of Agronomy Kansas State University  Manhattan KS USA
doi:10.1029/2025wr040427,W7162135996,10.1029/2025wr040427,A5001725049,A5001725049,Xiaomao Lin,xiaomao lin,0000-0002-0804-7853,middle,FALSE,Kansas State University,https://ror.org/05p1j8758,US,education,Department of Agronomy Kansas State University  Manhattan KS USA
doi:10.1029/2025wr040427,W7162135996,10.1029/2025wr040427,A5027026551,A5027026551,Jordan F. Suter,jordan f suter,0000-0003-0520-7150,middle,FALSE,Texas College,https://ror.org/04fsb1973,US,education,Department of Agricultural and Resource Economics Colorado State University  College Station TX USA
doi:10.1029/2025wr040427,W7162135996,10.1029/2025wr040427,A5027026551,A5027026551,Jordan F. Suter,jordan f suter,0000-0003-0520-7150,middle,FALSE,Agricultural & Applied Economics Association,https://ror.org/04e5cyn06,US,nonprofit,Department of Agricultural and Resource Economics Colorado State University  College Station TX USA
doi:10.1029/2025wr040427,W7162135996,10.1029/2025wr040427,A5053936258,A5053936258,Meagan E. Schipanski,meagan e schipanski,0000-0002-1661-9858,last,FALSE,Colorado State University,https://ror.org/03k1gpj17,US,education,Department of Soil and Crop Sciences Colorado State University  College Station TX USA
doi:10.1002/jaa2.70044,W7162422700,10.1002/jaa2.70044,A5126729619,A5126729619,Philip Watson,philip watson,0000-0002-0540-2370,first,TRUE,University of Idaho,https://ror.org/03hbp5t65,US,education,Department of Agricultural Economics and Rural Sociology University of Idaho Moscow Idaho
doi:10.1002/jaa2.70044,W7162422700,10.1002/jaa2.70044,A5113112607,A5113112607,Greg Alward,greg alward,NA,middle,FALSE,University of Idaho,https://ror.org/03hbp5t65,US,education,Policy Analysis Group University of Idaho Moscow Idaho USA
doi:10.1002/jaa2.70044,W7162422700,10.1002/jaa2.70044,A5135661946,A5135661946,Dawn Thilmany,dawn thilmany,NA,last,FALSE,Resource (United States),https://ror.org/002sg8b56,US,company,Department of Agricultural and Resource Economics Colorado State University Fort Collins Colorado USA
doi:10.1002/jaa2.70044,W7162422700,10.1002/jaa2.70044,A5135661946,A5135661946,Dawn Thilmany,dawn thilmany,NA,last,FALSE,Colorado State University,https://ror.org/03k1gpj17,US,education,Department of Agricultural and Resource Economics Colorado State University Fort Collins Colorado USA
doi:10.1093/qopen/qoag018,W7163986589,10.1093/qopen/qoag018,A5035871458,A5035871458,Anthony Baffoe‐Bonnie,anthony baffoe bonnie,0000-0003-3605-3561,first,FALSE,Texas College,https://ror.org/04fsb1973,US,education,"College Station Department of Agricultural Economics, Texas A&M University, , TX 77843 ,"
doi:10.1093/qopen/qoag018,W7163986589,10.1093/qopen/qoag018,A5035871458,A5035871458,Anthony Baffoe‐Bonnie,anthony baffoe bonnie,0000-0003-3605-3561,first,FALSE,Texas A&M University,https://ror.org/01f5ytq51,US,education,"College Station Department of Agricultural Economics, Texas A&M University, , TX 77843 ,"
doi:10.1093/qopen/qoag018,W7163986589,10.1093/qopen/qoag018,A5013427062,A5013427062,Simanti Banerjee,simanti banerjee,0000-0002-6352-5440,middle,FALSE,University of Nebraska–Lincoln,https://ror.org/043mer456,US,education,"Lincoln Department of Agricultural Economics, University of Nebraska-Lincoln, , NE 68583 ,"
doi:10.1093/qopen/qoag018,W7163986589,10.1093/qopen/qoag018,A5052168592,A5052168592,Claudia Bazzani,claudia bazzani,0000-0003-2306-0041,middle,FALSE,University of Verona,https://ror.org/039bp8j42,IT,education,"University of Verona Department of Management, , 37129 Verona ,"
doi:10.1093/qopen/qoag018,W7163986589,10.1093/qopen/qoag018,A5026641932,A5026641932,Mirta Casati,mirta casati,0000-0003-1877-2490,middle,FALSE,Università Cattolica del Sacro Cuore,https://ror.org/03h7r5v07,IT,education,"Università Cattolica del Sacro Cuore, 29122 Department of Agricultural and Food Economics, , Piacenza ,"
doi:10.1093/qopen/qoag018,W7163986589,10.1093/qopen/qoag018,A5053652107,A5053652107,Carola Grebitus,carola grebitus,0000-0001-6511-1690,middle,TRUE,Arizona State University,https://ror.org/03efmqc40,US,education,"Morrison School of Agribusiness, Arizona State University, Tempe , AZ 85287 ,"
doi:10.1093/qopen/qoag018,W7163986589,10.1093/qopen/qoag018,A5015468920,A5015468920,Deepthi Kolady,deepthi kolady,0000-0002-2345-1950,middle,FALSE,Oklahoma State University,https://ror.org/01g9vbr38,US,education,"Stillwater Department of Agricultural Economics, Oklahoma State University, , OK 74074 ,"
doi:10.1093/qopen/qoag018,W7163986589,10.1093/qopen/qoag018,A5138233243,A5138233243,Alicia Rosburg,alicia rosburg,NA,middle,FALSE,University of Northern Iowa,https://ror.org/02h4qpx12,US,education,"Cedar Falls Department of Economics, University of Northern Iowa, , IA 50614 ,"
doi:10.1093/qopen/qoag018,W7163986589,10.1093/qopen/qoag018,A5135661946,A5135661946,Dawn Thilmany,dawn thilmany,NA,last,FALSE,Colorado State University,https://ror.org/03k1gpj17,US,education,"Fort Collins Department of Agricultural and Resource Economics, Colorado State University, , CO 80523 ,"
doi:10.1016/j.jclepro.2023.139224,W4387454956,10.1016/j.jclepro.2023.139224,A5077981892,A5077981892,R. S. Maynard,r s maynard,0009-0006-3388-3198,first,FALSE,Colorado State University,https://ror.org/03k1gpj17,US,education,"Mechanical Engineering, Colorado State University, Fort Collins, CO, 80523-1374, USA"
doi:10.1016/j.jclepro.2023.139224,W4387454956,10.1016/j.jclepro.2023.139224,A5078908976,A5078908976,Jesse Burkhardt,jesse burkhardt,0000-0002-7631-0393,middle,FALSE,Colorado State University,https://ror.org/03k1gpj17,US,education,"Agricultural and Resource Economics, Colorado State University, Fort Collins, CO, 80523-1374, USA"
doi:10.1016/j.jclepro.2023.139224,W4387454956,10.1016/j.jclepro.2023.139224,A5005309541,A5005309541,Jason C. Quinn,jason c quinn,0000-0003-0157-5642,last,TRUE,Colorado State University,https://ror.org/03k1gpj17,US,education,"Mechanical Engineering, Colorado State University, Fort Collins, CO, 80523-1374, USA"
doi:10.1038/s41597-026-07753-8,W7201847054,10.1038/s41597-026-07753-8,A5063900109,A5063900109,Lauren Chenarides,lauren chenarides,0000-0001-8983-9694,first,TRUE,Colorado State University,https://ror.org/03k1gpj17,US,education,"Colorado State University, Fort Collins, USA. Lauren.chenarides@colostate.edu"
doi:10.1038/s41597-026-07753-8,W7201847054,10.1038/s41597-026-07753-8,A5128099498,A5128099498,Rafael Ladislau,rafael ladislau,0009-0008-3832-3362,middle,TRUE,Eletrobras (Brazil),https://ror.org/0017kmw32,BR,company,"Duranium, Rio de Janeiro, Brazil. Rafa.ladis@gmail.com"
doi:10.1038/s41597-026-07753-8,W7201847054,10.1038/s41597-026-07753-8,A5041421536,A5041421536,Natasha Noy,natasha noy,0000-0002-7437-0624,middle,TRUE,Google (United States),https://ror.org/00njsd438,US,company,"Google Research, Mountain View, USA. noy@google.com"
doi:10.1038/s41597-026-07753-8,W7201847054,10.1038/s41597-026-07753-8,A5060153432,A5060153432,Manish Parashar,manish parashar,0000-0003-0983-7408,middle,TRUE,University of Utah,https://ror.org/03r0ha626,US,education,"University of Utah, Salt Lake City, USA. Manish.parashar@utah.edu"
doi:10.1038/s41597-026-07753-8,W7201847054,10.1038/s41597-026-07753-8,A5003954845,A5003954845,Simon Porter,simon porter,0000-0002-6151-8423,middle,TRUE,Digital Science (United Kingdom),https://ror.org/02ktfc112,GB,company,"Digital Science, London, United Kingdom. S.porter@digital-science.com"
doi:10.1038/s41597-026-07753-8,W7201847054,10.1038/s41597-026-07753-8,A5077143179,A5077143179,Julia Lane,julia lane,0000-0002-8139-2960,last,TRUE,New York University,https://ror.org/0190ak572,US,education,"New York University, New York, USA. Julia.lane@nyu.edu"
