key_id,ip_number,pd_number,proposal_type,primary_pi,investigators,project_title,lead_unit,lead_unit_code,lead_unit_name,lead_college,start_date,start_year,end_date,end_date_century_error,fa_rate,fa_type,direct_sponsor,prime_sponsor,direct_sponsor_type,prime_sponsor_type,date_sent,year,status,funded,amount,originating_sponsor,originating_sponsor_type,sponsor_selection_rule,university_direct_with_prime,funding_source_type,dare_lead,partial_2026
K000166401,17231230,166401,Supplement/Additional Funding,"Schipanski,Meagan Erin","Schipanski,Meagan Erin (Primary PI) 1170",Improving Our Understanding of Plant and Soil Processes Regulating Water and Nitrogen Use,1170-Soil + Crop Sciences,1170,Soil + Crop Sciences,Agricultural Sciences-Academic Units (E1),2026-07-15,2026,2027-07-14,FALSE,0,No Indirect Cost Allowed,USDA-ARS-Agricultural Research Service,,Federal,,2026-07-21,2026,,FALSE,119757.3,USDA-ARS-Agricultural Research Service,Federal,Direct sponsor reported; prime sponsor unavailable,FALSE,Federal,FALSE,TRUE
K000166688,17231226,166688,Supplement/Additional Funding,"Mason,Richard Esten","Mason,Richard Esten (Primary PI) 1170",Wheat Resilience Initiative: Breeding for Wheat Stem Sawfly Resistance in Colorado,1170-Soil + Crop Sciences,1170,Soil + Crop Sciences,Agricultural Sciences-Academic Units (E1),2026-09-01,2026,2028-08-31,FALSE,10,TDC,USDA-ARS-Agricultural Research Service,,Federal,,2026-07-21,2026,,FALSE,124167.73,USDA-ARS-Agricultural Research Service,Federal,Direct sponsor reported; prime sponsor unavailable,FALSE,Federal,FALSE,TRUE
K000166827,17231217,166827,New,"Narayanan Nair,Mahesh","Narayanan Nair,Mahesh (Primary PI) 1171; Geornaras,Ifigenia (Co-PI) 1171; Delmore,Robert J (Key Person) 1171; Zhang,Peipei (Key Person) 1171; Belk,Keith (Key Person) 1171",Antimicrobial Effects of Novel Peroxyacetic Acid Product Against Foodborne Pathogens,1171-Animal Sciences,1171,Animal Sciences,Agricultural Sciences-Academic Units (E1),2026-09-15,2026,2026-12-15,FALSE,35,MTDC,Diversey,,Domestic Commercial,,2026-07-21,2026,,FALSE,19033.35,Diversey,Domestic Commercial,Direct sponsor reported; prime sponsor unavailable,FALSE,Industry,FALSE,TRUE
K000166173,17231205,166173,New,"Place,Sara","Place,Sara (Primary PI) 1171; Vargas Martinez,Juan de Jesus de Jesus (Co-PI) 1171; Manriquez Alvarez,Diego Ignacio (Co-PI) 1171; Gomes Sitorski,Leonardo (Co-PI) 1171; Marostegan de Paula,Eduardo (Co-PI) 1171","Harnessing Early-Life Probiotic Interventions for Sustainable Beef and Dairy Production: Long-Term Effects on Methane Emissions, Microbiome Establishment, Health, and Performance",1171-Animal Sciences,1171,Animal Sciences,Agricultural Sciences-Academic Units (E1),2027-03-01,2027,1930-02-28,TRUE,15,TDC,Foundation for Food & Agriculture Research,,Domestic Non-Profit (other than Domestic Foundations),,2026-07-21,2026,,FALSE,1998260.56,Foundation for Food & Agriculture Research,Domestic Non-Profit (other than Domestic Foundations),Direct sponsor reported; prime sponsor unavailable,FALSE,Foundation/nonprofit,FALSE,TRUE
K000166803,17231197,166803,New,"Belk,Keith","Belk,Keith (Primary PI) 1171; Narayanan Nair,Mahesh (Co-PI) 1171; Delmore,Robert J (Co-PI) 1171",Morocco - Slaughterhouse and Cold Storage in the Red Meat Value Chain,1171-Animal Sciences,1171,Animal Sciences,Agricultural Sciences-Academic Units (E1),2026-10-01,2026,1931-09-30,TRUE,24,MTDC,Financial Services Volunteer Corp,USDA-Foreign Agricultural Service,Domestic Non-Profit (other than Domestic Foundations),Federal,2026-07-21,2026,,FALSE,505812.04,USDA-Foreign Agricultural Service,Federal,Prime sponsor reported; direct sponsor is pass-through,FALSE,Federal,FALSE,TRUE
K000166312,17231193,166312,New,"Uchanski,Mark E","Uchanski,Mark E (Primary PI) 1173",Global Ram Family: Expanding bilateral scientific cooperation between Colorado State University (USA) and Lincoln University (NZ),1173-Horticulture + Landscape Architecture,1173,Horticulture + Landscape Architecture,Agricultural Sciences-Academic Units (E1),2026-09-01,2026,2028-08-31,FALSE,35,MTDC,DOS - US Department of State,,Federal,,2026-07-21,2026,,FALSE,98742.53,DOS - US Department of State,Federal,Direct sponsor reported; prime sponsor unavailable,FALSE,Federal,FALSE,TRUE
K000166423,17229263,166423,New,"Burcham,Daniel C","Burcham,Daniel C (Primary PI) 1173",Evaluating methods for tracking changes in tree wind loads after pruning alongside growth responses,1173-Horticulture + Landscape Architecture,1173,Horticulture + Landscape Architecture,Agricultural Sciences-Academic Units (E1),2027-01-01,2027,2029-12-31,FALSE,10,TDC,Florida Chapter International Society of Arboriculture,,Domestic Non-Profit (other than Domestic Foundations),,2026-07-08,2026,,FALSE,118468,Florida Chapter International Society of Arboriculture,Domestic Non-Profit (other than Domestic Foundations),Direct sponsor reported; prime sponsor unavailable,FALSE,Foundation/nonprofit,FALSE,TRUE
K000166679,17228977,166679,New,"Szczepaniec,Adrianna","Szczepaniec,Adrianna (Primary PI) 1177; Mooney,Daniel F (Co-PI) 1172; Eubanks,Micky (Co-PI) 1177",Optimizing Chile Pepper Production Near Alfalfa: Integrated Strategies to Reduce Crop Losses and Increase Profitability,1177-Agricultural Biology,1177,Agricultural Biology,Agricultural Sciences-Academic Units (E1),2027-05-01,2027,2029-04-30,FALSE,42.85,TDC,USDA-NIFA-National Institute of Food and Agriculture,,Federal,,2026-07-07,2026,,FALSE,299999.75,USDA-NIFA-National Institute of Food and Agriculture,Federal,Direct sponsor reported; prime sponsor unavailable,FALSE,Federal,FALSE,TRUE
K000166784,17228973,166784,New,"Thilmany,Dawn D","Thilmany,Dawn D (Primary PI) 1172",Sustaining Western Food System Collaborations,1172-Agricultural + Resource Economics,1172,Agricultural + Resource Economics,Agricultural Sciences-Academic Units (E1),2026-08-01,2026,2027-06-30,FALSE,0,No Indirect Cost Allowed,University of Idaho,USDA-NIFA-National Institute of Food and Agriculture,Other Domestic Higher Education,Federal,2026-07-07,2026,,FALSE,15250.1,USDA-NIFA-National Institute of Food and Agriculture,Federal,Prime sponsor reported; direct sponsor is pass-through,TRUE,Federal,TRUE,TRUE
K000166697,17228969,166697,Supplement/Additional Funding,"Nachappa,Punya","Nachappa,Punya (Primary PI) 1177",Great Plains Wheat Stem Sawfly Coalition,1177-Agricultural Biology,1177,Agricultural Biology,Agricultural Sciences-Academic Units (E1),2026-10-01,2026,2027-09-30,FALSE,0,No Indirect Cost Allowed,USDA-ARS-Agricultural Research Service,,Federal,,2026-07-07,2026,,FALSE,24997.4,USDA-ARS-Agricultural Research Service,Federal,Direct sponsor reported; prime sponsor unavailable,FALSE,Federal,FALSE,TRUE
K000166666,17225137,166666,Resubmission,"Argueso,Cristiana","Argueso,Cristiana (Primary PI) 1177; Denef,Karolien (Co-PI) 2019; Boot,Claudia (Co-PI) 2019; Yao,Linxing (Co-PI) 2019",Acquisition of a highly sensitive tandem quadrupole mass spectrometry system for quantitative analysis of hormones and environmental chemicals,1177-Agricultural Biology,1177,Agricultural Biology,Agricultural Sciences-Academic Units (E1),2027-05-01,2027,2029-04-30,FALSE,0,No Indirect Cost Allowed,USDA-NIFA-National Institute of Food and Agriculture,,Federal,,2026-06-30,2026,,FALSE,494907.2,USDA-NIFA-National Institute of Food and Agriculture,Federal,Direct sponsor reported; prime sponsor unavailable,FALSE,Federal,FALSE,TRUE
K000166541,17225094,166541,New,"Nalam,Vamsi","Nalam,Vamsi (Primary PI) 1177",Application of artificial intelligence to quantify potato processing quality and disease symptomology,1177-Agricultural Biology,1177,Agricultural Biology,Agricultural Sciences-Academic Units (E1),2026-09-01,2026,2027-08-31,FALSE,0,No Indirect Cost Allowed,USDA-ARS-Agricultural Research Service,,Federal,,2026-06-30,2026,,FALSE,6100,USDA-ARS-Agricultural Research Service,Federal,Direct sponsor reported; prime sponsor unavailable,FALSE,Federal,FALSE,TRUE
K000166627,17225074,166627,New,"Timm,Alicia Eva","Timm,Alicia Eva (Primary PI) 1177",Interlaboratory Comparison of Molecular Honey Bee Diagnostic Labs,1177-Agricultural Biology,1177,Agricultural Biology,Agricultural Sciences-Academic Units (E1),2026-09-01,2026,2027-08-31,FALSE,17.64,TDC,USDA-US Department of Agriculture,,Federal,,2026-06-30,2026,,FALSE,8359.23,USDA-US Department of Agriculture,Federal,Direct sponsor reported; prime sponsor unavailable,FALSE,Federal,FALSE,TRUE
K000166671,17225055,166671,New,"Prenni,Jessica E","Prenni,Jessica E (Primary PI) 1173; Odenkirk,Melanie Taylor (Co-PI) 1173",From Soil to Supper: Acquisition of a High-Resolution Q-TOF Mass Spectrometer to Enable Systems-Level Agricultural Research,1173-Horticulture + Landscape Architecture,1173,Horticulture + Landscape Architecture,Agricultural Sciences-Academic Units (E1),2026-09-01,2026,1930-08-01,TRUE,0,No Indirect Cost Allowed,USDA-NIFA-National Institute of Food and Agriculture,,Federal,,2026-06-30,2026,,FALSE,499633.64,USDA-NIFA-National Institute of Food and Agriculture,Federal,Direct sponsor reported; prime sponsor unavailable,FALSE,Federal,FALSE,TRUE
K000166411,17224830,166411,New,"Wardle,Erik M","Wardle,Erik M (Primary PI) 1170; Deleon,Emmanuel (Co-PI) 1170; Wolf,Katie Elizabeth (Co-PI) 1170; Brown,Ansley Joseph (Co-PI) 1170; Ladow,Jakob Felix (Co-PI) 1170",Collaborative Monitoring of Innovative Regenerative Agricultural Practices in the Arkansas River Valley,1170-Soil + Crop Sciences,1170,Soil + Crop Sciences,Agricultural Sciences-Academic Units (E1),2027-01-01,2027,1931-12-31,TRUE,54,MTDC,EPA-Environmental Protection Agency,,Federal,,2026-06-30,2026,,FALSE,2319582.43,EPA-Environmental Protection Agency,Federal,Direct sponsor reported; prime sponsor unavailable,FALSE,Federal,FALSE,TRUE
K000166308,17224812,166308,New,"Goncalves Da Costa,Bianca","Goncalves Da Costa,Bianca (Primary PI) 1171; Manriquez Alvarez,Diego Ignacio (Co-PI) 1171",Integrating Agrivoltaics into Calf Housing: Solar-powered Ventilation and Pest Mitigation,1171-Animal Sciences,1171,Animal Sciences,Agricultural Sciences-Academic Units (E1),2026-07-01,2026,2028-06-30,FALSE,5.26,TDC,Colorado Department of Agriculture,,State of Colorado,,2026-06-30,2026,,FALSE,68659.89,Colorado Department of Agriculture,State of Colorado,Direct sponsor reported; prime sponsor unavailable,FALSE,State,FALSE,TRUE
K000164962,17224807,164962,New,"McKay,John K","McKay,John K (Primary PI) 1170",The Evolutionary Fate and Phenotypic Effect of Duplicate Gene Models,1170-Soil + Crop Sciences,1170,Soil + Crop Sciences,Agricultural Sciences-Academic Units (E1),2026-09-01,2026,1931-08-31,TRUE,54,MTDC,HHS-NIH-National Institutes of Health,,Federal,,2026-06-30,2026,,FALSE,2096537.9,HHS-NIH-National Institutes of Health,Federal,Direct sponsor reported; prime sponsor unavailable,FALSE,Federal,FALSE,TRUE
K000165941,17224803,165941,New,"Manriquez Alvarez,Diego Ignacio","Manriquez Alvarez,Diego Ignacio (Primary PI) 1171",Development of Education Materials on Agricultural Worker Health and Infectious Disease Prevention,1171-Animal Sciences,1171,Animal Sciences,Agricultural Sciences-Academic Units (E1),2026-05-01,2026,2026-08-31,FALSE,35,MTDC,eXtension Foundation,USDA-NIFA-National Institute of Food and Agriculture,Domestic Non-Profit (other than Domestic Foundations),Federal,2026-06-30,2026,Funded,TRUE,23496.85,USDA-NIFA-National Institute of Food and Agriculture,Federal,Prime sponsor reported; direct sponsor is pass-through,FALSE,Federal,FALSE,TRUE
K000166514,17223857,166514,New,"Nachappa,Punya","Nachappa,Punya (Primary PI) 1177","Demonstrating the yield and stress tolerance advantages of hybrid hemp, an emerging oilseed feedstock for domestic bioenergy production.",1177-Agricultural Biology,1177,Agricultural Biology,Agricultural Sciences-Academic Units (E1),2027-01-01,2027,2028-12-31,FALSE,42.85,TDC,"New West Genetics, LLC",USDA-NIFA-National Institute of Food and Agriculture,Domestic Commercial,Federal,2026-06-25,2026,,FALSE,65708.56,USDA-NIFA-National Institute of Food and Agriculture,Federal,Prime sponsor reported; direct sponsor is pass-through,FALSE,Federal,FALSE,TRUE
K000165926,17223540,165926,New,"Wardle,Erik M","Wardle,Erik M (Primary PI) 1170; Bauder,Troy A (Co-PI) 3001; Deleon,Emmanuel (Co-PI) 1170",Agricultural Water Quality Program - CSU,1170-Soil + Crop Sciences,1170,Soil + Crop Sciences,Agricultural Sciences-Academic Units (E1),2026-07-01,2026,2027-06-30,FALSE,0.97,TDC,Colorado Department of Agriculture,,State of Colorado,,2026-06-23,2026,Funded,TRUE,787290.85,Colorado Department of Agriculture,State of Colorado,Direct sponsor reported; prime sponsor unavailable,FALSE,State,FALSE,TRUE
K000165175,17223524,165175,New,"Minas,Ioannis","Minas,Ioannis (Primary PI) 1173; Pieper,Jeff R (Co-PI) 4030",Novel Storage Extension Technology for the Colorado Peach Industry,1173-Horticulture + Landscape Architecture,1173,Horticulture + Landscape Architecture,Agricultural Sciences-Academic Units (E1),2027-01-01,2027,2028-11-15,FALSE,0,No Indirect Cost Allowed,Colorado Department of Agriculture,USDA-AMS-Agricultural Marketing Service,State of Colorado,Federal,2026-06-23,2026,,FALSE,68028.48,USDA-AMS-Agricultural Marketing Service,Federal,Prime sponsor reported; direct sponsor is pass-through,FALSE,Federal,FALSE,TRUE
K000166400,17223193,166400,Supplement/Additional Funding,"Schipanski,Meagan Erin","Schipanski,Meagan Erin (Primary PI) 1170","Improving Dryland Agricultural Crops, Practices, and Data Utilization",1170-Soil + Crop Sciences,1170,Soil + Crop Sciences,Agricultural Sciences-Academic Units (E1),2026-07-01,2026,2028-04-30,FALSE,0,No Indirect Cost Allowed,USDA-ARS-Agricultural Research Service,,Federal,,2026-06-18,2026,Funded,TRUE,92333.39,USDA-ARS-Agricultural Research Service,Federal,Direct sponsor reported; prime sponsor unavailable,FALSE,Federal,FALSE,TRUE
K000166372,17223187,166372,New,"Uchanski,Mark E","Uchanski,Mark E (Primary PI) 1173; Nazemi,Mohammadreza (Co-PI) 1374",Agrivoltaic-Powered Electrochemical Air-to-Nitrate Fertilizer Production for Rural Colorado Agriculture,1173-Horticulture + Landscape Architecture,1173,Horticulture + Landscape Architecture,Agricultural Sciences-Academic Units (E1),2026-07-01,2026,2027-06-30,FALSE,5,TDC,Colorado Department of Agriculture,,State of Colorado,,2026-06-18,2026,,FALSE,96936.37,Colorado Department of Agriculture,State of Colorado,Direct sponsor reported; prime sponsor unavailable,FALSE,State,FALSE,TRUE
K000166467,17223183,166467,New,"Deiss,Leonardo","Deiss,Leonardo (Primary PI) 1170",Evaluating the fate of nitrogen fertilizer and its contribution to corn nitrogen uptake under different water availability using 15N tracers,1170-Soil + Crop Sciences,1170,Soil + Crop Sciences,Agricultural Sciences-Academic Units (E1),2026-06-22,2026,2027-06-21,FALSE,11.11,TDC,Colorado Corn Promotion Council,,Domestic Non-Profit (other than Domestic Foundations),,2026-06-18,2026,,FALSE,25417.28,Colorado Corn Promotion Council,Domestic Non-Profit (other than Domestic Foundations),Direct sponsor reported; prime sponsor unavailable,FALSE,Foundation/nonprofit,FALSE,TRUE
K000166214,17223171,166214,New,"Engle,Terry E","Engle,Terry E (Primary PI) 1171",Effects of DFM supplementation to beef cows on performance and immune parameters of their offspring over 3 production cycles,1171-Animal Sciences,1171,Animal Sciences,Agricultural Sciences-Academic Units (E1),2026-06-15,2026,2029-06-14,FALSE,54,MTDC,"Chr. Hansen, Inc.",,Domestic Commercial,,2026-06-18,2026,,FALSE,199981.93,"Chr. Hansen, Inc.",Domestic Commercial,Direct sponsor reported; prime sponsor unavailable,FALSE,Industry,FALSE,TRUE
K000166515,17223029,166515,New,"Yilma,Wubengeda Admasu","Yilma,Wubengeda Admasu (Primary PI) 1170",Using the CSU-Testing Ag Performance Solutions program platform to discern efficiency and profitability advantages of using agricultural decision support technologies,1170-Soil + Crop Sciences,1170,Soil + Crop Sciences,Agricultural Sciences-Academic Units (E1),2026-06-01,2026,2027-05-31,FALSE,0,No Indirect Cost Allowed,Colorado Corn Promotion Council,,Domestic Non-Profit (other than Domestic Foundations),,2026-06-18,2026,,FALSE,10000.16,Colorado Corn Promotion Council,Domestic Non-Profit (other than Domestic Foundations),Direct sponsor reported; prime sponsor unavailable,FALSE,Foundation/nonprofit,FALSE,TRUE
K000166571,17223025,166571,New,"Burcham,Daniel C","Burcham,Daniel C (Primary PI) 1173",Maple SAP: Maple Sugaring Activities Program,1173-Horticulture + Landscape Architecture,1173,Horticulture + Landscape Architecture,Agricultural Sciences-Academic Units (E1),2026-09-30,2026,2029-09-29,FALSE,54,MTDC,Utah State University,USDA-AMS-Agricultural Marketing Service,Other Domestic Higher Education,Federal,2026-06-18,2026,,FALSE,160470.35,USDA-AMS-Agricultural Marketing Service,Federal,Prime sponsor reported; direct sponsor is pass-through,TRUE,Federal,FALSE,TRUE
K000166091,17223004,166091,New,"Fonte,Steven John","Fonte,Steven John (Primary PI) 1170; Deiss,Leonardo (Co-PI) 1170; Wardle,Erik M (Co-PI) 1170; Prairie,Aaron Michael (Co-PI) 1170",Synergies of regenerative practices with biofertilizers to enhance phosphorus use efficiency in semi-arid farming systems,1170-Soil + Crop Sciences,1170,Soil + Crop Sciences,Agricultural Sciences-Academic Units (E1),2027-01-01,2027,2029-12-31,FALSE,15,TDC,Foundation for Food & Agriculture Research,,Domestic Non-Profit (other than Domestic Foundations),,2026-06-18,2026,,FALSE,499089.05,Foundation for Food & Agriculture Research,Domestic Non-Profit (other than Domestic Foundations),Direct sponsor reported; prime sponsor unavailable,FALSE,Foundation/nonprofit,FALSE,TRUE
K000166404,17222998,166404,New,"Metcalf,Jessica Lynne","Metcalf,Jessica Lynne (Primary PI) 1171; Seitz,Valerie Alissa (Co-PI) 1171",Validating and improving microbiome-based postmortem interval models via partnership with the medicolegal community,1171-Animal Sciences,1171,Animal Sciences,Agricultural Sciences-Academic Units (E1),2027-01-01,2027,2028-12-31,FALSE,54,MTDC,DOJ-OJP-NIJ-National Inst. of Justice,,Federal,,2026-06-18,2026,,FALSE,459461.24,DOJ-OJP-NIJ-National Inst. of Justice,Federal,Direct sponsor reported; prime sponsor unavailable,FALSE,Federal,FALSE,TRUE
K000166457,17222992,166457,New,"Thompson,Henry J","Thompson,Henry J (Primary PI) 1173; Weir,Tiffany L (Co-PI) 1571",Mechanisms of Bean-Derived Substrate Metabolism by the Human Gut Microbiome: A Controlled Crossover Feeding Study,1173-Horticulture + Landscape Architecture,1173,Horticulture + Landscape Architecture,Agricultural Sciences-Academic Units (E1),2027-07-13,2027,1930-07-12,TRUE,54,MTDC,HHS-NIH-National Institutes of Health,,Federal,,2026-06-18,2026,,FALSE,1153492.26,HHS-NIH-National Institutes of Health,Federal,Direct sponsor reported; prime sponsor unavailable,FALSE,Federal,FALSE,TRUE
K000166471,17222988,166471,New,"Metcalf,Jessica Lynne","Metcalf,Jessica Lynne (Primary PI) 1171",Testing microbial signatures on burials for PMI estimates,1171-Animal Sciences,1171,Animal Sciences,Agricultural Sciences-Academic Units (E1),2027-01-01,2027,2028-12-31,FALSE,54,MTDC,Sam Houston State University,DOJ-OJP-NIJ-National Inst. of Justice,Other Domestic Higher Education,Federal,2026-06-18,2026,,FALSE,151461.64,DOJ-OJP-NIJ-National Inst. of Justice,Federal,Prime sponsor reported; direct sponsor is pass-through,TRUE,Federal,FALSE,TRUE
K000165689,17222326,165689,New,"Shergill,Lovreet S","Shergill,Lovreet S (Primary PI) 1177; Gaines,Todd A (Co-PI) 1177; Simske,Steven John (Co-PI) 1377",A Paradigm Shift: Proactive Detection and Management of Herbicide Resistance in Sugarbeet,1177-Agricultural Biology,1177,Agricultural Biology,Agricultural Sciences-Academic Units (E1),2027-01-01,2027,2027-12-31,FALSE,0,No Indirect Cost Allowed,USDA-ARS-Agricultural Research Service,,Federal,,2026-06-16,2026,,FALSE,102102.99,USDA-ARS-Agricultural Research Service,Federal,Direct sponsor reported; prime sponsor unavailable,FALSE,Federal,FALSE,TRUE
K000166292,17221891,166292,New,"Jayanty,Sastry SSGM","Jayanty,Sastry SSGM (Primary PI) 1173",RNA Spray Formulations for Maintaining Dormancy in Stored Potatoes,1173-Horticulture + Landscape Architecture,1173,Horticulture + Landscape Architecture,Agricultural Sciences-Academic Units (E1),2026-06-01,2026,2027-05-31,FALSE,0,No Indirect Cost Allowed,USDA-ARS-Agricultural Research Service,,Federal,,2026-06-12,2026,,FALSE,41539.27,USDA-ARS-Agricultural Research Service,Federal,Direct sponsor reported; prime sponsor unavailable,FALSE,Federal,FALSE,TRUE
K000166278,17221872,166278,New,"Chenarides,Lauren","Chenarides,Lauren (Primary PI) 1172; Kroll,Stephan (Co-PI) 1172",Strengthening Food Rescue Aggregation in Northern Colorado through Operational Improvement and Community-Engaged Research,1172-Agricultural + Resource Economics,1172,Agricultural + Resource Economics,Agricultural Sciences-Academic Units (E1),2026-09-30,2026,2029-09-29,FALSE,54,MTDC,USDA-AMS-Agricultural Marketing Service,,Federal,,2026-06-12,2026,,FALSE,499929.55,USDA-AMS-Agricultural Marketing Service,Federal,Direct sponsor reported; prime sponsor unavailable,FALSE,Federal,TRUE,TRUE
K000165260,17221850,165260,New,"Shergill,Lovreet S","Shergill,Lovreet S (Primary PI) 1177; Jones-Diamond,Sally Marie (Co-PI) 1170; Webb,Jason (Co-PI) 1170",Feasibility of POST-Applied Zidua in Pinto Bean Programs: Impacts on Palmer Amaranth Control and Variety-Specific Crop Response,1177-Agricultural Biology,1177,Agricultural Biology,Agricultural Sciences-Academic Units (E1),2027-03-01,2027,2028-02-29,FALSE,0,No Indirect Cost Allowed,Colorado Department of Agriculture,USDA-AMS-Agricultural Marketing Service,State of Colorado,Federal,2026-06-12,2026,,FALSE,49534.39,USDA-AMS-Agricultural Marketing Service,Federal,Prime sponsor reported; direct sponsor is pass-through,FALSE,Federal,FALSE,TRUE
K000165669,17221830,165669,New,"Jayanty,Sastry SSGM","Jayanty,Sastry SSGM (Primary PI) 1173; Ballard,Todd Curtis (Co-PI) 4030; Lavhale,Santosh Govind (Co-PI) 1173; Nalam,Vamsi (Co-PI) 1177; Thilmany,Dawn D (Co-PI) 1172; Gutierrez-Rodriguez,Eduardo (Co-PI) 1173; Chikh-Ali,Moham","Resilient Organic Systems for the West: Data-Driven Solutions for Enhanced Production, Storage, and Economic Vitality in Potatoes and Onions",1173-Horticulture + Landscape Architecture,1173,Horticulture + Landscape Architecture,Agricultural Sciences-Academic Units (E1),2026-09-01,2026,1930-08-31,TRUE,20.09,TDC,USDA-NIFA-National Institute of Food and Agriculture,,Federal,,2026-06-12,2026,,FALSE,3485160.93,USDA-NIFA-National Institute of Food and Agriculture,Federal,Direct sponsor reported; prime sponsor unavailable,FALSE,Federal,FALSE,TRUE
K000165434,17221786,165434,New,"Borowiec,Marek L","Borowiec,Marek L (Primary PI) 1177; Brown,Zachary Duane (Key Person) 1878",Vilas Zachary Duane Brown - A Nearctic Revision of the ant genus Stenamma,1177-Agricultural Biology,1177,Agricultural Biology,Agricultural Sciences-Academic Units (E1),2027-01-01,2027,2029-12-31,FALSE,0,No Indirect Cost Allowed,USDA-NIFA-National Institute of Food and Agriculture,,Federal,,2026-06-12,2026,,FALSE,178315.96,USDA-NIFA-National Institute of Food and Agriculture,Federal,Direct sponsor reported; prime sponsor unavailable,FALSE,Federal,FALSE,TRUE
K000166318,17220386,166318,New,"Belk,Keith","Belk,Keith (Primary PI) 1171; Narayanan Nair,Mahesh (Co-PI) 1171; Delmore,Robert J (Co-PI) 1171",Tenderness of Beef Longissimus from USDA D and E Maturity Carcasses Determined to be,1171-Animal Sciences,1171,Animal Sciences,Agricultural Sciences-Academic Units (E1),2026-07-01,2026,2027-06-30,FALSE,0,No Indirect Cost Allowed,National Cattlemens Beef Association,,Domestic Non-Profit (other than Domestic Foundations),,2026-06-10,2026,Funded,TRUE,50144.76,National Cattlemens Beef Association,Domestic Non-Profit (other than Domestic Foundations),Direct sponsor reported; prime sponsor unavailable,FALSE,Foundation/nonprofit,FALSE,TRUE
K000166251,17220377,166251,Supplement/Additional Funding,"Pottorff,Laura Pickett","Pottorff,Laura Pickett (Primary PI) 1170","Testing Wild Seeds for Germination Behavior, Vigor, Longevity",1170-Soil + Crop Sciences,1170,Soil + Crop Sciences,Agricultural Sciences-Academic Units (E1),2026-06-01,2026,2027-09-30,FALSE,0,No Indirect Cost Allowed,USDA-ARS-Agricultural Research Service,,Federal,,2026-06-10,2026,,FALSE,42000,USDA-ARS-Agricultural Research Service,Federal,Direct sponsor reported; prime sponsor unavailable,FALSE,Federal,FALSE,TRUE
K000166402,17219774,166402,Supplement/Additional Funding,"Andales,Allan A","Andales,Allan A (Primary PI) 1170; Davidson,Jeffery William (Co-PI) 3040",Lysimeter Operations for Development of Colorado Crop Coefficients (FY27 - Year 5 of 5),1170-Soil + Crop Sciences,1170,Soil + Crop Sciences,Agricultural Sciences-Academic Units (E1),2026-07-01,2026,2027-06-30,FALSE,15,TDC,Colorado Division of Water Resources,,State of Colorado,,2026-06-03,2026,Funded,TRUE,50177.49,Colorado Division of Water Resources,State of Colorado,Direct sponsor reported; prime sponsor unavailable,FALSE,State,FALSE,TRUE
K000166416,17219630,166416,New,"Lewis,Lynne Yvonne","Lewis,Lynne Yvonne (Primary PI) 1172",Low Water Visitor Use & Recreational Impacts Study,1172-Agricultural + Resource Economics,1172,Agricultural + Resource Economics,Agricultural Sciences-Academic Units (E1),2026-08-15,2026,2028-02-15,FALSE,17.5,TDC,DOI-NPS-National Park Service,,Federal,,2026-06-03,2026,,FALSE,24999.04,DOI-NPS-National Park Service,Federal,Direct sponsor reported; prime sponsor unavailable,FALSE,Federal,TRUE,TRUE
K000166319,17219609,166319,New,"Winn,Zachary James","Winn,Zachary James (Primary PI) 1170; Mason,Richard Esten (Co-PI) 1170; Nachappa,Punya (Co-PI) 1177",Multi-Environment Screening of Wild Wheat Introgression Lines for Reaction to Wheat Stem Sawfly,1170-Soil + Crop Sciences,1170,Soil + Crop Sciences,Agricultural Sciences-Academic Units (E1),2026-08-01,2026,2028-07-31,FALSE,10,TDC,Kansas State University,,Other Domestic Higher Education,,2026-06-03,2026,,FALSE,160000.78,Kansas State University,Other Domestic Higher Education,Direct sponsor reported; prime sponsor unavailable,FALSE,Other,FALSE,TRUE
K000166252,17219605,166252,New,"Timm,Alicia Eva","Timm,Alicia Eva (Primary PI) 1177",Determining species boundaries within the citrus fruit borer Gymnandrosoma aurantianum species complex,1177-Agricultural Biology,1177,Agricultural Biology,Agricultural Sciences-Academic Units (E1),2026-09-01,2026,2027-08-31,FALSE,10,TDC,USDA-US Department of Agriculture,,Federal,,2026-06-03,2026,Funded,TRUE,93909.48,USDA-US Department of Agriculture,Federal,Direct sponsor reported; prime sponsor unavailable,FALSE,Federal,FALSE,TRUE
K000166200,17219596,166200,New,"Shergill,Lovreet S","Shergill,Lovreet S (Primary PI) 1177; Courkamp,Jacob S (Co-PI) 1472",Enhancing soil health and agricultural sustainability through novel control strategies for managing perennial invasive weeds,1177-Agricultural Biology,1177,Agricultural Biology,Agricultural Sciences-Academic Units (E1),2026-09-01,2026,1930-08-31,TRUE,42.85,TDC,Montana State University,USDA-NIFA-National Institute of Food and Agriculture,Other Domestic Higher Education,Federal,2026-06-03,2026,,FALSE,868762.95,USDA-NIFA-National Institute of Food and Agriculture,Federal,Prime sponsor reported; direct sponsor is pass-through,TRUE,Federal,FALSE,TRUE
K000166128,17219592,166128,Resubmission,"Argueso,Cristiana","Argueso,Cristiana (Primary PI) 1177",Determining mechanisms of robustness in organismal pattern formation,1177-Agricultural Biology,1177,Agricultural Biology,Agricultural Sciences-Academic Units (E1),2027-04-01,2027,1932-03-31,TRUE,54,MTDC,HHS-NIH-National Institutes of Health,,Federal,,2026-06-03,2026,,FALSE,2106093.55,HHS-NIH-National Institutes of Health,Federal,Direct sponsor reported; prime sponsor unavailable,FALSE,Federal,FALSE,TRUE
K000165829,17219573,165829,New,"Nachappa,Punya","Nachappa,Punya (Primary PI) 1177; MacWilliams,Jacob Robert (Co-PI) 1177; Uchanski,Mark E (Co-PI) 1173",Modulating Arthropod Pests And Natural Enemies With Biopesticides To Increase The Profitability Of Organic Hemp Production,1177-Agricultural Biology,1177,Agricultural Biology,Agricultural Sciences-Academic Units (E1),2027-06-01,2027,1930-05-31,TRUE,37.36,TDC,USDA-NIFA-National Institute of Food and Agriculture,,Federal,,2026-06-03,2026,,FALSE,998208.1,USDA-NIFA-National Institute of Food and Agriculture,Federal,Direct sponsor reported; prime sponsor unavailable,FALSE,Federal,FALSE,TRUE
K000165706,17219541,165706,New,"Cotrufo,Maria Francesca","Cotrufo,Maria Francesca (Primary PI) 1170; Buchanan,Cassidy Michelle (Co-PI) 1170; Haddix,Michelle (Co-PI) 1170; Leuthold,Samuel John (Co-PI) 1170","Design, Implement, and Operate a Field Testbed and a Scalable Data-model Integration Infrastructure for the Shields",1170-Soil + Crop Sciences,1170,Soil + Crop Sciences,Agricultural Sciences-Academic Units (E1),2026-05-18,2026,2027-05-17,FALSE,54,MTDC,"Cquester Analytics, LLC","Rocky Mountain Innovation Initiative, Inc. DBA Innosphere Ventures",Domestic Commercial,Domestic Non-Profit (other than Domestic Foundations),2026-06-03,2026,,FALSE,165851.7,"Rocky Mountain Innovation Initiative, Inc. DBA Innosphere Ventures",Domestic Non-Profit (other than Domestic Foundations),Prime sponsor reported; direct sponsor is pass-through,FALSE,Foundation/nonprofit,FALSE,TRUE
K000165695,17219530,165695,New,"Stewart,Jane E","Stewart,Jane E (Primary PI) 1177; Pieper,Jeff R (Key Person) 4030",Assessing the expanding threat of diverse Cytospora species on North American tree fruit production,1177-Agricultural Biology,1177,Agricultural Biology,Agricultural Sciences-Academic Units (E1),2026-08-01,2026,2028-07-31,FALSE,0,No Indirect Cost Allowed,USDA-NIFA-National Institute of Food and Agriculture,,Federal,,2026-06-03,2026,,FALSE,240501.38,USDA-NIFA-National Institute of Food and Agriculture,Federal,Direct sponsor reported; prime sponsor unavailable,FALSE,Federal,FALSE,TRUE
K000165191,17219526,165191,New,"Eubanks,Micky","Eubanks,Micky (Primary PI) 1177","Integrating pollinator-preferred varieties and the agricultural landscape to increase chile pepper pollination, yield, and grower profitability",1177-Agricultural Biology,1177,Agricultural Biology,Agricultural Sciences-Academic Units (E1),2027-01-01,2027,2028-11-15,FALSE,0,No Indirect Cost Allowed,Colorado Department of Agriculture,USDA-AMS-Agricultural Marketing Service,State of Colorado,Federal,2026-06-03,2026,,FALSE,83618.49,USDA-AMS-Agricultural Marketing Service,Federal,Prime sponsor reported; direct sponsor is pass-through,FALSE,Federal,FALSE,TRUE
K000165928,17219340,165928,New,"Deiss,Leonardo","Deiss,Leonardo (Primary PI) 1170; Schipanski,Meagan Erin (Co-PI) 1170; Namuth Covert,Deana Michelle (Co-PI) 1170; Ellis,Elizabeth Marie (Co-PI) 1170; Elliott,Adriane L (Co-PI) 1170; Machmuller,Megan B (Co-PI) 1170",Optimizing Organic Nutrient Management and Stakeholder Education in the Semi-Arid USA,1170-Soil + Crop Sciences,1170,Soil + Crop Sciences,Agricultural Sciences-Academic Units (E1),2026-09-01,2026,1930-08-31,TRUE,29.55,TDC,USDA-NIFA-National Institute of Food and Agriculture,,Federal,,2026-06-02,2026,,FALSE,3431969.35,USDA-NIFA-National Institute of Food and Agriculture,Federal,Direct sponsor reported; prime sponsor unavailable,FALSE,Federal,FALSE,TRUE
K000165083,17219187,165083,New,"Jayanty,Sastry SSGM","Jayanty,Sastry SSGM (Primary PI) 1173",Passive Solar Dehydration as a Sustainable Approach for Potato Cull Management,1173-Horticulture + Landscape Architecture,1173,Horticulture + Landscape Architecture,Agricultural Sciences-Academic Units (E1),2027-01-01,2027,2028-11-15,FALSE,0,No Indirect Cost Allowed,Colorado Department of Agriculture,,State of Colorado,,2026-06-01,2026,,FALSE,64347.37,Colorado Department of Agriculture,State of Colorado,Direct sponsor reported; prime sponsor unavailable,FALSE,State,FALSE,TRUE
K000166061,17218699,166061,New,"Suter,Jordan","Suter,Jordan (Primary PI) 1172",Development of an Economic Framework of the Complementarity of Funding Mechanisms to Support Community Water System Infrastructure Investments,1172-Agricultural + Resource Economics,1172,Agricultural + Resource Economics,Agricultural Sciences-Academic Units (E1),2026-09-01,2026,2029-08-31,FALSE,0,No Indirect Cost Allowed,USDA-USFS-Pacific NW Exp Statn,,Federal,,2026-05-19,2026,Funded,TRUE,99999.49,USDA-USFS-Pacific NW Exp Statn,Federal,Direct sponsor reported; prime sponsor unavailable,FALSE,Federal,TRUE,TRUE
K000165247,17218691,165247,New,"Gutierrez-Rodriguez,Eduardo","Gutierrez-Rodriguez,Eduardo (Primary PI) 1173; Bartolo,Kristi L (Co-PI) 3040; Didero,Nicole Marie (Co-PI) 4030","Strengthening Food Safety, Outbreak Response, and Market Access for Specialty Crop Growers through Root Cause and Risk Assessment Training",1173-Horticulture + Landscape Architecture,1173,Horticulture + Landscape Architecture,Agricultural Sciences-Academic Units (E1),2027-01-01,2027,2028-11-15,FALSE,0,No Indirect Cost Allowed,Colorado Department of Agriculture,USDA-AMS-Agricultural Marketing Service,State of Colorado,Federal,2026-05-19,2026,,FALSE,77493.31,USDA-AMS-Agricultural Marketing Service,Federal,Prime sponsor reported; direct sponsor is pass-through,FALSE,Federal,FALSE,TRUE
K000165361,17218678,165361,Resubmission,"Vivanco,Jorge M","Vivanco,Jorge M (Primary PI) 1173; Afkairin,Antisar SM Omar (Co-PI) 1173; Minas,Ioannis (Co-PI) 1173; Pieper,Jeff R (Co-PI) 4030","Boosting Orchard Nutrition, Health and Productivity with Legume Residue Integration into the Soil",1173-Horticulture + Landscape Architecture,1173,Horticulture + Landscape Architecture,Agricultural Sciences-Academic Units (E1),2026-09-01,2026,2029-08-31,FALSE,10,TDC,Montana State University,USDA-NIFA-National Institute of Food and Agriculture,Other Domestic Higher Education,Federal,2026-05-19,2026,,FALSE,349929.67,USDA-NIFA-National Institute of Food and Agriculture,Federal,Prime sponsor reported; direct sponsor is pass-through,TRUE,Federal,FALSE,TRUE
K000165986,17218645,165986,New,"Martin,Jennifer Nicole","Martin,Jennifer Nicole (Primary PI) 1171",Leading at a Land Grant: Agricultural Policy and Leadership at CSU,1171-Animal Sciences,1171,Animal Sciences,Agricultural Sciences-Academic Units (E1),2026-07-01,2026,2027-06-30,FALSE,10,TDC,Colorado Department of Agriculture,,State of Colorado,,2026-05-19,2026,,FALSE,25000,Colorado Department of Agriculture,State of Colorado,Direct sponsor reported; prime sponsor unavailable,FALSE,State,FALSE,TRUE
K000165587,17218641,165587,New,"Timm,Alicia Eva","Timm,Alicia Eva (Primary PI) 1177",Development and deployment of molecular diagnostics for detection and identification of plant pests of regulatory concern for PPQ,1177-Agricultural Biology,1177,Agricultural Biology,Agricultural Sciences-Academic Units (E1),2026-09-01,2026,2027-08-31,FALSE,10,TDC,USDA-APHIS-Animal Plant Health Insp Srvc,,Federal,,2026-05-19,2026,Funded,TRUE,398296.97,USDA-APHIS-Animal Plant Health Insp Srvc,Federal,Direct sponsor reported; prime sponsor unavailable,FALSE,Federal,FALSE,TRUE
K000166085,17218580,166085,New,"Prenni,Jessica E","Prenni,Jessica E (Primary PI) 1173; Uchanski,Mark E (Co-PI) 1173; Van Buiten,Charlene Barbara (Co-PI) 1571; Machmuller,Megan B (Co-PI) 1170; Wrighton,Kelly Catherine (Co-PI) 1170",Defining How Organic Cropping Systems and Soil Health Shape Nutritional and Functional Quality of Produce,1173-Horticulture + Landscape Architecture,1173,Horticulture + Landscape Architecture,Agricultural Sciences-Academic Units (E1),2026-09-01,2026,2029-08-31,FALSE,42.85,TDC,USDA-NIFA-National Institute of Food and Agriculture,,Federal,,2026-05-18,2026,,FALSE,1978867.01,USDA-NIFA-National Institute of Food and Agriculture,Federal,Direct sponsor reported; prime sponsor unavailable,FALSE,Federal,FALSE,TRUE
K000165945,17218576,165945,New,"Wrighton,Kelly Catherine","Wrighton,Kelly Catherine (Primary PI) 1170",Benchmarking AI-driven interaction inference for programmable microbiome engineering,1170-Soil + Crop Sciences,1170,Soil + Crop Sciences,Agricultural Sciences-Academic Units (E1),2026-07-01,2026,2027-03-31,FALSE,54,MTDC,Case Western Reserve University,DOE-US Department of Energy,Other Domestic Higher Education,Federal,2026-05-18,2026,,FALSE,249919,DOE-US Department of Energy,Federal,Prime sponsor reported; direct sponsor is pass-through,TRUE,Federal,FALSE,TRUE
K000165938,17218570,165938,New,"Wilkins,Michael James","Wilkins,Michael James (Primary PI) 1170; Wrighton,Kelly Catherine (Co-PI) 1170",Subsurface AI for Geochemical Emergence (SAGE): Learning Hydrobiogeochemical Controls on Subsurface Reservoir Behavior,1170-Soil + Crop Sciences,1170,Soil + Crop Sciences,Agricultural Sciences-Academic Units (E1),2026-07-01,2026,2027-03-31,FALSE,54,MTDC,DOE-US Department of Energy,,Federal,,2026-05-18,2026,,FALSE,284550.65,DOE-US Department of Energy,Federal,Direct sponsor reported; prime sponsor unavailable,FALSE,Federal,FALSE,TRUE
K000165745,17218551,165745,New,"Jones-Diamond,Sally Marie","Jones-Diamond,Sally Marie (Primary PI) 1170; Webb,Jason (Co-PI) 1170","Sorghum Fertilizer Phosphorus, Iron, and Potassium Studies",1170-Soil + Crop Sciences,1170,Soil + Crop Sciences,Agricultural Sciences-Academic Units (E1),2026-05-01,2026,2027-04-30,FALSE,0,No Indirect Cost Allowed,Colorado Sorghum Producers,,Domestic Non-Profit (other than Domestic Foundations),,2026-05-18,2026,,FALSE,12730.52,Colorado Sorghum Producers,Domestic Non-Profit (other than Domestic Foundations),Direct sponsor reported; prime sponsor unavailable,FALSE,Foundation/nonprofit,FALSE,TRUE
K000165751,17218537,165751,New,"Borowiec,Marek L","Borowiec,Marek L (Primary PI) 1177; Harp,Charles (Co-PI) 1177",Digitizing Aquatic Insect Records from Colorado Within the Holdings of the C.P. Gilette Museum of Arthropod Diversity,1177-Agricultural Biology,1177,Agricultural Biology,Agricultural Sciences-Academic Units (E1),2026-04-01,2026,2027-06-30,FALSE,15,TDC,Colorado Division of Parks and Wildlife,,State of Colorado,,2026-05-18,2026,Funded,TRUE,28806.98,Colorado Division of Parks and Wildlife,State of Colorado,Direct sponsor reported; prime sponsor unavailable,FALSE,State,FALSE,TRUE
K000165687,17218533,165687,New,"Seitz,Valerie Alissa","Seitz,Valerie Alissa (Primary PI) 1171",Identifying bacteria-host partnerships that increase fitness of Cochliomyia blow flies,1171-Animal Sciences,1171,Animal Sciences,Agricultural Sciences-Academic Units (E1),2027-01-01,2027,2028-12-31,FALSE,0,No Indirect Cost Allowed,USDA-NIFA-National Institute of Food and Agriculture,,Federal,,2026-05-18,2026,,FALSE,240884.7,USDA-NIFA-National Institute of Food and Agriculture,Federal,Direct sponsor reported; prime sponsor unavailable,FALSE,Federal,FALSE,TRUE
K000165799,17218504,165799,New,"Winn,Zachary James","Winn,Zachary James (Primary PI) 1170; Mason,Richard Esten (Co-PI) 1170",Genomics Enabled Breeding of FHB Resistance Traits,1170-Soil + Crop Sciences,1170,Soil + Crop Sciences,Agricultural Sciences-Academic Units (E1),2026-05-01,2026,1930-04-30,TRUE,11.11,TDC,USDA-ARS-Agricultural Research Service,,Federal,,2026-05-18,2026,Funded,TRUE,57887.17,USDA-ARS-Agricultural Research Service,Federal,Direct sponsor reported; prime sponsor unavailable,FALSE,Federal,FALSE,TRUE
K000165709,17218500,165709,New,"Stewart,Jane E","Stewart,Jane E (Primary PI) 1177",Management of beneficial and harmful microbial communities influencing tree health to enhance forest productivity,1177-Agricultural Biology,1177,Agricultural Biology,Agricultural Sciences-Academic Units (E1),2026-08-01,2026,2029-07-31,FALSE,0,No Indirect Cost Allowed,USDA-USFS-Rocky Mountain Region,,Federal,,2026-05-18,2026,Funded,TRUE,40000.65,USDA-USFS-Rocky Mountain Region,Federal,Direct sponsor reported; prime sponsor unavailable,FALSE,Federal,FALSE,TRUE
K000165697,17218493,165697,New,"Nalam,Vamsi","Nalam,Vamsi (Primary PI) 1177; Nachappa,Punya (Co-PI) 1177; Riches,Mary Jean (Key Person) 1177",VOC Discovery and Field Applications: Novel Strategies for Beet Leafhopper and Beet Curly Top Virus Management,1177-Agricultural Biology,1177,Agricultural Biology,Agricultural Sciences-Academic Units (E1),2026-09-01,2026,2027-08-31,FALSE,0,No Indirect Cost Allowed,USDA-ARS-Agricultural Research Service,,Federal,,2026-05-18,2026,,FALSE,103594.29,USDA-ARS-Agricultural Research Service,Federal,Direct sponsor reported; prime sponsor unavailable,FALSE,Federal,FALSE,TRUE
K000165431,17217983,165431,Resubmission,"Borowiec,Marek L","Borowiec,Marek L (Primary PI) 1177; Eskew,Stephanie Lauren (Key Person) 1878","Stephanie Eskew: Phylogenetics and Taxonomy of the Rose Gall Wasp, Diplolepis, and its Associated Inquiline, Periclistus",1177-Agricultural Biology,1177,Agricultural Biology,Agricultural Sciences-Academic Units (E1),2027-01-01,2027,2028-12-31,FALSE,0,No Indirect Cost Allowed,USDA-NIFA-National Institute of Food and Agriculture,,Federal,,2026-05-12,2026,,FALSE,119294.08,USDA-NIFA-National Institute of Food and Agriculture,Federal,Direct sponsor reported; prime sponsor unavailable,FALSE,Federal,FALSE,TRUE
K000165520,17217979,165520,Supplement/Additional Funding,"Leach,Jan E","Leach,Jan E (Primary PI) 1177",Risk assessment of emerging diseases caused by Pantoea on rice and corn in the USA,1177-Agricultural Biology,1177,Agricultural Biology,Agricultural Sciences-Academic Units (E1),2026-04-01,2026,2027-03-31,FALSE,0,No Indirect Cost Allowed,USDA-ARS-Agricultural Research Service,,Federal,,2026-05-12,2026,,FALSE,54045.81,USDA-ARS-Agricultural Research Service,Federal,Direct sponsor reported; prime sponsor unavailable,FALSE,Federal,FALSE,TRUE
K000165652,17217975,165652,New,"Bousselot,Jennifer M","Bousselot,Jennifer M (Primary PI) 1173",Funding the Future: Leveraging CSU's Horticulture 100 Dual Enrollment as a Recruiting Tool for the Green Industry,1173-Horticulture + Landscape Architecture,1173,Horticulture + Landscape Architecture,Agricultural Sciences-Academic Units (E1),2026-05-01,2026,2027-04-30,FALSE,0,No Indirect Cost Allowed,Colorado Horticulture Research & Education Foundation,,Domestic Foundations,,2026-05-12,2026,Funded,TRUE,20000.28,Colorado Horticulture Research & Education Foundation,Domestic Foundations,Direct sponsor reported; prime sponsor unavailable,FALSE,Foundation/nonprofit,FALSE,TRUE
K000165597,17217971,165597,New,"Nalam,Vamsi","Nalam,Vamsi (Primary PI) 1177",Identifying and deploying resistance to Potato mop-top virus from wild potato germplasm using complementary screening platforms,1177-Agricultural Biology,1177,Agricultural Biology,Agricultural Sciences-Academic Units (E1),2026-08-01,2026,2027-07-31,FALSE,0,No Indirect Cost Allowed,USDA-ARS-Agricultural Research Service,,Federal,,2026-05-12,2026,,FALSE,30655.18,USDA-ARS-Agricultural Research Service,Federal,Direct sponsor reported; prime sponsor unavailable,FALSE,Federal,FALSE,TRUE
K000165699,17217965,165699,New,"Chenarides,Lauren","Chenarides,Lauren (Primary PI) 1172; Ikeme,Sionegael (Co-PI) 1172",The Diet-Medication Trade-off in Type 2 Diabetes: Evidence from Insulin Copayment Cap Policies,1172-Agricultural + Resource Economics,1172,Agricultural + Resource Economics,Agricultural Sciences-Academic Units (E1),2027-01-01,2027,2027-12-31,FALSE,10,TDC,Diabetes Action Research and Education Foundation,,Domestic Non-Profit (other than Domestic Foundations),,2026-05-12,2026,,FALSE,39999.3,Diabetes Action Research and Education Foundation,Domestic Non-Profit (other than Domestic Foundations),Direct sponsor reported; prime sponsor unavailable,FALSE,Foundation/nonprofit,TRUE,TRUE
K000165815,17217946,165815,New,"Pinedo,Pablo J","Pinedo,Pablo J (Primary PI) 1171; Manriquez Alvarez,Diego Ignacio (Co-PI) 1171",IMPROVED MANAGEMENT OF TRANSITION COWS IN ORGANIC DAIRY FARMS,1171-Animal Sciences,1171,Animal Sciences,Agricultural Sciences-Academic Units (E1),2026-09-01,2026,1930-08-31,TRUE,42.85,TDC,Texas A and M University,USDA-NIFA-National Institute of Food and Agriculture,Other Domestic Higher Education,Federal,2026-05-12,2026,,FALSE,530318.56,USDA-NIFA-National Institute of Food and Agriculture,Federal,Prime sponsor reported; direct sponsor is pass-through,TRUE,Federal,FALSE,TRUE
K000166132,17217790,166132,New,"Nachappa,Punya","Nachappa,Punya (Primary PI) 1177",Curly top disease epidemiology: survey of disease incidence and leafhopper populations in Idaho,1177-Agricultural Biology,1177,Agricultural Biology,Agricultural Sciences-Academic Units (E1),2026-06-01,2026,2027-05-30,FALSE,0,No Indirect Cost Allowed,Snake River Sugarbeet Research and Seed Alliance,,Domestic Commercial,,2026-05-11,2026,Funded,TRUE,5000.53,Snake River Sugarbeet Research and Seed Alliance,Domestic Commercial,Direct sponsor reported; prime sponsor unavailable,FALSE,Industry,FALSE,TRUE
K000166131,17217786,166131,Supplement/Additional Funding,"Nachappa,Punya","Nachappa,Punya (Primary PI) 1177","Examining the effects of pesticide treatments on pest populations, cannabinoid concentrations and pesticide residues in Cannabis sativa",1177-Agricultural Biology,1177,Agricultural Biology,Agricultural Sciences-Academic Units (E1),2025-06-01,2025,2026-05-31,FALSE,15,MTDC,Colorado State University - Pueblo,,State of Colorado Higher Education,,2026-05-11,2026,Funded,TRUE,28750.03,Colorado State University - Pueblo,State of Colorado Higher Education,Direct sponsor reported; prime sponsor unavailable,FALSE,CSU/Internal,FALSE,TRUE
K000165580,17216916,165580,New,"Paustian,Keith H","Paustian,Keith H (Primary PI) 1170",Expanding COMET tools to Assess Regenerative Agriculture Outcomes,1170-Soil + Crop Sciences,1170,Soil + Crop Sciences,Agricultural Sciences-Academic Units (E1),2026-04-01,2026,1930-03-31,TRUE,10,TDC,USDA-OCE-Office of the Chief Economist,,Federal,,2026-04-27,2026,Funded,TRUE,2849998.66,USDA-OCE-Office of the Chief Economist,Federal,Direct sponsor reported; prime sponsor unavailable,FALSE,Federal,FALSE,TRUE
K000165703,17216698,165703,New,"Shergill,Lovreet S","Shergill,Lovreet S (Primary PI) 1177; Wilkins,Michael James (Co-PI) 1170; Dayan,Franck E (Co-PI) 1177; Andales,Allan A (Co-PI) 1170",Soil moisture regimes and drought effects on in-season persistence of group 15 herbicides in sugarbeet production,1177-Agricultural Biology,1177,Agricultural Biology,Agricultural Sciences-Academic Units (E1),2026-07-01,2026,2027-06-30,FALSE,0,No Indirect Cost Allowed,USDA-ARS-Agricultural Research Service,,Federal,,2026-04-21,2026,,FALSE,108323.27,USDA-ARS-Agricultural Research Service,Federal,Direct sponsor reported; prime sponsor unavailable,FALSE,Federal,FALSE,TRUE
K000165490,17216692,165490,New,"Leach,Jan E","Leach,Jan E (Primary PI) 1177; Martin,Federico (Co-PI) 1177","Project PRIME: Precision, Resilient, Integrated Molecular Engineering for U.S. Rice",1177-Agricultural Biology,1177,Agricultural Biology,Agricultural Sciences-Academic Units (E1),2026-08-01,2026,1931-07-31,TRUE,42.85,TDC,University of Missouri,USDA-NIFA-National Institute of Food and Agriculture,Other Domestic Higher Education,Federal,2026-04-21,2026,,FALSE,778272.59,USDA-NIFA-National Institute of Food and Agriculture,Federal,Prime sponsor reported; direct sponsor is pass-through,TRUE,Federal,FALSE,TRUE
K000165860,17216688,165860,Continuation,"Thompson,Henry J","Thompson,Henry J (Primary PI) 1173",PCHI: Comparative Analysis of the Impact of Type of Pulse Consumed in Human Subjects and Pre-Clinical Models,1173-Horticulture + Landscape Architecture,1173,Horticulture + Landscape Architecture,Agricultural Sciences-Academic Units (E1),2026-09-01,2026,2027-08-31,FALSE,0,No Indirect Cost Allowed,USDA-ARS-Agricultural Research Service,,Federal,,2026-04-21,2026,,FALSE,118967.62,USDA-ARS-Agricultural Research Service,Federal,Direct sponsor reported; prime sponsor unavailable,FALSE,Federal,FALSE,TRUE
K000165326,17216682,165326,New,"Manriquez Alvarez,Diego Ignacio","Manriquez Alvarez,Diego Ignacio (Primary PI) 1171; Campion,Rhyse Karina (Co-PI) 1171",Enhancing Dairy Workforce Efficiency through Bilingual Education on Milking Practices,1171-Animal Sciences,1171,Animal Sciences,Agricultural Sciences-Academic Units (E1),2026-09-01,2026,2027-08-31,FALSE,10,TDC,Montana State University,,Other Domestic Higher Education,,2026-04-21,2026,,FALSE,29999.04,Montana State University,Other Domestic Higher Education,Direct sponsor reported; prime sponsor unavailable,FALSE,Other,FALSE,TRUE
K000165744,17216676,165744,New,"Jones-Diamond,Sally Marie","Jones-Diamond,Sally Marie (Primary PI) 1170; Webb,Jason (Co-PI) 1170",CSU Crops Testing Sorghum Hybrid Testing for 2026,1170-Soil + Crop Sciences,1170,Soil + Crop Sciences,Agricultural Sciences-Academic Units (E1),2026-05-01,2026,2027-04-30,FALSE,0,No Indirect Cost Allowed,Colorado Sorghum Producers,,Domestic Non-Profit (other than Domestic Foundations),,2026-04-21,2026,,FALSE,6479.42,Colorado Sorghum Producers,Domestic Non-Profit (other than Domestic Foundations),Direct sponsor reported; prime sponsor unavailable,FALSE,Foundation/nonprofit,FALSE,TRUE
K000165853,17216670,165853,New,"Jones-Diamond,Sally Marie","Jones-Diamond,Sally Marie (Primary PI) 1170; Webb,Jason (Co-PI) 1170",Sorghum Planting Population Study in Low Precipitation Environments,1170-Soil + Crop Sciences,1170,Soil + Crop Sciences,Agricultural Sciences-Academic Units (E1),2026-05-01,2026,2027-04-30,FALSE,0,No Indirect Cost Allowed,Colorado Sorghum Producers,,Domestic Non-Profit (other than Domestic Foundations),,2026-04-21,2026,,FALSE,4396.9,Colorado Sorghum Producers,Domestic Non-Profit (other than Domestic Foundations),Direct sponsor reported; prime sponsor unavailable,FALSE,Foundation/nonprofit,FALSE,TRUE
K000165245,17216666,165245,New,"Cotrufo,Maria Francesca","Cotrufo,Maria Francesca (Primary PI) 1170",Hydrology-EW-SOM coupling: the role of hydrology insteering enhanced weathering and its interaction with organic matter dynamics,1170-Soil + Crop Sciences,1170,Soil + Crop Sciences,Agricultural Sciences-Academic Units (E1),2027-01-01,2027,1930-12-31,TRUE,6,TDC,University of Antwerp,The FWO,Foreign Higher Education,Foreign Government,2026-04-21,2026,,FALSE,63800.43,The FWO,Foreign Government,Prime sponsor reported; direct sponsor is pass-through,TRUE,Other,FALSE,TRUE
K000165436,17216660,165436,New,"Cotrufo,Maria Francesca","Cotrufo,Maria Francesca (Primary PI) 1170; Zhang,Yao (Co-PI) 1499",From Grazing Practices to Verified Outcomes: Integrating Remote Sensing and Social Science for Grassland NCS,1170-Soil + Crop Sciences,1170,Soil + Crop Sciences,Agricultural Sciences-Academic Units (E1),2026-10-01,2026,2029-09-30,FALSE,0,No Indirect Cost Allowed,Bird Conservancy of the Rockies,Paul G. Allen Family,Domestic Non-Profit (other than Domestic Foundations),Domestic Foundations,2026-04-21,2026,,FALSE,674933.47,Paul G. Allen Family,Domestic Foundations,Prime sponsor reported; direct sponsor is pass-through,FALSE,Foundation/nonprofit,FALSE,TRUE
K000165813,17216646,165813,New,"Faria Tavares De Souza,Ligia","Faria Tavares De Souza,Ligia (Primary PI) 1101; Paustian,Keith H (Co-PI) 1170; Leuthold,Samuel John (Co-PI) 1170; Cotrufo,Maria Francesca (Co-PI) 1170; Walsh,Corinne Marie (Co-PI) 1101; Fowler,Ames (Co-PI) 1101",Disciplinary Improvements: An AI-Ready Framework for Bridging Data Interoperability and Model Benchmarking in Ecosystem Science,1101-Dean of Agricultural Sciences,1101,Dean of Agricultural Sciences,Agricultural Sciences-Academic Units (E1),2026-11-01,2026,2029-10-31,FALSE,54,MTDC,NSF-National Science Foundation,,Federal,,2026-04-21,2026,,FALSE,599337.46,NSF-National Science Foundation,Federal,Direct sponsor reported; prime sponsor unavailable,FALSE,Federal,FALSE,TRUE
K000165679,17216519,165679,Resubmission,"Argueso,Cristiana","Argueso,Cristiana (Primary PI) 1177",The Intersect between Immunity and Development,1177-Agricultural Biology,1177,Agricultural Biology,Agricultural Sciences-Academic Units (E1),2026-11-01,2026,1930-10-31,TRUE,54,MTDC,NSF-National Science Foundation,,Federal,,2026-04-17,2026,,FALSE,1311949.94,NSF-National Science Foundation,Federal,Direct sponsor reported; prime sponsor unavailable,FALSE,Federal,FALSE,TRUE
K000165663,17216513,165663,Continuation,"Gaines,Todd A","Gaines,Todd A (Primary PI) 1177; Abdollahi,Fatemeh (Co-PI) 1177",Novel Palmer amaranth management tools using RNA-targeting with FANA antisense oligonucleotides,1177-Agricultural Biology,1177,Agricultural Biology,Agricultural Sciences-Academic Units (E1),2027-01-01,2027,2027-12-31,FALSE,0,No Indirect Cost Allowed,USDA-ARS-Agricultural Research Service,,Federal,,2026-04-17,2026,,FALSE,129854.08,USDA-ARS-Agricultural Research Service,Federal,Direct sponsor reported; prime sponsor unavailable,FALSE,Federal,FALSE,TRUE
K000165299,17216499,165299,New,"Gaines,Todd A","Gaines,Todd A (Primary PI) 1177; Shergill,Lovreet S (Co-PI) 1177; Courkamp,Jacob S (Co-PI) 1472; Rollins,Kerri (Co-PI) 4010; Dayan,Franck E (Co-PI) 1177; Pelon,Amber Lynn (Co-PI) 1177",Novel Solutions to a 100 Year Problem: Larkspur Mitigation in Western Rangelands,1177-Agricultural Biology,1177,Agricultural Biology,Agricultural Sciences-Academic Units (E1),2026-09-01,2026,2029-08-31,FALSE,10,TDC,Montana State University,USDA-NIFA-National Institute of Food and Agriculture,Other Domestic Higher Education,Federal,2026-04-17,2026,,FALSE,349998.11,USDA-NIFA-National Institute of Food and Agriculture,Federal,Prime sponsor reported; direct sponsor is pass-through,TRUE,Federal,FALSE,TRUE
K000165591,17216362,165591,New,"Paustian,Keith H","Paustian,Keith H (Primary PI) 1170",Finalizing Cattletracker Research,1170-Soil + Crop Sciences,1170,Soil + Crop Sciences,Agricultural Sciences-Academic Units (E1),2026-01-01,2026,2026-05-31,FALSE,54,MTDC,Silicon Ranch Corporation,,Domestic Commercial,,2026-04-10,2026,Funded,TRUE,35249.9,Silicon Ranch Corporation,Domestic Commercial,Direct sponsor reported; prime sponsor unavailable,FALSE,Industry,FALSE,TRUE
K000165694,17216278,165694,New,"Nachappa,Punya","Nachappa,Punya (Primary PI) 1177",Improving sugar beet resistance against Beet curly top virus using Clustered Regularly Interspaced Short Palindromic Repeats interference (CRISPRi) technology,1177-Agricultural Biology,1177,Agricultural Biology,Agricultural Sciences-Academic Units (E1),2026-06-30,2026,2027-06-29,FALSE,0,No Indirect Cost Allowed,USDA-ARS-Agricultural Research Service,,Federal,,2026-04-08,2026,,FALSE,61231.37,USDA-ARS-Agricultural Research Service,Federal,Direct sponsor reported; prime sponsor unavailable,FALSE,Federal,FALSE,TRUE
K000165261,17216264,165261,New,"Shergill,Lovreet S","Shergill,Lovreet S (Primary PI) 1177; Sarno,Analissa Flores (Co-PI) 3046; Dayan,Franck E (Co-PI) 1177; Pinnamaneni,Srinivasa Rao (Co-PI) 3046; Mooney,Daniel F (Co-PI) 1172; Tonnessen,Bradley William (Co-PI) 3046",Annual Living Mulches for Sustainable Weed Suppression and Soil Conservation in Western Colorado Vegetable Systems,1177-Agricultural Biology,1177,Agricultural Biology,Agricultural Sciences-Academic Units (E1),2026-09-01,2026,2029-08-31,FALSE,10,TDC,Montana State University,USDA-NIFA-National Institute of Food and Agriculture,Other Domestic Higher Education,Federal,2026-04-08,2026,,FALSE,349999.76,USDA-NIFA-National Institute of Food and Agriculture,Federal,Prime sponsor reported; direct sponsor is pass-through,TRUE,Federal,FALSE,TRUE
K000165448,17216258,165448,New,"Shergill,Lovreet S","Shergill,Lovreet S (Primary PI) 1177; Schipanski,Meagan Erin (Co-PI) 1170",Residue Management for Soil Health and Irrigated Corn Performance in Wheat-Corn Systems,1177-Agricultural Biology,1177,Agricultural Biology,Agricultural Sciences-Academic Units (E1),2026-04-01,2026,2028-03-31,FALSE,0,No Indirect Cost Allowed,Colorado Corn Promotion Council,,Domestic Non-Profit (other than Domestic Foundations),,2026-04-08,2026,,FALSE,70104.87,Colorado Corn Promotion Council,Domestic Non-Profit (other than Domestic Foundations),Direct sponsor reported; prime sponsor unavailable,FALSE,Foundation/nonprofit,FALSE,TRUE
K000165447,17216252,165447,New,"Shergill,Lovreet S","Shergill,Lovreet S (Primary PI) 1177; Schipanski,Meagan Erin (Co-PI) 1170",Enhancing Sustainable Weed Management and Soil Health in Irrigated Corn through Integrated Practices,1177-Agricultural Biology,1177,Agricultural Biology,Agricultural Sciences-Academic Units (E1),2026-10-01,2026,2027-09-30,FALSE,0,No Indirect Cost Allowed,Colorado Corn Promotion Council,,Domestic Non-Profit (other than Domestic Foundations),,2026-04-08,2026,,FALSE,31999.63,Colorado Corn Promotion Council,Domestic Non-Profit (other than Domestic Foundations),Direct sponsor reported; prime sponsor unavailable,FALSE,Foundation/nonprofit,FALSE,TRUE
K000165555,17216244,165555,New,"Marostegan de Paula,Eduardo","Marostegan de Paula,Eduardo (Primary PI) 1171; Place,Sara (Co-PI) 1171; Vargas Martinez,Juan de Jesus de Jesus (Co-PI) 1171","Effect of increasing levels of ionophore inclusion on in vitro fermentation, gas production, and methane emissions using C3 forages",1171-Animal Sciences,1171,Animal Sciences,Agricultural Sciences-Academic Units (E1),2026-04-01,2026,2026-09-30,FALSE,35,MTDC,Elanco Animal Health,,Domestic Commercial,,2026-04-08,2026,Funded,TRUE,45122.42,Elanco Animal Health,Domestic Commercial,Direct sponsor reported; prime sponsor unavailable,FALSE,Industry,FALSE,TRUE
K000165521,17216229,165521,New,"Leach,Jan E","Leach,Jan E (Primary PI) 1177; Martin,Federico (Co-PI) 1177",Systemic investigation of a novel class of plant small antimicrobial proteins in controlling bacterial and fungal diseases in crops,1177-Agricultural Biology,1177,Agricultural Biology,Agricultural Sciences-Academic Units (E1),2027-02-01,2027,1932-01-31,TRUE,42.85,TDC,"University of California, Riverside",USDA-NIFA-National Institute of Food and Agriculture,Other Domestic Higher Education,Federal,2026-04-07,2026,,FALSE,825733.96,USDA-NIFA-National Institute of Food and Agriculture,Federal,Prime sponsor reported; direct sponsor is pass-through,TRUE,Federal,FALSE,TRUE
K000165564,17216225,165564,New,"Woerman,Matthew Augustine","Woerman,Matthew Augustine (Primary PI) 1172",Linking carbon markets with dynamically evolving rules and characteristics,1172-Agricultural + Resource Economics,1172,Agricultural + Resource Economics,Agricultural Sciences-Academic Units (E1),2026-05-01,2026,2027-04-30,FALSE,20,TDC,Resources for the Future,Potsdam Institute for Climate impact Research,Domestic Non-Profit (other than Domestic Foundations),Foreign Non-Profit (other than Foreign Foundations),2026-04-07,2026,Funded,TRUE,24000.92,Potsdam Institute for Climate impact Research,Foreign Non-Profit (other than Foreign Foundations),Prime sponsor reported; direct sponsor is pass-through,FALSE,Foundation/nonprofit,TRUE,TRUE
K000165420,17216213,165420,New,"Bigler,Elizabeth Jaed","Bigler,Elizabeth Jaed (Primary PI) 1171; Ahola,Jason Kee (Co-PI) 1171; Edwards-Callaway,Lily Nowell (Co-PI) 1171; Cramer,Mary Caitlin (Co-PI) 1171; Belk,Keith (Co-PI) 1171",Colorado Beef Quality Assurance Program 2026-2027,1171-Animal Sciences,1171,Animal Sciences,Agricultural Sciences-Academic Units (E1),2026-07-01,2026,2027-06-30,FALSE,0,No Indirect Cost Allowed,Colorado Beef Council,,Domestic Non-Profit (other than Domestic Foundations),,2026-04-07,2026,,FALSE,65030.03,Colorado Beef Council,Domestic Non-Profit (other than Domestic Foundations),Direct sponsor reported; prime sponsor unavailable,FALSE,Foundation/nonprofit,FALSE,TRUE
K000165340,17216207,165340,New,"Winn,Zachary James","Winn,Zachary James (Primary PI) 1170; Mason,Richard Esten (Co-PI) 1170",A Streamlined Genomic-Assisted Wheat Breeding Pipeline,1170-Soil + Crop Sciences,1170,Soil + Crop Sciences,Agricultural Sciences-Academic Units (E1),2026-04-01,2026,2027-03-31,FALSE,0,No Indirect Cost Allowed,USDA-ARS-Agricultural Research Service,,Federal,,2026-04-07,2026,Funded,TRUE,42476.26,USDA-ARS-Agricultural Research Service,Federal,Direct sponsor reported; prime sponsor unavailable,FALSE,Federal,FALSE,TRUE
K000165406,17216195,165406,New,"Enns,Kellie J","Enns,Kellie J (Primary PI) 1101; Melzer,Susan E (Co-PI) 1170; Camper,Matthew A (Co-PI) 1177; Miller,Chad (Co-PI) 1173; Eshelman,Katharine Siobhan (Co-PI) 1172","RACE (recruitment, accessibility, and career engagement) in Plant and Soil Science Careers",1101-Dean of Agricultural Sciences,1101,Dean of Agricultural Sciences,Agricultural Sciences-Academic Units (E1),2026-08-01,2026,2027-07-31,FALSE,11.11,TDC,CHS Foundation,,Domestic Foundations,,2026-04-07,2026,,FALSE,254761.18,CHS Foundation,Domestic Foundations,Direct sponsor reported; prime sponsor unavailable,FALSE,Foundation/nonprofit,FALSE,TRUE
K000165142,17215955,165142,New,"Stewart,Jane E","Stewart,Jane E (Primary PI) 1177",White Pine Blister Rust Effects on Western White Pine,1177-Agricultural Biology,1177,Agricultural Biology,Agricultural Sciences-Academic Units (E1),2026-07-01,2026,1930-06-30,TRUE,35,MTDC,USDA-USFS-Rocky Mtn. Rsrch Station - CO,,Federal,,2026-04-06,2026,Funded,TRUE,129998.28,USDA-USFS-Rocky Mtn. Rsrch Station - CO,Federal,Direct sponsor reported; prime sponsor unavailable,FALSE,Federal,FALSE,TRUE
K000165450,17215532,165450,New,"Martin,Jennifer Nicole","Martin,Jennifer Nicole (Primary PI) 1171",Building Colorado's Next Generation of Pork Producers: A Collaborative Extension & 4-H Youth Development Initiative,1171-Animal Sciences,1171,Animal Sciences,Agricultural Sciences-Academic Units (E1),2026-05-01,2026,2026-12-31,FALSE,0,No Indirect Cost Allowed,National Pork Board,,Domestic Non-Profit (other than Domestic Foundations),,2026-03-24,2026,,FALSE,50295.29,National Pork Board,Domestic Non-Profit (other than Domestic Foundations),Direct sponsor reported; prime sponsor unavailable,FALSE,Foundation/nonprofit,FALSE,TRUE
K000165449,17215528,165449,Supplement/Additional Funding,"Manriquez Alvarez,Diego Ignacio","Manriquez Alvarez,Diego Ignacio (Primary PI) 1171",Development of Education Material on H5N1 for dairy producers,1171-Animal Sciences,1171,Animal Sciences,Agricultural Sciences-Academic Units (E1),2026-01-01,2026,2026-02-28,FALSE,35,MTDC,eXtension Foundation,USDA-NIFA-National Institute of Food and Agriculture,Domestic Non-Profit (other than Domestic Foundations),Federal,2026-03-24,2026,Funded,TRUE,1000.15,USDA-NIFA-National Institute of Food and Agriculture,Federal,Prime sponsor reported; direct sponsor is pass-through,FALSE,Federal,FALSE,TRUE
K000165347,17215521,165347,New,"Wold-McGimsey,Forrest Conner","Wold-McGimsey,Forrest Conner (Primary PI) 1170; Mason,Richard Esten (Co-PI) 1170; Stromberger,John A (Key Person) 1170",CSU Wheat Breeding Program CRISPR/Cas9 Gene-Edited Wheat,1170-Soil + Crop Sciences,1170,Soil + Crop Sciences,Agricultural Sciences-Academic Units (E1),2026-06-01,2026,2029-05-31,FALSE,8,TDC,Colorado Office of Economic Development and Intl Trade,,State of Colorado,,2026-03-24,2026,,FALSE,146871.3,Colorado Office of Economic Development and Intl Trade,State of Colorado,Direct sponsor reported; prime sponsor unavailable,FALSE,State,FALSE,TRUE
K000165481,17215372,165481,New,"Shergill,Lovreet S","Shergill,Lovreet S (Primary PI) 1177; Dayan,Franck E (Co-PI) 1177","Weeds, Water, and Yield - A Systems Approach to Strengthening Western Irrigated Agriculture",1177-Agricultural Biology,1177,Agricultural Biology,Agricultural Sciences-Academic Units (E1),2027-01-01,2027,1931-12-31,TRUE,42.85,TDC,University of Nebraska,USDA-NIFA-National Institute of Food and Agriculture,Other Domestic Higher Education,Federal,2026-03-19,2026,,FALSE,999924.32,USDA-NIFA-National Institute of Food and Agriculture,Federal,Prime sponsor reported; direct sponsor is pass-through,TRUE,Federal,FALSE,TRUE
K000165458,17215366,165458,New,"Jones-Diamond,Sally Marie","Jones-Diamond,Sally Marie (Primary PI) 1170; Webb,Jason (Co-PI) 1170",Colorado State University Corn Hybrid Variety Testing (2026),1170-Soil + Crop Sciences,1170,Soil + Crop Sciences,Agricultural Sciences-Academic Units (E1),2026-05-01,2026,2027-04-30,FALSE,0,No Indirect Cost Allowed,Colorado Corn Promotion Council,,Domestic Non-Profit (other than Domestic Foundations),,2026-03-19,2026,,FALSE,8007.81,Colorado Corn Promotion Council,Domestic Non-Profit (other than Domestic Foundations),Direct sponsor reported; prime sponsor unavailable,FALSE,Foundation/nonprofit,FALSE,TRUE
K000165455,17215360,165455,New,"Jones-Diamond,Sally Marie","Jones-Diamond,Sally Marie (Primary PI) 1170; Webb,Jason (Co-PI) 1170",Irrigated and Limited-Irrigated Corn Population by Hybrid Study,1170-Soil + Crop Sciences,1170,Soil + Crop Sciences,Agricultural Sciences-Academic Units (E1),2026-05-01,2026,2027-04-30,FALSE,0,No Indirect Cost Allowed,Colorado Corn Promotion Council,,Domestic Non-Profit (other than Domestic Foundations),,2026-03-19,2026,,FALSE,13997.75,Colorado Corn Promotion Council,Domestic Non-Profit (other than Domestic Foundations),Direct sponsor reported; prime sponsor unavailable,FALSE,Foundation/nonprofit,FALSE,TRUE
K000165437,17215347,165437,New,"Wardle,Erik M","Wardle,Erik M (Primary PI) 1170; Brown,Ansley Joseph (Co-PI) 1170",Evaluating Long Term Tillage Impacts on Soil Salinity and Runoff Water Quality,1170-Soil + Crop Sciences,1170,Soil + Crop Sciences,Agricultural Sciences-Academic Units (E1),2026-04-01,2026,2027-03-31,FALSE,0,No Indirect Cost Allowed,Colorado Corn Promotion Council,,Domestic Non-Profit (other than Domestic Foundations),,2026-03-19,2026,,FALSE,18705.94,Colorado Corn Promotion Council,Domestic Non-Profit (other than Domestic Foundations),Direct sponsor reported; prime sponsor unavailable,FALSE,Foundation/nonprofit,FALSE,TRUE
K000165383,17215340,165383,New,"Enns,Richard Mark","Enns,Richard Mark (Primary PI) 1171; Stackhouse-Lawson,Kimberly Rose (Co-PI) 1171; Thomas,Lily (Key Person) 1171",Lily Thomas: Developing genetic predictions for grazing systems using precision agriculture phenotyping outcomes,1171-Animal Sciences,1171,Animal Sciences,Agricultural Sciences-Academic Units (E1),2026-09-01,2026,2027-08-31,FALSE,10,TDC,Montana State University,USDA-NIFA-National Institute of Food and Agriculture,Other Domestic Higher Education,Federal,2026-03-19,2026,,FALSE,29961.19,USDA-NIFA-National Institute of Food and Agriculture,Federal,Prime sponsor reported; direct sponsor is pass-through,TRUE,Federal,FALSE,TRUE
K000165367,17215335,165367,New,"McKay,John K","McKay,John K (Primary PI) 1170; Dixit,Shikha (Key Person) 1170",Drought Induced Shift In Bacterial Leaf Streak:Understanding Xanthomoans Vasicola Pv Vasculorum-Corn Interactions,1170-Soil + Crop Sciences,1170,Soil + Crop Sciences,Agricultural Sciences-Academic Units (E1),2026-06-01,2026,2028-05-31,FALSE,42.85,TDC,USDA-NIFA-National Institute of Food and Agriculture,,Federal,,2026-03-19,2026,,FALSE,497992.6,USDA-NIFA-National Institute of Food and Agriculture,Federal,Direct sponsor reported; prime sponsor unavailable,FALSE,Federal,FALSE,TRUE
K000165351,17215331,165351,New,"Gaines,Todd A","Gaines,Todd A (Primary PI) 1177",From Detection to Adoption: A Nationally Coordinated Systems Approach to Protect U.S. Agriculture from the Threat of Herbicide-Resistant Weeds,1177-Agricultural Biology,1177,Agricultural Biology,Agricultural Sciences-Academic Units (E1),2026-08-01,2026,1930-07-31,TRUE,42.85,TDC,Michigan State University,USDA-NIFA-National Institute of Food and Agriculture,Other Domestic Higher Education,Federal,2026-03-19,2026,,FALSE,867609.31,USDA-NIFA-National Institute of Food and Agriculture,Federal,Prime sponsor reported; direct sponsor is pass-through,TRUE,Federal,FALSE,TRUE
K000165334,17215326,165334,New,"Schipanski,Meagan Erin","Schipanski,Meagan Erin (Primary PI) 1170; Loudenback,Andrea (Key Person) 1170","Andrea Loudenback - Tiny Tractors, Timely Nutrients: Evaluating the Autonomous Nano Tractor (ANT) for Precision Sidedressing in Northern Colorado Vegetable Systems",1170-Soil + Crop Sciences,1170,Soil + Crop Sciences,Agricultural Sciences-Academic Units (E1),2026-11-01,2026,2028-04-30,FALSE,10,TDC,Montana State University,USDA-NIFA-National Institute of Food and Agriculture,Other Domestic Higher Education,Federal,2026-03-19,2026,,FALSE,29116.71,USDA-NIFA-National Institute of Food and Agriculture,Federal,Prime sponsor reported; direct sponsor is pass-through,TRUE,Federal,FALSE,TRUE
K000165244,17215321,165244,New,"Schipanski,Meagan Erin","Schipanski,Meagan Erin (Primary PI) 1170; Heider-Kuhn,Nelson Tyler (Key Person) 1170",Nelson Heider-Kuhn: Contour agriforestry systems for climate adaptation in dryland ecosystems,1170-Soil + Crop Sciences,1170,Soil + Crop Sciences,Agricultural Sciences-Academic Units (E1),2026-08-15,2026,2029-08-14,FALSE,11.11,TDC,North Carolina State University,Foundation for Food & Agriculture Research,Other Domestic Higher Education,Domestic Non-Profit (other than Domestic Foundations),2026-03-19,2026,,FALSE,164998.35,Foundation for Food & Agriculture Research,Domestic Non-Profit (other than Domestic Foundations),Prime sponsor reported; direct sponsor is pass-through,TRUE,Foundation/nonprofit,FALSE,TRUE
K000165011,17215163,165011,New,"Bagheri Toulabi,Sahar","Bagheri Toulabi,Sahar (Primary PI) 1173; Weir,Tiffany L (Key Person) 1571",CCTSI: Targeting Endocrine Resistance in ER+ Breast Cancer with Dietary Polyphenols,1173-Horticulture + Landscape Architecture,1173,Horticulture + Landscape Architecture,Agricultural Sciences-Academic Units (E1),2026-08-01,2026,2027-07-31,FALSE,0,MTDC,University of Colorado at Denver,,State of Colorado Higher Education,,2026-03-17,2026,,FALSE,39940.33,University of Colorado at Denver,State of Colorado Higher Education,Direct sponsor reported; prime sponsor unavailable,FALSE,State,FALSE,TRUE
K000165214,17215004,165214,New,"Nalam,Vamsi","Nalam,Vamsi (Primary PI) 1177; Voelker,Kyah Ann (Co-PI) 3043; Messier,Elizabeth Caitlyn (Co-PI) 3043; Gray,Caroline Porter (Co-PI) 3043",Regeneration Efficiency of Elite Russet Potato Lines as a Foundation for Gene Editing Based Herbicide Resistance,1177-Agricultural Biology,1177,Agricultural Biology,Agricultural Sciences-Academic Units (E1),2026-06-01,2026,2027-05-31,FALSE,0,No Indirect Cost Allowed,Colorado Potato Administrative Committee,,Domestic Non-Profit (other than Domestic Foundations),,2026-03-10,2026,,FALSE,32702.94,Colorado Potato Administrative Committee,Domestic Non-Profit (other than Domestic Foundations),Direct sponsor reported; prime sponsor unavailable,FALSE,Foundation/nonprofit,FALSE,TRUE
K000165119,17214998,165119,New,"Engle,Terry E","Engle,Terry E (Primary PI) 1171; Edwards-Callaway,Lily Nowell (Co-PI) 1171",Impact of gastrointestinal parasites on antibody titer response to vaccine components in bison,1171-Animal Sciences,1171,Animal Sciences,Agricultural Sciences-Academic Units (E1),2026-07-01,2026,2029-06-30,FALSE,0,No Indirect Cost Allowed,South Dakota State University,,Other Domestic Higher Education,,2026-03-10,2026,,FALSE,208977.56,South Dakota State University,Other Domestic Higher Education,Direct sponsor reported; prime sponsor unavailable,FALSE,Other,FALSE,TRUE
K000165342,17214669,165342,New,"Vivanco,Jorge M","Vivanco,Jorge M (Primary PI) 1173",A Systems Approach to Understand Microbial Lignin Degradation in the Rhizosphere and Inform Predictive Terrestrial Biogeochemistry Models,1173-Horticulture + Landscape Architecture,1173,Horticulture + Landscape Architecture,Agricultural Sciences-Academic Units (E1),2027-01-01,2027,2029-12-31,FALSE,54,MTDC,University of Missouri,DOE-US Department of Energy,Other Domestic Higher Education,Federal,2026-03-03,2026,,FALSE,319110.17,DOE-US Department of Energy,Federal,Prime sponsor reported; direct sponsor is pass-through,TRUE,Federal,FALSE,TRUE
K000165394,17214665,165394,New,"Miller,Chad","Miller,Chad (Primary PI) 1173",Evaluating mulch types for water conservation practices in landscape practices,1173-Horticulture + Landscape Architecture,1173,Horticulture + Landscape Architecture,Agricultural Sciences-Academic Units (E1),2025-08-19,2025,2028-08-18,FALSE,0,No Indirect Cost Allowed,Colorado Horticulture Research & Education Foundation,,Domestic Foundations,,2026-03-03,2026,Funded,TRUE,30000.9,Colorado Horticulture Research & Education Foundation,Domestic Foundations,Direct sponsor reported; prime sponsor unavailable,FALSE,Foundation/nonprofit,FALSE,TRUE
K000165107,17214637,165107,New,"Nachappa,Punya","Nachappa,Punya (Primary PI) 1177",MCA: Unraveling the adaptive role of cannabinoids in insect defense in Cannabis sativa,1177-Agricultural Biology,1177,Agricultural Biology,Agricultural Sciences-Academic Units (E1),2027-03-01,2027,1930-02-28,TRUE,54,MTDC,NSF-National Science Foundation,,Federal,,2026-03-03,2026,,FALSE,358955.17,NSF-National Science Foundation,Federal,Direct sponsor reported; prime sponsor unavailable,FALSE,Federal,FALSE,TRUE
K000165269,17214633,165269,New,"Nachappa,Punya","Nachappa,Punya (Primary PI) 1177",Identification and Characterization of Genetic Resistance to Wheat Stem Sawfly in Wild Wheat Introgression Lines,1177-Agricultural Biology,1177,Agricultural Biology,Agricultural Sciences-Academic Units (E1),2026-03-02,2026,2027-03-01,FALSE,0,No Indirect Cost Allowed,USDA-ARS-Agricultural Research Service,,Federal,,2026-03-03,2026,Funded,TRUE,24597.4,USDA-ARS-Agricultural Research Service,Federal,Direct sponsor reported; prime sponsor unavailable,FALSE,Federal,FALSE,TRUE
K000165178,17214627,165178,New,"Jayanty,Sastry SSGM","Jayanty,Sastry SSGM (Primary PI) 1173; Czarnecki,Zachary A (Co-PI) 3043",Low-Cost Solar Dehydration for Value-Added Potato Cull Management,1173-Horticulture + Landscape Architecture,1173,Horticulture + Landscape Architecture,Agricultural Sciences-Academic Units (E1),2026-07-01,2026,2027-06-30,FALSE,0,No Indirect Cost Allowed,Colorado Potato Administrative Committee,,Domestic Non-Profit (other than Domestic Foundations),,2026-03-03,2026,,FALSE,34999.04,Colorado Potato Administrative Committee,Domestic Non-Profit (other than Domestic Foundations),Direct sponsor reported; prime sponsor unavailable,FALSE,Foundation/nonprofit,FALSE,TRUE
K000165156,17214623,165156,Continuation,"Thompson,Henry J","Thompson,Henry J (Primary PI) 1173",Promoting Dry Bean to the Military and Recreational Sports Industry,1173-Horticulture + Landscape Architecture,1173,Horticulture + Landscape Architecture,Agricultural Sciences-Academic Units (E1),2026-07-01,2026,2027-06-30,FALSE,0,No Indirect Cost Allowed,Wyoming Bean Commission,,Other Domestic State Government,,2026-03-03,2026,Funded,TRUE,27053.72,Wyoming Bean Commission,Other Domestic State Government,Direct sponsor reported; prime sponsor unavailable,FALSE,State,FALSE,TRUE
K000165103,17214619,165103,New,"Bauerle,William L","Bauerle,William L (Primary PI) 1173",Transpiration-Driven Fertigation Targets to Improve Water and Nutrient Use Efficiency in Container-Grown Nursery & Greenhouse Crops,1173-Horticulture + Landscape Architecture,1173,Horticulture + Landscape Architecture,Agricultural Sciences-Academic Units (E1),2026-05-01,2026,2026-12-15,FALSE,0,No Indirect Cost Allowed,Colorado Horticulture Research & Education Foundation,,Domestic Foundations,,2026-03-03,2026,Funded,TRUE,16548.06,Colorado Horticulture Research & Education Foundation,Domestic Foundations,Direct sponsor reported; prime sponsor unavailable,FALSE,Foundation/nonprofit,FALSE,TRUE
K000165186,17213882,165186,Supplement/Additional Funding,"Nalam,Vamsi","Nalam,Vamsi (Primary PI) 1177",Unlocking the Potential of Sugar Beet Volatiles: A Strategy to Combat BCTV and Beyond,1177-Agricultural Biology,1177,Agricultural Biology,Agricultural Sciences-Academic Units (E1),2026-03-01,2026,2027-02-28,FALSE,0,No Indirect Cost Allowed,Snake River Sugarbeet Research and Seed Alliance,,Domestic Commercial,,2026-02-18,2026,Funded,TRUE,32096.02,Snake River Sugarbeet Research and Seed Alliance,Domestic Commercial,Direct sponsor reported; prime sponsor unavailable,FALSE,Industry,FALSE,TRUE
K000165102,17213814,165102,New,"Jayanty,Sastry SSGM","Jayanty,Sastry SSGM (Primary PI) 1173",Quality Management Guidelines for Stored Potatoes,1173-Horticulture + Landscape Architecture,1173,Horticulture + Landscape Architecture,Agricultural Sciences-Academic Units (E1),2026-07-01,2026,2027-06-30,FALSE,0,No Indirect Cost Allowed,Colorado Potato Administrative Committee,,Domestic Non-Profit (other than Domestic Foundations),,2026-02-17,2026,,FALSE,15554.08,Colorado Potato Administrative Committee,Domestic Non-Profit (other than Domestic Foundations),Direct sponsor reported; prime sponsor unavailable,FALSE,Foundation/nonprofit,FALSE,TRUE
K000165081,17213810,165081,New,"Willige,Bjorn Christopher","Willige,Bjorn Christopher (Primary PI) 1170",Mechanisms of environment-regulated gene expression,1170-Soil + Crop Sciences,1170,Soil + Crop Sciences,Agricultural Sciences-Academic Units (E1),2027-02-01,2027,1932-01-31,TRUE,54,MTDC,HHS-NIH-National Institutes of Health,,Federal,,2026-02-17,2026,,FALSE,2014161.98,HHS-NIH-National Institutes of Health,Federal,Direct sponsor reported; prime sponsor unavailable,FALSE,Federal,FALSE,TRUE
K000165006,17213786,165006,New,"Coleman,Stephen John","Coleman,Stephen John (Primary PI) 1171",Assessment of genomic mosaicism and de novo mutation rate in horses by next-gen sequencing,1171-Animal Sciences,1171,Animal Sciences,Agricultural Sciences-Academic Units (E1),2026-10-01,2026,2027-09-30,FALSE,0,No Indirect Cost Allowed,American Quarter Horse Foundation,,Domestic Foundations,,2026-02-16,2026,,FALSE,64768.1,American Quarter Horse Foundation,Domestic Foundations,Direct sponsor reported; prime sponsor unavailable,FALSE,Foundation/nonprofit,FALSE,TRUE
K000164963,17213782,164963,New,"Thompson,Henry J","Thompson,Henry J (Primary PI) 1173","The Dry Bean Challenge to Enhance Regulation of Glucose, Insulin, and GLP-1",1173-Horticulture + Landscape Architecture,1173,Horticulture + Landscape Architecture,Agricultural Sciences-Academic Units (E1),2026-07-01,2026,2027-06-30,FALSE,0,No Indirect Cost Allowed,Nebraska Dry Bean Commission,,Domestic Non-Profit (other than Domestic Foundations),,2026-02-16,2026,,FALSE,26315,Nebraska Dry Bean Commission,Domestic Non-Profit (other than Domestic Foundations),Direct sponsor reported; prime sponsor unavailable,FALSE,Foundation/nonprofit,FALSE,TRUE
K000164861,17213479,164861,New,"Zhang,Peipei","Zhang,Peipei (Primary PI) 1171",Mechanisms of post-sanitation survival of niche-adapted bacteria in meat processing environments and exploration of novel sanitizers,1171-Animal Sciences,1171,Animal Sciences,Agricultural Sciences-Academic Units (E1),2027-10-01,2027,2029-09-30,FALSE,15,TDC,Beef Cattle Improvement Committee,Beef Cattle Research Council,Domestic Non-Profit (other than Domestic Foundations),Foreign Non-Profit (other than Foreign Foundations),2026-02-11,2026,,FALSE,34269.55,Beef Cattle Research Council,Foreign Non-Profit (other than Foreign Foundations),Prime sponsor reported; direct sponsor is pass-through,FALSE,Foundation/nonprofit,FALSE,TRUE
K000164978,17213072,164978,New,"Firth,Alexandra","Firth,Alexandra (Primary PI) 1170",Colorado Discovery Farms,1170-Soil + Crop Sciences,1170,Soil + Crop Sciences,Agricultural Sciences-Academic Units (E1),2026-04-01,2026,2027-09-30,FALSE,17.64,TDC,Colorado Department of Agriculture,,State of Colorado,,2026-01-30,2026,Funded,TRUE,49998.16,Colorado Department of Agriculture,State of Colorado,Direct sponsor reported; prime sponsor unavailable,FALSE,State,FALSE,TRUE
K000164973,17212796,164973,New,"Blecker,Steven","Blecker,Steven (Primary PI) 3001; Buchanan,Cassidy Michelle (Co-PI) 1170",Biosolids Land Application Research Program,1170-Soil + Crop Sciences,1170,Soil + Crop Sciences,Agricultural Sciences-Academic Units (E1),2026-01-01,2026,2026-12-31,FALSE,26,MTDC,South Platte Water Renewal Partners,,State of Colorado Other Local Government,,2026-01-27,2026,Funded,TRUE,99463.8,South Platte Water Renewal Partners,State of Colorado Other Local Government,Direct sponsor reported; prime sponsor unavailable,FALSE,State,FALSE,TRUE
K000164969,17212790,164969,New,"Hufbauer,Ruth A","Hufbauer,Ruth A (Primary PI) 1177; Mola,John (Co-PI) 1472",Developing Trans-Generational Immune Priming For Wild Bumble Bee Health: A Path Towards Disease-Smart Genetic Rescue,1177-Agricultural Biology,1177,Agricultural Biology,Agricultural Sciences-Academic Units (E1),2026-04-01,2026,2028-03-31,FALSE,42.85,TDC,Virginia Tech University,USDA-NIFA-National Institute of Food and Agriculture,Other Domestic Higher Education,Federal,2026-01-27,2026,,FALSE,83003.09,USDA-NIFA-National Institute of Food and Agriculture,Federal,Prime sponsor reported; direct sponsor is pass-through,TRUE,Federal,FALSE,TRUE
K000164957,17212299,164957,New,"Gutierrez-Rodriguez,Eduardo","Gutierrez-Rodriguez,Eduardo (Primary PI) 1173",Building Capacity in California Leafy Greens Safety: Root Cause Analysis Training for Growers and Professionals,1173-Horticulture + Landscape Architecture,1173,Horticulture + Landscape Architecture,Agricultural Sciences-Academic Units (E1),2026-11-01,2026,2029-06-30,FALSE,8,S&W,"University of California, Riverside",California Department of Food and Agriculture,Other Domestic Higher Education,Other Domestic State Government,2026-01-13,2026,,FALSE,87335.48,California Department of Food and Agriculture,Other Domestic State Government,Prime sponsor reported; direct sponsor is pass-through,TRUE,State,FALSE,TRUE
K000164929,17212295,164929,Supplement/Additional Funding,"Jones-Diamond,Sally Marie","Jones-Diamond,Sally Marie (Primary PI) 1170",A reappraisal of sorghum growing degree days: a regional approach,1170-Soil + Crop Sciences,1170,Soil + Crop Sciences,Agricultural Sciences-Academic Units (E1),2025-01-24,2025,2026-12-31,FALSE,0,No Indirect Cost Allowed,Kansas State University,United Sorghum Checkoff Program,Other Domestic Higher Education,Domestic Non-Profit (other than Domestic Foundations),2026-01-13,2026,Funded,TRUE,4002.9,United Sorghum Checkoff Program,Domestic Non-Profit (other than Domestic Foundations),Prime sponsor reported; direct sponsor is pass-through,TRUE,Foundation/nonprofit,FALSE,TRUE
K000164904,17212285,164904,New,"Shergill,Lovreet S","Shergill,Lovreet S (Primary PI) 1177; Gaines,Todd A (Co-PI) 1177; Brar,Akamjot Singh (Co-PI) 1177; Dayan,Franck E (Co-PI) 1177",Using Crop Residue to Enhance Herbicide Performance and Weed Control in Sugar Beets,1177-Agricultural Biology,1177,Agricultural Biology,Agricultural Sciences-Academic Units (E1),2026-03-01,2026,2026-12-31,FALSE,0,No Indirect Cost Allowed,Western Sugar Cooperative,,Domestic Commercial,,2026-01-13,2026,,FALSE,21377.67,Western Sugar Cooperative,Domestic Commercial,Direct sponsor reported; prime sponsor unavailable,FALSE,Industry,FALSE,TRUE
K000164903,17212279,164903,New,"Shergill,Lovreet S","Shergill,Lovreet S (Primary PI) 1177; Brar,Akamjot Singh (Co-PI) 1177",Optimizing Multi-Application Group 15 Programs for Palmer Amaranth in Northern Colorado Sugarbeet,1177-Agricultural Biology,1177,Agricultural Biology,Agricultural Sciences-Academic Units (E1),2026-03-01,2026,2026-12-31,FALSE,0,No Indirect Cost Allowed,Western Sugar Cooperative,,Domestic Commercial,,2026-01-13,2026,Funded,TRUE,9941.81,Western Sugar Cooperative,Domestic Commercial,Direct sponsor reported; prime sponsor unavailable,FALSE,Industry,FALSE,TRUE
K000164721,17211822,164721,New,"Burcham,Daniel C","Burcham,Daniel C (Primary PI) 1173; Martin,Jonathan (Co-PI) 1173",Screening cold hardiness to enhance the longevity and expand the diversity of woody ornamentals produced by nurseries,1173-Horticulture + Landscape Architecture,1173,Horticulture + Landscape Architecture,Agricultural Sciences-Academic Units (E1),2026-10-01,2026,2027-09-30,FALSE,12,TDC,National Horticulture Foundation,,Domestic Non-Profit (other than Domestic Foundations),,2025-12-29,2025,,FALSE,46242.46,National Horticulture Foundation,Domestic Non-Profit (other than Domestic Foundations),Direct sponsor reported; prime sponsor unavailable,FALSE,Foundation/nonprofit,FALSE,FALSE
K000164774,17211665,164774,Resubmission,"Willige,Bjorn Christopher","Willige,Bjorn Christopher (Primary PI) 1170; Wilkins,Michael James (Co-PI) 1170; Borch,Thomas (Co-PI) 1170; Saldierna Guzman,Jessica Paola (Co-PI) 1170",The role of wildfire-derived chemicals in revegetation success of pine forests,1170-Soil + Crop Sciences,1170,Soil + Crop Sciences,Agricultural Sciences-Academic Units (E1),2026-08-01,2026,2029-07-31,FALSE,54,MTDC,NSF-National Science Foundation,,Federal,,2025-12-22,2025,,FALSE,1318898.82,NSF-National Science Foundation,Federal,Direct sponsor reported; prime sponsor unavailable,FALSE,Federal,FALSE,FALSE
K000164771,17211659,164771,New,"Minas,Ioannis","Minas,Ioannis (Primary PI) 1173; Pieper,Jeff R (Co-PI) 4030",Harvest and Postharvest Handling Technologies for the Stone Fruit Industry to Reduce Loss and Improve Quality,1173-Horticulture + Landscape Architecture,1173,Horticulture + Landscape Architecture,Agricultural Sciences-Academic Units (E1),2026-07-01,2026,2028-06-30,FALSE,42.85,TDC,USDA-NIFA-National Institute of Food and Agriculture,,Federal,,2025-12-22,2025,,FALSE,299941.58,USDA-NIFA-National Institute of Food and Agriculture,Federal,Direct sponsor reported; prime sponsor unavailable,FALSE,Federal,FALSE,FALSE
K000164769,17211653,164769,Supplement/Additional Funding,"Fonte,Steven John","Fonte,Steven John (Primary PI) 1170; Vanek,Steven John (Co-PI) 1170","Smallholder Soil Health Assessment - supporting soils research, awareness, and capacity building towards agroecological transitions",1170-Soil + Crop Sciences,1170,Soil + Crop Sciences,Agricultural Sciences-Academic Units (E1),2026-09-01,2026,2028-03-01,FALSE,10,TDC,McKnight Foundation,,Domestic Foundations,,2025-12-22,2025,Funded,TRUE,379975.94,McKnight Foundation,Domestic Foundations,Direct sponsor reported; prime sponsor unavailable,FALSE,Foundation/nonprofit,FALSE,FALSE
K000164734,17211649,164734,Supplement/Additional Funding,"Morris,Geoffrey Preston","Morris,Geoffrey Preston (Primary PI) 1170",Trait technology package for iron deficiency chlorosis tolerance in sorghum,1170-Soil + Crop Sciences,1170,Soil + Crop Sciences,Agricultural Sciences-Academic Units (E1),2026-01-01,2026,2026-12-31,FALSE,0,No Indirect Cost Allowed,Kansas State University,United Sorghum Checkoff Program,Other Domestic Higher Education,Domestic Non-Profit (other than Domestic Foundations),2025-12-22,2025,,FALSE,75000,United Sorghum Checkoff Program,Domestic Non-Profit (other than Domestic Foundations),Prime sponsor reported; direct sponsor is pass-through,TRUE,Foundation/nonprofit,FALSE,FALSE
K000164715,17211637,164715,New,"Martin,Jennifer Nicole","Martin,Jennifer Nicole (Primary PI) 1171; McKenna,Kelly Noelle (Co-PI) 1588; Duffy,Andrea E (Co-PI) 1776; Thilmany,Dawn D (Co-PI) 1172; Enns,Kellie J (Co-PI) 1172",Enhancing Resilience of our Food and Agricultural Systems through Workforce Development,1171-Animal Sciences,1171,Animal Sciences,Agricultural Sciences-Academic Units (E1),2026-06-01,2026,2029-05-31,FALSE,8,MTDC,DE-US Department of Education,,Federal,,2025-12-22,2025,,FALSE,2223843.95,DE-US Department of Education,Federal,Direct sponsor reported; prime sponsor unavailable,FALSE,Federal,FALSE,FALSE
K000164714,17211631,164714,New,"Roberts,Robyn","Roberts,Robyn (Primary PI) 1177; Luna,Emily Katrin (Co-PI) 1177",From Endophyte to Enemy: Investigating the emerging pathogenicity of Pantoea in crops to predict and prevent agricultural biosecurity threats,1177-Agricultural Biology,1177,Agricultural Biology,Agricultural Sciences-Academic Units (E1),2026-06-01,2026,1930-05-31,TRUE,42.85,TDC,USDA-NIFA-National Institute of Food and Agriculture,,Federal,,2025-12-22,2025,,FALSE,647314.93,USDA-NIFA-National Institute of Food and Agriculture,Federal,Direct sponsor reported; prime sponsor unavailable,FALSE,Federal,FALSE,FALSE
K000164687,17211622,164687,New,"Engle,Terry E","Engle,Terry E (Primary PI) 1171",Effects of Fytera Lecteco supplementation to beef cows on performance and immune parameters of their offspring,1171-Animal Sciences,1171,Animal Sciences,Agricultural Sciences-Academic Units (E1),2026-01-30,2026,2027-01-29,FALSE,54,MTDC,Nutreco Nederland B.V.,,Foreign Commercial,,2025-12-22,2025,Funded,TRUE,111999.61,Nutreco Nederland B.V.,Foreign Commercial,Direct sponsor reported; prime sponsor unavailable,FALSE,Industry,FALSE,FALSE
K000164675,17211604,164675,New,"Jones-Diamond,Sally Marie","Jones-Diamond,Sally Marie (Primary PI) 1170; Brar,Akamjot Singh (Co-PI) 1177; Shergill,Lovreet S (Co-PI) 1177; Webb,Jason (Co-PI) 1170",Dry Bean Herbicide Research for Palmer Amaranth Control,1170-Soil + Crop Sciences,1170,Soil + Crop Sciences,Agricultural Sciences-Academic Units (E1),2026-05-01,2026,2027-04-30,FALSE,0,No Indirect Cost Allowed,Colorado Dry Bean Administration Committee,,Domestic Non-Profit (other than Domestic Foundations),,2025-12-22,2025,Funded,TRUE,32578.82,Colorado Dry Bean Administration Committee,Domestic Non-Profit (other than Domestic Foundations),Direct sponsor reported; prime sponsor unavailable,FALSE,Foundation/nonprofit,FALSE,FALSE
K000164627,17211598,164627,New,"Blecker,Lisa Ann","Blecker,Lisa Ann (Primary PI) 1177; Geisterfer,Hannah Lisanne (Co-PI) 1177",2026 Colorado Pesticide Safety Education Funds (PSEPFM),1177-Agricultural Biology,1177,Agricultural Biology,Agricultural Sciences-Academic Units (E1),2026-02-01,2026,2026-12-31,FALSE,35,MTDC,eXtension Foundation,EPA-Environmental Protection Agency,Domestic Non-Profit (other than Domestic Foundations),Federal,2025-12-22,2025,Funded,TRUE,15002.39,EPA-Environmental Protection Agency,Federal,Prime sponsor reported; direct sponsor is pass-through,FALSE,Federal,FALSE,FALSE
K000164610,17211533,164610,New,"Coleman,Stephen John","Coleman,Stephen John (Primary PI) 1171",Preliminary Investigation of Germ Cell Genomic Mosaicism and Inherited Disease in Hereford and Angus Cattle,1171-Animal Sciences,1171,Animal Sciences,Agricultural Sciences-Academic Units (E1),2026-07-01,2026,2029-06-30,FALSE,23.38,TDC,USDA-NIFA-National Institute of Food and Agriculture,,Federal,,2025-12-22,2025,,FALSE,649941.15,USDA-NIFA-National Institute of Food and Agriculture,Federal,Direct sponsor reported; prime sponsor unavailable,FALSE,Federal,FALSE,FALSE
K000161282,17211523,161282,New,"Gaines,Todd A","Gaines,Todd A (Primary PI) 1177",Phase 2 of The International Weed Genomics Consortium: Improving Weed Genomics Through State-of-the-Art Annotations,1177-Agricultural Biology,1177,Agricultural Biology,Agricultural Sciences-Academic Units (E1),2026-01-01,2026,2028-12-31,FALSE,15,TDC,Foundation for Food & Agriculture Research,,Domestic Non-Profit (other than Domestic Foundations),,2025-12-22,2025,,FALSE,655497.87,Foundation for Food & Agriculture Research,Domestic Non-Profit (other than Domestic Foundations),Direct sponsor reported; prime sponsor unavailable,FALSE,Foundation/nonprofit,FALSE,FALSE
K000164665,17211073,164665,New,"Thompson,Henry J","Thompson,Henry J (Primary PI) 1173; Neil-McDonald,Elizabeth Susan (Key Person) 1173; McGinley,John N (Key Person) 1173",Identification of Pulse Flour Type Specific Effects on Gut Associated Metabolic Health,1173-Horticulture + Landscape Architecture,1173,Horticulture + Landscape Architecture,Agricultural Sciences-Academic Units (E1),2026-07-01,2026,2027-06-30,FALSE,0,No Indirect Cost Allowed,USA Dry Pea & Lentil Council,,Domestic Non-Profit (other than Domestic Foundations),,2025-12-17,2025,,FALSE,73427.63,USA Dry Pea & Lentil Council,Domestic Non-Profit (other than Domestic Foundations),Direct sponsor reported; prime sponsor unavailable,FALSE,Foundation/nonprofit,FALSE,FALSE
K000164663,17210993,164663,New,"Gutierrez-Rodriguez,Eduardo","Gutierrez-Rodriguez,Eduardo (Primary PI) 1173; Davidson,Jeffery William (Co-PI) 3040; Bartolo,Kristi L (Co-PI) 3040",Sustainable Cantaloupe in Semi-Arid Colorado: Revising Irrigation and Harvest Practices to Reduce Water Use and Contamination Risk,1173-Horticulture + Landscape Architecture,1173,Horticulture + Landscape Architecture,Agricultural Sciences-Academic Units (E1),2026-05-01,2026,2028-04-30,FALSE,10,TDC,Montana State University,USDA-NIFA-National Institute of Food and Agriculture,Other Domestic Higher Education,Federal,2025-12-16,2025,Funded,TRUE,84989.94,USDA-NIFA-National Institute of Food and Agriculture,Federal,Prime sponsor reported; direct sponsor is pass-through,TRUE,Federal,FALSE,FALSE
K000164021,17210909,164021,New,"Burkhardt,Jesse Brodie","Burkhardt,Jesse Brodie (Primary PI) 1172; DeLay,Nathan D (Co-PI) 1172; Fischer,Emily V (Co-PI) 1371",Combining Earth Observations with Machine Learning to Detect Agricultural Methane Emissions,1172-Agricultural + Resource Economics,1172,Agricultural + Resource Economics,Agricultural Sciences-Academic Units (E1),2026-08-01,2026,2029-07-31,FALSE,28,TDC,USDA-NIFA-National Institute of Food and Agriculture,,Federal,,2025-12-16,2025,,FALSE,649854.62,USDA-NIFA-National Institute of Food and Agriculture,Federal,Direct sponsor reported; prime sponsor unavailable,FALSE,Federal,TRUE,FALSE
K000164462,17210817,164462,New,"Charkowski,Amy Olymbia","Charkowski,Amy Olymbia (Primary PI) 1101",Targeting the GacAS Regulatory System to Reduce Pectobacterium and Dickeya Virulence in Potato,1177-Agricultural Biology,1177,Agricultural Biology,Agricultural Sciences-Academic Units (E1),2026-04-01,2026,2029-03-31,FALSE,42.85,TDC,USDA-NIFA-National Institute of Food and Agriculture,,Federal,,2025-12-15,2025,,FALSE,748897.48,USDA-NIFA-National Institute of Food and Agriculture,Federal,Direct sponsor reported; prime sponsor unavailable,FALSE,Federal,FALSE,FALSE
K000164036,17210751,164036,New,"Suter,Jordan","Suter,Jordan (Primary PI) 1172; Hill,Rebecca Lynn (Key Person) 4040",Yvette Uwineza: The Economic Cost of Reductions in Irrigated Agricultural Land: A Comparison of Permanent Water Sales and Intermittent Fallowing,1172-Agricultural + Resource Economics,1172,Agricultural + Resource Economics,Agricultural Sciences-Academic Units (E1),2025-12-01,2025,2026-11-30,FALSE,0,No Indirect Cost Allowed,University of Idaho,,Other Domestic Higher Education,,2025-12-15,2025,Funded,TRUE,17999.1,University of Idaho,Other Domestic Higher Education,Direct sponsor reported; prime sponsor unavailable,FALSE,Other,TRUE,FALSE
K000164442,17210681,164442,Resubmission,"Roberts,Robyn","Roberts,Robyn (Primary PI) 1177","Investigating the genetic and molecular factors of pathogenicity in a re-emerging, highly aggressive bacterial disease of cereals",1177-Agricultural Biology,1177,Agricultural Biology,Agricultural Sciences-Academic Units (E1),2026-03-01,2026,1930-02-28,TRUE,42.85,TDC,USDA-NIFA-National Institute of Food and Agriculture,,Federal,,2025-12-11,2025,,FALSE,731313.8,USDA-NIFA-National Institute of Food and Agriculture,Federal,Direct sponsor reported; prime sponsor unavailable,FALSE,Federal,FALSE,FALSE
K000164377,17210675,164377,New,"Manriquez Alvarez,Diego Ignacio","Manriquez Alvarez,Diego Ignacio (Primary PI) 1171; Goncalves Da Costa,Bianca (Co-PI) 1171",Enhancing dairy calf welfare and resilience through integrated behavior and animal-based indicators for pain and thermal stress detection,1171-Animal Sciences,1171,Animal Sciences,Agricultural Sciences-Academic Units (E1),2026-08-01,2026,1930-07-31,TRUE,32.16,TDC,USDA-NIFA-National Institute of Food and Agriculture,,Federal,,2025-12-11,2025,,FALSE,635719.54,USDA-NIFA-National Institute of Food and Agriculture,Federal,Direct sponsor reported; prime sponsor unavailable,FALSE,Federal,FALSE,FALSE
K000164423,17210661,164423,New,"Ode,Paul James","Ode,Paul James (Primary PI) 1177",Integrating pest insect egg-killing traits of plants into sustainable resistance strategies,1177-Agricultural Biology,1177,Agricultural Biology,Agricultural Sciences-Academic Units (E1),2026-07-01,2026,2028-06-30,FALSE,42.85,TDC,Virginia Polytechnic Institute,USDA-NIFA-National Institute of Food and Agriculture,Other Domestic Higher Education,Federal,2025-12-11,2025,,FALSE,99271.7,USDA-NIFA-National Institute of Food and Agriculture,Federal,Prime sponsor reported; direct sponsor is pass-through,TRUE,Federal,FALSE,FALSE
K000164373,17210657,164373,New,"Ode,Paul James","Ode,Paul James (Primary PI) 1177",Herbivore immunity as the link between plant resistance and natural enemy control,1177-Agricultural Biology,1177,Agricultural Biology,Agricultural Sciences-Academic Units (E1),2026-07-01,2026,2029-06-30,FALSE,25.13,TDC,USDA-NIFA-National Institute of Food and Agriculture,,Federal,,2025-12-11,2025,,FALSE,739592.08,USDA-NIFA-National Institute of Food and Agriculture,Federal,Direct sponsor reported; prime sponsor unavailable,FALSE,Federal,FALSE,FALSE
K000164244,17210653,164244,New,"Burcham,Daniel C","Burcham,Daniel C (Primary PI) 1173",Development of new entrance garden at the CSU Heritage Arboretum,1173-Horticulture + Landscape Architecture,1173,Horticulture + Landscape Architecture,Agricultural Sciences-Academic Units (E1),2026-01-01,2026,2026-12-31,FALSE,0,No Indirect Cost Allowed,Colorado Garden Foundation,,Domestic Non-Profit (other than Domestic Foundations),,2025-12-11,2025,Funded,TRUE,9440,Colorado Garden Foundation,Domestic Non-Profit (other than Domestic Foundations),Direct sponsor reported; prime sponsor unavailable,FALSE,Foundation/nonprofit,FALSE,FALSE
K000164044,17210649,164044,New,"Stewart,Jane E","Stewart,Jane E (Primary PI) 1177",Myco-Ed: A National Platform Bringing Fungal Genomics to the Biomedical Workforce,1177-Agricultural Biology,1177,Agricultural Biology,Agricultural Sciences-Academic Units (E1),2026-07-01,2026,1931-06-30,TRUE,8,MTDC,Georgia Southern University,HHS-NIH-Nat Inst of General Medical Sci,Other Domestic Higher Education,Federal,2025-12-11,2025,,FALSE,503467.45,HHS-NIH-Nat Inst of General Medical Sci,Federal,Prime sponsor reported; direct sponsor is pass-through,TRUE,Federal,FALSE,FALSE
K000163610,17210637,163610,New,"Shergill,Lovreet S","Shergill,Lovreet S (Primary PI) 1177; Webb,Jason (Co-PI) 1170; Schipanski,Meagan Erin (Co-PI) 1170",Residue-Mediated Weed and Seedbank dynamics in Wheat-Fallow Rotations,1177-Agricultural Biology,1177,Agricultural Biology,Agricultural Sciences-Academic Units (E1),2026-01-01,2026,2027-12-31,FALSE,0,No Indirect Cost Allowed,Weed Science Society of America,,Domestic Non-Profit (other than Domestic Foundations),,2025-12-11,2025,,FALSE,52717.79,Weed Science Society of America,Domestic Non-Profit (other than Domestic Foundations),Direct sponsor reported; prime sponsor unavailable,FALSE,Foundation/nonprofit,FALSE,FALSE
K000163805,17210598,163805,Resubmission,"Fedorka,Carleigh Elizabeth","Fedorka,Carleigh Elizabeth (Primary PI) 1171; Hatzel,Jennifer Noelle (Co-PI) 1678; Sones,Jennifer L (Co-PI) 1678",Maternal Immune Tolerance And Embryo Development: Defining The Role Of Seminal Plasma In Equine Reproduction,1171-Animal Sciences,1171,Animal Sciences,Agricultural Sciences-Academic Units (E1),2026-05-01,2026,1930-04-30,TRUE,42.85,TDC,USDA-NIFA-National Institute of Food and Agriculture,,Federal,,2025-12-10,2025,,FALSE,647944.9,USDA-NIFA-National Institute of Food and Agriculture,Federal,Direct sponsor reported; prime sponsor unavailable,FALSE,Federal,FALSE,FALSE
K000164710,17210592,164710,New,"Webb,Jason","Webb,Jason (Primary PI) 1170; Jones-Diamond,Sally Marie (Co-PI) 1170",Pinto Bean Tolerance to Ultra Blazer and Cobra,1170-Soil + Crop Sciences,1170,Soil + Crop Sciences,Agricultural Sciences-Academic Units (E1),2026-05-01,2026,2027-04-30,FALSE,0,No Indirect Cost Allowed,Colorado Dry Bean Administration Committee,,Domestic Non-Profit (other than Domestic Foundations),,2025-12-10,2025,Funded,TRUE,6412.71,Colorado Dry Bean Administration Committee,Domestic Non-Profit (other than Domestic Foundations),Direct sponsor reported; prime sponsor unavailable,FALSE,Foundation/nonprofit,FALSE,FALSE
K000164543,17210521,164543,Supplement/Additional Funding,"Gutierrez-Rodriguez,Eduardo","Gutierrez-Rodriguez,Eduardo (Primary PI) 1173; Didero,Nicole Marie (Co-PI) 4030; Uchanski,Mark E (Co-PI) 1173",Western Regional Center to Enhance Food Safety: Sustaining a collaborative network to support the safety of our food supply,1173-Horticulture + Landscape Architecture,1173,Horticulture + Landscape Architecture,Agricultural Sciences-Academic Units (E1),2025-09-01,2025,2027-08-31,FALSE,35,MTDC,Oregon State University,USDA-NIFA-National Institute of Food and Agriculture,Other Domestic Higher Education,Federal,2025-12-10,2025,Funded,TRUE,40500,USDA-NIFA-National Institute of Food and Agriculture,Federal,Prime sponsor reported; direct sponsor is pass-through,TRUE,Federal,FALSE,FALSE
K000164535,17210511,164535,New,"Stewart,Jane E","Stewart,Jane E (Primary PI) 1177; Pieper,Jeff R (Co-PI) 4030; Tonnessen,Bradley William (Co-PI) 3046; Sterle,David Gabriel (Co-PI) 3046",Identifying factors correlated with incidence and severity Cytospora canker to develop mitigation strategies,1177-Agricultural Biology,1177,Agricultural Biology,Agricultural Sciences-Academic Units (E1),2026-06-01,2026,2029-05-31,FALSE,42.85,TDC,USDA-NIFA-National Institute of Food and Agriculture,,Federal,,2025-12-10,2025,,FALSE,299995.08,USDA-NIFA-National Institute of Food and Agriculture,Federal,Direct sponsor reported; prime sponsor unavailable,FALSE,Federal,FALSE,FALSE
K000163910,17210499,163910,New,"Fedorka,Carleigh Elizabeth","Fedorka,Carleigh Elizabeth (Primary PI) 1171; Sones,Jennifer L (Co-PI) 1678; Bosco-Lauth,Angela M (Co-PI) 1680","Progestins, Immunity, and Infection: Uncovering how hormonal manipulation shapes infectious disease risk in horses",1171-Animal Sciences,1171,Animal Sciences,Agricultural Sciences-Academic Units (E1),2026-05-01,2026,2029-04-30,FALSE,42.85,TDC,USDA-NIFA-National Institute of Food and Agriculture,,Federal,,2025-12-10,2025,,FALSE,638957.65,USDA-NIFA-National Institute of Food and Agriculture,Federal,Direct sponsor reported; prime sponsor unavailable,FALSE,Federal,FALSE,FALSE
K000163929,17210491,163929,New,"Jayanty,Sastry SSGM","Jayanty,Sastry SSGM (Primary PI) 1173; Lavhale,Santosh Govind (Co-PI) 1173; Khakhar,Arjun (Co-PI) 1878",Spray Induced RNA-Based Post-harvest Sprouting Suppression in Potato,1173-Horticulture + Landscape Architecture,1173,Horticulture + Landscape Architecture,Agricultural Sciences-Academic Units (E1),2026-01-01,2026,2028-12-31,FALSE,38.2,TDC,USDA-NIFA-National Institute of Food and Agriculture,,Federal,,2025-12-10,2025,,FALSE,649037.57,USDA-NIFA-National Institute of Food and Agriculture,Federal,Direct sponsor reported; prime sponsor unavailable,FALSE,Federal,FALSE,FALSE
K000164556,17210470,164556,New,"Machmuller,Megan B","Machmuller,Megan B (Primary PI) 1170; Namuth Covert,Deana Michelle (Co-PI) 1170; Ellis,Elizabeth Marie (Co-PI) 1170","Water Wise, Soil Smart: Co-development of an online training for soil health professionals",1170-Soil + Crop Sciences,1170,Soil + Crop Sciences,Agricultural Sciences-Academic Units (E1),2026-05-25,2026,2028-05-24,FALSE,10,TDC,Montana State University,USDA-NIFA-National Institute of Food and Agriculture,Other Domestic Higher Education,Federal,2025-12-10,2025,Funded,TRUE,99964.49,USDA-NIFA-National Institute of Food and Agriculture,Federal,Prime sponsor reported; direct sponsor is pass-through,TRUE,Federal,FALSE,FALSE
K000164572,17210464,164572,New,"Catalano,Devan Noelle","Catalano,Devan Noelle (Primary PI) 1171; Melgar Velis,Karla Maria (Co-PI) 4010",Advancing sustainable equine management through statewide Extension education in Colorado,1171-Animal Sciences,1171,Animal Sciences,Agricultural Sciences-Academic Units (E1),2026-05-01,2026,2029-04-30,FALSE,10,TDC,Montana State University,USDA-NIFA-National Institute of Food and Agriculture,Other Domestic Higher Education,Federal,2025-12-10,2025,,FALSE,99371.53,USDA-NIFA-National Institute of Food and Agriculture,Federal,Prime sponsor reported; direct sponsor is pass-through,TRUE,Federal,FALSE,FALSE
K000164625,17210458,164625,New,"Pottorff,Laura Pickett","Pottorff,Laura Pickett (Primary PI) 1170; Crowl,Randall Lee (Co-PI) 1170",CDA & CSU Regulatory Seed Sample Contract,1170-Soil + Crop Sciences,1170,Soil + Crop Sciences,Agricultural Sciences-Academic Units (E1),2026-01-01,2026,2026-12-31,FALSE,0,TDC,Colorado Department of Agriculture,,State of Colorado,,2025-12-10,2025,Funded,TRUE,50000,Colorado Department of Agriculture,State of Colorado,Direct sponsor reported; prime sponsor unavailable,FALSE,State,FALSE,FALSE
K000164652,17210452,164652,New,"Fowler,Ames","Fowler,Ames (Primary PI) 1170; Faria Tavares De Souza,Ligia (Co-PI) 1170",From Data to Decisions: A Scalable Framework for Monitoring and Modeling Conservation Practice Outcomes Across U.S. Agricultural Lands,1170-Soil + Crop Sciences,1170,Soil + Crop Sciences,Agricultural Sciences-Academic Units (E1),2026-06-01,2026,2029-05-31,FALSE,42.85,TDC,Point Blue Conservation Science,USDA-NIFA-National Institute of Food and Agriculture,Domestic Non-Profit (other than Domestic Foundations),Federal,2025-12-10,2025,,FALSE,29999.77,USDA-NIFA-National Institute of Food and Agriculture,Federal,Prime sponsor reported; direct sponsor is pass-through,FALSE,Federal,FALSE,FALSE
K000164315,17210410,164315,New,"Nalam,Vamsi","Nalam,Vamsi (Primary PI) 1177; Han,Jinlong (Co-PI) 1177",Development of Novel Genomic Tools for Resistance to Potato mop-top virus in Potato,1177-Agricultural Biology,1177,Agricultural Biology,Agricultural Sciences-Academic Units (E1),2026-06-01,2026,2028-05-31,FALSE,34.6,TDC,USDA-NIFA-National Institute of Food and Agriculture,,Federal,,2025-12-09,2025,,FALSE,299999.28,USDA-NIFA-National Institute of Food and Agriculture,Federal,Direct sponsor reported; prime sponsor unavailable,FALSE,Federal,FALSE,FALSE
K000164441,17210406,164441,New,"Manriquez Alvarez,Diego Ignacio","Manriquez Alvarez,Diego Ignacio (Primary PI) 1171",Enhancing Dairy Workforce Efficiency through Bilingual Education on Milking Practices,1171-Animal Sciences,1171,Animal Sciences,Agricultural Sciences-Academic Units (E1),2025-12-01,2025,2026-11-30,FALSE,0,No Indirect Cost Allowed,DeLaval,,Foreign Commercial,,2025-12-09,2025,Funded,TRUE,13438.7,DeLaval,Foreign Commercial,Direct sponsor reported; prime sponsor unavailable,FALSE,Industry,FALSE,FALSE
K000164461,17210398,164461,New,"Hufbauer,Ruth A","Hufbauer,Ruth A (Primary PI) 1177; Ode,Paul James (Co-PI) 1177; Eubanks,Micky (Co-PI) 1177",Developing integrated pest management of a pesticide-resistant polyphagous pest and its hybrids,1177-Agricultural Biology,1177,Agricultural Biology,Agricultural Sciences-Academic Units (E1),2026-06-01,2026,2029-05-31,FALSE,37.24,TDC,USDA-NIFA-National Institute of Food and Agriculture,,Federal,,2025-12-09,2025,,FALSE,749993.96,USDA-NIFA-National Institute of Food and Agriculture,Federal,Direct sponsor reported; prime sponsor unavailable,FALSE,Federal,FALSE,FALSE
K000164365,17210390,164365,New,"Szczepaniec,Adrianna","Szczepaniec,Adrianna (Primary PI) 1177; Mooney,Daniel F (Co-PI) 1172; Eubanks,Micky (Co-PI) 1177","Optimizing Habitat Design, Variety Selection, and Cultural Controls to Reduce Disease and Increase Producer Profits",1177-Agricultural Biology,1177,Agricultural Biology,Agricultural Sciences-Academic Units (E1),2026-05-01,2026,2029-04-30,FALSE,42.85,TDC,USDA-NIFA-National Institute of Food and Agriculture,,Federal,,2025-12-09,2025,,FALSE,749993.17,USDA-NIFA-National Institute of Food and Agriculture,Federal,Direct sponsor reported; prime sponsor unavailable,FALSE,Federal,FALSE,FALSE
K000164484,17210376,164484,New,"Stackhouse-Lawson,Kimberly Rose","Stackhouse-Lawson,Kimberly Rose (Primary PI) 1171; Enns,Richard Mark (Co-PI) 1171",Lallemand Cow Calf Levucell Project,1171-Animal Sciences,1171,Animal Sciences,Agricultural Sciences-Academic Units (E1),2026-01-01,2026,2026-12-31,FALSE,54,MTDC,Lallemand Animal Nutrition,,Foreign Commercial,,2025-12-09,2025,,FALSE,50000,Lallemand Animal Nutrition,Foreign Commercial,Direct sponsor reported; prime sponsor unavailable,FALSE,Industry,FALSE,FALSE
K000164582,17210372,164582,New,"Prenni,Jessica E","Prenni,Jessica E (Primary PI) 1173",PTFI Onboarding and Logistics Manager,1173-Horticulture + Landscape Architecture,1173,Horticulture + Landscape Architecture,Agricultural Sciences-Academic Units (E1),2025-11-01,2025,2026-10-31,FALSE,10,TDC,American Heart Association,,Domestic Non-Profit (other than Domestic Foundations),,2025-12-09,2025,Funded,TRUE,91080.58,American Heart Association,Domestic Non-Profit (other than Domestic Foundations),Direct sponsor reported; prime sponsor unavailable,FALSE,Foundation/nonprofit,FALSE,FALSE
K000164503,17210291,164503,New,"Britt,Kadie Elizabeth","Britt,Kadie Elizabeth (Primary PI) 1177; Szczepaniec,Adrianna (Co-PI) 1177",Western Invasive Pests Coordination Working Group (WIPCWG),1177-Agricultural Biology,1177,Agricultural Biology,Agricultural Sciences-Academic Units (E1),2026-03-01,2026,2027-02-28,FALSE,35,MTDC,Western Integrated Pest Management Center,"University of California, Davis",Domestic Non-Profit (other than Domestic Foundations),Other Domestic Higher Education,2025-12-08,2025,,FALSE,39999.57,"University of California, Davis",Other Domestic Higher Education,Prime sponsor reported; direct sponsor is pass-through,FALSE,Other,FALSE,FALSE
K000164094,17210200,164094,Resubmission,"Bousselot,Jennifer M","Bousselot,Jennifer M (Primary PI) 1173",Evaluate Native Plants As Alternative Food Sources For Crop Pollinators On Urban Ecological Island,1173-Horticulture + Landscape Architecture,1173,Horticulture + Landscape Architecture,Agricultural Sciences-Academic Units (E1),2026-01-01,2026,1930-12-31,TRUE,42.85,TDC,USDA-NIFA-National Institute of Food and Agriculture,,Federal,,2025-12-04,2025,,FALSE,749704.67,USDA-NIFA-National Institute of Food and Agriculture,Federal,Direct sponsor reported; prime sponsor unavailable,FALSE,Federal,FALSE,FALSE
K000164197,17209638,164197,New,"Engle,Terry E","Engle,Terry E (Primary PI) 1171; Chicco,Adam Joseph (Co-PI) 1680; Narayanan Nair,Mahesh (Co-PI) 1171",Effect Of Lubabegron Supplementation On Production Efficiency And Product Quality Of Feedlot Steers With Different Pulmonary Arterial Pressures,1171-Animal Sciences,1171,Animal Sciences,Agricultural Sciences-Academic Units (E1),2026-08-01,2026,2029-07-31,FALSE,42.85,TDC,University of Connecticut,USDA-NIFA-National Institute of Food and Agriculture,Other Domestic Higher Education,Federal,2025-11-18,2025,,FALSE,250520.55,USDA-NIFA-National Institute of Food and Agriculture,Federal,Prime sponsor reported; direct sponsor is pass-through,TRUE,Federal,FALSE,FALSE
K000163928,17209616,163928,New,"Fedorka,Carleigh Elizabeth","Fedorka,Carleigh Elizabeth (Primary PI) 1171",The Placentitis Panel: Validation of a Single Serum Sample for Detection of Equine Ascending Placentitis,1171-Animal Sciences,1171,Animal Sciences,Agricultural Sciences-Academic Units (E1),2026-05-01,2026,2028-04-30,FALSE,10,TDC,Grayson-Jockey Club Research Foundation,,Domestic Foundations,,2025-11-17,2025,,FALSE,147415.56,Grayson-Jockey Club Research Foundation,Domestic Foundations,Direct sponsor reported; prime sponsor unavailable,FALSE,Foundation/nonprofit,FALSE,FALSE
K000163664,17209612,163664,New,"Jones-Diamond,Sally Marie","Jones-Diamond,Sally Marie (Primary PI) 1170",CSU Sorghum Hybrid Performance Trials and,1170-Soil + Crop Sciences,1170,Soil + Crop Sciences,Agricultural Sciences-Academic Units (E1),2025-09-01,2025,2026-08-31,FALSE,0,No Indirect Cost Allowed,Colorado Sorghum Producers,,Domestic Non-Profit (other than Domestic Foundations),,2025-11-17,2025,Funded,TRUE,14500,Colorado Sorghum Producers,Domestic Non-Profit (other than Domestic Foundations),Direct sponsor reported; prime sponsor unavailable,FALSE,Foundation/nonprofit,FALSE,FALSE
K000164195,17209598,164195,New,"Gutierrez-Rodriguez,Eduardo","Gutierrez-Rodriguez,Eduardo (Primary PI) 1173; Davidson,Jeffery William (Key Person) 3040; Bartolo,Kristi L (Key Person) 3040",From the 2011 Listeria Crisis to Today: Longitudinal Preharvest Water Risk Decision-Making for Semi-arid Fresh Produce Growing Regions,1173-Horticulture + Landscape Architecture,1173,Horticulture + Landscape Architecture,Agricultural Sciences-Academic Units (E1),2026-09-01,2026,2029-08-31,FALSE,42.85,TDC,USDA-NIFA-National Institute of Food and Agriculture,,Federal,,2025-11-17,2025,,FALSE,649559.25,USDA-NIFA-National Institute of Food and Agriculture,Federal,Direct sponsor reported; prime sponsor unavailable,FALSE,Federal,FALSE,FALSE
K000163932,17209582,163932,New,"Jayanty,Sastry SSGM","Jayanty,Sastry SSGM (Primary PI) 1173; Lavhale,Santosh Govind (Co-PI) 1173",Molecules to Market: Biochemical and Genetic Determinants of Potato Quality for Fresh and Processed Products,1173-Horticulture + Landscape Architecture,1173,Horticulture + Landscape Architecture,Agricultural Sciences-Academic Units (E1),2026-01-01,2026,2028-12-31,FALSE,34.2,TDC,USDA-NIFA-National Institute of Food and Agriculture,,Federal,,2025-11-17,2025,,FALSE,647379.62,USDA-NIFA-National Institute of Food and Agriculture,Federal,Direct sponsor reported; prime sponsor unavailable,FALSE,Federal,FALSE,FALSE
K000163958,17209574,163958,Resubmission,"Wilkins,Michael James","Wilkins,Michael James (Primary PI) 1170",Agronomic and microbiome controls on soil nutrient cycling during rice cultivation,1170-Soil + Crop Sciences,1170,Soil + Crop Sciences,Agricultural Sciences-Academic Units (E1),2026-03-01,2026,1930-02-28,TRUE,54,MTDC,University of Arkansas,,Other Domestic Higher Education,,2025-11-17,2025,,FALSE,424368.16,University of Arkansas,Other Domestic Higher Education,Direct sponsor reported; prime sponsor unavailable,FALSE,Other,FALSE,FALSE
K000164443,17209505,164443,Resubmission,"Stewart,Jane E","Stewart,Jane E (Primary PI) 1177",Characterizing pathogenicity factors and interactions among Fusarium spp. to reduce and mitigate disease in conifer nurseries and outplanting sites,1177-Agricultural Biology,1177,Agricultural Biology,Agricultural Sciences-Academic Units (E1),2026-06-01,2026,1931-05-31,TRUE,42.85,TDC,USDA-NIFA-National Institute of Food and Agriculture,,Federal,,2025-11-17,2025,,FALSE,749986.9,USDA-NIFA-National Institute of Food and Agriculture,Federal,Direct sponsor reported; prime sponsor unavailable,FALSE,Federal,FALSE,FALSE
K000164361,17209386,164361,New,"Mooney,Daniel F","Mooney,Daniel F (Primary PI) 1172; Cabot,Perry Edmund (Co-PI) 1033",Economic Analysis of Drought-Resistant Forages in Colorado and Wyoming under Future Water Limitations,1172-Agricultural + Resource Economics,1172,Agricultural + Resource Economics,Agricultural Sciences-Academic Units (E1),2026-04-01,2026,2029-03-31,FALSE,42.85,TDC,University of Wyoming,USDA-NIFA-National Institute of Food and Agriculture,Other Domestic Higher Education,Federal,2025-11-12,2025,,FALSE,55000.01,USDA-NIFA-National Institute of Food and Agriculture,Federal,Prime sponsor reported; direct sponsor is pass-through,TRUE,Federal,TRUE,FALSE
K000164464,17209335,164464,New,"Raynor,Edward James","Raynor,Edward James (Primary PI) 1171; Shadbolt,Anna Margaux (Key Person) 1171","Beyond the Wire: Exploring the Social, Economic, and Legal Landscape of Virtual Fencing Technology for Livestock",1171-Animal Sciences,1171,Animal Sciences,Agricultural Sciences-Academic Units (E1),2026-05-01,2026,2029-04-30,FALSE,42.85,TDC,University of Missouri,USDA-NIFA-National Institute of Food and Agriculture,Other Domestic Higher Education,Federal,2025-11-11,2025,,FALSE,37260.56,USDA-NIFA-National Institute of Food and Agriculture,Federal,Prime sponsor reported; direct sponsor is pass-through,TRUE,Federal,FALSE,FALSE
K000164130,17209186,164130,New,"Yilma,Wubengeda Admasu","Yilma,Wubengeda Admasu (Primary PI) 1170; Hamilton,Christine London (Co-PI) 1170; Martin,Timothy (Co-PI) 1170; Kremen,Amy E (Co-PI) 1170; Izrael,Omer (Co-PI) 1170",Reducing soil Nitrogen accumulation using precision ag field evaluation methods and management,1170-Soil + Crop Sciences,1170,Soil + Crop Sciences,Agricultural Sciences-Academic Units (E1),2026-04-01,2026,2028-03-31,FALSE,17.64,TDC,National Geographic Society,,Domestic Non-Profit (other than Domestic Foundations),,2025-11-10,2025,,FALSE,149910.69,National Geographic Society,Domestic Non-Profit (other than Domestic Foundations),Direct sponsor reported; prime sponsor unavailable,FALSE,Foundation/nonprofit,FALSE,FALSE
K000164049,17209182,164049,New,"Graff,Gregory D","Graff,Gregory D (Primary PI) 1172","The roles of startups, corporations, and public institutions in U.S. agricultural innovation",1172-Agricultural + Resource Economics,1172,Agricultural + Resource Economics,Agricultural Sciences-Academic Units (E1),2026-05-01,2026,2029-04-30,FALSE,54,MTDC,Auburn University,USDA-NIFA-National Institute of Food and Agriculture,Other Domestic Higher Education,Federal,2025-11-10,2025,,FALSE,219880.76,USDA-NIFA-National Institute of Food and Agriculture,Federal,Prime sponsor reported; direct sponsor is pass-through,TRUE,Federal,TRUE,FALSE
K000164172,17209178,164172,New,"Craver,Joshua Ken","Craver,Joshua Ken (Primary PI) 1173",Quantum Dot-Infused Woven Fabrics for Adaptive Greenhouse Light Management,1173-Horticulture + Landscape Architecture,1173,Horticulture + Landscape Architecture,Agricultural Sciences-Academic Units (E1),2026-07-01,2026,1930-06-30,TRUE,42.85,TDC,Virginia Polytechnic Institute,USDA-NIFA-National Institute of Food and Agriculture,Other Domestic Higher Education,Federal,2025-11-10,2025,,FALSE,97265.63,USDA-NIFA-National Institute of Food and Agriculture,Federal,Prime sponsor reported; direct sponsor is pass-through,TRUE,Federal,FALSE,FALSE
K000164132,17209104,164132,New,"Argueso,Cristiana","Argueso,Cristiana (Primary PI) 1177; Berenjian,Aydin (Co-PI) 1378",A Phytohormone Nanocomposite for Increased Plant Growth and Stress Tolerance,1177-Agricultural Biology,1177,Agricultural Biology,Agricultural Sciences-Academic Units (E1),2026-04-16,2026,2029-04-15,FALSE,42.85,TDC,USDA-NIFA-National Institute of Food and Agriculture,,Federal,,2025-11-10,2025,,FALSE,649405.33,USDA-NIFA-National Institute of Food and Agriculture,Federal,Direct sponsor reported; prime sponsor unavailable,FALSE,Federal,FALSE,FALSE
K000164259,17209098,164259,New,"Enns,Richard Mark","Enns,Richard Mark (Primary PI) 1171; Speidel,Scott E (Co-PI) 1171",ALPAGEN-Strengthening Alpaca Farming through Genetic Improvement Strategies,1171-Animal Sciences,1171,Animal Sciences,Agricultural Sciences-Academic Units (E1),2026-07-01,2026,2029-06-30,FALSE,42.85,TDC,Iowa State University,USDA-NIFA-National Institute of Food and Agriculture,Other Domestic Higher Education,Federal,2025-11-10,2025,,FALSE,57409.01,USDA-NIFA-National Institute of Food and Agriculture,Federal,Prime sponsor reported; direct sponsor is pass-through,TRUE,Federal,FALSE,FALSE
K000164387,17209092,164387,New,"Thompson,Henry J","Thompson,Henry J (Primary PI) 1173; Weir,Tiffany L (Co-PI) 1571",Development of Ultra-Processed Food Prototypes to Reduce Chronic Disease Risk,1173-Horticulture + Landscape Architecture,1173,Horticulture + Landscape Architecture,Agricultural Sciences-Academic Units (E1),2026-07-01,2026,2029-06-30,FALSE,42.85,TDC,USDA-NIFA-National Institute of Food and Agriculture,,Federal,,2025-11-10,2025,,FALSE,648784.49,USDA-NIFA-National Institute of Food and Agriculture,Federal,Direct sponsor reported; prime sponsor unavailable,FALSE,Federal,FALSE,FALSE
K000164487,17209071,164487,New,"Charkowski,Amy Olymbia","Charkowski,Amy Olymbia (Primary PI) 1101; Chikh-Ali,Mohamad (Co-PI) 3043; Essah,Samuel YC (Co-PI) 3043",Advancing UAV Hyperspectral Imaging for Early Detection of Potato Virus Y in Seed Potato Systems,1177-Agricultural Biology,1177,Agricultural Biology,Agricultural Sciences-Academic Units (E1),2026-04-01,2026,2029-03-31,FALSE,26,MTDC,Montana State University,USDA-NIFA-National Institute of Food and Agriculture,Other Domestic Higher Education,Federal,2025-11-10,2025,,FALSE,298880.02,USDA-NIFA-National Institute of Food and Agriculture,Federal,Prime sponsor reported; direct sponsor is pass-through,TRUE,Federal,FALSE,FALSE
K000164538,17209067,164538,New,"Speidel,Scott E","Speidel,Scott E (Primary PI) 1171",Prediction of heifer pregnancy using ultrasound measures of backfat and potential management strategies for beef cattle producers,1171-Animal Sciences,1171,Animal Sciences,Agricultural Sciences-Academic Units (E1),2026-10-01,2026,2029-09-30,FALSE,42.85,TDC,Iowa State University,USDA-NIFA-National Institute of Food and Agriculture,Other Domestic Higher Education,Federal,2025-11-10,2025,,FALSE,22625.53,USDA-NIFA-National Institute of Food and Agriculture,Federal,Prime sponsor reported; direct sponsor is pass-through,TRUE,Federal,FALSE,FALSE
K000164092,17207898,164092,New,"Catalano,Devan Noelle","Catalano,Devan Noelle (Primary PI) 1171",Novel treatment for Equine Asthma,1171-Animal Sciences,1171,Animal Sciences,Agricultural Sciences-Academic Units (E1),2026-08-01,2026,2028-07-31,FALSE,10,TDC,Grayson-Jockey Club Research Foundation,,Domestic Foundations,,2025-10-29,2025,,FALSE,90988.46,Grayson-Jockey Club Research Foundation,Domestic Foundations,Direct sponsor reported; prime sponsor unavailable,FALSE,Foundation/nonprofit,FALSE,FALSE
K000164091,17207783,164091,New,"Webb,Jason","Webb,Jason (Primary PI) 1170; Deiss,Leonardo (Co-PI) 1170; Jones-Diamond,Sally Marie (Key Person) 1170; Hess,Ann Marie (Key Person) 1877",Understanding pH Diffusion in Irrigated Calcareous Soils from Point Application of Strong Acids in Strip Tillage,1170-Soil + Crop Sciences,1170,Soil + Crop Sciences,Agricultural Sciences-Academic Units (E1),2026-01-01,2026,2029-12-31,FALSE,42.85,TDC,USDA-NIFA-National Institute of Food and Agriculture,,Federal,,2025-10-28,2025,,FALSE,380885.46,USDA-NIFA-National Institute of Food and Agriculture,Federal,Direct sponsor reported; prime sponsor unavailable,FALSE,Federal,FALSE,FALSE
K000164141,17207775,164141,New,"Fonte,Steven John","Fonte,Steven John (Primary PI) 1170; Schipanski,Meagan Erin (Co-PI) 1170; Prairie,Aaron Michael (Co-PI) 1170",Identifying Management Synergies To Optimize Soil Health And Productivity In The Great Plains,1170-Soil + Crop Sciences,1170,Soil + Crop Sciences,Agricultural Sciences-Academic Units (E1),2026-08-01,2026,2029-07-31,FALSE,42.85,TDC,USDA-NIFA-National Institute of Food and Agriculture,,Federal,,2025-10-28,2025,,FALSE,749932.2,USDA-NIFA-National Institute of Food and Agriculture,Federal,Direct sponsor reported; prime sponsor unavailable,FALSE,Federal,FALSE,FALSE
K000164311,17207758,164311,New,"Schipanski,Meagan Erin","Schipanski,Meagan Erin (Primary PI) 1170; Prenni,Jessica E (Co-PI) 1173",DNRA as a novel rhizosphere process mediating plant nitrogen use efficiency,1170-Soil + Crop Sciences,1170,Soil + Crop Sciences,Agricultural Sciences-Academic Units (E1),2026-06-01,2026,1930-05-31,TRUE,42.85,TDC,Oregon State University,USDA-NIFA-National Institute of Food and Agriculture,Other Domestic Higher Education,Federal,2025-10-28,2025,,FALSE,122627.83,USDA-NIFA-National Institute of Food and Agriculture,Federal,Prime sponsor reported; direct sponsor is pass-through,TRUE,Federal,FALSE,FALSE
K000164375,17207745,164375,New,"Jones-Diamond,Sally Marie","Jones-Diamond,Sally Marie (Primary PI) 1170; Webb,Jason (Co-PI) 1170","Development and deployment of genetic, genomic, and phenomics resources for proso millet breeding",1170-Soil + Crop Sciences,1170,Soil + Crop Sciences,Agricultural Sciences-Academic Units (E1),2027-01-01,2027,1930-12-31,TRUE,42.85,TDC,University of Nebraska,USDA-NIFA-National Institute of Food and Agriculture,Other Domestic Higher Education,Federal,2025-10-28,2025,,FALSE,149994.15,USDA-NIFA-National Institute of Food and Agriculture,Federal,Prime sponsor reported; direct sponsor is pass-through,TRUE,Federal,FALSE,FALSE
K000163997,17207712,163997,New,"Deiss,Leonardo","Deiss,Leonardo (Primary PI) 1170; Webb,Jason (Co-PI) 1170; Jones-Diamond,Sally Marie (Co-PI) 1170; Leuthold,Samuel John (Co-PI) 1170",From Soil Processes to Decision Making: Optimizing Nitrogen Fertilizer Management in Cereal Systems Using High-Throughput Soil Health Assessment,1170-Soil + Crop Sciences,1170,Soil + Crop Sciences,Agricultural Sciences-Academic Units (E1),2026-03-01,2026,1930-02-28,TRUE,26.29,TDC,USDA-NIFA-National Institute of Food and Agriculture,,Federal,,2025-10-27,2025,,FALSE,744189.03,USDA-NIFA-National Institute of Food and Agriculture,Federal,Direct sponsor reported; prime sponsor unavailable,FALSE,Federal,FALSE,FALSE
K000164122,17207708,164122,Supplement/Additional Funding,"Mason,Richard Esten","Mason,Richard Esten (Primary PI) 1170",Drought Stress Tolerance Trait Discovery in Wheat,1170-Soil + Crop Sciences,1170,Soil + Crop Sciences,Agricultural Sciences-Academic Units (E1),2025-09-01,2025,2026-08-31,FALSE,0,No Indirect Cost Allowed,USDA-ARS-Agricultural Research Service,,Federal,,2025-10-27,2025,Funded,TRUE,108383.97,USDA-ARS-Agricultural Research Service,Federal,Direct sponsor reported; prime sponsor unavailable,FALSE,Federal,FALSE,FALSE
K000164336,17207704,164336,New,"Deiss,Leonardo","Deiss,Leonardo (Primary PI) 1170",Outcome-Oriented Soil Health Frameworks with Mid-Infrared Spectroscopy in the Pacific Northwest,1170-Soil + Crop Sciences,1170,Soil + Crop Sciences,Agricultural Sciences-Academic Units (E1),2026-09-01,2026,2029-08-31,FALSE,42.85,TDC,Oregon State University,,Other Domestic Higher Education,,2025-10-27,2025,,FALSE,52874.28,Oregon State University,Other Domestic Higher Education,Direct sponsor reported; prime sponsor unavailable,FALSE,Other,FALSE,FALSE
K000164056,17207678,164056,New,"Burkhardt,Jesse Brodie","Burkhardt,Jesse Brodie (Primary PI) 1172; Magnan,Nicholas P (Co-PI) 1172; Collett Jr,Jeffrey L (Co-PI) 1371; Corwin,Kimberley A (Co-PI) 1371; DeLay,Nathan D (Co-PI) 1172","Estimating U.S. CAFO Ammonia Emissions Using Satellite and Ground Observations for Economic, Health, and Policy Analysis",1172-Agricultural + Resource Economics,1172,Agricultural + Resource Economics,Agricultural Sciences-Academic Units (E1),2026-06-01,2026,2029-05-31,FALSE,42.85,TDC,USDA-NIFA-National Institute of Food and Agriculture,,Federal,,2025-10-27,2025,,FALSE,649990.93,USDA-NIFA-National Institute of Food and Agriculture,Federal,Direct sponsor reported; prime sponsor unavailable,FALSE,Federal,TRUE,FALSE
K000163714,17207672,163714,Resubmission,"Zhang,Peipei","Zhang,Peipei (Primary PI) 1171; Gentry-Weeks,Claudia R (Co-PI) 1682","Combat meat-borne pathogens by targeting their potential shelter, Pseudomonas spp., in meat fabrication facilities",1171-Animal Sciences,1171,Animal Sciences,Agricultural Sciences-Academic Units (E1),2026-09-01,2026,1931-08-31,TRUE,54,MTDC,USDA-NIFA-National Institute of Food and Agriculture,,Federal,,2025-10-27,2025,,FALSE,649130.69,USDA-NIFA-National Institute of Food and Agriculture,Federal,Direct sponsor reported; prime sponsor unavailable,FALSE,Federal,FALSE,FALSE
K000164220,17207140,164220,New,"Mason,Richard Esten","Mason,Richard Esten (Primary PI) 1170",PARTNERSHIP: Enhancing Wheat Selection Through AI-Powered Phenotyping Using Multiscale Imaging,1170-Soil + Crop Sciences,1170,Soil + Crop Sciences,Agricultural Sciences-Academic Units (E1),2026-10-01,2026,2029-09-30,FALSE,42.85,TDC,South Dakota State University,USDA-NIFA-National Institute of Food and Agriculture,Other Domestic Higher Education,Federal,2025-10-20,2025,,FALSE,105358.69,USDA-NIFA-National Institute of Food and Agriculture,Federal,Prime sponsor reported; direct sponsor is pass-through,TRUE,Federal,FALSE,FALSE
K000164230,17207136,164230,New,"Stanley,Paige Lauren","Stanley,Paige Lauren (Primary PI) 1170",Leveraging grazing frequency to enhance production and ecosystem services in subtropical pasture,1170-Soil + Crop Sciences,1170,Soil + Crop Sciences,Agricultural Sciences-Academic Units (E1),2026-05-01,2026,1930-04-30,TRUE,42.85,TDC,University of Florida,USDA-NIFA-National Institute of Food and Agriculture,Other Domestic Higher Education,Federal,2025-10-20,2025,,FALSE,122612.51,USDA-NIFA-National Institute of Food and Agriculture,Federal,Prime sponsor reported; direct sponsor is pass-through,TRUE,Federal,FALSE,FALSE
K000164097,17206919,164097,New,"Bousselot,Jennifer M","Bousselot,Jennifer M (Primary PI) 1173; Thilmany,Dawn D (Co-PI) 1172; Craver,Joshua Ken (Co-PI) 1173","Leveraging Microclimates: Enhancing Small Farm Profitability through Shade-Tolerant, High-Value Small Fruits",1173-Horticulture + Landscape Architecture,1173,Horticulture + Landscape Architecture,Agricultural Sciences-Academic Units (E1),2026-01-01,2026,2028-12-31,FALSE,54,MTDC,USDA-NIFA-National Institute of Food and Agriculture,,Federal,,2025-10-14,2025,,FALSE,649972.21,USDA-NIFA-National Institute of Food and Agriculture,Federal,Direct sponsor reported; prime sponsor unavailable,FALSE,Federal,FALSE,FALSE
K000163560,17206880,163560,New,"Machmuller,Megan B","Machmuller,Megan B (Primary PI) 1170; Ellis,Elizabeth Marie (Co-PI) 1170; Namuth Covert,Deana Michelle (Co-PI) 1170",Upskilling for Soil Health Practitioners in Water-Limited Regions,1170-Soil + Crop Sciences,1170,Soil + Crop Sciences,Agricultural Sciences-Academic Units (E1),2025-12-01,2025,2027-11-30,FALSE,35,MTDC,eXtension Foundation,,Domestic Non-Profit (other than Domestic Foundations),,2025-10-13,2025,,FALSE,200000.33,eXtension Foundation,Domestic Non-Profit (other than Domestic Foundations),Direct sponsor reported; prime sponsor unavailable,FALSE,Foundation/nonprofit,FALSE,FALSE
K000163810,17206869,163810,New,"Cadaret,Caitlin","Cadaret,Caitlin (Primary PI) 1171; Edwards-Callaway,Lily Nowell (Co-PI) 1171",Characterizing Sheep Behavior and Physiology in a Solar Field,1171-Animal Sciences,1171,Animal Sciences,Agricultural Sciences-Academic Units (E1),2026-05-01,2026,2026-08-31,FALSE,8.1,TDC,The National Sheep Industry Improvement Center,,Federal,,2025-10-13,2025,,FALSE,28901.55,The National Sheep Industry Improvement Center,Federal,Direct sponsor reported; prime sponsor unavailable,FALSE,Federal,FALSE,FALSE
K000163709,17206861,163709,Resubmission,"Narayanan Nair,Mahesh","Narayanan Nair,Mahesh (Primary PI) 1171; Thoma,Gregory (Co-PI) 3001; Countryman,Amanda Marie (Co-PI) 1172",Overcoming US Consumer Hesitation Towards Vacuum-Packaged Beef,1171-Animal Sciences,1171,Animal Sciences,Agricultural Sciences-Academic Units (E1),2026-06-01,2026,2029-05-31,FALSE,42.85,TDC,USDA-NIFA-National Institute of Food and Agriculture,,Federal,,2025-10-13,2025,,FALSE,649867.83,USDA-NIFA-National Institute of Food and Agriculture,Federal,Direct sponsor reported; prime sponsor unavailable,FALSE,Federal,FALSE,FALSE
K000162828,17206847,162828,New,"Wilkins,Michael James","Wilkins,Michael James (Primary PI) 1170",Northern Water ET Kauffman Creek Restoration - Biogeochemical Monitoring,1170-Soil + Crop Sciences,1170,Soil + Crop Sciences,Agricultural Sciences-Academic Units (E1),2025-07-01,2025,2028-06-30,FALSE,15,TDC,Northern Water,,State of Colorado Other Local Government,,2025-10-13,2025,Funded,TRUE,48504.72,Northern Water,State of Colorado Other Local Government,Direct sponsor reported; prime sponsor unavailable,FALSE,State,FALSE,FALSE
K000163707,17206834,163707,New,"Countryman,Amanda Marie","Countryman,Amanda Marie (Primary PI) 1172",PARTNERSHIP: International Trade Implications for U.S. Agricultural Labor,1172-Agricultural + Resource Economics,1172,Agricultural + Resource Economics,Agricultural Sciences-Academic Units (E1),2026-06-01,2026,2029-05-31,FALSE,22.79,TDC,USDA-NIFA-National Institute of Food and Agriculture,,Federal,,2025-10-13,2025,,FALSE,799829.79,USDA-NIFA-National Institute of Food and Agriculture,Federal,Direct sponsor reported; prime sponsor unavailable,FALSE,Federal,TRUE,FALSE
K000163860,17206830,163860,New,"Bonanno,Alessandro","Bonanno,Alessandro (Primary PI) 1172",A Data Driven Measure of Food Insecurity and It's Implications for Research and Policy,1172-Agricultural + Resource Economics,1172,Agricultural + Resource Economics,Agricultural Sciences-Academic Units (E1),2026-05-01,2026,1930-04-30,TRUE,42.85,TDC,Pennsylvania State University,USDA-NIFA-National Institute of Food and Agriculture,Other Domestic Higher Education,Federal,2025-10-13,2025,,FALSE,243518.14,USDA-NIFA-National Institute of Food and Agriculture,Federal,Prime sponsor reported; direct sponsor is pass-through,TRUE,Federal,TRUE,FALSE
K000163600,17206824,163600,Resubmission,"Ode,Paul James","Ode,Paul James (Primary PI) 1177; Balgopal,Meena M (Co-PI) 1878","Eco-immunology of trophic interactions: linking plant defense chemistry, herbivore immune function, and natural enemies in multitrophic systems",1177-Agricultural Biology,1177,Agricultural Biology,Agricultural Sciences-Academic Units (E1),2026-05-01,2026,2029-04-30,FALSE,54,MTDC,NSF-National Science Foundation,,Federal,,2025-10-13,2025,,FALSE,666565.06,NSF-National Science Foundation,Federal,Direct sponsor reported; prime sponsor unavailable,FALSE,Federal,FALSE,FALSE
K000164182,17206810,164182,New,"Hess,Tanja","Hess,Tanja (Primary PI) 1171; Carvalho Seabra,Jessica (Co-PI) 1171",Effects of single versus double stalling in young horses behavior,1171-Animal Sciences,1171,Animal Sciences,Agricultural Sciences-Academic Units (E1),2026-04-01,2026,2027-12-31,FALSE,10,TDC,Grayson-Jockey Club Research Foundation,,Domestic Foundations,,2025-10-13,2025,,FALSE,17384.56,Grayson-Jockey Club Research Foundation,Domestic Foundations,Direct sponsor reported; prime sponsor unavailable,FALSE,Foundation/nonprofit,FALSE,FALSE
K000163826,17206800,163826,New,"Ritten,John Patrick","Ritten,John Patrick (Primary PI) 1172; Shadbolt,Anna Margaux (Co-PI) 1171; Pasricha,Sudeep (Co-PI) 1373; Raynor,Edward James (Co-PI) 1171",AI-Enabled Precision Livestock Technologies for Enhanced Adaptive Grazing Management,1172-Agricultural + Resource Economics,1172,Agricultural + Resource Economics,Agricultural Sciences-Academic Units (E1),2026-05-01,2026,2029-04-30,FALSE,42.85,TDC,USDA-NIFA-National Institute of Food and Agriculture,,Federal,,2025-10-13,2025,,FALSE,650000.01,USDA-NIFA-National Institute of Food and Agriculture,Federal,Direct sponsor reported; prime sponsor unavailable,FALSE,Federal,TRUE,FALSE
K000164155,17206547,164155,Supplement/Additional Funding,"Schipanski,Meagan Erin","Schipanski,Meagan Erin (Primary PI) 1170",Improving our understanding of plant and soil processes regulating water and nitrogen use,1170-Soil + Crop Sciences,1170,Soil + Crop Sciences,Agricultural Sciences-Academic Units (E1),2025-07-15,2025,2026-07-14,FALSE,0,No Indirect Cost Allowed,USDA-ARS-Agricultural Research Service,,Federal,,2025-10-08,2025,Funded,TRUE,25999.56,USDA-ARS-Agricultural Research Service,Federal,Direct sponsor reported; prime sponsor unavailable,FALSE,Federal,FALSE,FALSE
K000163899,17206441,163899,Supplement/Additional Funding,"Wilkins,Michael James","Wilkins,Michael James (Primary PI) 1170",Using biogeochemical and microbiome tools to evaluate nitrogen and carbon retention in montane wetlands: Implications for post-fire restoration,1170-Soil + Crop Sciences,1170,Soil + Crop Sciences,Agricultural Sciences-Academic Units (E1),2025-09-01,2025,2027-08-31,FALSE,15,TDC,USDA-USFS-Rocky Mtn. Rsrch Station - CO,,Federal,,2025-10-07,2025,Funded,TRUE,75890.63,USDA-USFS-Rocky Mtn. Rsrch Station - CO,Federal,Direct sponsor reported; prime sponsor unavailable,FALSE,Federal,FALSE,FALSE
K000163241,17206424,163241,New,"Wrighton,Kelly Catherine","Wrighton,Kelly Catherine (Primary PI) 1170; Kirby,Michael J (Co-PI) 1874; Scyphers,Madeline Elara (Co-PI) 1170; Quinn,Jason Charles (Co-PI) 1374; Sharvelle,Sybil E (Co-PI) 1372; Borton,Mikayla Ann (Co-PI) 1170",BioRefineIQ: Intelligent Software Design for Waste-to-Value Microbiome Systems,1170-Soil + Crop Sciences,1170,Soil + Crop Sciences,Agricultural Sciences-Academic Units (E1),2026-01-12,2026,2029-12-31,FALSE,11.11,TDC,Schmidt Sciences,Foundation for Food & Agriculture Research,Domestic Non-Profit (other than Domestic Foundations),Domestic Non-Profit (other than Domestic Foundations),2025-10-07,2025,,FALSE,6000000,Foundation for Food & Agriculture Research,Domestic Non-Profit (other than Domestic Foundations),Prime sponsor reported; direct sponsor is pass-through,FALSE,Foundation/nonprofit,FALSE,FALSE
K000163886,17206315,163886,New,"Kolodinsky,Jane","Kolodinsky,Jane (Primary PI) 1172",Assessing Evaluating Health Claims and Synthetic Dye Policies to Advance a Healthier Food System,1172-Agricultural + Resource Economics,1172,Agricultural + Resource Economics,Agricultural Sciences-Academic Units (E1),2026-07-01,2026,2029-06-30,FALSE,42.85,TDC,University of Kentucky,USDA-NIFA-National Institute of Food and Agriculture,Other Domestic Higher Education,Federal,2025-10-06,2025,,FALSE,29998.09,USDA-NIFA-National Institute of Food and Agriculture,Federal,Prime sponsor reported; direct sponsor is pass-through,TRUE,Federal,TRUE,FALSE
K000163807,17206191,163807,New,"Burnette,Lindsay","Burnette,Lindsay (Primary PI) 1173; McQuade,Amanda Ford (Co-PI) 3046; Welker,Alyson P (Co-PI) 1773; Quinonez,Elias (Key Person) 1101",Seeding Knowledge: Co-Imagining New Possibilities for Agricultural Education,1173-Horticulture + Landscape Architecture,1173,Horticulture + Landscape Architecture,Agricultural Sciences-Academic Units (E1),2026-05-18,2026,2027-05-17,FALSE,0,MTDC,Spencer Foundation,,Domestic Foundations,,2025-10-06,2025,,FALSE,74995.55,Spencer Foundation,Domestic Foundations,Direct sponsor reported; prime sponsor unavailable,FALSE,Foundation/nonprofit,FALSE,FALSE
K000163934,17205814,163934,Supplement/Additional Funding,"Scott,Quatez Bernard","Scott,Quatez Bernard (Primary PI) 1101; Atine,Patrese (Co-PI) 0100",Colorado State University New Beginning for Tribal Students,1101-Dean of Agricultural Sciences,1101,Dean of Agricultural Sciences,Agricultural Sciences-Academic Units (E1),2025-09-01,2025,2027-08-31,FALSE,35,MTDC,USDA-NIFA-National Institute of Food and Agriculture,,Federal,,2025-09-30,2025,Funded,TRUE,250000,USDA-NIFA-National Institute of Food and Agriculture,Federal,Direct sponsor reported; prime sponsor unavailable,FALSE,Federal,FALSE,FALSE
K000163784,17205773,163784,New,"Countryman,Amanda Marie","Countryman,Amanda Marie (Primary PI) 1172","PARTNERSHIP: Economic Modeling of Trade Policy in Complex Agricultural Supply Chains: Tools for Market Access, Export Competitiveness, and Policy Sequencing",1172-Agricultural + Resource Economics,1172,Agricultural + Resource Economics,Agricultural Sciences-Academic Units (E1),2026-07-01,2026,1930-06-30,TRUE,42.85,TDC,North Dakota State University,USDA-NIFA-National Institute of Food and Agriculture,Other Domestic Higher Education,Federal,2025-09-29,2025,,FALSE,74999.01,USDA-NIFA-National Institute of Food and Agriculture,Federal,Prime sponsor reported; direct sponsor is pass-through,TRUE,Federal,TRUE,FALSE
K000163785,17205769,163785,New,"Vivanco,Jorge M","Vivanco,Jorge M (Primary PI) 1173",Polysaccharide-Coated Phosphorus Fertilizers for Enhanced P-Uptake and Reduced Environmental Impact,1173-Horticulture + Landscape Architecture,1173,Horticulture + Landscape Architecture,Agricultural Sciences-Academic Units (E1),2026-09-01,2026,2029-08-31,FALSE,20,TDC,Binational Agricultural Research and Development Fund,,Foreign Government,,2025-09-29,2025,,FALSE,300029.17,Binational Agricultural Research and Development Fund,Foreign Government,Direct sponsor reported; prime sponsor unavailable,FALSE,Other,FALSE,FALSE
K000163786,17205765,163786,New,"Blecker,Lisa Ann","Blecker,Lisa Ann (Primary PI) 1177",FY 2026 Pesticides Program,1177-Agricultural Biology,1177,Agricultural Biology,Agricultural Sciences-Academic Units (E1),2025-10-01,2025,2026-09-30,FALSE,10,TDC,Colorado Department of Agriculture,,State of Colorado,,2025-09-29,2025,Funded,TRUE,38536.27,Colorado Department of Agriculture,State of Colorado,Direct sponsor reported; prime sponsor unavailable,FALSE,State,FALSE,FALSE
K000163994,17205718,163994,New,"Charkowski,Amy Olymbia","Charkowski,Amy Olymbia (Primary PI) 1101; Chikh-Ali,Mohamad (Co-PI) 3043",Flawless Spuds: Integrated Approaches to Manage Potato Powdery Scab,1177-Agricultural Biology,1177,Agricultural Biology,Agricultural Sciences-Academic Units (E1),2026-01-01,2026,2029-12-31,FALSE,42.85,TDC,Washington State University,USDA-NIFA-National Institute of Food and Agriculture,Other Domestic Higher Education,Federal,2025-09-29,2025,,FALSE,1000000.01,USDA-NIFA-National Institute of Food and Agriculture,Federal,Prime sponsor reported; direct sponsor is pass-through,TRUE,Federal,FALSE,FALSE
K000163996,17205708,163996,New,"Marostegan de Paula,Eduardo","Marostegan de Paula,Eduardo (Primary PI) 1171; Vargas Martinez,Juan de Jesus de Jesus (Co-PI) 1171; Engle,Terry E (Co-PI) 1171; Place,Sara (Co-PI) 1171","Ruminal in vitro fermentation, gas production, and methane emissions of sustainability molecules: an initial screening project",1171-Animal Sciences,1171,Animal Sciences,Agricultural Sciences-Academic Units (E1),2025-09-15,2025,2026-03-28,FALSE,35,MTDC,Elanco Animal Health,,Domestic Commercial,,2025-09-29,2025,Funded,TRUE,40458.77,Elanco Animal Health,Domestic Commercial,Direct sponsor reported; prime sponsor unavailable,FALSE,Industry,FALSE,FALSE
K000163727,17205693,163727,New,"Countryman,Amanda Marie","Countryman,Amanda Marie (Primary PI) 1172",One Health Economic Assessment of Zoonotic Diseases,1172-Agricultural + Resource Economics,1172,Agricultural + Resource Economics,Agricultural Sciences-Academic Units (E1),2026-07-01,2026,2029-06-30,FALSE,42.85,TDC,Kansas State University,,Other Domestic Higher Education,,2025-09-29,2025,,FALSE,241511.23,Kansas State University,Other Domestic Higher Education,Direct sponsor reported; prime sponsor unavailable,FALSE,Other,TRUE,FALSE
K000163874,17205687,163874,New,"Wilkins,Michael James","Wilkins,Michael James (Primary PI) 1170; Sparks,Kya Mckensie (Co-PI) 1170",Kya Sparks: Influence of overlapping forest disturbances on post-fire soil recovery,1170-Soil + Crop Sciences,1170,Soil + Crop Sciences,Agricultural Sciences-Academic Units (E1),2026-10-01,2026,2027-09-30,FALSE,20,MTDC,DOI-BLM-Bureau of Land Management,,Federal,,2025-09-29,2025,,FALSE,24777.68,DOI-BLM-Bureau of Land Management,Federal,Direct sponsor reported; prime sponsor unavailable,FALSE,Federal,FALSE,FALSE
K000163889,17205681,163889,New,"Wilkins,Michael James","Wilkins,Michael James (Primary PI) 1170; Stevens-Rumann,Camille S (Co-PI) 1472",Gauging Watershed Recovery and Vegetation and Biogeochemical Responses to Post-Fire Management,1170-Soil + Crop Sciences,1170,Soil + Crop Sciences,Agricultural Sciences-Academic Units (E1),2025-11-01,2025,1930-10-31,TRUE,0,No Indirect Cost Allowed,USDA-USFS-Rocky Mtn. Rsrch Station - CO,,Federal,,2025-09-29,2025,Funded,TRUE,499999.55,USDA-USFS-Rocky Mtn. Rsrch Station - CO,Federal,Direct sponsor reported; prime sponsor unavailable,FALSE,Federal,FALSE,FALSE
K000163945,17205672,163945,New,"Mason,Richard Esten","Mason,Richard Esten (Primary PI) 1170",Leveraging adaptive potential of ancient wheats to improve drought resilience of winter wheat cultivars,1170-Soil + Crop Sciences,1170,Soil + Crop Sciences,Agricultural Sciences-Academic Units (E1),2026-05-01,2026,1930-04-30,TRUE,42.85,TDC,Kansas State University,USDA-NIFA-National Institute of Food and Agriculture,Other Domestic Higher Education,Federal,2025-09-29,2025,,FALSE,366618.64,USDA-NIFA-National Institute of Food and Agriculture,Federal,Prime sponsor reported; direct sponsor is pass-through,TRUE,Federal,FALSE,FALSE
K000164005,17205632,164005,New,"Uchanski,Mark E","Uchanski,Mark E (Primary PI) 1173; Essah,Samuel YC (Co-PI) 3043",Harnessing Root Communication and Kin Recognition to Enhance Potato Yield and Resilience in Arid Environments,1173-Horticulture + Landscape Architecture,1173,Horticulture + Landscape Architecture,Agricultural Sciences-Academic Units (E1),2026-09-15,2026,2029-09-14,FALSE,20,TDC,Binational Agricultural Research and Development Fund,,Foreign Government,,2025-09-29,2025,,FALSE,159995.7,Binational Agricultural Research and Development Fund,Foreign Government,Direct sponsor reported; prime sponsor unavailable,FALSE,Other,FALSE,FALSE
K000163478,17205272,163478,New,"Narayanan Nair,Mahesh","Narayanan Nair,Mahesh (Primary PI) 1171; Geornaras,Ifigenia (Co-PI) 1171; Delmore,Robert J (Co-PI) 1171; Belk,Keith (Co-PI) 1171",Impact of chilling conditions on beef quality and USDA Quality Grades,1171-Animal Sciences,1171,Animal Sciences,Agricultural Sciences-Academic Units (E1),2026-01-01,2026,2027-12-31,FALSE,0,No Indirect Cost Allowed,National Cattlemens Beef Association,,Domestic Non-Profit (other than Domestic Foundations),,2025-09-23,2025,,FALSE,117767.74,National Cattlemens Beef Association,Domestic Non-Profit (other than Domestic Foundations),Direct sponsor reported; prime sponsor unavailable,FALSE,Foundation/nonprofit,FALSE,FALSE
K000163477,17205250,163477,New,"Narayanan Nair,Mahesh","Narayanan Nair,Mahesh (Primary PI) 1171; Thoma,Gregory (Co-PI) 3001",Comparative life cycle assessment of vacuum and overwrap beef packaging systems,1171-Animal Sciences,1171,Animal Sciences,Agricultural Sciences-Academic Units (E1),2026-01-01,2026,2026-08-31,FALSE,0,No Indirect Cost Allowed,National Cattlemens Beef Association,,Domestic Non-Profit (other than Domestic Foundations),,2025-09-23,2025,Funded,TRUE,47454.14,National Cattlemens Beef Association,Domestic Non-Profit (other than Domestic Foundations),Direct sponsor reported; prime sponsor unavailable,FALSE,Foundation/nonprofit,FALSE,FALSE
K000163608,17205059,163608,New,"Burcham,Daniel C","Burcham,Daniel C (Primary PI) 1173",Directed grant support for woody plant evaluation at the CSU Horticulture Center,1173-Horticulture + Landscape Architecture,1173,Horticulture + Landscape Architecture,Agricultural Sciences-Academic Units (E1),2025-09-01,2025,2026-08-31,FALSE,0,No Indirect Cost Allowed,Colorado Horticulture Research & Education Foundation,,Domestic Foundations,,2025-09-19,2025,Funded,TRUE,10000.39,Colorado Horticulture Research & Education Foundation,Domestic Foundations,Direct sponsor reported; prime sponsor unavailable,FALSE,Foundation/nonprofit,FALSE,FALSE
K000163850,17204938,163850,New,"Narayanan Nair,Mahesh","Narayanan Nair,Mahesh (Primary PI) 1171",Identifying meat spoilage using non-invasive spectroscopy,1171-Animal Sciences,1171,Animal Sciences,Agricultural Sciences-Academic Units (E1),2026-08-01,2026,2029-07-31,FALSE,20,TDC,Binational Agricultural Research and Development Fund,,Foreign Government,,2025-09-17,2025,,FALSE,150000.07,Binational Agricultural Research and Development Fund,Foreign Government,Direct sponsor reported; prime sponsor unavailable,FALSE,Other,FALSE,FALSE
K000163442,17204932,163442,New,"Schipanski,Meagan Erin","Schipanski,Meagan Erin (Primary PI) 1170; Prenni,Jessica E (Co-PI) 1173",Collaborative Research: Root responses to drought as arbiters of rhizosphere bacterial nitrate respiration during episodic moisture events,1170-Soil + Crop Sciences,1170,Soil + Crop Sciences,Agricultural Sciences-Academic Units (E1),2026-08-01,2026,1930-07-31,TRUE,54,MTDC,NSF-National Science Foundation,,Federal,,2025-09-17,2025,,FALSE,383756.95,NSF-National Science Foundation,Federal,Direct sponsor reported; prime sponsor unavailable,FALSE,Federal,FALSE,FALSE
K000163646,17204917,163646,New,"Thilmany,Dawn D","Thilmany,Dawn D (Primary PI) 1172; Christensen,Elizabeth O'Sullivan (Co-PI) 4040",Farm and Food Rural Analytics for Market Empowerment Updates and Analysis,1172-Agricultural + Resource Economics,1172,Agricultural + Resource Economics,Agricultural Sciences-Academic Units (E1),2025-10-01,2025,2027-01-31,FALSE,10,TDC,USDA-AMS-Agricultural Marketing Service,,Federal,,2025-09-17,2025,Funded,TRUE,126635.5,USDA-AMS-Agricultural Marketing Service,Federal,Direct sponsor reported; prime sponsor unavailable,FALSE,Federal,TRUE,FALSE
K000163740,17204913,163740,New,"Manriquez Alvarez,Diego Ignacio","Manriquez Alvarez,Diego Ignacio (Primary PI) 1171","Advancing Dairy Workforce Development Through a Bilingual, Learning-Optimized Education Platform",1171-Animal Sciences,1171,Animal Sciences,Agricultural Sciences-Academic Units (E1),2025-12-01,2025,2027-11-30,FALSE,35,MTDC,eXtension Foundation,USDA-NIFA-National Institute of Food and Agriculture,Domestic Non-Profit (other than Domestic Foundations),Federal,2025-09-17,2025,,FALSE,184836.69,USDA-NIFA-National Institute of Food and Agriculture,Federal,Prime sponsor reported; direct sponsor is pass-through,FALSE,Federal,FALSE,FALSE
K000163801,17204909,163801,Supplement/Additional Funding,"Manriquez Alvarez,Diego Ignacio","Manriquez Alvarez,Diego Ignacio (Primary PI) 1171",Development of Education Material on H5N1 for dairy producers,1171-Animal Sciences,1171,Animal Sciences,Agricultural Sciences-Academic Units (E1),2025-10-01,2025,2026-02-28,FALSE,35,MTDC,eXtension Foundation,USDA-NIFA-National Institute of Food and Agriculture,Domestic Non-Profit (other than Domestic Foundations),Federal,2025-09-17,2025,Funded,TRUE,21816,USDA-NIFA-National Institute of Food and Agriculture,Federal,Prime sponsor reported; direct sponsor is pass-through,FALSE,Federal,FALSE,FALSE
K000163626,17204895,163626,New,"Shergill,Lovreet S","Shergill,Lovreet S (Primary PI) 1177; Pinnamaneni,Srinivasa Rao (Co-PI) 3046",Forage Stand Establishment: Herbicide Strategies for Alfalfa-Meadow brome Grass and Alfalfa-Sainfoin Mixtures,1177-Agricultural Biology,1177,Agricultural Biology,Agricultural Sciences-Academic Units (E1),2026-03-01,2026,2028-02-29,FALSE,0,No Indirect Cost Allowed,National Alfalfa and Forage Alliance,,Domestic Non-Profit (other than Domestic Foundations),,2025-09-17,2025,,FALSE,54849.74,National Alfalfa and Forage Alliance,Domestic Non-Profit (other than Domestic Foundations),Direct sponsor reported; prime sponsor unavailable,FALSE,Foundation/nonprofit,FALSE,FALSE
K000163609,17204891,163609,New,"Shergill,Lovreet S","Shergill,Lovreet S (Primary PI) 1177","Mixtures of alfalfa with different fall dormancy ratings for weed suppression, increased forage yield and quality",1177-Agricultural Biology,1177,Agricultural Biology,Agricultural Sciences-Academic Units (E1),2025-10-01,2025,2027-09-30,FALSE,0,No Indirect Cost Allowed,University of Wyoming,National Alfalfa and Forage Alliance,Other Domestic Higher Education,Domestic Non-Profit (other than Domestic Foundations),2025-09-17,2025,,FALSE,24619.47,National Alfalfa and Forage Alliance,Domestic Non-Profit (other than Domestic Foundations),Prime sponsor reported; direct sponsor is pass-through,TRUE,Foundation/nonprofit,FALSE,FALSE
K000163555,17204881,163555,New,"Place,Sara","Place,Sara (Primary PI) 1171; Carvalho,Pedro Henrique (Co-PI) 1171; Vargas Martinez,Juan de Jesus de Jesus (Co-PI) 1171; Pinnamaneni,Srinivasa Rao (Co-PI) 3046",Evaluating alfalfa inclusion in mixtures of legumes and grasses for improving the nutritional value and reducing greenhouse gases in ruminant systems,1171-Animal Sciences,1171,Animal Sciences,Agricultural Sciences-Academic Units (E1),2026-01-01,2026,2027-12-31,FALSE,0,No Indirect Cost Allowed,National Alfalfa and Forage Alliance,,Domestic Non-Profit (other than Domestic Foundations),,2025-09-17,2025,,FALSE,68215.22,National Alfalfa and Forage Alliance,Domestic Non-Profit (other than Domestic Foundations),Direct sponsor reported; prime sponsor unavailable,FALSE,Foundation/nonprofit,FALSE,FALSE
K000163779,17204717,163779,New,"Stewart,Jane E","Stewart,Jane E (Primary PI) 1177",Field-based diagnostic tools to identify Armillaria species,1177-Agricultural Biology,1177,Agricultural Biology,Agricultural Sciences-Academic Units (E1),2025-09-30,2025,1930-09-29,TRUE,15,TDC,USDA-USFS-Rocky Mountain Region,,Federal,,2025-09-16,2025,Funded,TRUE,43199.62,USDA-USFS-Rocky Mountain Region,Federal,Direct sponsor reported; prime sponsor unavailable,FALSE,Federal,FALSE,FALSE
K000163619,17204357,163619,New,"Nalam,Vamsi","Nalam,Vamsi (Primary PI) 1177; Gray,Caroline Porter (Co-PI) 3043; Chikh-Ali,Mohamad (Co-PI) 3043",Potato Breeding and Cultivar Development in the Southwest,1177-Agricultural Biology,1177,Agricultural Biology,Agricultural Sciences-Academic Units (E1),2025-09-01,2025,2027-08-31,FALSE,0,No Indirect Cost Allowed,Texas A and M University,USDA-NIFA-National Institute of Food and Agriculture,Other Domestic Higher Education,Federal,2025-09-10,2025,Funded,TRUE,771907.91,USDA-NIFA-National Institute of Food and Agriculture,Federal,Prime sponsor reported; direct sponsor is pass-through,TRUE,Federal,FALSE,FALSE
K000163347,17204344,163347,New,"Chouinard,Hayley","Chouinard,Hayley (Primary PI) 1172",Responding to America's Rural Health Challenge: Data-Driven Support for a Critical Era,1172-Agricultural + Resource Economics,1172,Agricultural + Resource Economics,Agricultural Sciences-Academic Units (E1),2025-08-01,2025,2027-07-31,FALSE,54,MTDC,University of Wyoming,USDA-NIFA-National Institute of Food and Agriculture,Other Domestic Higher Education,Federal,2025-09-10,2025,Funded,TRUE,37013.53,USDA-NIFA-National Institute of Food and Agriculture,Federal,Prime sponsor reported; direct sponsor is pass-through,TRUE,Federal,TRUE,FALSE
K000163250,17204324,163250,New,"Fedorka,Carleigh Elizabeth","Fedorka,Carleigh Elizabeth (Primary PI) 1171; Sones,Jennifer L (Co-PI) 1678; Carnevale,Elaine (Key Person) 1680; Hatzel,Jennifer Noelle (Key Person) 1678",Investigating the reproductive health of pituitary pars intermedia dysfunction (PPID) mares,1171-Animal Sciences,1171,Animal Sciences,Agricultural Sciences-Academic Units (E1),2025-12-01,2025,2027-11-30,FALSE,8,TDC,Morris Animal Foundation,,Domestic Foundations,,2025-09-10,2025,,FALSE,117722.9,Morris Animal Foundation,Domestic Foundations,Direct sponsor reported; prime sponsor unavailable,FALSE,Foundation/nonprofit,FALSE,FALSE
K000163351,17204320,163351,New,"Catalano,Devan Noelle","Catalano,Devan Noelle (Primary PI) 1171",Effect of Hemp seed oil on anti-inflammatory markers in exercising horses,1171-Animal Sciences,1171,Animal Sciences,Agricultural Sciences-Academic Units (E1),2026-03-01,2026,2028-02-29,FALSE,8,TDC,Morris Animal Foundation,,Domestic Foundations,,2025-09-10,2025,,FALSE,102463.38,Morris Animal Foundation,Domestic Foundations,Direct sponsor reported; prime sponsor unavailable,FALSE,Foundation/nonprofit,FALSE,FALSE
K000163422,17204210,163422,New,"Catalano,Devan Noelle","Catalano,Devan Noelle (Primary PI) 1171",CAREER: From stable to STEM - using horses as a bridge between agriculture and STEM,1171-Animal Sciences,1171,Animal Sciences,Agricultural Sciences-Academic Units (E1),2026-02-01,2026,1931-01-31,TRUE,54,MTDC,NSF-National Science Foundation,,Federal,,2025-09-09,2025,,FALSE,955477.34,NSF-National Science Foundation,Federal,Direct sponsor reported; prime sponsor unavailable,FALSE,Federal,FALSE,FALSE
K000163523,17204190,163523,New,"Place,Sara","Place,Sara (Primary PI) 1171; Stackhouse-Lawson,Kimberly Rose (Co-PI) 1171; Manriquez Alvarez,Diego Ignacio (Co-PI) 1171; Carvalho,Pedro Henrique (Co-PI) 1171; DeLay,Nathan D (Co-PI) 1172; Vargas Martinez,Juan de Jesus de Jesus (",Sustainability assessment of terminal beef production using beef & dairy or straightbred dairy calves,1171-Animal Sciences,1171,Animal Sciences,Agricultural Sciences-Academic Units (E1),2025-08-15,2025,2026-03-31,FALSE,11.11,TDC,"Dairy Management, Inc.",,Domestic Non-Profit (other than Domestic Foundations),,2025-09-09,2025,Funded,TRUE,105468.08,"Dairy Management, Inc.",Domestic Non-Profit (other than Domestic Foundations),Direct sponsor reported; prime sponsor unavailable,FALSE,Foundation/nonprofit,FALSE,FALSE
K000163258,17203348,163258,New,"Suter,Jordan","Suter,Jordan (Primary PI) 1172",Advancing the Economics of Forest Management: Integrating Economic Data and Performance Metrics to Reduce Wildfire Risk,1172-Agricultural + Resource Economics,1172,Agricultural + Resource Economics,Agricultural Sciences-Academic Units (E1),2025-09-01,2025,2029-08-31,FALSE,15,TDC,USDA-USFS-Rocky Mtn. Rsrch Station - CO,,Federal,,2025-08-25,2025,Funded,TRUE,480498.93,USDA-USFS-Rocky Mtn. Rsrch Station - CO,Federal,Direct sponsor reported; prime sponsor unavailable,FALSE,Federal,TRUE,FALSE
K000163299,17202742,163299,New,"Bousselot,Jennifer M","Bousselot,Jennifer M (Primary PI) 1173",Expanding Monarch and Pollinator Resources in Urban Areas,1173-Horticulture + Landscape Architecture,1173,Horticulture + Landscape Architecture,Agricultural Sciences-Academic Units (E1),2026-01-01,2026,2027-12-31,FALSE,54,MTDC,National Fish and Wildlife Foundation,,Domestic Foundations,,2025-08-11,2025,,FALSE,294749.36,National Fish and Wildlife Foundation,Domestic Foundations,Direct sponsor reported; prime sponsor unavailable,FALSE,Foundation/nonprofit,FALSE,FALSE
K000163556,17201628,163556,New,"Borowiec,Marek L","Borowiec,Marek L (Primary PI) 1177",CAREER: Accelerating Biodiversity Science and Enhancing Public Engagement with Automated Arthropod Identification and AI Education,1177-Agricultural Biology,1177,Agricultural Biology,Agricultural Sciences-Academic Units (E1),2026-09-01,2026,1931-08-31,TRUE,54,MTDC,NSF-National Science Foundation,,Federal,,2025-08-04,2025,,FALSE,1531431.87,NSF-National Science Foundation,Federal,Direct sponsor reported; prime sponsor unavailable,FALSE,Federal,FALSE,FALSE
K000163450,17200942,163450,Resubmission,"Roberts,Robyn","Roberts,Robyn (Primary PI) 1177; Cramer,Mary Caitlin (Co-PI) 1171",Collaborative Research: STEM Futures: A Multi-institutional Scale-up of an Instructional Model Integrating Multiple Knowledge Domains,1177-Agricultural Biology,1177,Agricultural Biology,Agricultural Sciences-Academic Units (E1),2026-03-01,2026,2029-08-31,FALSE,54,MTDC,NSF-National Science Foundation,,Federal,,2025-07-29,2025,,FALSE,182324.68,NSF-National Science Foundation,Federal,Direct sponsor reported; prime sponsor unavailable,FALSE,Federal,FALSE,FALSE
K000163494,17200938,163494,New,"Pottorff,Laura Pickett","Pottorff,Laura Pickett (Primary PI) 1170","Testing Wild Seeds for Germination Behavior, Vigor, Longevity",1170-Soil + Crop Sciences,1170,Soil + Crop Sciences,Agricultural Sciences-Academic Units (E1),2025-07-01,2025,2026-06-30,FALSE,0,TDC,USDA-ARS-Agricultural Research Service,,Federal,,2025-07-29,2025,Funded,TRUE,40999.68,USDA-ARS-Agricultural Research Service,Federal,Direct sponsor reported; prime sponsor unavailable,FALSE,Federal,FALSE,FALSE
K000163513,17200934,163513,New,"Mason,Richard Esten","Mason,Richard Esten (Primary PI) 1170",Wheat Breeding Salary,1170-Soil + Crop Sciences,1170,Soil + Crop Sciences,Agricultural Sciences-Academic Units (E1),2025-07-01,2025,2026-06-30,FALSE,0,No Indirect Cost Allowed,Colorado Wheat Administrative Committee,,Domestic Non-Profit (other than Domestic Foundations),,2025-07-29,2025,Funded,TRUE,61500.72,Colorado Wheat Administrative Committee,Domestic Non-Profit (other than Domestic Foundations),Direct sponsor reported; prime sponsor unavailable,FALSE,Foundation/nonprofit,FALSE,FALSE
K000163514,17200930,163514,New,"Nachappa,Punya","Nachappa,Punya (Primary PI) 1177",Wheat Entomology,1177-Agricultural Biology,1177,Agricultural Biology,Agricultural Sciences-Academic Units (E1),2025-07-01,2025,2026-06-30,FALSE,0,No Indirect Cost Allowed,Colorado Wheat Administrative Committee,,Domestic Non-Profit (other than Domestic Foundations),,2025-07-29,2025,Funded,TRUE,84000,Colorado Wheat Administrative Committee,Domestic Non-Profit (other than Domestic Foundations),Direct sponsor reported; prime sponsor unavailable,FALSE,Foundation/nonprofit,FALSE,FALSE
K000163515,17200926,163515,New,"Nachappa,Punya","Nachappa,Punya (Primary PI) 1177",Wheat Entomology Salary,1177-Agricultural Biology,1177,Agricultural Biology,Agricultural Sciences-Academic Units (E1),2025-07-01,2025,2026-06-30,FALSE,0,No Indirect Cost Allowed,Colorado Wheat Administrative Committee,,Domestic Non-Profit (other than Domestic Foundations),,2025-07-29,2025,Funded,TRUE,33432.73,Colorado Wheat Administrative Committee,Domestic Non-Profit (other than Domestic Foundations),Direct sponsor reported; prime sponsor unavailable,FALSE,Foundation/nonprofit,FALSE,FALSE
K000163516,17200922,163516,New,"Roberts,Robyn","Roberts,Robyn (Primary PI) 1177",Plant Pathology,1177-Agricultural Biology,1177,Agricultural Biology,Agricultural Sciences-Academic Units (E1),2025-07-01,2025,2026-06-30,FALSE,0,No Indirect Cost Allowed,Colorado Wheat Administrative Committee,,Domestic Non-Profit (other than Domestic Foundations),,2025-07-29,2025,Funded,TRUE,51999.75,Colorado Wheat Administrative Committee,Domestic Non-Profit (other than Domestic Foundations),Direct sponsor reported; prime sponsor unavailable,FALSE,Foundation/nonprofit,FALSE,FALSE
K000163517,17200918,163517,New,"Shergill,Lovreet S","Shergill,Lovreet S (Primary PI) 1177",Weed Science,1177-Agricultural Biology,1177,Agricultural Biology,Agricultural Sciences-Academic Units (E1),2025-07-01,2025,2026-06-30,FALSE,0,No Indirect Cost Allowed,Colorado Wheat Administrative Committee,,Domestic Non-Profit (other than Domestic Foundations),,2025-07-29,2025,Funded,TRUE,29999.66,Colorado Wheat Administrative Committee,Domestic Non-Profit (other than Domestic Foundations),Direct sponsor reported; prime sponsor unavailable,FALSE,Foundation/nonprofit,FALSE,FALSE
K000163518,17200914,163518,New,"Gaines,Todd A","Gaines,Todd A (Primary PI) 1177",Weed Science,1177-Agricultural Biology,1177,Agricultural Biology,Agricultural Sciences-Academic Units (E1),2025-07-01,2025,2026-06-30,FALSE,0,No Indirect Cost Allowed,Colorado Wheat Administrative Committee,,Domestic Non-Profit (other than Domestic Foundations),,2025-07-29,2025,Funded,TRUE,29999.69,Colorado Wheat Administrative Committee,Domestic Non-Profit (other than Domestic Foundations),Direct sponsor reported; prime sponsor unavailable,FALSE,Foundation/nonprofit,FALSE,FALSE
K000163519,17200910,163519,New,"Dayan,Franck E","Dayan,Franck E (Primary PI) 1177",Novel Herbicide Tolerant Wheat Project,1177-Agricultural Biology,1177,Agricultural Biology,Agricultural Sciences-Academic Units (E1),2025-07-01,2025,2026-06-30,FALSE,0,No Indirect Cost Allowed,Colorado Wheat Administrative Committee,,Domestic Non-Profit (other than Domestic Foundations),,2025-07-29,2025,Funded,TRUE,30000,Colorado Wheat Administrative Committee,Domestic Non-Profit (other than Domestic Foundations),Direct sponsor reported; prime sponsor unavailable,FALSE,Foundation/nonprofit,FALSE,FALSE
K000163520,17200906,163520,New,"Pottorff,Laura Pickett","Pottorff,Laura Pickett (Primary PI) 1170",Foundation Seed,1170-Soil + Crop Sciences,1170,Soil + Crop Sciences,Agricultural Sciences-Academic Units (E1),2025-07-01,2025,2026-06-30,FALSE,0,No Indirect Cost Allowed,Colorado Wheat Administrative Committee,,Domestic Non-Profit (other than Domestic Foundations),,2025-07-29,2025,Funded,TRUE,11999.52,Colorado Wheat Administrative Committee,Domestic Non-Profit (other than Domestic Foundations),Direct sponsor reported; prime sponsor unavailable,FALSE,Foundation/nonprofit,FALSE,FALSE
K000163521,17200902,163521,New,"Jones-Diamond,Sally Marie","Jones-Diamond,Sally Marie (Primary PI) 1170",Crops Testing Program,1170-Soil + Crop Sciences,1170,Soil + Crop Sciences,Agricultural Sciences-Academic Units (E1),2025-07-01,2025,2026-06-30,FALSE,0,No Indirect Cost Allowed,Colorado Wheat Administrative Committee,,Domestic Non-Profit (other than Domestic Foundations),,2025-07-29,2025,Funded,TRUE,9999.76,Colorado Wheat Administrative Committee,Domestic Non-Profit (other than Domestic Foundations),Direct sponsor reported; prime sponsor unavailable,FALSE,Foundation/nonprofit,FALSE,FALSE
K000163587,17200898,163587,New,"Stewart,Jane E","Stewart,Jane E (Primary PI) 1177","Early detection and management of invasive fungal pathogen, Neodothiora populina, in aspen stands in Utah and Colorado",1177-Agricultural Biology,1177,Agricultural Biology,Agricultural Sciences-Academic Units (E1),2025-10-01,2025,2028-09-30,FALSE,17.5,MTDC,DOI-BLM-Bureau of Land Management,,Federal,,2025-07-29,2025,,FALSE,288929.45,DOI-BLM-Bureau of Land Management,Federal,Direct sponsor reported; prime sponsor unavailable,FALSE,Federal,FALSE,FALSE
K000162032,17200315,162032,New,"Minas,Ioannis","Minas,Ioannis (Primary PI) 1173","Grower accessible and dynamic weather peach cold hardiness tool with accurate, real-time and forecasted predictions and alerts",1173-Horticulture + Landscape Architecture,1173,Horticulture + Landscape Architecture,Agricultural Sciences-Academic Units (E1),2026-01-01,2026,2027-11-15,FALSE,0,No Indirect Cost Allowed,Colorado Department of Agriculture,USDA-AMS-Agricultural Marketing Service,State of Colorado,Federal,2025-07-21,2025,Funded,TRUE,76191.83,USDA-AMS-Agricultural Marketing Service,Federal,Prime sponsor reported; direct sponsor is pass-through,FALSE,Federal,FALSE,FALSE
K000162635,17200309,162635,Supplement/Additional Funding,"Fonte,Steven John","Fonte,Steven John (Primary PI) 1170; Vanek,Steven John (Co-PI) 1170",Forage and Fallows: Promoting and Refining Options for Sustainable Soil and Landscape Management,1170-Soil + Crop Sciences,1170,Soil + Crop Sciences,Agricultural Sciences-Academic Units (E1),2025-06-01,2025,2025-11-30,FALSE,10,TDC,McKnight Foundation,,Domestic Foundations,,2025-07-21,2025,Funded,TRUE,34999.46,McKnight Foundation,Domestic Foundations,Direct sponsor reported; prime sponsor unavailable,FALSE,Foundation/nonprofit,FALSE,FALSE
K000163333,17200297,163333,New,"Burcham,Daniel C","Burcham,Daniel C (Primary PI) 1173",Enhancing curatorial practices at the Colorado State University Heritage Arboretum,1173-Horticulture + Landscape Architecture,1173,Horticulture + Landscape Architecture,Agricultural Sciences-Academic Units (E1),2026-01-01,2026,2026-12-31,FALSE,15,TDC,Stanley Smith Horticultural Trust,,Domestic Foundations,,2025-07-21,2025,,FALSE,20633.91,Stanley Smith Horticultural Trust,Domestic Foundations,Direct sponsor reported; prime sponsor unavailable,FALSE,Foundation/nonprofit,FALSE,FALSE
K000163421,17200293,163421,New,"Catalano,Devan Noelle","Catalano,Devan Noelle (Primary PI) 1171",Integrating native grasses into livestock pastures in a semi-arid climate,1171-Animal Sciences,1171,Animal Sciences,Agricultural Sciences-Academic Units (E1),2026-04-01,2026,2029-03-31,FALSE,54,MTDC,National Fish and Wildlife Foundation,,Domestic Foundations,,2025-07-21,2025,,FALSE,404801.67,National Fish and Wildlife Foundation,Domestic Foundations,Direct sponsor reported; prime sponsor unavailable,FALSE,Foundation/nonprofit,FALSE,FALSE
K000163434,17200289,163434,New,"Nachappa,Punya","Nachappa,Punya (Primary PI) 1177",Improving sugar beet resistance against Beet curly top virus using Clustered Regularly Interspaced Short Palindromic Repeats interference (CRISPRi) technology,1177-Agricultural Biology,1177,Agricultural Biology,Agricultural Sciences-Academic Units (E1),2025-09-01,2025,2027-08-31,FALSE,0,No Indirect Cost Allowed,USDA-ARS-Agricultural Research Service,,Federal,,2025-07-21,2025,Funded,TRUE,60897.72,USDA-ARS-Agricultural Research Service,Federal,Direct sponsor reported; prime sponsor unavailable,FALSE,Federal,FALSE,FALSE
K000163512,17200285,163512,New,"Mason,Richard Esten","Mason,Richard Esten (Primary PI) 1170",Wheat Breeding,1170-Soil + Crop Sciences,1170,Soil + Crop Sciences,Agricultural Sciences-Academic Units (E1),2025-07-01,2025,2026-06-30,FALSE,0,No Indirect Cost Allowed,Colorado Wheat Administrative Committee,,Domestic Non-Profit (other than Domestic Foundations),,2025-07-21,2025,Funded,TRUE,377500,Colorado Wheat Administrative Committee,Domestic Non-Profit (other than Domestic Foundations),Direct sponsor reported; prime sponsor unavailable,FALSE,Foundation/nonprofit,FALSE,FALSE
K000163396,17200237,163396,New,"Zink,Frida Anna","Zink,Frida Anna (Primary PI) 1177",Molecular resource development for Tropilaelaps parasitic bee mites,1177-Agricultural Biology,1177,Agricultural Biology,Agricultural Sciences-Academic Units (E1),2025-09-01,2025,2026-08-31,FALSE,10,TDC,USDA-APHIS-Animal Plant Health Insp Srvc,,Federal,,2025-07-18,2025,Funded,TRUE,63286.46,USDA-APHIS-Animal Plant Health Insp Srvc,Federal,Direct sponsor reported; prime sponsor unavailable,FALSE,Federal,FALSE,FALSE
K000162795,17200101,162795,New,"Kremen,Amy E","Kremen,Amy E (Primary PI) 1170; Yilma,Wubengeda Admasu (Co-PI) 1170; Martin,Timothy (Co-PI) 1170","Leveraging the TAPS platform to Advance Smart, Economic, and Resource Efficient Agriculture through Decision Support and Policy Innovation",1170-Soil + Crop Sciences,1170,Soil + Crop Sciences,Agricultural Sciences-Academic Units (E1),2025-12-15,2025,1930-12-14,TRUE,11.11,TDC,Kansas State University,Foundation for Food & Agriculture Research,Other Domestic Higher Education,Domestic Non-Profit (other than Domestic Foundations),2025-07-17,2025,,FALSE,299808.54,Foundation for Food & Agriculture Research,Domestic Non-Profit (other than Domestic Foundations),Prime sponsor reported; direct sponsor is pass-through,TRUE,Foundation/nonprofit,FALSE,FALSE
K000163207,17199401,163207,New,"Wardle,Erik M","Wardle,Erik M (Primary PI) 1170; Wolf,Katie Elizabeth (Co-PI) 1170; Deleon,Emmanuel (Co-PI) 1170; Brown,Ansley Joseph (Co-PI) 1170","Advancing sustainable water management in Colorado's mountain agriculture with an innovative, community-driven approach",1170-Soil + Crop Sciences,1170,Soil + Crop Sciences,Agricultural Sciences-Academic Units (E1),2025-10-15,2025,1930-06-30,TRUE,15,TDC,Colorado Water Conservation Board,,State of Colorado,,2025-07-14,2025,Funded,TRUE,879047.47,Colorado Water Conservation Board,State of Colorado,Direct sponsor reported; prime sponsor unavailable,FALSE,State,FALSE,FALSE
K000162985,17199347,162985,New,"Firth,Alexandra","Firth,Alexandra (Primary PI) 1170; Cabot,Perry Edmund (Co-PI) 1033; Machmuller,Megan B (Co-PI) 1170",Republican River Basin Discovery Farms,1170-Soil + Crop Sciences,1170,Soil + Crop Sciences,Agricultural Sciences-Academic Units (E1),2025-11-29,2025,2029-11-28,FALSE,15,TDC,Colorado Water Conservation Board,,State of Colorado,,2025-07-14,2025,,FALSE,462094.46,Colorado Water Conservation Board,State of Colorado,Direct sponsor reported; prime sponsor unavailable,FALSE,State,FALSE,FALSE
K000163036,17198993,163036,New,"Manriquez Alvarez,Diego Ignacio","Manriquez Alvarez,Diego Ignacio (Primary PI) 1171; Marra Campos,Leticia (Co-PI) 1171; Marostegan de Paula,Eduardo (Key Person) 1171; Pinedo,Pablo J (Key Person) 1171; Lombard,Jason (Key Person) 1678; DeLay,Nathan D (Key Person)",Integrating an Animal Health Framework into the RuFaS Model to Enhance Quantification of Environmental and Economic Impacts of Improved Health in U.S. Dairy Herds,1171-Animal Sciences,1171,Animal Sciences,Agricultural Sciences-Academic Units (E1),2025-09-01,2025,2027-08-31,FALSE,11.11,TDC,Foundation for Food & Agriculture Research,,Domestic Non-Profit (other than Domestic Foundations),,2025-07-03,2025,,FALSE,822703.72,Foundation for Food & Agriculture Research,Domestic Non-Profit (other than Domestic Foundations),Direct sponsor reported; prime sponsor unavailable,FALSE,Foundation/nonprofit,FALSE,FALSE
K000162913,17198945,162913,New,"Wardle,Erik M","Wardle,Erik M (Primary PI) 1170; Arabi,Mazdak (Co-PI) 1372; Bauder,Troy A (Co-PI) 3001",Training and Education for Agricultural Chemicals and State Waters Protection - FY26,1170-Soil + Crop Sciences,1170,Soil + Crop Sciences,Agricultural Sciences-Academic Units (E1),2025-07-01,2025,2026-06-30,FALSE,1.29,TDC,Colorado Department of Agriculture,,State of Colorado,,2025-07-02,2025,Funded,TRUE,588425.78,Colorado Department of Agriculture,State of Colorado,Direct sponsor reported; prime sponsor unavailable,FALSE,State,FALSE,FALSE
K000161419,17198776,161419,New,"Cotrufo,Maria Francesca","Cotrufo,Maria Francesca (Primary PI) 1170; Pallickara,Sangmi Lee (Co-PI) 1873; Stanley,Paige Lauren (Co-PI) 1170; Zhang,Yao (Co-PI) 1499","Metrics, Management and Monitoring NextGen: Advancing Soil Health and Ecosystem Modeling",1170-Soil + Crop Sciences,1170,Soil + Crop Sciences,Agricultural Sciences-Academic Units (E1),2026-10-01,2026,2029-09-30,FALSE,11.11,TDC,Noble Research Institute,Foundation for Food & Agriculture Research,Domestic Non-Profit (other than Domestic Foundations),Domestic Non-Profit (other than Domestic Foundations),2025-07-01,2025,,FALSE,2702131.19,Foundation for Food & Agriculture Research,Domestic Non-Profit (other than Domestic Foundations),Prime sponsor reported; direct sponsor is pass-through,FALSE,Foundation/nonprofit,FALSE,FALSE
K000162701,17198728,162701,New,"Wrighton,Kelly Catherine","Wrighton,Kelly Catherine (Primary PI) 1170; Borton,Mikayla Ann (Key Person) 1170; Kirby,Michael J (Key Person) 1874; Wilkins,Michael James (Key Person) 1170; Mook,Anneloes Chantal (Key Person) 1730","Center: WeM5: Building a Unified Framework for Wetland Monitoring, Modeling, and Management of Methane and Microbes",1170-Soil + Crop Sciences,1170,Soil + Crop Sciences,Agricultural Sciences-Academic Units (E1),2026-09-01,2026,1931-08-31,TRUE,54,MTDC,University of New Hampshire,NSF-National Science Foundation,Other Domestic Higher Education,Federal,2025-06-30,2025,,FALSE,9754778.7,NSF-National Science Foundation,Federal,Prime sponsor reported; direct sponsor is pass-through,TRUE,Federal,FALSE,FALSE
K000161973,17198655,161973,New,"Bousselot,Jennifer M","Bousselot,Jennifer M (Primary PI) 1173","Evaluating Saffron as a High Value, Dormant Season Crop in Colorado",1173-Horticulture + Landscape Architecture,1173,Horticulture + Landscape Architecture,Agricultural Sciences-Academic Units (E1),2026-01-01,2026,2027-11-15,FALSE,0,No Indirect Cost Allowed,Colorado Department of Agriculture,USDA-AMS-Agricultural Marketing Service,State of Colorado,Federal,2025-06-30,2025,Funded,TRUE,80990.86,USDA-AMS-Agricultural Marketing Service,Federal,Prime sponsor reported; direct sponsor is pass-through,FALSE,Federal,FALSE,FALSE
K000163172,17198632,163172,New,"Belk,Keith","Belk,Keith (Primary PI) 1171; Delmore,Robert J (Co-PI) 1171; Narayanan Nair,Mahesh (Co-PI) 1171",Beef Carcass grading instrument calibration to evaluate beef ribeye lean color variation,1171-Animal Sciences,1171,Animal Sciences,Agricultural Sciences-Academic Units (E1),2025-08-01,2025,2026-05-31,FALSE,0,No Indirect Cost Allowed,National Cattlemens Beef Association,,Domestic Non-Profit (other than Domestic Foundations),,2025-06-30,2025,Funded,TRUE,94144.5,National Cattlemens Beef Association,Domestic Non-Profit (other than Domestic Foundations),Direct sponsor reported; prime sponsor unavailable,FALSE,Foundation/nonprofit,FALSE,FALSE
K000163224,17198620,163224,New,"Paustian,Keith H","Paustian,Keith H (Primary PI) 1170",Developing a dynamic greenhouse gas decision support tool for Danish agriculture,1170-Soil + Crop Sciences,1170,Soil + Crop Sciences,Agricultural Sciences-Academic Units (E1),2025-07-01,2025,2027-06-30,FALSE,0,No Indirect Cost Allowed,Danish Technological Institute,Novo Nordisk Foundation,Foreign Non-Profit (other than Foreign Foundations),Foreign Foundations,2025-06-30,2025,Funded,TRUE,382829.84,Novo Nordisk Foundation,Foreign Foundations,Prime sponsor reported; direct sponsor is pass-through,FALSE,Foundation/nonprofit,FALSE,FALSE
K000163264,17198616,163264,Supplement/Additional Funding,"Nachappa,Punya","Nachappa,Punya (Primary PI) 1177",Great Plains Wheat Stem Sawfly Coalition - Colorado State University,1177-Agricultural Biology,1177,Agricultural Biology,Agricultural Sciences-Academic Units (E1),2025-07-01,2025,2026-09-30,FALSE,0,No Indirect Cost Allowed,USDA-ARS-Agricultural Research Service,,Federal,,2025-06-30,2025,Funded,TRUE,30000.1,USDA-ARS-Agricultural Research Service,Federal,Direct sponsor reported; prime sponsor unavailable,FALSE,Federal,FALSE,FALSE
K000163058,17198386,163058,Continuation,"Szczepaniec,Adrianna","Szczepaniec,Adrianna (Primary PI) 1177; Eubanks,Micky (Co-PI) 1177; Roberts,Robyn (Co-PI) 1177; Nachappa,Punya (Co-PI) 1177; Stewart,Jane E (Co-PI) 1177; Gaines,Todd A (Co-PI) 1177",Colorado Center for Sustainable Pest Management: Facilitating IPM Adoption in Urban and Agricultural Systems,1172-Agricultural + Resource Economics,1172,Agricultural + Resource Economics,Agricultural Sciences-Academic Units (E1),2025-09-01,2025,2027-08-31,FALSE,0,No Indirect Cost Allowed,USDA-NIFA-National Institute of Food and Agriculture,,Federal,,2025-06-25,2025,Funded,TRUE,254980.9,USDA-NIFA-National Institute of Food and Agriculture,Federal,Direct sponsor reported; prime sponsor unavailable,FALSE,Federal,TRUE,FALSE
K000162798,17198382,162798,New,"Deiss,Leonardo","Deiss,Leonardo (Primary PI) 1170",Developing and deploying a perennial grain crop enterprise to improve environmental quality and rural prosperity,1170-Soil + Crop Sciences,1170,Soil + Crop Sciences,Agricultural Sciences-Academic Units (E1),2025-05-01,2025,2026-08-30,FALSE,42.85,TDC,University of Minnesota,USDA-NIFA-National Institute of Food and Agriculture,Other Domestic Higher Education,Federal,2025-06-25,2025,Funded,TRUE,245367.26,USDA-NIFA-National Institute of Food and Agriculture,Federal,Prime sponsor reported; direct sponsor is pass-through,TRUE,Federal,FALSE,FALSE
K000162861,17198210,162861,New,"Wilkins,Michael James","Wilkins,Michael James (Primary PI) 1170; Hart,Sarah Jane (Co-PI) 1472; Stevens-Rumann,Camille S (Co-PI) 1472",Collaborative Research: Integrated Ecosystem Modeling of Post Disturbance Recovery Dynamics to Inform Forest Management and Future Fire Regimes,1170-Soil + Crop Sciences,1170,Soil + Crop Sciences,Agricultural Sciences-Academic Units (E1),2026-01-01,2026,2029-12-31,FALSE,54,MTDC,NSF-National Science Foundation,,Federal,,2025-06-23,2025,,FALSE,2612356.49,NSF-National Science Foundation,Federal,Direct sponsor reported; prime sponsor unavailable,FALSE,Federal,FALSE,FALSE
K000162990,17198199,162990,New,"Schipanski,Meagan Erin","Schipanski,Meagan Erin (Primary PI) 1170",Improving our understanding of plant and soil processes regulating water and nitrogen use,1170-Soil + Crop Sciences,1170,Soil + Crop Sciences,Agricultural Sciences-Academic Units (E1),2025-07-15,2025,2026-07-14,FALSE,0,No Indirect Cost Allowed,USDA-ARS-Agricultural Research Service,,Federal,,2025-06-23,2025,Funded,TRUE,16000.39,USDA-ARS-Agricultural Research Service,Federal,Direct sponsor reported; prime sponsor unavailable,FALSE,Federal,FALSE,FALSE
K000163087,17198193,163087,Supplement/Additional Funding,"Andales,Allan A","Andales,Allan A (Primary PI) 1170; Davidson,Jeffery William (Co-PI) 3040",Lysimeter Operations for Development of Colorado Crop Coefficients (FY26 - Year 4 of 5),1170-Soil + Crop Sciences,1170,Soil + Crop Sciences,Agricultural Sciences-Academic Units (E1),2025-07-01,2025,2026-06-30,FALSE,15,TDC,Colorado Division of Water Resources,,State of Colorado,,2025-06-23,2025,Funded,TRUE,50177.62,Colorado Division of Water Resources,State of Colorado,Direct sponsor reported; prime sponsor unavailable,FALSE,State,FALSE,FALSE
K000163118,17198185,163118,New,"Ritten,John Patrick","Ritten,John Patrick (Primary PI) 1172",Grassland Futures: Transboundary and transdisciplinary insights for mitigating grassland conversion,1172-Agricultural + Resource Economics,1172,Agricultural + Resource Economics,Agricultural Sciences-Academic Units (E1),2025-07-01,2025,2028-06-30,FALSE,11.11,TDC,The Nature Conservancy,Foundation for Food & Agriculture Research,Domestic Non-Profit (other than Domestic Foundations),Domestic Non-Profit (other than Domestic Foundations),2025-06-23,2025,Funded,TRUE,20615.5,Foundation for Food & Agriculture Research,Domestic Non-Profit (other than Domestic Foundations),Prime sponsor reported; direct sponsor is pass-through,FALSE,Foundation/nonprofit,TRUE,FALSE
K000162963,17198179,162963,New,"Bousselot,Jennifer M","Bousselot,Jennifer M (Primary PI) 1173; Zurbuchen,Allisa (Co-PI) 4010",Understanding consumer purchasing priorities to optimize sustainable nursery production of North American native plants,1173-Horticulture + Landscape Architecture,1173,Horticulture + Landscape Architecture,Agricultural Sciences-Academic Units (E1),2026-04-15,2026,2027-04-14,FALSE,0,No Indirect Cost Allowed,Horticultural Research Institute,,Domestic Non-Profit (other than Domestic Foundations),,2025-06-23,2025,,FALSE,35000.99,Horticultural Research Institute,Domestic Non-Profit (other than Domestic Foundations),Direct sponsor reported; prime sponsor unavailable,FALSE,Foundation/nonprofit,FALSE,FALSE
K000162688,17197927,162688,Supplement/Additional Funding,"Mason,Richard Esten","Mason,Richard Esten (Primary PI) 1170",Wheat Resilience Initiative: Breeding for Wheat Stem Sawfly Resistance in Colorado,1170-Soil + Crop Sciences,1170,Soil + Crop Sciences,Agricultural Sciences-Academic Units (E1),2025-09-01,2025,2026-08-31,FALSE,10,TDC,USDA-ARS-Agricultural Research Service,,Federal,,2025-06-17,2025,,FALSE,99856.02,USDA-ARS-Agricultural Research Service,Federal,Direct sponsor reported; prime sponsor unavailable,FALSE,Federal,FALSE,FALSE
K000163066,17197478,163066,Continuation,"Bauerle,William L","Bauerle,William L (Primary PI) 1173",Developing Cannabis irrigation and nutrient use best practices Year 3,1173-Horticulture + Landscape Architecture,1173,Horticulture + Landscape Architecture,Agricultural Sciences-Academic Units (E1),2023-10-01,2023,2026-05-31,FALSE,15,MTDC,Colorado State University - Pueblo,,State of Colorado Higher Education,,2025-06-05,2025,Funded,TRUE,80060.86,Colorado State University - Pueblo,State of Colorado Higher Education,Direct sponsor reported; prime sponsor unavailable,FALSE,CSU/Internal,FALSE,FALSE
K000163090,17197273,163090,Continuation,"Nachappa,Punya","Nachappa,Punya (Primary PI) 1177","Examining the effects of pesticide treatments on pest populations, chemical residues and cannabinoid concentrations in Cannabis sativa.",1177-Agricultural Biology,1177,Agricultural Biology,Agricultural Sciences-Academic Units (E1),2025-09-01,2025,2027-08-31,FALSE,15,MTDC,Colorado State University - Pueblo,,State of Colorado Higher Education,,2025-06-03,2025,Funded,TRUE,477677.42,Colorado State University - Pueblo,State of Colorado Higher Education,Direct sponsor reported; prime sponsor unavailable,FALSE,CSU/Internal,FALSE,FALSE
K000161575,17197074,161575,New,"Willige,Bjorn Christopher","Willige,Bjorn Christopher (Primary PI) 1170",Mechanisms of environment-regulated gene expression,1170-Soil + Crop Sciences,1170,Soil + Crop Sciences,Agricultural Sciences-Academic Units (E1),2026-02-01,2026,1931-01-31,TRUE,54,MTDC,HHS-NIH-National Institutes of Health,,Federal,,2025-05-30,2025,,FALSE,1853757.5,HHS-NIH-National Institutes of Health,Federal,Direct sponsor reported; prime sponsor unavailable,FALSE,Federal,FALSE,FALSE
K000162716,17197042,162716,New,"Nachappa,Punya","Nachappa,Punya (Primary PI) 1177",Curly top disease survey in sugarbeet and beet-leafhoppers to identify the associated virome,1177-Agricultural Biology,1177,Agricultural Biology,Agricultural Sciences-Academic Units (E1),2025-06-01,2025,2026-05-31,FALSE,0,No Indirect Cost Allowed,Snake River Sugarbeet Research and Seed Alliance,,Domestic Commercial,,2025-05-29,2025,Funded,TRUE,4996.43,Snake River Sugarbeet Research and Seed Alliance,Domestic Commercial,Direct sponsor reported; prime sponsor unavailable,FALSE,Industry,FALSE,FALSE
K000161683,17196988,161683,Supplement/Additional Funding,"Wardle,Erik M","Wardle,Erik M (Primary PI) 1170; Deleon,Emmanuel (Co-PI) 1170; Brown,Ansley Joseph (Co-PI) 1170; Bauder,Troy A (Co-PI) 3001",Conservation Effects Assessment Program - Colorado South Platte Assessment,1170-Soil + Crop Sciences,1170,Soil + Crop Sciences,Agricultural Sciences-Academic Units (E1),2025-08-01,2025,2028-07-30,FALSE,0,No Indirect Cost Allowed,USDA-ARS-Agricultural Research Service,USDA-NRCS-Natural Resources Consvtn Srv,Federal,Federal,2025-05-29,2025,Funded,TRUE,293577.97,USDA-NRCS-Natural Resources Consvtn Srv,Federal,Prime sponsor reported; direct sponsor is pass-through,FALSE,Federal,FALSE,FALSE
K000162761,17196984,162761,Supplement/Additional Funding,"Mason,Richard Esten","Mason,Richard Esten (Primary PI) 1170",Genomics Assisted Breeding for FHB in Hard Winter Wheat,1170-Soil + Crop Sciences,1170,Soil + Crop Sciences,Agricultural Sciences-Academic Units (E1),2025-05-01,2025,2026-04-30,FALSE,11.11,TDC,USDA-ARS-Agricultural Research Service,,Federal,,2025-05-29,2025,,FALSE,68537.81,USDA-ARS-Agricultural Research Service,Federal,Direct sponsor reported; prime sponsor unavailable,FALSE,Federal,FALSE,FALSE
K000162944,17196976,162944,New,"Dao,Phuong Duc","Dao,Phuong Duc (Primary PI) 1177",Developing Crop Stress Diagnostics Using UAV Imagery and AI,1177-Agricultural Biology,1177,Agricultural Biology,Agricultural Sciences-Academic Units (E1),2025-05-20,2025,2028-05-19,FALSE,26,MTDC,Syngenta,,Domestic Commercial,,2025-05-29,2025,Funded,TRUE,377334.71,Syngenta,Domestic Commercial,Direct sponsor reported; prime sponsor unavailable,FALSE,Industry,FALSE,FALSE
K000162827,17196953,162827,New,"Argueso,Cristiana","Argueso,Cristiana (Primary PI) 1177",Determining Mechanisms of Robustness in Organismal Pattern Formation,1177-Agricultural Biology,1177,Agricultural Biology,Agricultural Sciences-Academic Units (E1),2026-03-01,2026,1931-02-28,TRUE,54,MTDC,HHS-NIH-National Institutes of Health,,Federal,,2025-05-29,2025,,FALSE,2117496.69,HHS-NIH-National Institutes of Health,Federal,Direct sponsor reported; prime sponsor unavailable,FALSE,Federal,FALSE,FALSE
K000162821,17196130,162821,New,"Zink,Frida Anna","Zink,Frida Anna (Primary PI) 1177",Development and deployment of molecular diagnostics for detection and identification of plant pests of regulatory concern for PPQ,1177-Agricultural Biology,1177,Agricultural Biology,Agricultural Sciences-Academic Units (E1),2025-09-01,2025,2026-08-31,FALSE,10,TDC,USDA-APHIS-Animal Plant Health Insp Srvc,,Federal,,2025-05-12,2025,Funded,TRUE,389801.49,USDA-APHIS-Animal Plant Health Insp Srvc,Federal,Direct sponsor reported; prime sponsor unavailable,FALSE,Federal,FALSE,FALSE
K000162789,17196124,162789,New,"Stackhouse-Lawson,Kimberly Rose","Stackhouse-Lawson,Kimberly Rose (Primary PI) 1171; Thoma,Gregory (Co-PI) 3001",Driving Intersectional Impact through Climate Action in the US Beef System: A Systems Analysis,1171-Animal Sciences,1171,Animal Sciences,Agricultural Sciences-Academic Units (E1),2025-05-01,2025,2026-06-30,FALSE,15,TDC,Environmental Defense Fund,,Domestic Non-Profit (other than Domestic Foundations),,2025-05-12,2025,Funded,TRUE,50000.19,Environmental Defense Fund,Domestic Non-Profit (other than Domestic Foundations),Direct sponsor reported; prime sponsor unavailable,FALSE,Foundation/nonprofit,FALSE,FALSE
K000162744,17196115,162744,New,"Prenni,Jessica E","Prenni,Jessica E (Primary PI) 1173; Chaparro,Jacqueline Michelle (Key Person) 1173; Craver,Joshua Ken (Key Person) 1173",Advancing a Global Climate-Food-Health Data Surveillance System,1173-Horticulture + Landscape Architecture,1173,Horticulture + Landscape Architecture,Agricultural Sciences-Academic Units (E1),2026-01-01,2026,2028-12-31,FALSE,20,TDC,American Heart Association,Wellcome Trust,Domestic Non-Profit (other than Domestic Foundations),Foreign Non-Profit (other than Foreign Foundations),2025-05-12,2025,,FALSE,334242.49,Wellcome Trust,Foreign Non-Profit (other than Foreign Foundations),Prime sponsor reported; direct sponsor is pass-through,FALSE,Foundation/nonprofit,FALSE,FALSE
K000162714,17196108,162714,New,"Bigler,Elizabeth Jaed","Bigler,Elizabeth Jaed (Primary PI) 1171; Edwards-Callaway,Lily Nowell (Key Person) 1171; Ahola,Jason Kee (Key Person) 1171; Belk,Keith (Key Person) 1171",Colorado Beef Quality Assurance Program 2025-2026,1171-Animal Sciences,1171,Animal Sciences,Agricultural Sciences-Academic Units (E1),2025-07-01,2025,2026-06-30,FALSE,0,No Indirect Cost Allowed,Colorado Beef Council,,Domestic Non-Profit (other than Domestic Foundations),,2025-05-12,2025,Funded,TRUE,65194.58,Colorado Beef Council,Domestic Non-Profit (other than Domestic Foundations),Direct sponsor reported; prime sponsor unavailable,FALSE,Foundation/nonprofit,FALSE,FALSE
K000162646,17196102,162646,New,"Shergill,Lovreet S","Shergill,Lovreet S (Primary PI) 1177; Schipanski,Meagan Erin (Co-PI) 1170",Enhancing Sustainable Weed Management and Soil Health in Irrigated Corn through Integrated Practices,1177-Agricultural Biology,1177,Agricultural Biology,Agricultural Sciences-Academic Units (E1),2025-10-01,2025,2026-09-30,FALSE,0,No Indirect Cost Allowed,Colorado Corn Promotion Council,,Domestic Non-Profit (other than Domestic Foundations),,2025-05-12,2025,Funded,TRUE,32621.47,Colorado Corn Promotion Council,Domestic Non-Profit (other than Domestic Foundations),Direct sponsor reported; prime sponsor unavailable,FALSE,Foundation/nonprofit,FALSE,FALSE
K000162265,17196092,162265,New,"Carvalho,Pedro Henrique","Carvalho,Pedro Henrique (Primary PI) 1171; Gomes Sitorski,Leonardo (Co-PI) 1171; Vargas Martinez,Juan de Jesus de Jesus (Co-PI) 1171; Place,Sara (Co-PI) 1171",CO-WY Engines: Multilevel analysis of feed supplements for increasing sustainability in the ruminant sector.,1171-Animal Sciences,1171,Animal Sciences,Agricultural Sciences-Academic Units (E1),2025-05-27,2025,2026-05-26,FALSE,54,MTDC,"Rocky Mountain Innovation Initiative, Inc. DBA Innosphere Ventures",NSF-National Science Foundation,Domestic Non-Profit (other than Domestic Foundations),Federal,2025-05-12,2025,,FALSE,261837.05,NSF-National Science Foundation,Federal,Prime sponsor reported; direct sponsor is pass-through,FALSE,Federal,FALSE,FALSE
K000162084,17196084,162084,New,"Wrighton,Kelly Catherine","Wrighton,Kelly Catherine (Primary PI) 1170; Mook,Anneloes Chantal (Co-PI) 1730; Borton,Mikayla Ann (Co-PI) 1170",BII: EMERGE2: Integrating from Molecules to Landscapes to Decode the Rules of Emergent Ecosystem Response to Change,1170-Soil + Crop Sciences,1170,Soil + Crop Sciences,Agricultural Sciences-Academic Units (E1),2025-09-01,2025,1931-08-31,TRUE,54,MTDC,The Ohio State University,NSF-National Science Foundation,Other Domestic Higher Education,Federal,2025-05-12,2025,,FALSE,1608143,NSF-National Science Foundation,Federal,Prime sponsor reported; direct sponsor is pass-through,TRUE,Federal,FALSE,FALSE
K000160212,17195349,160212,New,"Eubanks,Micky","Eubanks,Micky (Primary PI) 1177",Developing pest management tactics against corn earworm - old world bollworm hybrids in sweet corn,1177-Agricultural Biology,1177,Agricultural Biology,Agricultural Sciences-Academic Units (E1),2025-09-01,2025,2026-08-31,FALSE,17.64,TDC,USDA-APHIS-Animal Plant Health Insp Srvc,,Federal,,2025-04-23,2025,Funded,TRUE,120428,USDA-APHIS-Animal Plant Health Insp Srvc,Federal,Direct sponsor reported; prime sponsor unavailable,FALSE,Federal,FALSE,FALSE
K000161607,17195339,161607,New,"Borton,Mikayla Ann","Borton,Mikayla Ann (Primary PI) 1170; Boot,Claudia (Co-PI) 2019; Weir,Tiffany L (Co-PI) 1571; Wrighton,Kelly Catherine (Co-PI) 1170",Decoding Microbial Pathways to Mitigate Trimethylamine-N-oxide Production and Atherosclerosis Risk,1170-Soil + Crop Sciences,1170,Soil + Crop Sciences,Agricultural Sciences-Academic Units (E1),2025-09-01,2025,1930-08-31,TRUE,54,MTDC,HHS-NIH-National Institutes of Health,,Federal,,2025-04-23,2025,,FALSE,3701656.92,HHS-NIH-National Institutes of Health,Federal,Direct sponsor reported; prime sponsor unavailable,FALSE,Federal,FALSE,FALSE
K000162002,17195318,162002,New,"Stewart,Jane E","Stewart,Jane E (Primary PI) 1177","Development of novel approaches to address complex interactions among host trees, pathogens, other microorganisms, and environmental factors within forest ecosystems under changing climates",1177-Agricultural Biology,1177,Agricultural Biology,Agricultural Sciences-Academic Units (E1),2026-02-01,2026,2027-01-31,FALSE,0,No Indirect Cost Allowed,USDA-USFS-Pacific NW Exp Statn,,Federal,,2025-04-23,2025,Funded,TRUE,54999.94,USDA-USFS-Pacific NW Exp Statn,Federal,Direct sponsor reported; prime sponsor unavailable,FALSE,Federal,FALSE,FALSE
K000162477,17195286,162477,New,"Shergill,Lovreet S","Shergill,Lovreet S (Primary PI) 1177; Dayan,Franck E (Co-PI) 1177; Gaines,Todd A (Co-PI) 1177",Targeting Late-Season Weed Escapes in Sugar Beet with UAV Spot Spraying,1177-Agricultural Biology,1177,Agricultural Biology,Agricultural Sciences-Academic Units (E1),2026-01-01,2026,2027-12-31,FALSE,0,No Indirect Cost Allowed,USDA-ARS-Agricultural Research Service,,Federal,,2025-04-23,2025,,FALSE,157383.12,USDA-ARS-Agricultural Research Service,Federal,Direct sponsor reported; prime sponsor unavailable,FALSE,Federal,FALSE,FALSE
K000162479,17195274,162479,Supplement/Additional Funding,"Nachappa,Punya","Nachappa,Punya (Primary PI) 1177; Nalam,Vamsi (Co-PI) 1177","Disrupting beet curly top virus transmission by targeting critical genes in its insect vector, beet leafhopper using nanoparticle-mediated RNAi delivery",1177-Agricultural Biology,1177,Agricultural Biology,Agricultural Sciences-Academic Units (E1),2026-01-01,2026,2027-12-31,FALSE,0,No Indirect Cost Allowed,USDA-ARS-Agricultural Research Service,,Federal,,2025-04-23,2025,Funded,TRUE,184491.39,USDA-ARS-Agricultural Research Service,Federal,Direct sponsor reported; prime sponsor unavailable,FALSE,Federal,FALSE,FALSE
K000162518,17195270,162518,New,"Burkhardt,Jesse Brodie","Burkhardt,Jesse Brodie (Primary PI) 1172",Visitor Expenditure Survey and National Park Valuation,1172-Agricultural + Resource Economics,1172,Agricultural + Resource Economics,Agricultural Sciences-Academic Units (E1),2025-07-01,2025,2026-06-30,FALSE,17.5,TDC,DOI-NPS-National Park Service,,Federal,,2025-04-23,2025,,FALSE,48999.56,DOI-NPS-National Park Service,Federal,Direct sponsor reported; prime sponsor unavailable,FALSE,Federal,TRUE,FALSE
K000162541,17195258,162541,New,"Burkhardt,Jesse Brodie","Burkhardt,Jesse Brodie (Primary PI) 1172; Pallickara,Shrideep (Co-PI) 1873; Pallickara,Sangmi Lee (Co-PI) 1873; Wu,Dien (Co-PI) 1371; Fischer,Emily V (Co-PI) 1371",Combining State-of-the-art Machine Learning and Satellite Observations to Estimate Methane Emissions from Concentrated Animal Feeding Operations,1172-Agricultural + Resource Economics,1172,Agricultural + Resource Economics,Agricultural Sciences-Academic Units (E1),2026-01-01,2026,2028-12-31,FALSE,20,MTDC,Sloan Foundation (Alfred P. Sloan),,Domestic Foundations,,2025-04-23,2025,,FALSE,942679.68,Sloan Foundation (Alfred P. Sloan),Domestic Foundations,Direct sponsor reported; prime sponsor unavailable,FALSE,Foundation/nonprofit,TRUE,FALSE
K000162545,17195254,162545,New,"Miller,Chad","Miller,Chad (Primary PI) 1173",Creating VR Plant Identification Walks to Enhance Course Pedagogy,1173-Horticulture + Landscape Architecture,1173,Horticulture + Landscape Architecture,Agricultural Sciences-Academic Units (E1),2025-07-01,2025,2026-06-30,FALSE,0,No Indirect Cost Allowed,Association of Public and Land-grant Universities,,Domestic Non-Profit (other than Domestic Foundations),,2025-04-23,2025,Funded,TRUE,3000,Association of Public and Land-grant Universities,Domestic Non-Profit (other than Domestic Foundations),Direct sponsor reported; prime sponsor unavailable,FALSE,Foundation/nonprofit,FALSE,FALSE
K000162579,17195250,162579,New,"Timm,Alicia Eva","Timm,Alicia Eva (Primary PI) 1177",Molecular Diagnostic Tools for Identification of Invasive Cotton Jassid Amrasca biguttula,1177-Agricultural Biology,1177,Agricultural Biology,Agricultural Sciences-Academic Units (E1),2025-09-01,2025,2026-08-31,FALSE,10,TDC,USDA-APHIS-Animal Plant Health Insp Srvc,,Federal,,2025-04-23,2025,Funded,TRUE,110735,USDA-APHIS-Animal Plant Health Insp Srvc,Federal,Direct sponsor reported; prime sponsor unavailable,FALSE,Federal,FALSE,FALSE
K000162662,17195246,162662,New,"Jones-Diamond,Sally Marie","Jones-Diamond,Sally Marie (Primary PI) 1170",CSU Corn Hybrid Testing in 2025 by Hybrid Study at Akron,1170-Soil + Crop Sciences,1170,Soil + Crop Sciences,Agricultural Sciences-Academic Units (E1),2025-05-05,2025,2026-02-27,FALSE,0,No Indirect Cost Allowed,Colorado Corn Promotion Council,,Domestic Non-Profit (other than Domestic Foundations),,2025-04-23,2025,Funded,TRUE,8066.72,Colorado Corn Promotion Council,Domestic Non-Profit (other than Domestic Foundations),Direct sponsor reported; prime sponsor unavailable,FALSE,Foundation/nonprofit,FALSE,FALSE
K000162664,17195242,162664,New,"Manriquez Alvarez,Diego Ignacio","Manriquez Alvarez,Diego Ignacio (Primary PI) 1171",Development of Education Material on H5N1 for dairy producers,1171-Animal Sciences,1171,Animal Sciences,Agricultural Sciences-Academic Units (E1),2025-04-01,2025,2025-06-30,FALSE,35,MTDC,eXtension Foundation,CSL Seqirus,Domestic Non-Profit (other than Domestic Foundations),Foreign Commercial,2025-04-23,2025,Funded,TRUE,14999.92,CSL Seqirus,Foreign Commercial,Prime sponsor reported; direct sponsor is pass-through,FALSE,Industry,FALSE,FALSE
K000162715,17195236,162715,New,"Jones-Diamond,Sally Marie","Jones-Diamond,Sally Marie (Primary PI) 1170; Schneekloth,Joel (Co-PI) 1033",CSU Irrigated Corn Population by Hybrid Study at Akron,1170-Soil + Crop Sciences,1170,Soil + Crop Sciences,Agricultural Sciences-Academic Units (E1),2025-05-05,2025,2026-02-27,FALSE,0,No Indirect Cost Allowed,Colorado Corn Promotion Council,,Domestic Non-Profit (other than Domestic Foundations),,2025-04-23,2025,Funded,TRUE,14684.62,Colorado Corn Promotion Council,Domestic Non-Profit (other than Domestic Foundations),Direct sponsor reported; prime sponsor unavailable,FALSE,Foundation/nonprofit,FALSE,FALSE
K000162742,17195226,162742,New,"Belk,Keith","Belk,Keith (Primary PI) 1171; Stackhouse-Lawson,Kimberly Rose (Co-PI) 1171; Delmore,Robert J (Co-PI) 1171; Narayanan Nair,Mahesh (Co-PI) 1171",The Role of Rendering in Beef Sustainability--A Review,1171-Animal Sciences,1171,Animal Sciences,Agricultural Sciences-Academic Units (E1),2025-06-01,2025,2025-11-28,FALSE,0,No Indirect Cost Allowed,National Cattlemens Beef Association,,Domestic Non-Profit (other than Domestic Foundations),,2025-04-23,2025,Funded,TRUE,10000.29,National Cattlemens Beef Association,Domestic Non-Profit (other than Domestic Foundations),Direct sponsor reported; prime sponsor unavailable,FALSE,Foundation/nonprofit,FALSE,FALSE
K000162244,17195075,162244,New,"Vivanco,Jorge M","Vivanco,Jorge M (Primary PI) 1173; Afkairin,Antisar SM Omar (Co-PI) 1173",A systems biology approach to understand the spatial metabolic interactions in rhizosphere microbial hotspots of sorghum with enhanced phosphate acquisition,1173-Horticulture + Landscape Architecture,1173,Horticulture + Landscape Architecture,Agricultural Sciences-Academic Units (E1),2025-08-01,2025,1930-07-31,TRUE,54,MTDC,DOE-US Department of Energy,,Federal,,2025-04-16,2025,,FALSE,2588142.7,DOE-US Department of Energy,Federal,Direct sponsor reported; prime sponsor unavailable,FALSE,Federal,FALSE,FALSE
K000162264,17195069,162264,New,"Hess,Tanja","Hess,Tanja (Primary PI) 1171; Carvalho Seabra,Jessica (Co-PI) 1171",Effects of single versus double stalling in young horses behavior,1171-Animal Sciences,1171,Animal Sciences,Agricultural Sciences-Academic Units (E1),2025-12-01,2025,2026-11-30,FALSE,8,TDC,Morris Animal Foundation,,Domestic Foundations,,2025-04-16,2025,,FALSE,19630.93,Morris Animal Foundation,Domestic Foundations,Direct sponsor reported; prime sponsor unavailable,FALSE,Foundation/nonprofit,FALSE,FALSE
K000162266,17195065,162266,New,"Thompson,Henry J","Thompson,Henry J (Primary PI) 1173",Promoting Dry Bean to the Military and Recreational Sports Industry,1173-Horticulture + Landscape Architecture,1173,Horticulture + Landscape Architecture,Agricultural Sciences-Academic Units (E1),2025-07-01,2025,2028-06-30,FALSE,0,No Indirect Cost Allowed,Wyoming Bean Commission,,Other Domestic State Government,,2025-04-16,2025,Funded,TRUE,81186.29,Wyoming Bean Commission,Other Domestic State Government,Direct sponsor reported; prime sponsor unavailable,FALSE,State,FALSE,FALSE
K000161861,17195061,161861,New,"Argueso,Cristiana","Argueso,Cristiana (Primary PI) 1177",The Intersect between Immunity and Development,1177-Agricultural Biology,1177,Agricultural Biology,Agricultural Sciences-Academic Units (E1),2025-11-01,2025,2029-10-31,FALSE,54,MTDC,NSF-National Science Foundation,,Federal,,2025-04-16,2025,,FALSE,1278396.05,NSF-National Science Foundation,Federal,Direct sponsor reported; prime sponsor unavailable,FALSE,Federal,FALSE,FALSE
K000162544,17194338,162544,Continuation,"Gaines,Todd A","Gaines,Todd A (Primary PI) 1177; Abdollahi,Fatemeh (Co-PI) 1177",Novel Palmer amaranth management tools using RNA-targeting with FANA antisense oligonucleotides,1177-Agricultural Biology,1177,Agricultural Biology,Agricultural Sciences-Academic Units (E1),2026-01-01,2026,2026-12-31,FALSE,0,No Indirect Cost Allowed,USDA-ARS-Agricultural Research Service,,Federal,,2025-04-02,2025,Funded,TRUE,119692.27,USDA-ARS-Agricultural Research Service,Federal,Direct sponsor reported; prime sponsor unavailable,FALSE,Federal,FALSE,FALSE
K000162485,17194334,162485,New,"Thompson,Henry J","Thompson,Henry J (Primary PI) 1173",Bile Acid Sequestrant Capacity of Pulse Crops in Mediation of Human Health Benefits,1173-Horticulture + Landscape Architecture,1173,Horticulture + Landscape Architecture,Agricultural Sciences-Academic Units (E1),2025-08-01,2025,1930-07-31,TRUE,0,No Indirect Cost Allowed,USDA-ARS-Agricultural Research Service,,Federal,,2025-04-02,2025,,FALSE,501755.53,USDA-ARS-Agricultural Research Service,Federal,Direct sponsor reported; prime sponsor unavailable,FALSE,Federal,FALSE,FALSE
K000162243,17194324,162243,New,"McKay,John K","McKay,John K (Primary PI) 1170; Mullen,Jack Leonard (Co-PI) 1170; O'Connor,Devin Lee (Co-PI) 1878; Khakhar,Arjun (Co-PI) 1878",Systems level design of dominant genetic control of adaptation and productivity in hybrid Sorghum,1170-Soil + Crop Sciences,1170,Soil + Crop Sciences,Agricultural Sciences-Academic Units (E1),2026-01-01,2026,2029-12-31,FALSE,54,MTDC,DOE-US Department of Energy,,Federal,,2025-04-02,2025,,FALSE,8273719.6,DOE-US Department of Energy,Federal,Direct sponsor reported; prime sponsor unavailable,FALSE,Federal,FALSE,FALSE
K000162074,17194143,162074,Resubmission,"Nalam,Vamsi","Nalam,Vamsi (Primary PI) 1177",Illuminating Solutions: Harnessing UV-C Light for Sustainable Pest and Pathogen Management in Cannabis sativa,1177-Agricultural Biology,1177,Agricultural Biology,Agricultural Sciences-Academic Units (E1),2025-08-01,2025,2028-05-31,FALSE,15,MTDC,Colorado State University - Pueblo,,State of Colorado Higher Education,,2025-03-28,2025,,FALSE,718059.73,Colorado State University - Pueblo,State of Colorado Higher Education,Direct sponsor reported; prime sponsor unavailable,FALSE,CSU/Internal,FALSE,FALSE
K000162000,17194139,162000,New,"Wilkins,Michael James","Wilkins,Michael James (Primary PI) 1170",Landscape and climate drivers of plant-soil-microbe interactions across a chronosequence of severe wildfires,1170-Soil + Crop Sciences,1170,Soil + Crop Sciences,Agricultural Sciences-Academic Units (E1),2025-07-01,2025,2028-06-30,FALSE,54,MTDC,DOE-US Department of Energy,,Federal,,2025-03-28,2025,,FALSE,1000000.46,DOE-US Department of Energy,Federal,Direct sponsor reported; prime sponsor unavailable,FALSE,Federal,FALSE,FALSE
K000161880,17194121,161880,New,"Gaines,Todd A","Gaines,Todd A (Primary PI) 1177; Brown,Cynthia S (Co-PI) 1177; Shergill,Lovreet S (Co-PI) 1177; Dao,Phuong Duc (Co-PI) 1177; Dayan,Franck E (Co-PI) 1177; Pelon,Amber Lynn (Co-PI) 1177",Precision Mitigation of Foothills Larkspur Toxicity on Western Rangelands,1177-Agricultural Biology,1177,Agricultural Biology,Agricultural Sciences-Academic Units (E1),2025-07-01,2025,2027-06-30,FALSE,8,TDC,Colorado Office of Economic Development and Intl Trade,,State of Colorado,,2025-03-28,2025,,FALSE,150001.89,Colorado Office of Economic Development and Intl Trade,State of Colorado,Direct sponsor reported; prime sponsor unavailable,FALSE,State,FALSE,FALSE
K000162269,17194084,162269,New,"Gaines,Todd A","Gaines,Todd A (Primary PI) 1177; Brown,Cynthia S (Co-PI) 1177; Shergill,Lovreet S (Co-PI) 1177; Dao,Phuong Duc (Co-PI) 1177; Dayan,Franck E (Co-PI) 1177; Pelon,Amber Lynn (Co-PI) 1177",Cost Share for KRPD#161880: Precision Mitigation of Foothills Larkspur Toxicity on Western Rangelands,1177-Agricultural Biology,1177,Agricultural Biology,Agricultural Sciences-Academic Units (E1),2025-07-01,2025,2027-06-30,FALSE,8,TDC,CSU STRATA,,Domestic Foundations,,2025-03-27,2025,,FALSE,50002.46,CSU STRATA,Domestic Foundations,Direct sponsor reported; prime sponsor unavailable,FALSE,Foundation/nonprofit,FALSE,FALSE
K000162343,17194080,162343,New,"Vivanco,Jorge M","Vivanco,Jorge M (Primary PI) 1173",A systems biology approach to manipulate the spatiotemporal dynamics of lignin degradation in sorghum roots for long-term carbon sequestration,1173-Horticulture + Landscape Architecture,1173,Horticulture + Landscape Architecture,Agricultural Sciences-Academic Units (E1),2025-08-01,2025,1930-07-31,TRUE,54,MTDC,University of Missouri,DOE-US Department of Energy,Other Domestic Higher Education,Federal,2025-03-27,2025,,FALSE,1464975.52,DOE-US Department of Energy,Federal,Prime sponsor reported; direct sponsor is pass-through,TRUE,Federal,FALSE,FALSE
K000162348,17194072,162348,New,"Belk,Keith","Belk,Keith (Primary PI) 1171; Delmore,Robert J (Co-PI) 1171; Narayanan Nair,Mahesh (Co-PI) 1171","Use of extractible fat or marbling scores, plus instrument output, to improve predictions of like/dislike for beef by consumers.",1171-Animal Sciences,1171,Animal Sciences,Agricultural Sciences-Academic Units (E1),2025-07-01,2025,2026-06-30,FALSE,0,No Indirect Cost Allowed,National Cattlemens Beef Association,,Domestic Non-Profit (other than Domestic Foundations),,2025-03-27,2025,,FALSE,291056.5,National Cattlemens Beef Association,Domestic Non-Profit (other than Domestic Foundations),Direct sponsor reported; prime sponsor unavailable,FALSE,Foundation/nonprofit,FALSE,FALSE
K000162245,17193965,162245,New,"Borch,Thomas","Borch,Thomas (Primary PI) 1170; Olson,Mitchell R (Co-PI) 1372",Crop uptake of PFAS from Biosolids Amended Soils,1170-Soil + Crop Sciences,1170,Soil + Crop Sciences,Agricultural Sciences-Academic Units (E1),2025-05-01,2025,2027-04-30,FALSE,54,MTDC,Colorado Department of Public Health and Environment,,State of Colorado,,2025-03-27,2025,,FALSE,357157.57,Colorado Department of Public Health and Environment,State of Colorado,Direct sponsor reported; prime sponsor unavailable,FALSE,State,FALSE,FALSE
K000162390,17193951,162390,New,"Belk,Keith","Belk,Keith (Primary PI) 1171; Edwards-Callaway,Lily Nowell (Co-PI) 1171; Zhang,Peipei (Co-PI) 1171; Delmore,Robert J (Co-PI) 1171; Geornaras,Ifigenia (Co-PI) 1171; Narayanan Nair,Mahesh (Co-PI) 1171",Berkely National Laboratory Food & Beverage Industry Innovation Center,1171-Animal Sciences,1171,Animal Sciences,Agricultural Sciences-Academic Units (E1),2025-10-01,2025,2028-09-30,FALSE,54,MTDC,FFRDC-Lawrence Berkeley National Lab,DOE-US Department of Energy,Federal,Federal,2025-03-27,2025,,FALSE,533566.28,DOE-US Department of Energy,Federal,Prime sponsor reported; direct sponsor is pass-through,FALSE,Federal,FALSE,FALSE
K000162420,17193947,162420,Resubmission,"Borton,Mikayla Ann","Borton,Mikayla Ann (Primary PI) 1170",Prediction of microbial and biogeochemical dynamics in response to precipitation in rangeland ecosystems,1170-Soil + Crop Sciences,1170,Soil + Crop Sciences,Agricultural Sciences-Academic Units (E1),2025-09-01,2025,2028-08-31,FALSE,54,MTDC,Oregon State University,DOE-US Department of Energy,Other Domestic Higher Education,Federal,2025-03-27,2025,,FALSE,129473.24,DOE-US Department of Energy,Federal,Prime sponsor reported; direct sponsor is pass-through,TRUE,Federal,FALSE,FALSE
K000162457,17193943,162457,New,"Borch,Thomas","Borch,Thomas (Primary PI) 1170","CO-WY Engines: An AI-based Remote Sensing System for Comprehensive, Rapid, and Continuous Soil Monitoring in Areas Affected by Wildfires near Abandoned Mine Sites",1170-Soil + Crop Sciences,1170,Soil + Crop Sciences,Agricultural Sciences-Academic Units (E1),2025-07-01,2025,2026-06-30,FALSE,54,MTDC,Colorado School of Mines,"Rocky Mountain Innovation Initiative, Inc. DBA Innosphere Ventures",State of Colorado Higher Education,Domestic Non-Profit (other than Domestic Foundations),2025-03-27,2025,,FALSE,90000.68,"Rocky Mountain Innovation Initiative, Inc. DBA Innosphere Ventures",Domestic Non-Profit (other than Domestic Foundations),Prime sponsor reported; direct sponsor is pass-through,TRUE,Foundation/nonprofit,FALSE,FALSE
K000162478,17193937,162478,New,"Paustian,Keith H","Paustian,Keith H (Primary PI) 1170; Hong,Mu (Key Person) 1499; Swan,Amy L (Key Person) 1170",Co-Wy Engines: Stratifyx Land Use Planning Decision Support Platform,1170-Soil + Crop Sciences,1170,Soil + Crop Sciences,Agricultural Sciences-Academic Units (E1),2025-06-01,2025,2026-05-31,FALSE,54,MTDC,"Stratifyx, Inc.","Rocky Mountain Innovation Initiative, Inc. DBA Innosphere Ventures",Domestic Commercial,Domestic Non-Profit (other than Domestic Foundations),2025-03-27,2025,,FALSE,122885.51,"Rocky Mountain Innovation Initiative, Inc. DBA Innosphere Ventures",Domestic Non-Profit (other than Domestic Foundations),Prime sponsor reported; direct sponsor is pass-through,FALSE,Foundation/nonprofit,FALSE,FALSE
K000162481,17193929,162481,Continuation,"Thompson,Henry J","Thompson,Henry J (Primary PI) 1173",PHCI: Comparative Analysis of the Impact of Type of Pulse Consumed in Human Subjects and Pre-Clinical Models,1173-Horticulture + Landscape Architecture,1173,Horticulture + Landscape Architecture,Agricultural Sciences-Academic Units (E1),2025-09-01,2025,2026-08-31,FALSE,0,No Indirect Cost Allowed,USDA-ARS-Agricultural Research Service,,Federal,,2025-03-27,2025,Funded,TRUE,115502.52,USDA-ARS-Agricultural Research Service,Federal,Direct sponsor reported; prime sponsor unavailable,FALSE,Federal,FALSE,FALSE
K000162242,17193619,162242,New,"Ode,Paul James","Ode,Paul James (Primary PI) 1177","Nutrition, stress, and immunology of bumble bees and surrogate insects",1177-Agricultural Biology,1177,Agricultural Biology,Agricultural Sciences-Academic Units (E1),2025-06-01,2025,1930-05-31,TRUE,17.5,MTDC,DOI-USGS-Geological Survey,,Federal,,2025-03-25,2025,Funded,TRUE,398999.54,DOI-USGS-Geological Survey,Federal,Direct sponsor reported; prime sponsor unavailable,FALSE,Federal,FALSE,FALSE
K000161860,17193581,161860,Supplement/Additional Funding,"Gaines,Todd A","Gaines,Todd A (Primary PI) 1177; Abdollahi,Fatemeh (Co-PI) 1177",Phase 2 RNA-Targeting to Reduce Sucrose Loss Post-Harvest in Sugar Beet,1177-Agricultural Biology,1177,Agricultural Biology,Agricultural Sciences-Academic Units (E1),2025-08-15,2025,2027-08-14,FALSE,0,No Indirect Cost Allowed,Western Sugar Cooperative,,Domestic Commercial,,2025-03-24,2025,Funded,TRUE,299988.05,Western Sugar Cooperative,Domestic Commercial,Direct sponsor reported; prime sponsor unavailable,FALSE,Industry,FALSE,FALSE
K000162384,17193388,162384,Supplement/Additional Funding,"Leach,Jan E","Leach,Jan E (Primary PI) 1177","Risk assessment of diseases caused by Pantoea ananatis on rice, peanut and corn in the USA",1177-Agricultural Biology,1177,Agricultural Biology,Agricultural Sciences-Academic Units (E1),2025-06-01,2025,2026-05-31,FALSE,0,No Indirect Cost Allowed,USDA-ARS-Agricultural Research Service,,Federal,,2025-03-14,2025,,FALSE,32000,USDA-ARS-Agricultural Research Service,Federal,Direct sponsor reported; prime sponsor unavailable,FALSE,Federal,FALSE,FALSE
K000162339,17193384,162339,New,"Stewart,Jane E","Stewart,Jane E (Primary PI) 1177",Assessing the biogeochemical response of forest soil to prescribed fire and mastication treatments in the rare and threatened Pygmy Forest Ecosystems of California,1177-Agricultural Biology,1177,Agricultural Biology,Agricultural Sciences-Academic Units (E1),2025-08-01,2025,2029-07-31,FALSE,20,TDC,"University of California, Davis",California Department of Forestry and Fire Protection,Other Domestic Higher Education,Other Domestic State Government,2025-03-14,2025,,FALSE,186123.44,California Department of Forestry and Fire Protection,Other Domestic State Government,Prime sponsor reported; direct sponsor is pass-through,TRUE,State,FALSE,FALSE
K000162262,17193380,162262,New,"Prenni,Jessica E","Prenni,Jessica E (Primary PI) 1173",Colorado State University: PTFI Research and Development,1173-Horticulture + Landscape Architecture,1173,Horticulture + Landscape Architecture,Agricultural Sciences-Academic Units (E1),2025-01-01,2025,2027-12-31,FALSE,11.11,TDC,Rockefeller Foundation,,Domestic Foundations,,2025-03-14,2025,Funded,TRUE,500000.27,Rockefeller Foundation,Domestic Foundations,Direct sponsor reported; prime sponsor unavailable,FALSE,Foundation/nonprofit,FALSE,FALSE
K000161667,17193080,161667,New,"Borowiec,Marek L","Borowiec,Marek L (Primary PI) 1177","Research Infrastructure: Increasing research and educational impact of the C.P. Gillette Museum, the largest arthropod collection of the Rocky Mountain Region",1177-Agricultural Biology,1177,Agricultural Biology,Agricultural Sciences-Academic Units (E1),2025-09-01,2025,2028-08-31,FALSE,35,MTDC,NSF-National Science Foundation,,Federal,,2025-03-11,2025,,FALSE,985554.29,NSF-National Science Foundation,Federal,Direct sponsor reported; prime sponsor unavailable,FALSE,Federal,FALSE,FALSE
K000162299,17193076,162299,New,"Uchanski,Mark E","Uchanski,Mark E (Primary PI) 1173",Non-Laser Ablated Dual-Use Thin-Film CdTe Photovoltaics Fabricated via Sputtering for Agrivoltaic Applications,1173-Horticulture + Landscape Architecture,1173,Horticulture + Landscape Architecture,Agricultural Sciences-Academic Units (E1),2025-07-08,2025,2026-04-07,FALSE,54,MTDC,JPHB Solutions,DOE-US Department of Energy,Domestic Commercial,Federal,2025-03-11,2025,,FALSE,64332.24,DOE-US Department of Energy,Federal,Prime sponsor reported; direct sponsor is pass-through,FALSE,Federal,FALSE,FALSE
K000162183,17192919,162183,New,"Nachappa,Punya","Nachappa,Punya (Primary PI) 1177","AMPLIFY hybrid hemp, adding novel plant defense mechanisms to a new oilseed cash crop for sustainable food, feed and fuel markets",1177-Agricultural Biology,1177,Agricultural Biology,Agricultural Sciences-Academic Units (E1),2025-08-01,2025,2028-07-31,FALSE,15,MTDC,"New West Genetics, LLC",Colorado State University - Pueblo,Domestic Commercial,State of Colorado Higher Education,2025-03-06,2025,,FALSE,223280.84,Colorado State University - Pueblo,State of Colorado Higher Education,Prime sponsor reported; direct sponsor is pass-through,FALSE,CSU/Internal,FALSE,FALSE
K000162146,17192845,162146,New,"Shergill,Lovreet S","Shergill,Lovreet S (Primary PI) 1177","Optimizing sugarbeet weed control in sugarbeet through cover crops, planting schedules, and herbicide strategies",1177-Agricultural Biology,1177,Agricultural Biology,Agricultural Sciences-Academic Units (E1),2025-03-01,2025,2025-12-31,FALSE,0,No Indirect Cost Allowed,University of Wyoming,Western Sugar Cooperative,Other Domestic Higher Education,Domestic Commercial,2025-03-05,2025,Funded,TRUE,5799.99,Western Sugar Cooperative,Domestic Commercial,Prime sponsor reported; direct sponsor is pass-through,TRUE,Industry,FALSE,FALSE
K000162099,17192837,162099,New,"Nalam,Vamsi","Nalam,Vamsi (Primary PI) 1177",Exploiting Sugar Beet Volatile Emissions: A Novel Approach for Biocontrol of Beet Curly Top Virus,1177-Agricultural Biology,1177,Agricultural Biology,Agricultural Sciences-Academic Units (E1),2024-06-01,2024,2025-05-31,FALSE,0,No Indirect Cost Allowed,Western Sugar Cooperative,,Domestic Commercial,,2025-03-05,2025,Funded,TRUE,34999.86,Western Sugar Cooperative,Domestic Commercial,Direct sponsor reported; prime sponsor unavailable,FALSE,Industry,FALSE,FALSE
K000162076,17192833,162076,New,"Cotrufo,Maria Francesca","Cotrufo,Maria Francesca (Primary PI) 1170",INTEGRATING BIOGEOCHEMISTRY AND SOIL HEALTH FOR SPECTRAL PREDICTIONS OF CROPLAND RESTORATION OUTCOMES,1170-Soil + Crop Sciences,1170,Soil + Crop Sciences,Agricultural Sciences-Academic Units (E1),2025-02-17,2025,2026-02-16,FALSE,54,MTDC,Syngenta,,Domestic Commercial,,2025-03-05,2025,Funded,TRUE,199188,Syngenta,Domestic Commercial,Direct sponsor reported; prime sponsor unavailable,FALSE,Industry,FALSE,FALSE
K000162052,17192825,162052,New,"Jayanty,Sastry SSGM","Jayanty,Sastry SSGM (Primary PI) 1173",Postharvest Evaluation of CSU advance selections,1173-Horticulture + Landscape Architecture,1173,Horticulture + Landscape Architecture,Agricultural Sciences-Academic Units (E1),2025-07-01,2025,2026-06-30,FALSE,0,No Indirect Cost Allowed,Colorado Potato Administrative Committee,,Domestic Non-Profit (other than Domestic Foundations),,2025-03-05,2025,Funded,TRUE,14887.58,Colorado Potato Administrative Committee,Domestic Non-Profit (other than Domestic Foundations),Direct sponsor reported; prime sponsor unavailable,FALSE,Foundation/nonprofit,FALSE,FALSE
K000162071,17192821,162071,New,"Bauerle,William L","Bauerle,William L (Primary PI) 1173",Boosting Drought Resilience: Enhancing Water Use Efficiency in Nursery & Greenhouse Plants with Osmotic Compounds,1173-Horticulture + Landscape Architecture,1173,Horticulture + Landscape Architecture,Agricultural Sciences-Academic Units (E1),2025-03-15,2025,2026-03-14,FALSE,0,No Indirect Cost Allowed,Colorado Horticulture Research & Education Foundation,,Domestic Foundations,,2025-03-05,2025,Funded,TRUE,9975.48,Colorado Horticulture Research & Education Foundation,Domestic Foundations,Direct sponsor reported; prime sponsor unavailable,FALSE,Foundation/nonprofit,FALSE,FALSE
K000162153,17192815,162153,Supplement/Additional Funding,"Cotrufo,Maria Francesca","Cotrufo,Maria Francesca (Primary PI) 1170; Stanley,Paige Lauren (Co-PI) 1170","Research Support for Paige Stanley, Ph.D., Noble Research Institute Research Fellow",1170-Soil + Crop Sciences,1170,Soil + Crop Sciences,Agricultural Sciences-Academic Units (E1),2025-07-01,2025,2026-12-31,FALSE,11,TDC,Noble Research Institute,,Domestic Non-Profit (other than Domestic Foundations),,2025-03-05,2025,Funded,TRUE,22200,Noble Research Institute,Domestic Non-Profit (other than Domestic Foundations),Direct sponsor reported; prime sponsor unavailable,FALSE,Foundation/nonprofit,FALSE,FALSE
K000161967,17192809,161967,New,"Burkhardt,Jesse Brodie","Burkhardt,Jesse Brodie (Primary PI) 1172; Fitzgerald,Brooke Anne (Co-PI) 1172",Brooke Fitzgerald: Estimating the Dual Impact of Wildfire Smoke on Global Crop Yields Using Machine Learning and Satellite Data,1172-Agricultural + Resource Economics,1172,Agricultural + Resource Economics,Agricultural Sciences-Academic Units (E1),2025-11-01,2025,2028-05-31,FALSE,54,MTDC,NASA-National Aeronautics and Space Administration,,Federal,,2025-03-05,2025,Funded,TRUE,134524,NASA-National Aeronautics and Space Administration,Federal,Direct sponsor reported; prime sponsor unavailable,FALSE,Federal,TRUE,FALSE
K000161729,17192733,161729,Resubmission,"Ode,Paul James","Ode,Paul James (Primary PI) 1177; Ghosh,Enakshi (Co-PI) 1170; Balgopal,Meena M (Co-PI) 1878","Interpreting tripartite interactions: plant defense chemistry, herbivore immune responses, and natural enemy interactions in multitrophic systems",1177-Agricultural Biology,1177,Agricultural Biology,Agricultural Sciences-Academic Units (E1),2025-07-01,2025,2028-06-30,FALSE,54,MTDC,NSF-National Science Foundation,,Federal,,2025-03-04,2025,,FALSE,1077607.76,NSF-National Science Foundation,Federal,Direct sponsor reported; prime sponsor unavailable,FALSE,Federal,FALSE,FALSE
K000161797,17192684,161797,New,"Prenni,Jessica E","Prenni,Jessica E (Primary PI) 1173",Colorado State University: PTFI Research and Development,1173-Horticulture + Landscape Architecture,1173,Horticulture + Landscape Architecture,Agricultural Sciences-Academic Units (E1),2025-01-01,2025,2027-12-31,FALSE,11.11,TDC,Rockefeller Foundation,,Domestic Foundations,,2025-03-04,2025,,FALSE,499095.83,Rockefeller Foundation,Domestic Foundations,Direct sponsor reported; prime sponsor unavailable,FALSE,Foundation/nonprofit,FALSE,FALSE
K000161978,17192480,161978,New,"Pinedo,Pablo J","Pinedo,Pablo J (Primary PI) 1171; Manriquez Alvarez,Diego Ignacio (Co-PI) 1171",Improved Management of Transition Cows in Organic Dairy Farms,1171-Animal Sciences,1171,Animal Sciences,Agricultural Sciences-Academic Units (E1),2025-09-01,2025,2029-08-31,FALSE,42.85,TDC,Texas A and M University,USDA-NIFA-National Institute of Food and Agriculture,Other Domestic Higher Education,Federal,2025-02-27,2025,,FALSE,530348.42,USDA-NIFA-National Institute of Food and Agriculture,Federal,Prime sponsor reported; direct sponsor is pass-through,TRUE,Federal,FALSE,FALSE
K000160894,17192472,160894,New,"Fedorka,Carleigh Elizabeth","Fedorka,Carleigh Elizabeth (Primary PI) 1171; Sones,Jennifer L (Co-PI) 1678; Bosco-Lauth,Angela M (Co-PI) 1680",Assessing the impact of altrenogest on disease acquisition,1171-Animal Sciences,1171,Animal Sciences,Agricultural Sciences-Academic Units (E1),2025-10-01,2025,2026-09-30,FALSE,0,No Indirect Cost Allowed,American Quarter Horse Foundation,,Domestic Foundations,,2025-02-27,2025,,FALSE,51420.2,American Quarter Horse Foundation,Domestic Foundations,Direct sponsor reported; prime sponsor unavailable,FALSE,Foundation/nonprofit,FALSE,FALSE
K000161606,17192466,161606,New,"Edwards-Callaway,Lily Nowell","Edwards-Callaway,Lily Nowell (Primary PI) 1171; Narayanan Nair,Mahesh (Co-PI) 1171",The Influence of Trailer Stocking Density on Fed Beef Cattle Welfare and Carcass Quality in Long and Short Haul Cattle,1171-Animal Sciences,1171,Animal Sciences,Agricultural Sciences-Academic Units (E1),2025-05-01,2025,2027-04-30,FALSE,0,No Indirect Cost Allowed,National Cattlemens Beef Association,,Domestic Non-Profit (other than Domestic Foundations),,2025-02-27,2025,Funded,TRUE,90719.15,National Cattlemens Beef Association,Domestic Non-Profit (other than Domestic Foundations),Direct sponsor reported; prime sponsor unavailable,FALSE,Foundation/nonprofit,FALSE,FALSE
K000161668,17192273,161668,New,"Coleman,Stephen John","Coleman,Stephen John (Primary PI) 1171",CCTSI: Establishing a preclinical bovine model for germ cell mosaicism,1171-Animal Sciences,1171,Animal Sciences,Agricultural Sciences-Academic Units (E1),2025-08-01,2025,2026-07-31,FALSE,54,TDC,University of Colorado Anschutz Medical Campus,HHS-NIH-National Institutes of Health,State of Colorado Higher Education,Federal,2025-02-25,2025,,FALSE,38041.6,HHS-NIH-National Institutes of Health,Federal,Prime sponsor reported; direct sponsor is pass-through,TRUE,Federal,FALSE,FALSE
K000161935,17192231,161935,Supplement/Additional Funding,"Nachappa,Punya","Nachappa,Punya (Primary PI) 1177",Great Plains Wheat Stem Sawfly Coalition,1177-Agricultural Biology,1177,Agricultural Biology,Agricultural Sciences-Academic Units (E1),2025-03-01,2025,2026-02-28,FALSE,0,No Indirect Cost Allowed,USDA-ARS-Agricultural Research Service,,Federal,,2025-02-21,2025,Funded,TRUE,20000.4,USDA-ARS-Agricultural Research Service,Federal,Direct sponsor reported; prime sponsor unavailable,FALSE,Federal,FALSE,FALSE
K000161938,17192227,161938,New,"Jayanty,Sastry SSGM","Jayanty,Sastry SSGM (Primary PI) 1173",Tuber skin discoloration during storage,1173-Horticulture + Landscape Architecture,1173,Horticulture + Landscape Architecture,Agricultural Sciences-Academic Units (E1),2025-07-01,2025,2026-06-30,FALSE,0,No Indirect Cost Allowed,Colorado Potato Administrative Committee,,Domestic Non-Profit (other than Domestic Foundations),,2025-02-21,2025,,FALSE,14887.58,Colorado Potato Administrative Committee,Domestic Non-Profit (other than Domestic Foundations),Direct sponsor reported; prime sponsor unavailable,FALSE,Foundation/nonprofit,FALSE,FALSE
K000161917,17192217,161917,New,"Thompson,Henry J","Thompson,Henry J (Primary PI) 1173",Effect of dry bean on physical and mental health,1173-Horticulture + Landscape Architecture,1173,Horticulture + Landscape Architecture,Agricultural Sciences-Academic Units (E1),2025-07-01,2025,2026-06-30,FALSE,0,No Indirect Cost Allowed,Nebraska Dry Bean Commission,,Domestic Non-Profit (other than Domestic Foundations),,2025-02-21,2025,Funded,TRUE,26649.07,Nebraska Dry Bean Commission,Domestic Non-Profit (other than Domestic Foundations),Direct sponsor reported; prime sponsor unavailable,FALSE,Foundation/nonprofit,FALSE,FALSE
K000161666,17192207,161666,New,"Vargas Martinez,Juan de Jesus de Jesus","Vargas Martinez,Juan de Jesus de Jesus (Primary PI) 1171; Gomes Sitorski,Leonardo (Co-PI) 1171; Place,Sara (Co-PI) 1171; Engle,Terry E (Co-PI) 1171",Using oxygen-enriched water to reduce enteric methane in beef systems.,1171-Animal Sciences,1171,Animal Sciences,Agricultural Sciences-Academic Units (E1),2025-04-01,2025,2026-03-31,FALSE,10,TDC,Grantham Foundation,,Domestic Foundations,,2025-02-21,2025,Funded,TRUE,177500.49,Grantham Foundation,Domestic Foundations,Direct sponsor reported; prime sponsor unavailable,FALSE,Foundation/nonprofit,FALSE,FALSE
K000161560,17192196,161560,Supplement/Additional Funding,"Stewart,Jane E","Stewart,Jane E (Primary PI) 1177","Invasive forest pathogens in the field and ports of entry: Development of DNA-based, diagnostic tools to detect and identify",1177-Agricultural Biology,1177,Agricultural Biology,Agricultural Sciences-Academic Units (E1),2025-09-01,2025,2026-08-31,FALSE,0,No Indirect Cost Allowed,USDA-USFS-Pacific NW Exp Statn,,Federal,,2025-02-21,2025,Funded,TRUE,30000,USDA-USFS-Pacific NW Exp Statn,Federal,Direct sponsor reported; prime sponsor unavailable,FALSE,Federal,FALSE,FALSE
K000161558,17192192,161558,Supplement/Additional Funding,"Stewart,Jane E","Stewart,Jane E (Primary PI) 1177","Detecting, tracking, and monitoring invasive pathogens introduced in United States tree nurseries and restoration sites",1177-Agricultural Biology,1177,Agricultural Biology,Agricultural Sciences-Academic Units (E1),2025-09-01,2025,2026-08-31,FALSE,0,No Indirect Cost Allowed,USDA-USFS-Pacific NW Exp Statn,,Federal,,2025-02-21,2025,Funded,TRUE,30000,USDA-USFS-Pacific NW Exp Statn,Federal,Direct sponsor reported; prime sponsor unavailable,FALSE,Federal,FALSE,FALSE
K000161296,17192188,161296,New,"Thompson,Henry J","Thompson,Henry J (Primary PI) 1173","Colonic Senescence: Unveiling Microbiome Drivers And Impact Of Pulses In A Randomized, Placebo-Controlled, Clinical Trial (R01)",1173-Horticulture + Landscape Architecture,1173,Horticulture + Landscape Architecture,Agricultural Sciences-Academic Units (E1),2025-12-01,2025,1930-11-30,TRUE,54,MTDC,"University of California, Davis",HHS-NIH-National Institutes of Health,Other Domestic Higher Education,Federal,2025-02-21,2025,,FALSE,66422.15,HHS-NIH-National Institutes of Health,Federal,Prime sponsor reported; direct sponsor is pass-through,TRUE,Federal,FALSE,FALSE
K000161884,17192132,161884,New,"Cotrufo,Maria Francesca","Cotrufo,Maria Francesca (Primary PI) 1170; Haddix,Michelle (Co-PI) 1170",BII: Life at the Extremes: Investigating the co-evolution of extremophilic plants and their rhizosphere microbiomes in the Earth's harshest ecosystems,1170-Soil + Crop Sciences,1170,Soil + Crop Sciences,Agricultural Sciences-Academic Units (E1),2025-09-01,2025,1931-08-31,TRUE,54,MTDC,Texas Tech University,NSF-National Science Foundation,Other Domestic Higher Education,Federal,2025-02-20,2025,,FALSE,1999999.99,NSF-National Science Foundation,Federal,Prime sponsor reported; direct sponsor is pass-through,TRUE,Federal,FALSE,FALSE
K000162035,17192126,162035,Supplement/Additional Funding,"Nalam,Vamsi","Nalam,Vamsi (Primary PI) 1177; Han,Jinlong (Co-PI) 1177",Disruption of potato virus Y transmission by aphid vectors using small peptide inhibitors,1177-Agricultural Biology,1177,Agricultural Biology,Agricultural Sciences-Academic Units (E1),2025-06-01,2025,2026-05-31,FALSE,0,No Indirect Cost Allowed,Colorado Potato Administrative Committee,,Domestic Non-Profit (other than Domestic Foundations),,2025-02-20,2025,Funded,TRUE,32655.92,Colorado Potato Administrative Committee,Domestic Non-Profit (other than Domestic Foundations),Direct sponsor reported; prime sponsor unavailable,FALSE,Foundation/nonprofit,FALSE,FALSE
K000162093,17192087,162093,New,"Szczepaniec,Adrianna","Szczepaniec,Adrianna (Primary PI) 1177",Control of Russet Mites in Greenhouse-Grown Tomato,1177-Agricultural Biology,1177,Agricultural Biology,Agricultural Sciences-Academic Units (E1),2025-02-17,2025,2025-12-31,FALSE,11.11,TDC,"University of California, Davis",,Other Domestic Higher Education,,2025-02-20,2025,Funded,TRUE,16667.34,"University of California, Davis",Other Domestic Higher Education,Direct sponsor reported; prime sponsor unavailable,FALSE,Other,FALSE,FALSE
K000161740,17192070,161740,New,"Gaines,Todd A","Gaines,Todd A (Primary PI) 1177; Shergill,Lovreet S (Co-PI) 1177",Year 5 - Prelaunch evaluation of triple stack herbicide resistance efficacy for sugar beets in the Rocky Mountain West,1177-Agricultural Biology,1177,Agricultural Biology,Agricultural Sciences-Academic Units (E1),2025-02-01,2025,2025-12-31,FALSE,0,No Indirect Cost Allowed,Western Sugar Cooperative,,Domestic Commercial,,2025-02-19,2025,Funded,TRUE,9999.75,Western Sugar Cooperative,Domestic Commercial,Direct sponsor reported; prime sponsor unavailable,FALSE,Industry,FALSE,FALSE
K000161594,17191656,161594,New,"Argueso,Cristiana","Argueso,Cristiana (Primary PI) 1177",Sponsoring Early Career Scientists at the The International Plant Growth Substances Association Conference 2025,1177-Agricultural Biology,1177,Agricultural Biology,Agricultural Sciences-Academic Units (E1),2025-06-01,2025,2026-05-31,FALSE,0,No Indirect Cost Allowed,USDA-NIFA-National Institute of Food and Agriculture,,Federal,,2025-02-12,2025,,FALSE,24770,USDA-NIFA-National Institute of Food and Agriculture,Federal,Direct sponsor reported; prime sponsor unavailable,FALSE,Federal,FALSE,FALSE
K000161646,17191507,161646,Supplement/Additional Funding,"Morris,Geoffrey Preston","Morris,Geoffrey Preston (Primary PI) 1170",Trait technology package for iron deficiency chlorosis tolerance in sorghum,1170-Soil + Crop Sciences,1170,Soil + Crop Sciences,Agricultural Sciences-Academic Units (E1),2025-01-01,2025,2025-12-31,FALSE,0,No Indirect Cost Allowed,Kansas State University,United Sorghum Checkoff Program,Other Domestic Higher Education,Domestic Non-Profit (other than Domestic Foundations),2025-02-10,2025,Funded,TRUE,75000,United Sorghum Checkoff Program,Domestic Non-Profit (other than Domestic Foundations),Prime sponsor reported; direct sponsor is pass-through,TRUE,Foundation/nonprofit,FALSE,FALSE
K000161963,17191422,161963,Resubmission,"Bousselot,Jennifer M","Bousselot,Jennifer M (Primary PI) 1173",Raspberry (Rubus idaeus) Cultivation in Rooftop Agrivoltaics,1173-Horticulture + Landscape Architecture,1173,Horticulture + Landscape Architecture,Agricultural Sciences-Academic Units (E1),2025-05-01,2025,2025-12-31,FALSE,0,No Indirect Cost Allowed,North American Raspberry & Blackberry Association,,Domestic Non-Profit (other than Domestic Foundations),,2025-02-06,2025,,FALSE,4962.66,North American Raspberry & Blackberry Association,Domestic Non-Profit (other than Domestic Foundations),Direct sponsor reported; prime sponsor unavailable,FALSE,Foundation/nonprofit,FALSE,FALSE
K000162034,17191277,162034,New,"Nalam,Vamsi","Nalam,Vamsi (Primary PI) 1177",Identifying sources of resistance to Potato Mop-Top Virus,1177-Agricultural Biology,1177,Agricultural Biology,Agricultural Sciences-Academic Units (E1),2025-06-01,2025,2026-05-30,FALSE,0,No Indirect Cost Allowed,Colorado Potato Administrative Committee,,Domestic Non-Profit (other than Domestic Foundations),,2025-02-05,2025,,FALSE,30515.2,Colorado Potato Administrative Committee,Domestic Non-Profit (other than Domestic Foundations),Direct sponsor reported; prime sponsor unavailable,FALSE,Foundation/nonprofit,FALSE,FALSE
K000161156,17191237,161156,New,"Thompson,Henry J","Thompson,Henry J (Primary PI) 1173; Weir,Tiffany L (Co-PI) 1571",Targeting the Gut Microbiome to Break the Linkage Between Positive Energy Balance and Chronic Disease,1173-Horticulture + Landscape Architecture,1173,Horticulture + Landscape Architecture,Agricultural Sciences-Academic Units (E1),2025-07-01,2025,1930-06-30,TRUE,54,MTDC,HHS-NIH-National Institutes of Health,,Federal,,2025-02-05,2025,,FALSE,2937138.57,HHS-NIH-National Institutes of Health,Federal,Direct sponsor reported; prime sponsor unavailable,FALSE,Federal,FALSE,FALSE
K000161723,17190972,161723,New,"Trujillo,Wilma","Trujillo,Wilma (Primary PI) 1170",National Fish and Wildlife Foundation : proposals to perform laboratory analyses on soil samples pulled from fields that were enrolled and cover cropped as part the Farmers for Soil Health (FSH) prog,1170-Soil + Crop Sciences,1170,Soil + Crop Sciences,Agricultural Sciences-Academic Units (E1),2025-03-01,2025,2027-08-31,FALSE,35,MTDC,National Fish and Wildlife Foundation,USDA-NRCS-Natural Resources Consvtn Srv,Domestic Foundations,Federal,2025-01-30,2025,,FALSE,127959.27,USDA-NRCS-Natural Resources Consvtn Srv,Federal,Prime sponsor reported; direct sponsor is pass-through,FALSE,Federal,FALSE,FALSE
K000161711,17190968,161711,Supplement/Additional Funding,"Pires,Joseph Chris","Pires,Joseph Chris (Primary PI) 1170",Partnerships for Data Innovations and Data Solutions to Support Ecosystem Modeling,1170-Soil + Crop Sciences,1170,Soil + Crop Sciences,Agricultural Sciences-Academic Units (E1),2024-07-01,2024,2025-06-30,FALSE,0,No Indirect Cost Allowed,USDA-ARS-Agricultural Research Service,,Federal,,2025-01-30,2025,,FALSE,298909.83,USDA-ARS-Agricultural Research Service,Federal,Direct sponsor reported; prime sponsor unavailable,FALSE,Federal,FALSE,FALSE
K000161710,17190959,161710,Supplement/Additional Funding,"Nachappa,Punya","Nachappa,Punya (Primary PI) 1177",Colorado Wheat Grants-in-aid,1177-Agricultural Biology,1177,Agricultural Biology,Agricultural Sciences-Academic Units (E1),2025-05-01,2025,2025-06-30,FALSE,0,No Indirect Cost Allowed,Colorado Wheat Administrative Committee,,Domestic Non-Profit (other than Domestic Foundations),,2025-01-30,2025,Funded,TRUE,32667.63,Colorado Wheat Administrative Committee,Domestic Non-Profit (other than Domestic Foundations),Direct sponsor reported; prime sponsor unavailable,FALSE,Foundation/nonprofit,FALSE,FALSE
K000161739,17190554,161739,New,"Shergill,Lovreet S","Shergill,Lovreet S (Primary PI) 1177; Dayan,Franck E (Co-PI) 1177; Gaines,Todd A (Co-PI) 1177; Brar,Akamjot Singh (Key Person) 1177",Spot spraying using UAV for targeted control of glyphosate-resistant weeds in sugar beet,1177-Agricultural Biology,1177,Agricultural Biology,Agricultural Sciences-Academic Units (E1),2025-03-01,2025,2025-12-31,FALSE,0,No Indirect Cost Allowed,Western Sugar Cooperative,,Domestic Commercial,,2025-01-23,2025,,FALSE,40647.33,Western Sugar Cooperative,Domestic Commercial,Direct sponsor reported; prime sponsor unavailable,FALSE,Industry,FALSE,FALSE
K000161627,17190550,161627,New,"Dao,Phuong Duc","Dao,Phuong Duc (Primary PI) 1177",Multiscale automatic plant disease detection and rating with hyperspectral remote sensing,1177-Agricultural Biology,1177,Agricultural Biology,Agricultural Sciences-Academic Units (E1),2025-01-01,2025,2025-12-31,FALSE,0,No Indirect Cost Allowed,Western Sugar Cooperative,,Domestic Commercial,,2025-01-23,2025,,FALSE,31517.15,Western Sugar Cooperative,Domestic Commercial,Direct sponsor reported; prime sponsor unavailable,FALSE,Industry,FALSE,FALSE
K000161388,17190546,161388,New,"Gifford,Lauren","Gifford,Lauren (Primary PI) 1170",High Yield Asexual Seed Production to Empower LMIC Farmers and Provide Global Food Security in the Face of Climate Change,1170-Soil + Crop Sciences,1170,Soil + Crop Sciences,Agricultural Sciences-Academic Units (E1),2025-01-01,2025,2025-12-31,FALSE,0,No Indirect Cost Allowed,"University of California, Berkeley",Waverly Street Foundation,Other Domestic Higher Education,Domestic Foundations,2025-01-23,2025,,FALSE,19998.76,Waverly Street Foundation,Domestic Foundations,Prime sponsor reported; direct sponsor is pass-through,TRUE,Foundation/nonprofit,FALSE,FALSE
K000161489,17190536,161489,New,"Raynor,Edward James","Raynor,Edward James (Primary PI) 1171; Stackhouse-Lawson,Kimberly Rose (Co-PI) 1171",Conference Grant to Support the 2025 AgNext Research Summit,1171-Animal Sciences,1171,Animal Sciences,Agricultural Sciences-Academic Units (E1),2025-04-01,2025,2025-06-30,FALSE,0,No Indirect Cost Allowed,USDA-NIFA-National Institute of Food and Agriculture,,Federal,,2025-01-23,2025,,FALSE,19999.73,USDA-NIFA-National Institute of Food and Agriculture,Federal,Direct sponsor reported; prime sponsor unavailable,FALSE,Federal,FALSE,FALSE
K000161674,17190048,161674,Supplement/Additional Funding,"Prenni,Jessica E","Prenni,Jessica E (Primary PI) 1173",Curriculum Development support for FoodEDU,1173-Horticulture + Landscape Architecture,1173,Horticulture + Landscape Architecture,Agricultural Sciences-Academic Units (E1),2025-01-01,2025,2025-12-31,FALSE,10,TDC,American Heart Association,,Domestic Non-Profit (other than Domestic Foundations),,2025-01-14,2025,,FALSE,17348.45,American Heart Association,Domestic Non-Profit (other than Domestic Foundations),Direct sponsor reported; prime sponsor unavailable,FALSE,Foundation/nonprofit,FALSE,FALSE
K000160965,17190036,160965,New,"Place,Sara","Place,Sara (Primary PI) 1171; Gomes Sitorski,Leonardo (Co-PI) 1171; Vargas Martinez,Juan de Jesus de Jesus (Co-PI) 1171; Carvalho,Pedro Henrique (Co-PI) 1171; Stackhouse-Lawson,Kimberly Rose (Co-PI) 1171",Determining current cattle feeding methane mitigation options,1171-Animal Sciences,1171,Animal Sciences,Agricultural Sciences-Academic Units (E1),2024-11-01,2024,2026-10-31,FALSE,0,No Indirect Cost Allowed,Charities Aid Foundation America,,Domestic Foundations,,2025-01-14,2025,Funded,TRUE,1000000.35,Charities Aid Foundation America,Domestic Foundations,Direct sponsor reported; prime sponsor unavailable,FALSE,Foundation/nonprofit,FALSE,FALSE
K000161373,17189978,161373,New,"Vargas Martinez,Juan de Jesus de Jesus","Vargas Martinez,Juan de Jesus de Jesus (Primary PI) 1171; Gomes Sitorski,Leonardo (Co-PI) 1171; Place,Sara (Co-PI) 1171; Carvalho,Pedro Henrique (Co-PI) 1171","Impact of essential oil supplementation on methane emissions, rumen microbiome, and animal performance in cow-calf systems",1171-Animal Sciences,1171,Animal Sciences,Agricultural Sciences-Academic Units (E1),2025-02-01,2025,2026-03-31,FALSE,54,MTDC,EQT Foundation,,Foreign Foundations,,2025-01-13,2025,,FALSE,106459.95,EQT Foundation,Foreign Foundations,Direct sponsor reported; prime sponsor unavailable,FALSE,Foundation/nonprofit,FALSE,FALSE
K000161557,17189653,161557,New,"Blecker,Steven","Blecker,Steven (Primary PI) 3001; Buchanan,Cassidy Michelle (Co-PI) 1170",Biosolids Land Application Research Program,1170-Soil + Crop Sciences,1170,Soil + Crop Sciences,Agricultural Sciences-Academic Units (E1),2025-01-01,2025,2025-12-31,FALSE,26,MTDC,South Platte Water Renewal Partners,,State of Colorado Other Local Government,,2025-01-06,2025,Funded,TRUE,98017.48,South Platte Water Renewal Partners,State of Colorado Other Local Government,Direct sponsor reported; prime sponsor unavailable,FALSE,State,FALSE,FALSE
K000161689,17189521,161689,New,"Borch,Thomas","Borch,Thomas (Primary PI) 1170",Development of Non-Targeted Analysis Methods for Risk Assessment of Produced Water Using Solid Phase Microextraction (SPME) and Liquid Chromatography Coupled with High- Resolution Mass Spectrometry,1170-Soil + Crop Sciences,1170,Soil + Crop Sciences,Agricultural Sciences-Academic Units (E1),2024-12-30,2024,2027-06-29,FALSE,54,MTDC,Exxon Mobil Corporation,,Domestic Commercial,,2025-01-02,2025,Funded,TRUE,488504.6,Exxon Mobil Corporation,Domestic Commercial,Direct sponsor reported; prime sponsor unavailable,FALSE,Industry,FALSE,FALSE
K000161414,17189508,161414,New,"Blecker,Lisa Ann","Blecker,Lisa Ann (Primary PI) 1177; Geisterfer,Hannah Lisanne (Co-PI) 1177",FY 2025 Pesticides Program,1177-Agricultural Biology,1177,Agricultural Biology,Agricultural Sciences-Academic Units (E1),2025-01-01,2025,2025-09-30,FALSE,10,TDC,Colorado Department of Agriculture,EPA-Environmental Protection Agency,State of Colorado,Federal,2025-01-02,2025,Funded,TRUE,31297.56,EPA-Environmental Protection Agency,Federal,Prime sponsor reported; direct sponsor is pass-through,FALSE,Federal,FALSE,FALSE
K000161528,17189498,161528,New,"Shergill,Lovreet S","Shergill,Lovreet S (Primary PI) 1177; Dao,Phuong Duc (Co-PI) 1177; Cabot,Perry Edmund (Co-PI) 1033; Ballard,Todd Curtis (Co-PI) 4030",Developing IWM tactics for chickpea production,1177-Agricultural Biology,1177,Agricultural Biology,Agricultural Sciences-Academic Units (E1),2025-03-01,2025,2026-02-28,FALSE,0,No Indirect Cost Allowed,USA Dry Pea & Lentil Council,,Domestic Non-Profit (other than Domestic Foundations),,2025-01-02,2025,,FALSE,35333.63,USA Dry Pea & Lentil Council,Domestic Non-Profit (other than Domestic Foundations),Direct sponsor reported; prime sponsor unavailable,FALSE,Foundation/nonprofit,FALSE,FALSE
K000161323,17189494,161323,Supplement/Additional Funding,"Countryman,Amanda Marie","Countryman,Amanda Marie (Primary PI) 1172",Measuring the Economic Impacts of African Swine Fever on United States Supply Chains,1172-Agricultural + Resource Economics,1172,Agricultural + Resource Economics,Agricultural Sciences-Academic Units (E1),2024-11-01,2024,2025-01-31,FALSE,54,MTDC,Texas A and M University,DHS-US Department of Homeland Security,Other Domestic Higher Education,Federal,2025-01-02,2025,Funded,TRUE,10650.5,DHS-US Department of Homeland Security,Federal,Prime sponsor reported; direct sponsor is pass-through,TRUE,Federal,TRUE,FALSE
K000161675,17189418,161675,New,"Pottorff,Laura Pickett","Pottorff,Laura Pickett (Primary PI) 1170; Crowl,Randall Lee (Co-PI) 1170",Seed Regulatory Sample Analysis,1170-Soil + Crop Sciences,1170,Soil + Crop Sciences,Agricultural Sciences-Academic Units (E1),2025-01-01,2025,2025-12-31,FALSE,0,No Indirect Cost Allowed,Colorado Department of Agriculture,,State of Colorado,,2024-12-31,2024,Funded,TRUE,49997.73,Colorado Department of Agriculture,State of Colorado,Direct sponsor reported; prime sponsor unavailable,FALSE,State,FALSE,FALSE
K000161556,17189356,161556,Supplement/Additional Funding,"Martin,Timothy","Martin,Timothy (Primary PI) 1170; Kremen,Amy E (Co-PI) 1170",Climate Smart Advances in Ag Performance,1170-Soil + Crop Sciences,1170,Soil + Crop Sciences,Agricultural Sciences-Academic Units (E1),2025-01-01,2025,2028-08-31,FALSE,35,MTDC,USDA-NRCS-Natural Resources Consvtn Srv,,Federal,,2024-12-31,2024,Funded,TRUE,4239968.14,USDA-NRCS-Natural Resources Consvtn Srv,Federal,Direct sponsor reported; prime sponsor unavailable,FALSE,Federal,FALSE,FALSE
K000161420,17189108,161420,New,"Schipanski,Meagan Erin","Schipanski,Meagan Erin (Primary PI) 1170; Jackson,Erin Donley (Co-PI) 1170",Erin Jackson: Improving climate resilience of winter squash production in the Northern Plains,1170-Soil + Crop Sciences,1170,Soil + Crop Sciences,Agricultural Sciences-Academic Units (E1),2025-04-01,2025,2027-03-31,FALSE,10,TDC,Montana State University,USDA-NIFA-National Institute of Food and Agriculture,Other Domestic Higher Education,Federal,2024-12-23,2024,Funded,TRUE,29999.49,USDA-NIFA-National Institute of Food and Agriculture,Federal,Prime sponsor reported; direct sponsor is pass-through,TRUE,Federal,FALSE,FALSE
K000161205,17189069,161205,New,"Miller,Chad","Miller,Chad (Primary PI) 1173; Lee,Makenzie Katherine (Key Person) 1173",Makenzie Lee: Evaluating Edible Flowers for Intercropping with Vegetables to Enhance Producer Market Diversification,1173-Horticulture + Landscape Architecture,1173,Horticulture + Landscape Architecture,Agricultural Sciences-Academic Units (E1),2025-04-01,2025,2026-07-31,FALSE,10,TDC,Montana State University,USDA-NIFA-National Institute of Food and Agriculture,Other Domestic Higher Education,Federal,2024-12-23,2024,Funded,TRUE,29928.43,USDA-NIFA-National Institute of Food and Agriculture,Federal,Prime sponsor reported; direct sponsor is pass-through,TRUE,Federal,FALSE,FALSE
K000161344,17189027,161344,New,"Szczepaniec,Adrianna","Szczepaniec,Adrianna (Primary PI) 1177; Britt,Kadie Elizabeth (Co-PI) 1177",Regional education and IPM implementation program for emerald ash borer in urban landscapes,1177-Agricultural Biology,1177,Agricultural Biology,Agricultural Sciences-Academic Units (E1),2025-03-01,2025,2026-02-28,FALSE,35,MTDC,Western Integrated Pest Management Center,,Domestic Non-Profit (other than Domestic Foundations),,2024-12-23,2024,Funded,TRUE,39999.96,Western Integrated Pest Management Center,Domestic Non-Profit (other than Domestic Foundations),Direct sponsor reported; prime sponsor unavailable,FALSE,Foundation/nonprofit,FALSE,FALSE
K000161415,17189009,161415,New,"Dayan,Franck E","Dayan,Franck E (Primary PI) 1177; Gaines,Todd A (Co-PI) 1177",Improving the tolerance to QPE in CoAXium wheat by manipulating a GRAS transcription factor,1177-Agricultural Biology,1177,Agricultural Biology,Agricultural Sciences-Academic Units (E1),2025-04-01,2025,2027-03-31,FALSE,8,TDC,"Colorado Wheat Research Foundation, Inc.",,Domestic Foundations,,2024-12-23,2024,,FALSE,44051.53,"Colorado Wheat Research Foundation, Inc.",Domestic Foundations,Direct sponsor reported; prime sponsor unavailable,FALSE,Foundation/nonprofit,FALSE,FALSE
K000161340,17188995,161340,New,"Dayan,Franck E","Dayan,Franck E (Primary PI) 1177; Gaines,Todd A (Co-PI) 1177",Improving the tolerance to QPE in CoAXium wheat by manipulating a GRAS transcription factor,1177-Agricultural Biology,1177,Agricultural Biology,Agricultural Sciences-Academic Units (E1),2025-04-01,2025,2027-03-31,FALSE,8,TDC,Colorado Office of Economic Development and Intl Trade,,State of Colorado,,2024-12-23,2024,Funded,TRUE,132150.35,Colorado Office of Economic Development and Intl Trade,State of Colorado,Direct sponsor reported; prime sponsor unavailable,FALSE,State,FALSE,FALSE
K000161335,17188985,161335,Resubmission,"Willige,Bjorn Christopher","Willige,Bjorn Christopher (Primary PI) 1170; Wilkins,Michael James (Co-PI) 1170; Saldierna Guzman,Jessica Paola (Co-PI) 1170; Borch,Thomas (Co-PI) 1170",The role of wildfire-derived chemicals in revegetation success of pine forests,1170-Soil + Crop Sciences,1170,Soil + Crop Sciences,Agricultural Sciences-Academic Units (E1),2025-08-01,2025,2028-07-31,FALSE,54,MTDC,NSF-National Science Foundation,,Federal,,2024-12-23,2024,,FALSE,1178254.4,NSF-National Science Foundation,Federal,Direct sponsor reported; prime sponsor unavailable,FALSE,Federal,FALSE,FALSE
K000159108,17188927,159108,New,"Countryman,Amanda Marie","Countryman,Amanda Marie (Primary PI) 1172",Global Economic Effects of Trade Restrictions on Seafood From Japan,1172-Agricultural + Resource Economics,1172,Agricultural + Resource Economics,Agricultural Sciences-Academic Units (E1),2024-07-01,2024,2025-01-31,FALSE,10,TDC,University of Minnesota,USDA-Foreign Agricultural Service,Other Domestic Higher Education,Federal,2024-12-19,2024,Funded,TRUE,34996.21,USDA-Foreign Agricultural Service,Federal,Prime sponsor reported; direct sponsor is pass-through,TRUE,Federal,TRUE,FALSE
K000160973,17188895,160973,New,"Nalam,Vamsi","Nalam,Vamsi (Primary PI) 1177; Chikh-Ali,Mohamad (Co-PI) 3043; Han,Jinlong (Co-PI) 1177; Nachappa,Punya (Co-PI) 1177",Evaluating the effectiveness of novel broad-spectrum antiviral peptides for inhibiting potato virus Y transmission by aphid vectors,1177-Agricultural Biology,1177,Agricultural Biology,Agricultural Sciences-Academic Units (E1),2025-04-01,2025,2028-03-31,FALSE,10,TDC,Montana State University,,Other Domestic Higher Education,,2024-12-19,2024,,FALSE,349304.38,Montana State University,Other Domestic Higher Education,Direct sponsor reported; prime sponsor unavailable,FALSE,Other,FALSE,FALSE
K000161283,17188889,161283,New,"Matlock,Sarah K","Matlock,Sarah K (Primary PI) 1171; Catalano,Devan Noelle (Co-PI) 1171",Increasing horse owner knowledge and awareness of equine behavior and welfare through an online certificate program and in-person Extension events,1171-Animal Sciences,1171,Animal Sciences,Agricultural Sciences-Academic Units (E1),2025-01-15,2025,2025-06-30,FALSE,5.26,TDC,Colorado Department of Agriculture,,State of Colorado,,2024-12-19,2024,,FALSE,39793.97,Colorado Department of Agriculture,State of Colorado,Direct sponsor reported; prime sponsor unavailable,FALSE,State,FALSE,FALSE
K000160554,17188349,160554,New,"Vivanco,Jorge M","Vivanco,Jorge M (Primary PI) 1173; Sterle,David Gabriel (Co-PI) 3046; Afkairin,Antisar SM Omar (Co-PI) 1173; Minas,Ioannis (Co-PI) 1173","Boosting Orchard Nutrition, Health and Productivity with Legume Residue Integration into the Soil",1173-Horticulture + Landscape Architecture,1173,Horticulture + Landscape Architecture,Agricultural Sciences-Academic Units (E1),2025-04-01,2025,2028-03-31,FALSE,10,TDC,Montana State University,USDA-NIFA-National Institute of Food and Agriculture,Other Domestic Higher Education,Federal,2024-12-11,2024,,FALSE,349800.68,USDA-NIFA-National Institute of Food and Agriculture,Federal,Prime sponsor reported; direct sponsor is pass-through,TRUE,Federal,FALSE,FALSE
K000161070,17188320,161070,New,"Place,Sara","Place,Sara (Primary PI) 1171; Sharvelle,Sybil E (Co-PI) 1372; Lambert,Jordan Marie (Co-PI) 1101; Ritten,John Patrick (Co-PI) 1172; Stackhouse-Lawson,Kimberly Rose (Co-PI) 1171",Methane Reduction in Animal Agriculture,1171-Animal Sciences,1171,Animal Sciences,Agricultural Sciences-Academic Units (E1),2024-06-01,2024,2025-05-31,FALSE,35,MTDC,Colorado Department of Agriculture,,State of Colorado,,2024-12-11,2024,Funded,TRUE,169355.54,Colorado Department of Agriculture,State of Colorado,Direct sponsor reported; prime sponsor unavailable,FALSE,State,FALSE,FALSE
K000161457,17188310,161457,Supplement/Additional Funding,"Paustian,Keith H","Paustian,Keith H (Primary PI) 1170",Leveraging multi-sector partnerships to measure and predict soil health and climate change mitigation outcomes associated with commonly recommended rangeland management practices.,1170-Soil + Crop Sciences,1170,Soil + Crop Sciences,Agricultural Sciences-Academic Units (E1),2024-10-01,2024,2024-12-31,FALSE,11.11,TDC,Point Blue Conservation Science,Foundation for Food & Agriculture Research,Domestic Non-Profit (other than Domestic Foundations),Domestic Non-Profit (other than Domestic Foundations),2024-12-11,2024,Funded,TRUE,10000.61,Foundation for Food & Agriculture Research,Domestic Non-Profit (other than Domestic Foundations),Prime sponsor reported; direct sponsor is pass-through,FALSE,Foundation/nonprofit,FALSE,FALSE
K000161515,17188306,161515,New,"Pires,Joseph Chris","Pires,Joseph Chris (Primary PI) 1170",COMET Tools Innovation and Development,1170-Soil + Crop Sciences,1170,Soil + Crop Sciences,Agricultural Sciences-Academic Units (E1),2025-10-01,2025,2026-09-30,FALSE,10,TDC,USDA-NRCS-Natural Resources Consvtn Srv,,Federal,,2024-12-11,2024,,FALSE,500000.44,USDA-NRCS-Natural Resources Consvtn Srv,Federal,Direct sponsor reported; prime sponsor unavailable,FALSE,Federal,FALSE,FALSE
K000160799,17188023,160799,New,"Blecker,Lisa Ann","Blecker,Lisa Ann (Primary PI) 1177; Geisterfer,Hannah Lisanne (Co-PI) 1177",The Pesticide Regulatory Education Program (PREP) Network,1177-Agricultural Biology,1177,Agricultural Biology,Agricultural Sciences-Academic Units (E1),2025-10-01,2025,1930-09-30,TRUE,35,MTDC,EPA-Environmental Protection Agency,,Federal,,2024-12-05,2024,Funded,TRUE,2804746.43,EPA-Environmental Protection Agency,Federal,Direct sponsor reported; prime sponsor unavailable,FALSE,Federal,FALSE,FALSE
K000160914,17188017,160914,New,"Zelikova,Tamara J","Zelikova,Tamara J (Primary PI) 1170; Gifford,Lauren (Co-PI) 1170",CO-WY Engines: Workforce Development,1170-Soil + Crop Sciences,1170,Soil + Crop Sciences,Agricultural Sciences-Academic Units (E1),2025-01-01,2025,2026-12-31,FALSE,0,No Indirect Cost Allowed,"Rocky Mountain Innovation Initiative, Inc. DBA Innosphere Ventures",Colorado Office of Economic Development and Intl Trade,Domestic Non-Profit (other than Domestic Foundations),State of Colorado,2024-12-05,2024,,FALSE,249999.55,Colorado Office of Economic Development and Intl Trade,State of Colorado,Prime sponsor reported; direct sponsor is pass-through,FALSE,State,FALSE,FALSE
K000160898,17187591,160898,New,"Raynor,Edward James","Raynor,Edward James (Primary PI) 1171; Metcalf,Jessica Lynne (Co-PI) 1171; DeLay,Nathan D (Co-PI) 1172; Place,Sara (Co-PI) 1171; Carvalho,Pedro Henrique (Co-PI) 1171; Stackhouse-Lawson,Kimberly Rose (Co-PI) 1171",Coupling precision livestock management (PLM) and emissions measurement technologies to develop sustainable management strategies in the western Great Plains,1171-Animal Sciences,1171,Animal Sciences,Agricultural Sciences-Academic Units (E1),2025-04-01,2025,2026-03-31,FALSE,10,TDC,Montana State University,USDA-NIFA-National Institute of Food and Agriculture,Other Domestic Higher Education,Federal,2024-11-30,2024,,FALSE,349712.2,USDA-NIFA-National Institute of Food and Agriculture,Federal,Prime sponsor reported; direct sponsor is pass-through,TRUE,Federal,FALSE,FALSE
K000160847,17187587,160847,New,"Blecker,Lisa Ann","Blecker,Lisa Ann (Primary PI) 1177",2025 Colorado Pesticide Safety Education Funds (PSEPFM),1177-Agricultural Biology,1177,Agricultural Biology,Agricultural Sciences-Academic Units (E1),2025-01-01,2025,2025-12-31,FALSE,35,MTDC,eXtension Foundation,EPA-Environmental Protection Agency,Domestic Non-Profit (other than Domestic Foundations),Federal,2024-11-30,2024,Funded,TRUE,30224.3,EPA-Environmental Protection Agency,Federal,Prime sponsor reported; direct sponsor is pass-through,FALSE,Federal,FALSE,FALSE
K000160728,17187568,160728,New,"Engle,Terry E","Engle,Terry E (Primary PI) 1171; Holt,Timothy N (Co-PI) 1678; Carvalho,Pedro Henrique (Co-PI) 1171; Narayanan Nair,Mahesh (Co-PI) 1171; Chicco,Adam Joseph (Co-PI) 1680",Beef Cattle With High Pulmonary Arterial Pressures: Rapid Identification And Outcome Of Lubabegron Supplementation,1171-Animal Sciences,1171,Animal Sciences,Agricultural Sciences-Academic Units (E1),2025-08-01,2025,1930-07-31,TRUE,42.85,TDC,University of Connecticut,USDA-NIFA-National Institute of Food and Agriculture,Other Domestic Higher Education,Federal,2024-11-30,2024,,FALSE,443138.53,USDA-NIFA-National Institute of Food and Agriculture,Federal,Prime sponsor reported; direct sponsor is pass-through,TRUE,Federal,FALSE,FALSE
K000161260,17187561,161260,Supplement/Additional Funding,"Wrighton,Kelly Catherine","Wrighton,Kelly Catherine (Primary PI) 1170",Towards virus therapy of a climate-critical ecosystem,1170-Soil + Crop Sciences,1170,Soil + Crop Sciences,Agricultural Sciences-Academic Units (E1),2024-11-01,2024,2025-10-31,FALSE,10,TDC,The Ohio State University,Grantham Foundation,Other Domestic Higher Education,Domestic Foundations,2024-11-22,2024,,FALSE,99995.49,Grantham Foundation,Domestic Foundations,Prime sponsor reported; direct sponsor is pass-through,TRUE,Foundation/nonprofit,FALSE,FALSE
K000160720,17187080,160720,New,"Borowiec,Marek L","Borowiec,Marek L (Primary PI) 1177; Eskew,Stephanie Lauren (Co-PI) 1878","Stephanie Eskew: Phylogenetics and taxonomy of the rose gall wasp, Diplolepis, and its associated inquiline, Periclistus",1177-Agricultural Biology,1177,Agricultural Biology,Agricultural Sciences-Academic Units (E1),2025-01-01,2025,2026-12-31,FALSE,0,No Indirect Cost Allowed,USDA-NIFA-National Institute of Food and Agriculture,,Federal,,2024-11-13,2024,,FALSE,116209.26,USDA-NIFA-National Institute of Food and Agriculture,Federal,Direct sponsor reported; prime sponsor unavailable,FALSE,Federal,FALSE,FALSE
K000160801,17187065,160801,New,"Metcalf,Jessica Lynne","Metcalf,Jessica Lynne (Primary PI) 1171; Talbott,Victoria M (Co-PI) 1055; Cramer,Mary Caitlin (Key Person) 1171; Weir,Tiffany L (Key Person) 1571",Victoria Talbott: Effects of colostrum replacer with probiotics on dairy calf microbiome development and health,1171-Animal Sciences,1171,Animal Sciences,Agricultural Sciences-Academic Units (E1),2025-08-01,2025,2028-07-31,FALSE,0,No Indirect Cost Allowed,USDA-NIFA-National Institute of Food and Agriculture,,Federal,,2024-11-13,2024,,FALSE,179313.54,USDA-NIFA-National Institute of Food and Agriculture,Federal,Direct sponsor reported; prime sponsor unavailable,FALSE,Federal,FALSE,FALSE
K000161018,17187059,161018,New,"Charkowski,Amy Olymbia","Charkowski,Amy Olymbia (Primary PI) 1101; Lambert,Jordan Marie (Co-PI) 1101",Inspiring Trust Through Data Management: A Framework For Producer Data Management To Enable Research On Difficult Topics,1101-Dean of Agricultural Sciences,1101,Dean of Agricultural Sciences,Agricultural Sciences-Academic Units (E1),2024-12-01,2024,2026-05-31,FALSE,42.85,TDC,University of Nebraska,USDA-NIFA-National Institute of Food and Agriculture,Other Domestic Higher Education,Federal,2024-11-13,2024,Funded,TRUE,83567.93,USDA-NIFA-National Institute of Food and Agriculture,Federal,Prime sponsor reported; direct sponsor is pass-through,TRUE,Federal,FALSE,FALSE
K000161050,17187045,161050,New,"McKay,John K","McKay,John K (Primary PI) 1170; Borton,Mikayla Ann (Co-PI) 1170; Wrighton,Kelly Catherine (Co-PI) 1170; Mullen,Jack Leonard (Co-PI) 1170; Khakhar,Arjun (Co-PI) 1878; Dao,Phuong Duc (Co-PI) 1177",Breeding and mechanisms to maximize yield at 45% current Nitrogen level.,1170-Soil + Crop Sciences,1170,Soil + Crop Sciences,Agricultural Sciences-Academic Units (E1),2025-05-01,2025,2029-04-30,FALSE,54,MTDC,DOE-US Department of Energy,,Federal,,2024-11-13,2024,Funded,TRUE,8644961.64,DOE-US Department of Energy,Federal,Direct sponsor reported; prime sponsor unavailable,FALSE,Federal,FALSE,FALSE
K000161107,17187031,161107,New,"Houser,Andrew J","Houser,Andrew J (Primary PI) 3043; Wilson,Madeline (Co-PI) 4015; Nachappa,Punya (Co-PI) 1177; Chikh-Ali,Mohamad (Co-PI) 3043",PVY Relief: An Automated Solution for Potato Virus Detection and Mitigation for Colorado and Beyond,1173-Horticulture + Landscape Architecture,1173,Horticulture + Landscape Architecture,Agricultural Sciences-Academic Units (E1),2025-04-01,2025,2028-03-31,FALSE,10,TDC,GeoVisual Analytics,Montana State University,Domestic Commercial,Other Domestic Higher Education,2024-11-13,2024,,FALSE,107776.82,Montana State University,Other Domestic Higher Education,Prime sponsor reported; direct sponsor is pass-through,FALSE,Other,FALSE,FALSE
K000158191,17186888,158191,New,"Thompson,Henry J","Thompson,Henry J (Primary PI) 1173; Weir,Tiffany L (Co-PI) 1571","Metabolic Dysfunction Associated Steatotic Liver Disease, Dietary Fiber, Pulses, the Gut Microbiome and Sphingolipid Mediation",1173-Horticulture + Landscape Architecture,1173,Horticulture + Landscape Architecture,Agricultural Sciences-Academic Units (E1),2025-07-01,2025,1930-06-30,TRUE,54,MTDC,HHS-NIH-National Institutes of Health,,Federal,,2024-11-11,2024,,FALSE,2937453.37,HHS-NIH-National Institutes of Health,Federal,Direct sponsor reported; prime sponsor unavailable,FALSE,Federal,FALSE,FALSE
K000160907,17186880,160907,New,"Cramer,Mary Caitlin","Cramer,Mary Caitlin (Primary PI) 1171; Carvalho,Pedro Henrique (Co-PI) 1171; Roman-Muniz,Ivette Noami (Co-PI) 1171",Quantifying antibodies for HPAI in dairy calf blood serum,1171-Animal Sciences,1171,Animal Sciences,Agricultural Sciences-Academic Units (E1),2024-11-01,2024,2025-10-31,FALSE,10,TDC,USDA-APHIS-Animal Plant Health Insp Srvc,,Federal,,2024-11-11,2024,,FALSE,36780.4,USDA-APHIS-Animal Plant Health Insp Srvc,Federal,Direct sponsor reported; prime sponsor unavailable,FALSE,Federal,FALSE,FALSE
K000161086,17186876,161086,New,"Ode,Paul James","Ode,Paul James (Primary PI) 1177",Restoration of native plant communities after biological control of Russian knapweed,1177-Agricultural Biology,1177,Agricultural Biology,Agricultural Sciences-Academic Units (E1),2025-07-01,2025,2028-06-30,FALSE,54,MTDC,USDA-USFS-Forest Health Protection,,Federal,,2024-11-11,2024,,FALSE,120774.15,USDA-USFS-Forest Health Protection,Federal,Direct sponsor reported; prime sponsor unavailable,FALSE,Federal,FALSE,FALSE
K000160975,17186759,160975,Supplement/Additional Funding,"Fonte,Steven John","Fonte,Steven John (Primary PI) 1170; Vanek,Steven John (Co-PI) 1170",Examining sustainable soil and landscape management options in the Peruvian Andes,1170-Soil + Crop Sciences,1170,Soil + Crop Sciences,Agricultural Sciences-Academic Units (E1),2025-06-01,2025,2026-05-31,FALSE,10,TDC,McKnight Foundation,,Domestic Foundations,,2024-11-11,2024,Funded,TRUE,25116.82,McKnight Foundation,Domestic Foundations,Direct sponsor reported; prime sponsor unavailable,FALSE,Foundation/nonprofit,FALSE,FALSE
K000161165,17186640,161165,Supplement/Additional Funding,"Nachappa,Punya","Nachappa,Punya (Primary PI) 1177",Examining the adaptive roles of plant defensive chemistry on pest resistance in Cannabis sativa,1177-Agricultural Biology,1177,Agricultural Biology,Agricultural Sciences-Academic Units (E1),2024-10-14,2024,2025-10-13,FALSE,0,No Indirect Cost Allowed,Colorado State University - Pueblo,,State of Colorado Higher Education,,2024-11-07,2024,Funded,TRUE,9999.57,Colorado State University - Pueblo,State of Colorado Higher Education,Direct sponsor reported; prime sponsor unavailable,FALSE,CSU/Internal,FALSE,FALSE
K000161064,17186600,161064,New,"Woerman,Matthew Augustine","Woerman,Matthew Augustine (Primary PI) 1172",Intertemporal Price Dynamics and Linking of Carbon Markets,1172-Agricultural + Resource Economics,1172,Agricultural + Resource Economics,Agricultural Sciences-Academic Units (E1),2024-11-01,2024,2025-10-31,FALSE,20,TDC,Resources for the Future,,Domestic Non-Profit (other than Domestic Foundations),,2024-11-06,2024,Funded,TRUE,18001.12,Resources for the Future,Domestic Non-Profit (other than Domestic Foundations),Direct sponsor reported; prime sponsor unavailable,FALSE,Foundation/nonprofit,TRUE,FALSE
K000160730,17186498,160730,New,"Wilkins,Michael James","Wilkins,Michael James (Primary PI) 1170","Partnership: Managing multiple ecosystem services of rice production in response to rising temperatures: GHG emissions, metal(loid) content, and harvest yield",1170-Soil + Crop Sciences,1170,Soil + Crop Sciences,Agricultural Sciences-Academic Units (E1),2025-07-01,2025,2029-06-30,FALSE,42.85,TDC,University of Arkansas,USDA-NIFA-National Institute of Food and Agriculture,Other Domestic Higher Education,Federal,2024-11-04,2024,,FALSE,423546.22,USDA-NIFA-National Institute of Food and Agriculture,Federal,Prime sponsor reported; direct sponsor is pass-through,TRUE,Federal,FALSE,FALSE
K000160901,17186492,160901,New,"Gaines,Todd A","Gaines,Todd A (Primary PI) 1177; Dayan,Franck E (Co-PI) 1177",Investigating dicamba resistance mechanisms in Palmer amaranth and waterhemp,1177-Agricultural Biology,1177,Agricultural Biology,Agricultural Sciences-Academic Units (E1),2025-01-01,2025,2026-12-31,FALSE,54,MTDC,"Bayer CropScience, LP",,Foreign Commercial,,2024-11-04,2024,Funded,TRUE,152347.81,"Bayer CropScience, LP",Foreign Commercial,Direct sponsor reported; prime sponsor unavailable,FALSE,Industry,FALSE,FALSE
K000160966,17186480,160966,New,"Gaines,Todd A","Gaines,Todd A (Primary PI) 1177",An inexpensive sequencing array for detecting and tracking target-site resistance in all major weed species,1177-Agricultural Biology,1177,Agricultural Biology,Agricultural Sciences-Academic Units (E1),2024-12-01,2024,2026-11-30,FALSE,0,No Indirect Cost Allowed,Michigan State University,Weed Science Society of America,Other Domestic Higher Education,Domestic Non-Profit (other than Domestic Foundations),2024-11-04,2024,,FALSE,19999.73,Weed Science Society of America,Domestic Non-Profit (other than Domestic Foundations),Prime sponsor reported; direct sponsor is pass-through,TRUE,Foundation/nonprofit,FALSE,FALSE
K000160919,17186457,160919,New,"Catalano,Devan Noelle","Catalano,Devan Noelle (Primary PI) 1171",Equine Biosecurity Education for Adult and Youth Audiences in Colorado,1171-Animal Sciences,1171,Animal Sciences,Agricultural Sciences-Academic Units (E1),2025-07-01,2025,2027-06-30,FALSE,11.11,TDC,USDA-APHIS-Animal Plant Health Insp Srvc,,Federal,,2024-11-04,2024,,FALSE,231728.62,USDA-APHIS-Animal Plant Health Insp Srvc,Federal,Direct sponsor reported; prime sponsor unavailable,FALSE,Federal,FALSE,FALSE
K000160921,17186453,160921,New,"Catalano,Devan Noelle","Catalano,Devan Noelle (Primary PI) 1171",Developing Management Recommendations for Equine Grazing in a Semi-arid Climate,1171-Animal Sciences,1171,Animal Sciences,Agricultural Sciences-Academic Units (E1),2025-05-01,2025,2028-04-30,FALSE,10,TDC,Montana State University,USDA-NIFA-National Institute of Food and Agriculture,Other Domestic Higher Education,Federal,2024-11-04,2024,,FALSE,82264.14,USDA-NIFA-National Institute of Food and Agriculture,Federal,Prime sponsor reported; direct sponsor is pass-through,TRUE,Federal,FALSE,FALSE
K000160962,17186447,160962,New,"Morris,Geoffrey Preston","Morris,Geoffrey Preston (Primary PI) 1170; Cerimele,Gina (Co-PI) 1170",Gina Cerimele: Pan-genome-enabled trait discovery for iron deficiency chlorosis tolerance in sorghum,1170-Soil + Crop Sciences,1170,Soil + Crop Sciences,Agricultural Sciences-Academic Units (E1),2025-03-01,2025,2028-02-29,FALSE,0,TDC,USDA-NIFA-National Institute of Food and Agriculture,,Federal,,2024-11-04,2024,,FALSE,169591.11,USDA-NIFA-National Institute of Food and Agriculture,Federal,Direct sponsor reported; prime sponsor unavailable,FALSE,Federal,FALSE,FALSE
K000161008,17186443,161008,Supplement/Additional Funding,"Engle,Terry E","Engle,Terry E (Primary PI) 1171",Characterizing the influence of Bovacillus on nutrient digestibility in beef cattle consuming different diet types,1171-Animal Sciences,1171,Animal Sciences,Agricultural Sciences-Academic Units (E1),2024-11-05,2024,2025-11-04,FALSE,35,MTDC,"Chr. Hansen, Inc.",,Domestic Commercial,,2024-11-04,2024,Funded,TRUE,71427.11,"Chr. Hansen, Inc.",Domestic Commercial,Direct sponsor reported; prime sponsor unavailable,FALSE,Industry,FALSE,FALSE
K000161066,17186433,161066,New,"Zhang,Peipei","Zhang,Peipei (Primary PI) 1171; Delmore,Robert J (Co-PI) 1171; Geornaras,Ifigenia (Co-PI) 1171; Belk,Keith (Co-PI) 1171",Identify the dirty and stubborn spots in a beef fabrication establishment,1171-Animal Sciences,1171,Animal Sciences,Agricultural Sciences-Academic Units (E1),2025-06-01,2025,2027-05-31,FALSE,0,No Indirect Cost Allowed,Foundation for Meat and Poultry Research and Education,,Domestic Non-Profit (other than Domestic Foundations),,2024-11-04,2024,,FALSE,84544.74,Foundation for Meat and Poultry Research and Education,Domestic Non-Profit (other than Domestic Foundations),Direct sponsor reported; prime sponsor unavailable,FALSE,Foundation/nonprofit,FALSE,FALSE
K000160368,17186394,160368,New,"Manriquez Alvarez,Diego Ignacio","Manriquez Alvarez,Diego Ignacio (Primary PI) 1171",Implementation of Multilingual Education Modules for the Dairy Workforce to Promote Sustainable Dairy Systems,1171-Animal Sciences,1171,Animal Sciences,Agricultural Sciences-Academic Units (E1),2025-04-01,2025,2028-03-31,FALSE,10,TDC,Montana State University,USDA-NIFA-National Institute of Food and Agriculture,Other Domestic Higher Education,Federal,2024-11-04,2024,,FALSE,349984.17,USDA-NIFA-National Institute of Food and Agriculture,Federal,Prime sponsor reported; direct sponsor is pass-through,TRUE,Federal,FALSE,FALSE
K000160983,17186388,160983,New,"Schipanski,Meagan Erin","Schipanski,Meagan Erin (Primary PI) 1170; Callen,Jessica Cameron (Co-PI) 4010",Assessing compost tea effects on soil health and crop quality in semi-arid farming systems,1170-Soil + Crop Sciences,1170,Soil + Crop Sciences,Agricultural Sciences-Academic Units (E1),2025-04-01,2025,2028-03-31,FALSE,10,TDC,Montana State University,USDA-NIFA-National Institute of Food and Agriculture,Other Domestic Higher Education,Federal,2024-11-04,2024,Funded,TRUE,84497.69,USDA-NIFA-National Institute of Food and Agriculture,Federal,Prime sponsor reported; direct sponsor is pass-through,TRUE,Federal,FALSE,FALSE
K000161085,17186383,161085,New,"McKay,John K","McKay,John K (Primary PI) 1170; Soenksen,Chad Alan (Key Person) 1170",Chad Soenksen: Investigating root level consequences of a widely used dwarfing gene,1170-Soil + Crop Sciences,1170,Soil + Crop Sciences,Agricultural Sciences-Academic Units (E1),2025-04-01,2025,2027-03-31,FALSE,0,No Indirect Cost Allowed,USDA-NIFA-National Institute of Food and Agriculture,,Federal,,2024-11-04,2024,,FALSE,120000,USDA-NIFA-National Institute of Food and Agriculture,Federal,Direct sponsor reported; prime sponsor unavailable,FALSE,Federal,FALSE,FALSE
K000161108,17186099,161108,New,"Narayanan Nair,Mahesh","Narayanan Nair,Mahesh (Primary PI) 1171; Geornaras,Ifigenia (Key Person) 1171","Profiling flavor of the Transverse abdominus, Diaphragm, Obliquus abdominus interni, and Rectus abdominus: Microbial and Biochemical Changes",1171-Animal Sciences,1171,Animal Sciences,Agricultural Sciences-Academic Units (E1),2024-10-01,2024,2026-03-31,FALSE,0,No Indirect Cost Allowed,National Cattlemens Beef Association,,Domestic Non-Profit (other than Domestic Foundations),,2024-10-29,2024,Funded,TRUE,47300,National Cattlemens Beef Association,Domestic Non-Profit (other than Domestic Foundations),Direct sponsor reported; prime sponsor unavailable,FALSE,Foundation/nonprofit,FALSE,FALSE
K000161065,17186095,161065,New,"Manriquez Alvarez,Diego Ignacio","Manriquez Alvarez,Diego Ignacio (Primary PI) 1171",Development of Education Material on H5N1 for dairy producers,1171-Animal Sciences,1171,Animal Sciences,Agricultural Sciences-Academic Units (E1),2024-11-15,2024,2025-08-31,FALSE,35,MTDC,eXtension Foundation,,Domestic Non-Profit (other than Domestic Foundations),,2024-10-29,2024,Funded,TRUE,37495.28,eXtension Foundation,Domestic Non-Profit (other than Domestic Foundations),Direct sponsor reported; prime sponsor unavailable,FALSE,Foundation/nonprofit,FALSE,FALSE
K000160902,17186087,160902,New,"Dayan,Franck E","Dayan,Franck E (Primary PI) 1177; Shergill,Lovreet S (Co-PI) 1177; Gaines,Todd A (Co-PI) 1177",Investigating the interaction between group 5 herbicides in Intrava DX,1177-Agricultural Biology,1177,Agricultural Biology,Agricultural Sciences-Academic Units (E1),2025-06-01,2025,2027-05-31,FALSE,54,MTDC,"UPL, LTD.",,Foreign Commercial,,2024-10-29,2024,Funded,TRUE,186375.66,"UPL, LTD.",Foreign Commercial,Direct sponsor reported; prime sponsor unavailable,FALSE,Industry,FALSE,FALSE
K000160882,17186083,160882,New,"Burcham,Daniel C","Burcham,Daniel C (Primary PI) 1173",Developing improved methods for assessing the structural integrity of decayed trees,1173-Horticulture + Landscape Architecture,1173,Horticulture + Landscape Architecture,Agricultural Sciences-Academic Units (E1),2025-05-01,2025,2027-04-30,FALSE,10,TDC,Tree Research and Education Endowment Fund,,Domestic Non-Profit (other than Domestic Foundations),,2024-10-29,2024,Funded,TRUE,24976.96,Tree Research and Education Endowment Fund,Domestic Non-Profit (other than Domestic Foundations),Direct sponsor reported; prime sponsor unavailable,FALSE,Foundation/nonprofit,FALSE,FALSE
K000160846,17186079,160846,Supplement/Additional Funding,"Zink,Frida Anna","Zink,Frida Anna (Primary PI) 1177",Development and deployment of molecular diagnostics for detection and identification of plant pests of regulatory concern for PPQ,1177-Agricultural Biology,1177,Agricultural Biology,Agricultural Sciences-Academic Units (E1),2024-09-01,2024,2025-08-31,FALSE,10,TDC,USDA-APHIS-Animal Plant Health Insp Srvc,,Federal,,2024-10-29,2024,Funded,TRUE,24999.7,USDA-APHIS-Animal Plant Health Insp Srvc,Federal,Direct sponsor reported; prime sponsor unavailable,FALSE,Federal,FALSE,FALSE
K000160793,17186049,160793,New,"Carvalho,Pedro Henrique","Carvalho,Pedro Henrique (Primary PI) 1171; Vargas Martinez,Juan de Jesus de Jesus (Co-PI) 1171; Metcalf,Jessica Lynne (Co-PI) 1171; Ritten,John Patrick (Co-PI) 1172; Narayanan Nair,Mahesh (Co-PI) 1171; Raynor,Edward James (Co-PI)","Effects of genetics and dietary manipulation on greenhouse-gas emissions, ruminal microbiome, growth performance, and carcass and meat quality of beef cattle",1171-Animal Sciences,1171,Animal Sciences,Agricultural Sciences-Academic Units (E1),2025-03-31,2025,2028-03-30,FALSE,42.85,TDC,USDA-NIFA-National Institute of Food and Agriculture,,Federal,,2024-10-29,2024,,FALSE,998950.74,USDA-NIFA-National Institute of Food and Agriculture,Federal,Direct sponsor reported; prime sponsor unavailable,FALSE,Federal,FALSE,FALSE
K000160098,17186021,160098,New,"Wrighton,Kelly Catherine","Wrighton,Kelly Catherine (Primary PI) 1170; Ben-Hur,Asa (Co-PI) 1873; Machmuller,Megan B (Co-PI) 1170; Borton,Mikayla Ann (Co-PI) 1170",Empowering Microbial Functional Assessment within a Soil Health Framework,1170-Soil + Crop Sciences,1170,Soil + Crop Sciences,Agricultural Sciences-Academic Units (E1),2025-05-01,2025,2029-04-30,FALSE,42.85,TDC,USDA-NIFA-National Institute of Food and Agriculture,,Federal,,2024-10-29,2024,Funded,TRUE,849985.98,USDA-NIFA-National Institute of Food and Agriculture,Federal,Direct sponsor reported; prime sponsor unavailable,FALSE,Federal,FALSE,FALSE
K000160497,17186015,160497,Resubmission,"Wilkins,Michael James","Wilkins,Michael James (Primary PI) 1170; Willige,Bjorn Christopher (Co-PI) 1170",The seed microbiome as a critical factor underlying post-fire forest resilience,1170-Soil + Crop Sciences,1170,Soil + Crop Sciences,Agricultural Sciences-Academic Units (E1),2025-06-01,2025,2028-05-31,FALSE,54,MTDC,USDA-NIFA-National Institute of Food and Agriculture,,Federal,,2024-10-29,2024,Funded,TRUE,849997.42,USDA-NIFA-National Institute of Food and Agriculture,Federal,Direct sponsor reported; prime sponsor unavailable,FALSE,Federal,FALSE,FALSE
K000160499,17186010,160499,New,"Mason,Laura Margaret","Mason,Laura Margaret (Primary PI) 1170; Wrighton,Kelly Catherine (Key Person) 1170",From Microbes to Metrics: Transforming Soil Health Assessments with Advanced Biological Insights,1170-Soil + Crop Sciences,1170,Soil + Crop Sciences,Agricultural Sciences-Academic Units (E1),2025-01-01,2025,2026-12-31,FALSE,0,No Indirect Cost Allowed,USDA-NIFA-National Institute of Food and Agriculture,,Federal,,2024-10-29,2024,Funded,TRUE,225000.33,USDA-NIFA-National Institute of Food and Agriculture,Federal,Direct sponsor reported; prime sponsor unavailable,FALSE,Federal,FALSE,FALSE
K000160505,17185993,160505,New,"Schipanski,Meagan Erin","Schipanski,Meagan Erin (Primary PI) 1170; Jones-Diamond,Sally Marie (Co-PI) 1170; Fonte,Steven John (Co-PI) 1170; Deiss,Leonardo (Co-PI) 1170; Schneekloth,Joel (Co-PI) 1033",Identifying crop traits and production systems resilient to water and nitrogen co-limitation,1170-Soil + Crop Sciences,1170,Soil + Crop Sciences,Agricultural Sciences-Academic Units (E1),2025-03-01,2025,2029-02-28,FALSE,42.85,TDC,USDA-NIFA-National Institute of Food and Agriculture,,Federal,,2024-10-29,2024,Funded,TRUE,750000.35,USDA-NIFA-National Institute of Food and Agriculture,Federal,Direct sponsor reported; prime sponsor unavailable,FALSE,Federal,FALSE,FALSE
K000160706,17185989,160706,New,"Dao,Phuong Duc","Dao,Phuong Duc (Primary PI) 1177",Next-Generation Disease Surveillance: An Edge-AI Powered Soil-to-Air Imaging System for Real-Time Detection of Soilborne Diseases in Sugar Beets,1177-Agricultural Biology,1177,Agricultural Biology,Agricultural Sciences-Academic Units (E1),2025-04-01,2025,2028-03-31,FALSE,42.85,TDC,USDA-NIFA-National Institute of Food and Agriculture,,Federal,,2024-10-29,2024,,FALSE,649858.76,USDA-NIFA-National Institute of Food and Agriculture,Federal,Direct sponsor reported; prime sponsor unavailable,FALSE,Federal,FALSE,FALSE
K000160710,17185985,160710,Resubmission,"Roberts,Robyn","Roberts,Robyn (Primary PI) 1177",Mapping And Identifying Climate-Resilient Resistance Traits Against Wheat Viruses,1177-Agricultural Biology,1177,Agricultural Biology,Agricultural Sciences-Academic Units (E1),2025-05-01,2025,2028-04-30,FALSE,37.26,TDC,USDA-NIFA-National Institute of Food and Agriculture,,Federal,,2024-10-29,2024,,FALSE,526428.97,USDA-NIFA-National Institute of Food and Agriculture,Federal,Direct sponsor reported; prime sponsor unavailable,FALSE,Federal,FALSE,FALSE
K000160768,17185616,160768,New,"Pinedo,Pablo J","Pinedo,Pablo J (Primary PI) 1171; Weng Zheng,Richard (Key Person) 1171",Effect of pre-milking waiting time on milking behavior and performance of cows in an automated batch milking system,1171-Animal Sciences,1171,Animal Sciences,Agricultural Sciences-Academic Units (E1),2024-09-01,2024,2025-08-31,FALSE,0,No Indirect Cost Allowed,DeLaval,,Foreign Commercial,,2024-10-22,2024,Funded,TRUE,4823.1,DeLaval,Foreign Commercial,Direct sponsor reported; prime sponsor unavailable,FALSE,Industry,FALSE,FALSE
K000160168,17185385,160168,New,"Place,Sara","Place,Sara (Primary PI) 1171; Gomes Sitorski,Leonardo (Co-PI) 1171",Development of Genetic Selection Tools for Enteric Methane Emissions Reductions,1171-Animal Sciences,1171,Animal Sciences,Agricultural Sciences-Academic Units (E1),2024-11-01,2024,2027-10-31,FALSE,10,TDC,Gerstner Philanthropies,,Domestic Foundations,,2024-10-16,2024,Funded,TRUE,253301.07,Gerstner Philanthropies,Domestic Foundations,Direct sponsor reported; prime sponsor unavailable,FALSE,Foundation/nonprofit,FALSE,FALSE
K000160171,17185359,160171,New,"Narayanan Nair,Mahesh","Narayanan Nair,Mahesh (Primary PI) 1171; Countryman,Amanda Marie (Co-PI) 1172; Thoma,Gregory (Co-PI) 3001",A Path to Reducing Food Waste: Overcoming US Consumer Hesitation Towards Vacuum-Packaged Beef,1171-Animal Sciences,1171,Animal Sciences,Agricultural Sciences-Academic Units (E1),2025-07-01,2025,2028-06-30,FALSE,42.85,TDC,USDA-NIFA-National Institute of Food and Agriculture,,Federal,,2024-10-16,2024,,FALSE,649999.46,USDA-NIFA-National Institute of Food and Agriculture,Federal,Direct sponsor reported; prime sponsor unavailable,FALSE,Federal,FALSE,FALSE
K000160276,17185349,160276,New,"Zelikova,Tamara J","Zelikova,Tamara J (Primary PI) 1170; Faria Tavares De Souza,Ligia (Co-PI) 1170; Walsh,Corinne Marie (Co-PI) 1170; Fowler,Ames (Co-PI) 1170",Advancing Soil Carbon Solutions through an Ecosystem Modeling and Data Consortium,1170-Soil + Crop Sciences,1170,Soil + Crop Sciences,Agricultural Sciences-Academic Units (E1),2025-01-01,2025,2027-12-31,FALSE,11.11,TDC,Foundation for Food & Agriculture Research,,Domestic Non-Profit (other than Domestic Foundations),,2024-10-16,2024,Funded,TRUE,1499985.01,Foundation for Food & Agriculture Research,Domestic Non-Profit (other than Domestic Foundations),Direct sponsor reported; prime sponsor unavailable,FALSE,Foundation/nonprofit,FALSE,FALSE
K000160494,17185339,160494,New,"Place,Sara","Place,Sara (Primary PI) 1171; Carvalho,Pedro Henrique (Co-PI) 1171; Stackhouse-Lawson,Kimberly Rose (Co-PI) 1171; Gomes Sitorski,Leonardo (Key Person) 1171; Vargas Martinez,Juan de Jesus de Jesus (Key Person) 1171","Evaluation of monitoring, reporting, and verification (MRV) technology for cattle feedlots",1171-Animal Sciences,1171,Animal Sciences,Agricultural Sciences-Academic Units (E1),2025-01-01,2025,2025-12-31,FALSE,54,MTDC,"Rocky Mountain Innovation Initiative, Inc. DBA Innosphere Ventures",NSF-National Science Foundation,Domestic Non-Profit (other than Domestic Foundations),Federal,2024-10-16,2024,Funded,TRUE,299908.37,NSF-National Science Foundation,Federal,Prime sponsor reported; direct sponsor is pass-through,FALSE,Federal,FALSE,FALSE
K000157462,17185306,157462,Continuation,"Blecker,Lisa Ann","Blecker,Lisa Ann (Primary PI) 1177",The Pesticide Regulatory Education Program (PREP) Network (Year 5),1177-Agricultural Biology,1177,Agricultural Biology,Agricultural Sciences-Academic Units (E1),2023-10-01,2023,2025-09-30,FALSE,34,MTDC,EPA-Environmental Protection Agency,,Federal,,2024-10-16,2024,,FALSE,535000.18,EPA-Environmental Protection Agency,Federal,Direct sponsor reported; prime sponsor unavailable,FALSE,Federal,FALSE,FALSE
K000160526,17185026,160526,New,"Argueso,Cristiana","Argueso,Cristiana (Primary PI) 1177; Berenjian,Aydin (Co-PI) 1370",A phytohormone nanocomposite for increased plant growth and stress tolerance,1177-Agricultural Biology,1177,Agricultural Biology,Agricultural Sciences-Academic Units (E1),2025-01-20,2025,2028-01-19,FALSE,42.85,TDC,USDA-NIFA-National Institute of Food and Agriculture,,Federal,,2024-10-10,2024,,FALSE,647072.28,USDA-NIFA-National Institute of Food and Agriculture,Federal,Direct sponsor reported; prime sponsor unavailable,FALSE,Federal,FALSE,FALSE
K000160564,17185020,160564,New,"Fedorka,Carleigh Elizabeth","Fedorka,Carleigh Elizabeth (Primary PI) 1171; Sones,Jennifer L (Co-PI) 1678",Evaluating the impact of progestin supplementation on vaccine response,1171-Animal Sciences,1171,Animal Sciences,Agricultural Sciences-Academic Units (E1),2025-02-01,2025,2026-01-31,FALSE,0,No Indirect Cost Allowed,"Boehringer Ingelheim Animal Health, Inc.",,Domestic Commercial,,2024-10-10,2024,,FALSE,15000.16,"Boehringer Ingelheim Animal Health, Inc.",Domestic Commercial,Direct sponsor reported; prime sponsor unavailable,FALSE,Industry,FALSE,FALSE
K000160711,17185016,160711,New,"Mooney,Daniel F","Mooney,Daniel F (Primary PI) 1172",Farmer Incentives for Agricultural Water Conservation Practices to Achieve Food and Climate Transitions in Arid and Semi-Arid River Basins: A Systematic Review of Global Literature,1172-Agricultural + Resource Economics,1172,Agricultural + Resource Economics,Agricultural Sciences-Academic Units (E1),2024-10-01,2024,2025-05-31,FALSE,54,MTDC,CABI,,Foreign Non-Profit (other than Foreign Foundations),,2024-10-10,2024,,FALSE,39996.95,CABI,Foreign Non-Profit (other than Foreign Foundations),Direct sponsor reported; prime sponsor unavailable,FALSE,Foundation/nonprofit,TRUE,FALSE
K000157767,17184918,157767,New,"Gaines,Todd A","Gaines,Todd A (Primary PI) 1177; Dayan,Franck E (Co-PI) 1177",Investigation of Scorch(TM) EXT resistance mechanisms in kochia population from Colorado,1177-Agricultural Biology,1177,Agricultural Biology,Agricultural Sciences-Academic Units (E1),2024-10-01,2024,2027-09-30,FALSE,54,MTDC,Nufarm,,Foreign Commercial,,2024-10-09,2024,Funded,TRUE,419395.32,Nufarm,Foreign Commercial,Direct sponsor reported; prime sponsor unavailable,FALSE,Industry,FALSE,FALSE
K000160354,17184914,160354,Resubmission,"Roberts,Robyn","Roberts,Robyn (Primary PI) 1177","Investigating the molecular and genetic determinants of a highly virulent, re-emerging bacterial disease of cereals",1177-Agricultural Biology,1177,Agricultural Biology,Agricultural Sciences-Academic Units (E1),2025-05-01,2025,2028-04-30,FALSE,42.85,TDC,USDA-NIFA-National Institute of Food and Agriculture,,Federal,,2024-10-09,2024,,FALSE,587949.18,USDA-NIFA-National Institute of Food and Agriculture,Federal,Direct sponsor reported; prime sponsor unavailable,FALSE,Federal,FALSE,FALSE
K000160389,17184907,160389,New,"Countryman,Amanda Marie","Countryman,Amanda Marie (Primary PI) 1172",One Health Economic Assessment of Zoonotic Diseases,1172-Agricultural + Resource Economics,1172,Agricultural + Resource Economics,Agricultural Sciences-Academic Units (E1),2025-08-01,2025,2028-07-31,FALSE,42.85,TDC,Kansas State University,USDA-NIFA-National Institute of Food and Agriculture,Other Domestic Higher Education,Federal,2024-10-09,2024,,FALSE,190891.23,USDA-NIFA-National Institute of Food and Agriculture,Federal,Prime sponsor reported; direct sponsor is pass-through,TRUE,Federal,TRUE,FALSE
K000160802,17184903,160802,New,"Jones-Diamond,Sally Marie","Jones-Diamond,Sally Marie (Primary PI) 1170",Identifying mechanisms of nonpreference in wheat and related species for integrated control of wheat stem sawfly,1170-Soil + Crop Sciences,1170,Soil + Crop Sciences,Agricultural Sciences-Academic Units (E1),2025-09-01,2025,2029-08-31,FALSE,42.85,TDC,University of Nebraska,USDA-NIFA-National Institute of Food and Agriculture,Other Domestic Higher Education,Federal,2024-10-09,2024,,FALSE,66903.49,USDA-NIFA-National Institute of Food and Agriculture,Federal,Prime sponsor reported; direct sponsor is pass-through,TRUE,Federal,FALSE,FALSE
K000160893,17184899,160893,New,"Hess,Tanja","Hess,Tanja (Primary PI) 1171",Effects of dietary omega-3 fatty acids on inflammation and insulin sensitivity in metabolic horses,1171-Animal Sciences,1171,Animal Sciences,Agricultural Sciences-Academic Units (E1),2025-04-01,2025,2026-03-31,FALSE,10,TDC,Grayson-Jockey Club Research Foundation,,Domestic Foundations,,2024-10-09,2024,,FALSE,42757.64,Grayson-Jockey Club Research Foundation,Domestic Foundations,Direct sponsor reported; prime sponsor unavailable,FALSE,Foundation/nonprofit,FALSE,FALSE
K000160166,17184608,160166,New,"Place,Sara","Place,Sara (Primary PI) 1171; Gomes Sitorski,Leonardo (Co-PI) 1171; Vargas Martinez,Juan de Jesus (Co-PI) 1171; Stackhouse-Lawson,Kimberly Rose (Co-PI) 1171",Feed Formulation Effects on Enteric Methane Emissions,1171-Animal Sciences,1171,Animal Sciences,Agricultural Sciences-Academic Units (E1),2024-09-01,2024,2025-06-30,FALSE,54,MTDC,"Cargill, Inc.",,Domestic Commercial,,2024-10-04,2024,Funded,TRUE,105084.46,"Cargill, Inc.",Domestic Commercial,Direct sponsor reported; prime sponsor unavailable,FALSE,Industry,FALSE,FALSE
K000159992,17183896,159992,Resubmission,"Stanley,Paige Lauren","Stanley,Paige Lauren (Primary PI) 1170; Archibeque,Shawn (Co-PI) 1171; Wrighton,Kelly Catherine (Co-PI) 1170; Machmuller,Megan B (Co-PI) 1170; Cotrufo,Maria Francesca (Co-PI) 1170",Unveiling Manure Mysteries: Tracing Soil Carbon Dynamics In Grazinglands With Stable Isotopes,1170-Soil + Crop Sciences,1170,Soil + Crop Sciences,Agricultural Sciences-Academic Units (E1),2025-04-01,2025,2028-03-31,FALSE,42.85,TDC,USDA-NIFA-National Institute of Food and Agriculture,,Federal,,2024-09-24,2024,,FALSE,744116.36,USDA-NIFA-National Institute of Food and Agriculture,Federal,Direct sponsor reported; prime sponsor unavailable,FALSE,Federal,FALSE,FALSE
K000160578,17183892,160578,Supplement/Additional Funding,"Pires,Joseph Chris","Pires,Joseph Chris (Primary PI) 1170",Enhancing functionality and use of COMET Greenhouse Gas Assessment and Water Quality tools - Amendment #4 - combined,1170-Soil + Crop Sciences,1170,Soil + Crop Sciences,Agricultural Sciences-Academic Units (E1),2024-10-01,2024,2025-09-30,FALSE,54,TDC,USDA-NRCS-Natural Resources Consvtn Srv,,Federal,,2024-09-24,2024,Funded,TRUE,700000.68,USDA-NRCS-Natural Resources Consvtn Srv,Federal,Direct sponsor reported; prime sponsor unavailable,FALSE,Federal,FALSE,FALSE
K000160490,17183865,160490,New,"Cotrufo,Maria Francesca","Cotrufo,Maria Francesca (Primary PI) 1170; Zelikova,Tamara J (Co-PI) 1170; Gifford,Lauren (Co-PI) 1170; Zhang,Yao (Co-PI) 1499",Developing soil pyrogenic carbon monitoring and modeling capabilities to improve prediction of wildfire impacts on ecosystem resilience and of biochar management on C sequestration.,1170-Soil + Crop Sciences,1170,Soil + Crop Sciences,Agricultural Sciences-Academic Units (E1),2024-12-02,2024,2025-12-01,FALSE,54,MTDC,"Rocky Mountain Innovation Initiative, Inc. DBA Innosphere Ventures",,Domestic Non-Profit (other than Domestic Foundations),,2024-09-24,2024,Funded,TRUE,299728.53,"Rocky Mountain Innovation Initiative, Inc. DBA Innosphere Ventures",Domestic Non-Profit (other than Domestic Foundations),Direct sponsor reported; prime sponsor unavailable,FALSE,Foundation/nonprofit,FALSE,FALSE
K000159325,17183838,159325,Supplement/Additional Funding,"Bauman,Allison Gunter","Bauman,Allison Gunter (Primary PI) 1172; Jablonski,Rebecca BR (Co-PI) 1172",Profitability of U.S. Beginning Farmers and Ranchers,1172-Agricultural + Resource Economics,1172,Agricultural + Resource Economics,Agricultural Sciences-Academic Units (E1),2024-10-01,2024,2025-09-30,FALSE,0,No Indirect Cost Allowed,USDA-ERS-Economic Research Service,,Federal,,2024-09-24,2024,,FALSE,4600,USDA-ERS-Economic Research Service,Federal,Direct sponsor reported; prime sponsor unavailable,FALSE,Federal,TRUE,FALSE
K000160501,17183828,160501,New,"Vivanco,Jorge M","Vivanco,Jorge M (Primary PI) 1173",Polysaccharide and Phosphorous-Mineral Association Induce Microbial Activity Which Enhances P Availability and Tomato Growth,1173-Horticulture + Landscape Architecture,1173,Horticulture + Landscape Architecture,Agricultural Sciences-Academic Units (E1),2025-06-01,2025,2028-05-31,FALSE,20,TDC,Binational Agricultural Research and Development Fund,,Foreign Government,,2024-09-24,2024,,FALSE,154737.23,Binational Agricultural Research and Development Fund,Foreign Government,Direct sponsor reported; prime sponsor unavailable,FALSE,Other,FALSE,FALSE
K000160594,17183824,160594,New,"Seitz,Valerie Alissa","Seitz,Valerie Alissa (Primary PI) 1171",Microbes Meet Waste: Harnessing microbial decomposers of carrion for sustainably managing meat processing waste,1171-Animal Sciences,1171,Animal Sciences,Agricultural Sciences-Academic Units (E1),2025-05-01,2025,2027-04-30,FALSE,0,No Indirect Cost Allowed,USDA-NIFA-National Institute of Food and Agriculture,,Federal,,2024-09-24,2024,,FALSE,224091.36,USDA-NIFA-National Institute of Food and Agriculture,Federal,Direct sponsor reported; prime sponsor unavailable,FALSE,Federal,FALSE,FALSE
K000160489,17183696,160489,New,"Shergill,Lovreet S","Shergill,Lovreet S (Primary PI) 1177",From Microbes To Drones: Diversifying Agroecosystems To Manage Herbicide Resistance,1177-Agricultural Biology,1177,Agricultural Biology,Agricultural Sciences-Academic Units (E1),2024-09-01,2024,2027-08-31,FALSE,54,MTDC,USDA-NIFA-National Institute of Food and Agriculture,,Federal,,2024-09-20,2024,Funded,TRUE,199999.82,USDA-NIFA-National Institute of Food and Agriculture,Federal,Direct sponsor reported; prime sponsor unavailable,FALSE,Federal,FALSE,FALSE
K000160353,17183597,160353,New,"Suter,Jordan","Suter,Jordan (Primary PI) 1172",Household survey of behavior related to inland flooding,1172-Agricultural + Resource Economics,1172,Agricultural + Resource Economics,Agricultural Sciences-Academic Units (E1),2024-11-01,2024,2026-10-31,FALSE,54,MTDC,DOC-NOAA-Natl Oceanic and Atmospheric Admn,,Federal,,2024-09-19,2024,,FALSE,179989.84,DOC-NOAA-Natl Oceanic and Atmospheric Admn,Federal,Direct sponsor reported; prime sponsor unavailable,FALSE,Federal,TRUE,FALSE
K000160488,17183593,160488,New,"Stewart,Jane E","Stewart,Jane E (Primary PI) 1177",Innovative Solutions for Cytospora Canker in Stone Fruits: Mapping Pathogen Spread and Integrating New Tools into IPM Strategies,1177-Agricultural Biology,1177,Agricultural Biology,Agricultural Sciences-Academic Units (E1),2025-06-01,2025,2028-05-31,FALSE,42.85,TDC,USDA-NIFA-National Institute of Food and Agriculture,,Federal,,2024-09-19,2024,,FALSE,299313.5,USDA-NIFA-National Institute of Food and Agriculture,Federal,Direct sponsor reported; prime sponsor unavailable,FALSE,Federal,FALSE,FALSE
K000160573,17183587,160573,Supplement/Additional Funding,"Fonte,Steven John","Fonte,Steven John (Primary PI) 1170; Vanek,Steven John (Co-PI) 1170","Smallholder Soil Health Assessment - supporting soils research, awareness, and capacity building towards agroecological transitions",1170-Soil + Crop Sciences,1170,Soil + Crop Sciences,Agricultural Sciences-Academic Units (E1),2024-10-01,2024,2026-09-30,FALSE,10,TDC,McKnight Foundation,,Domestic Foundations,,2024-09-19,2024,Funded,TRUE,174946.04,McKnight Foundation,Domestic Foundations,Direct sponsor reported; prime sponsor unavailable,FALSE,Foundation/nonprofit,FALSE,FALSE
K000160610,17183506,160610,Supplement/Additional Funding,"Stewart,Jane E","Stewart,Jane E (Primary PI) 1177",Development of field-based diagnostic tools to identify Armillaria species,1177-Agricultural Biology,1177,Agricultural Biology,Agricultural Sciences-Academic Units (E1),2024-09-01,2024,2025-08-31,FALSE,15,TDC,USDA-USFS-Rocky Mtn. Rsrch Station - CO,,Federal,,2024-09-19,2024,Funded,TRUE,43200.89,USDA-USFS-Rocky Mtn. Rsrch Station - CO,Federal,Direct sponsor reported; prime sponsor unavailable,FALSE,Federal,FALSE,FALSE
K000160609,17183253,160609,Supplement/Additional Funding,"Stewart,Jane E","Stewart,Jane E (Primary PI) 1177",Assessing the drivers of ponderosa pine dieback and mortality in the Rocky Mountains,1177-Agricultural Biology,1177,Agricultural Biology,Agricultural Sciences-Academic Units (E1),2024-09-01,2024,2025-08-31,FALSE,15,TDC,USDA-USFS-Rocky Mtn. Rsrch Station - CO,,Federal,,2024-09-17,2024,Funded,TRUE,47599.34,USDA-USFS-Rocky Mtn. Rsrch Station - CO,Federal,Direct sponsor reported; prime sponsor unavailable,FALSE,Federal,FALSE,FALSE
K000159733,17182972,159733,Resubmission,"Fonte,Steven John","Fonte,Steven John (Primary PI) 1170; Ross,Matthew Richard Voss (Co-PI) 1476; Wrighton,Kelly Catherine (Co-PI) 1170",Examining The Role Of Farm And Landscape Heterogenity For Managing Soil Biodiversity And Ecosystem Services,1170-Soil + Crop Sciences,1170,Soil + Crop Sciences,Agricultural Sciences-Academic Units (E1),2025-04-01,2025,2029-03-31,FALSE,42.85,TDC,USDA-NIFA-National Institute of Food and Agriculture,,Federal,,2024-09-11,2024,,FALSE,749811.1,USDA-NIFA-National Institute of Food and Agriculture,Federal,Direct sponsor reported; prime sponsor unavailable,FALSE,Federal,FALSE,FALSE
K000159993,17182550,159993,New,"Countryman,Amanda Marie","Countryman,Amanda Marie (Primary PI) 1172",Economic Assessment of Latin American Supply Chains,1172-Agricultural + Resource Economics,1172,Agricultural + Resource Economics,Agricultural Sciences-Academic Units (E1),2025-01-01,2025,2026-12-31,FALSE,54,MTDC,Texas A and M University,DHS-US Department of Homeland Security,Other Domestic Higher Education,Federal,2024-09-05,2024,,FALSE,499999.75,DHS-US Department of Homeland Security,Federal,Prime sponsor reported; direct sponsor is pass-through,TRUE,Federal,TRUE,FALSE
K000160373,17182106,160373,New,"Ghosh,Enakshi","Ghosh,Enakshi (Primary PI) 1170; Mola,John (Co-PI) 1472; Hufbauer,Ruth A (Co-PI) 1177",Developing Trans-Generational Immune Priming For Wild Bumble Bee Health: A Path Towards Disease-Smart Genetic Rescue,1170-Soil + Crop Sciences,1170,Soil + Crop Sciences,Agricultural Sciences-Academic Units (E1),2025-04-01,2025,2027-03-31,FALSE,42.85,TDC,USDA-NIFA-National Institute of Food and Agriculture,,Federal,,2024-08-30,2024,,FALSE,299965.9,USDA-NIFA-National Institute of Food and Agriculture,Federal,Direct sponsor reported; prime sponsor unavailable,FALSE,Federal,FALSE,FALSE
K000160370,17182100,160370,New,"Zhang,Peipei","Zhang,Peipei (Primary PI) 1171; Belk,Keith (Co-PI) 1171","Combat Meat-Borne Pathogens By Targeting Their Potential Shelter, Pseudomonas Spp., In Meat Fabrication Facilities",1171-Animal Sciences,1171,Animal Sciences,Agricultural Sciences-Academic Units (E1),2025-09-01,2025,1930-08-31,TRUE,54,MTDC,USDA-NIFA-National Institute of Food and Agriculture,,Federal,,2024-08-30,2024,,FALSE,649893.28,USDA-NIFA-National Institute of Food and Agriculture,Federal,Direct sponsor reported; prime sponsor unavailable,FALSE,Federal,FALSE,FALSE
K000160360,17182093,160360,New,"Hill,Rebecca Lynn","Hill,Rebecca Lynn (Primary PI) 4044; Thilmany,Dawn D (Co-PI) 1172",Providing underserved producers with opportunities to access higher-profit value-added food markets,1172-Agricultural + Resource Economics,1172,Agricultural + Resource Economics,Agricultural Sciences-Academic Units (E1),2025-01-01,2025,2028-12-31,FALSE,54,MTDC,USDA-NIFA-National Institute of Food and Agriculture,,Federal,,2024-08-30,2024,,FALSE,649909.69,USDA-NIFA-National Institute of Food and Agriculture,Federal,Direct sponsor reported; prime sponsor unavailable,FALSE,Federal,TRUE,FALSE
K000160331,17182087,160331,New,"Nalam,Vamsi","Nalam,Vamsi (Primary PI) 1177; Han,Jinlong (Co-PI) 1177",NSF-BSF: Unraveling the Rhythmic Interplay: Molecular Mechanisms of Diurnal Plant-Aphid Interactions,1177-Agricultural Biology,1177,Agricultural Biology,Agricultural Sciences-Academic Units (E1),2025-02-01,2025,2028-01-31,FALSE,54,MTDC,NSF-National Science Foundation,,Federal,,2024-08-30,2024,,FALSE,959673.58,NSF-National Science Foundation,Federal,Direct sponsor reported; prime sponsor unavailable,FALSE,Federal,FALSE,FALSE
K000159990,17182083,159990,New,"Willige,Bjorn Christopher","Willige,Bjorn Christopher (Primary PI) 1170",CAREER: Integration of light and temperature cues into plant gene regulation,1170-Soil + Crop Sciences,1170,Soil + Crop Sciences,Agricultural Sciences-Academic Units (E1),2025-06-01,2025,1930-05-31,TRUE,54,MTDC,NSF-National Science Foundation,,Federal,,2024-08-30,2024,,FALSE,1093877.27,NSF-National Science Foundation,Federal,Direct sponsor reported; prime sponsor unavailable,FALSE,Federal,FALSE,FALSE
K000160459,17182051,160459,New,"Gifford,Lauren","Gifford,Lauren (Primary PI) 1170",Re-assessing expert views on soil carbon,1170-Soil + Crop Sciences,1170,Soil + Crop Sciences,Agricultural Sciences-Academic Units (E1),2024-09-01,2024,2025-01-31,FALSE,15,TDC,American University,Environmental Defense Fund,Other Domestic Higher Education,Domestic Non-Profit (other than Domestic Foundations),2024-08-29,2024,Funded,TRUE,30973.34,Environmental Defense Fund,Domestic Non-Profit (other than Domestic Foundations),Prime sponsor reported; direct sponsor is pass-through,TRUE,Foundation/nonprofit,FALSE,FALSE
K000160430,17181938,160430,New,"Suter,Jordan","Suter,Jordan (Primary PI) 1172",Economic Dimensions of Forest Biomass Utilization and Facilitation of Forest Treatment Projects,1172-Agricultural + Resource Economics,1172,Agricultural + Resource Economics,Agricultural Sciences-Academic Units (E1),2024-10-01,2024,2026-09-30,FALSE,0,No Indirect Cost Allowed,USDA-USFS-Rocky Mtn. Rsrch Station - CO,,Federal,,2024-08-28,2024,Funded,TRUE,91999.52,USDA-USFS-Rocky Mtn. Rsrch Station - CO,Federal,Direct sponsor reported; prime sponsor unavailable,FALSE,Federal,TRUE,FALSE
K000160101,17181934,160101,New,"Cotrufo,Maria Francesca","Cotrufo,Maria Francesca (Primary PI) 1170",Fractionation and elemental analyses of a subset of LUCAS agricultural soils: Contract #2,1170-Soil + Crop Sciences,1170,Soil + Crop Sciences,Agricultural Sciences-Academic Units (E1),2024-07-29,2024,2025-07-28,FALSE,35,MTDC,Joint Research Centre,,Foreign Government,,2024-08-28,2024,Funded,TRUE,15957.72,Joint Research Centre,Foreign Government,Direct sponsor reported; prime sponsor unavailable,FALSE,Other,FALSE,FALSE
K000160097,17181930,160097,New,"Cotrufo,Maria Francesca","Cotrufo,Maria Francesca (Primary PI) 1170",Fractionation and elemental analyses of a subset of LUCAS agricultural soils: Contract #1,1170-Soil + Crop Sciences,1170,Soil + Crop Sciences,Agricultural Sciences-Academic Units (E1),2024-07-29,2024,2025-07-28,FALSE,35,MTDC,Joint Research Centre,,Foreign Government,,2024-08-28,2024,Funded,TRUE,15957.72,Joint Research Centre,Foreign Government,Direct sponsor reported; prime sponsor unavailable,FALSE,Other,FALSE,FALSE
K000160381,17181681,160381,Supplement/Additional Funding,"Trujillo,Wilma","Trujillo,Wilma (Primary PI) 1170",Dynamic Soil Properties,1170-Soil + Crop Sciences,1170,Soil + Crop Sciences,Agricultural Sciences-Academic Units (E1),2024-11-01,2024,2028-10-31,FALSE,10,TDC,USDA-NRCS-Natural Resources Consvtn Srv,,Federal,,2024-08-26,2024,,FALSE,250000,USDA-NRCS-Natural Resources Consvtn Srv,Federal,Direct sponsor reported; prime sponsor unavailable,FALSE,Federal,FALSE,FALSE
K000160226,17181648,160226,New,"Thilmany,Dawn D","Thilmany,Dawn D (Primary PI) 1172",Feasibility of Repurposing Marijuana Facilities to Alternative Enterprises: A Focus on Crowley County,1172-Agricultural + Resource Economics,1172,Agricultural + Resource Economics,Agricultural Sciences-Academic Units (E1),2024-08-15,2024,2025-08-14,FALSE,54,MTDC,Colorado Office of Economic Development and Intl Trade,,State of Colorado,,2024-08-26,2024,,FALSE,48235.95,Colorado Office of Economic Development and Intl Trade,State of Colorado,Direct sponsor reported; prime sponsor unavailable,FALSE,State,TRUE,FALSE
K000160148,17181644,160148,New,"Thompson,Henry J","Thompson,Henry J (Primary PI) 1173",A Precision Approach To Increase Dry Bean Consumption In The United States,1173-Horticulture + Landscape Architecture,1173,Horticulture + Landscape Architecture,Agricultural Sciences-Academic Units (E1),2025-01-01,2025,2027-12-31,FALSE,42.85,TDC,USDA-NIFA-National Institute of Food and Agriculture,,Federal,,2024-08-26,2024,,FALSE,980610.11,USDA-NIFA-National Institute of Food and Agriculture,Federal,Direct sponsor reported; prime sponsor unavailable,FALSE,Federal,FALSE,FALSE
K000160147,17181638,160147,New,"Thompson,Henry J","Thompson,Henry J (Primary PI) 1173; Weir,Tiffany L (Co-PI) 1571","Sphingolipids, Metabolic Dysfunction Associated Chronic Disease, Gut Microbiome, And Common Bean",1173-Horticulture + Landscape Architecture,1173,Horticulture + Landscape Architecture,Agricultural Sciences-Academic Units (E1),2025-01-01,2025,2027-12-31,FALSE,42.85,TDC,USDA-NIFA-National Institute of Food and Agriculture,,Federal,,2024-08-26,2024,,FALSE,649850.51,USDA-NIFA-National Institute of Food and Agriculture,Federal,Direct sponsor reported; prime sponsor unavailable,FALSE,Federal,FALSE,FALSE
K000160138,17181634,160138,New,"Mason,Richard Esten","Mason,Richard Esten (Primary PI) 1170",Wheat Resilience Initiative: Breeding for Wheat Stem Sawfly Resistance in Colorado,1170-Soil + Crop Sciences,1170,Soil + Crop Sciences,Agricultural Sciences-Academic Units (E1),2024-09-01,2024,2025-08-31,FALSE,10,TDC,USDA-ARS-Agricultural Research Service,,Federal,,2024-08-26,2024,Funded,TRUE,99856.08,USDA-ARS-Agricultural Research Service,Federal,Direct sponsor reported; prime sponsor unavailable,FALSE,Federal,FALSE,FALSE
K000160043,17181615,160043,New,"Nachappa,Punya","Nachappa,Punya (Primary PI) 1177; MacWilliams,Jacob Robert (Co-PI) 1177; Fulladolsa Palma,Ana Cristina (Co-PI) 1177; Han,Jinlong (Co-PI) 1177","Agricultural Biosecurity PARTNERSHIP: Diversity, Diagnostics, Vector Interaction and Management of Hop Latent Viroid, Emerging Pathogen of Cannabis sativa",1177-Agricultural Biology,1177,Agricultural Biology,Agricultural Sciences-Academic Units (E1),2025-01-01,2025,2027-12-31,FALSE,27.3,TDC,USDA-NIFA-National Institute of Food and Agriculture,,Federal,,2024-08-26,2024,,FALSE,1148928.72,USDA-NIFA-National Institute of Food and Agriculture,Federal,Direct sponsor reported; prime sponsor unavailable,FALSE,Federal,FALSE,FALSE
K000160013,17181607,160013,New,"Miller,Chad","Miller,Chad (Primary PI) 1173; Calvert,Martha Dianne (Co-PI) 3001; Van Buiten,Charlene Barbara (Co-PI) 1571",Evaluating Edible Flowers For Use In Craft Spirits And Expanding Market Opportunities For Cut Flower Growers,1173-Horticulture + Landscape Architecture,1173,Horticulture + Landscape Architecture,Agricultural Sciences-Academic Units (E1),2025-08-01,2025,2028-07-31,FALSE,54,MTDC,USDA-NIFA-National Institute of Food and Agriculture,,Federal,,2024-08-26,2024,Funded,TRUE,648154.48,USDA-NIFA-National Institute of Food and Agriculture,Federal,Direct sponsor reported; prime sponsor unavailable,FALSE,Federal,FALSE,FALSE
K000160000,17181603,160000,New,"Fedorka,Carleigh Elizabeth","Fedorka,Carleigh Elizabeth (Primary PI) 1171",Assisted Reproductive Techniques (ARTs):Do different breeding techniques alter maternal tolerance of pregnancy?,1171-Animal Sciences,1171,Animal Sciences,Agricultural Sciences-Academic Units (E1),2025-01-01,2025,2028-12-31,FALSE,42.85,TDC,USDA-NIFA-National Institute of Food and Agriculture,,Federal,,2024-08-26,2024,,FALSE,646289.55,USDA-NIFA-National Institute of Food and Agriculture,Federal,Direct sponsor reported; prime sponsor unavailable,FALSE,Federal,FALSE,FALSE
K000160404,17181555,160404,New,"Pottorff,Laura Pickett","Pottorff,Laura Pickett (Primary PI) 1170",Colorado Seed Growers Association,1170-Soil + Crop Sciences,1170,Soil + Crop Sciences,Agricultural Sciences-Academic Units (E1),2024-08-01,2024,2029-07-31,FALSE,0,No Indirect Cost Allowed,Colorado Seed Growers Association,,Domestic Non-Profit (other than Domestic Foundations),,2024-08-23,2024,Funded,TRUE,1765938.38,Colorado Seed Growers Association,Domestic Non-Profit (other than Domestic Foundations),Direct sponsor reported; prime sponsor unavailable,FALSE,Foundation/nonprofit,FALSE,FALSE
K000160361,17181266,160361,Supplement/Additional Funding,"Stewart,Jane E","Stewart,Jane E (Primary PI) 1177",Development of a Myrtle Rust Surveillance Network in Hawaii to Distinguish Austropuccinia psidii biotypes using a newly developed diagnostic tool,1177-Agricultural Biology,1177,Agricultural Biology,Agricultural Sciences-Academic Units (E1),2024-07-01,2024,2027-06-30,FALSE,15,TDC,USDA-USFS-Forest Research,,Federal,,2024-08-20,2024,Funded,TRUE,14000.77,USDA-USFS-Forest Research,Federal,Direct sponsor reported; prime sponsor unavailable,FALSE,Federal,FALSE,FALSE
K000159856,17181242,159856,New,"Carvalho Seabra,Jessica","Carvalho Seabra,Jessica (Primary PI) 1171; Hess,Tanja (Co-PI) 1171",Complete welfare assessment of horses used in Equine-assisted services (EAS),1171-Animal Sciences,1171,Animal Sciences,Agricultural Sciences-Academic Units (E1),2025-01-01,2025,2025-12-31,FALSE,0,No Indirect Cost Allowed,Horses & Humans Research Foundation,,Domestic Foundations,,2024-08-20,2024,,FALSE,33045.33,Horses & Humans Research Foundation,Domestic Foundations,Direct sponsor reported; prime sponsor unavailable,FALSE,Foundation/nonprofit,FALSE,FALSE
K000160048,17181203,160048,Supplement/Additional Funding,"Bauman,Allison Gunter","Bauman,Allison Gunter (Primary PI) 1172",CO Backyard Animal Keeping,1172-Agricultural + Resource Economics,1172,Agricultural + Resource Economics,Agricultural Sciences-Academic Units (E1),2024-07-01,2024,2025-06-30,FALSE,10,TDC,USDA-APHIS-Animal Plant Health Insp Srvc,,Federal,,2024-08-20,2024,Funded,TRUE,14999.6,USDA-APHIS-Animal Plant Health Insp Srvc,Federal,Direct sponsor reported; prime sponsor unavailable,FALSE,Federal,TRUE,FALSE
K000160406,17180918,160406,New,"Zink,Frida Anna","Zink,Frida Anna (Primary PI) 1177",Development and deployment of molecular diagnostics for detection and identification of plant pests of regulatory concern for PPQ,1177-Agricultural Biology,1177,Agricultural Biology,Agricultural Sciences-Academic Units (E1),2024-09-01,2024,2025-08-31,FALSE,10,TDC,USDA-APHIS-Animal Plant Health Insp Srvc,,Federal,,2024-08-15,2024,Funded,TRUE,516408.03,USDA-APHIS-Animal Plant Health Insp Srvc,Federal,Direct sponsor reported; prime sponsor unavailable,FALSE,Federal,FALSE,FALSE
K000160336,17180914,160336,New,"Prenni,Jessica E","Prenni,Jessica E (Primary PI) 1173",Curriculum Development support for FoodEDU,1173-Horticulture + Landscape Architecture,1173,Horticulture + Landscape Architecture,Agricultural Sciences-Academic Units (E1),2024-09-01,2024,2024-12-31,FALSE,10,TDC,American Heart Association,,Domestic Non-Profit (other than Domestic Foundations),,2024-08-15,2024,Funded,TRUE,24476.16,American Heart Association,Domestic Non-Profit (other than Domestic Foundations),Direct sponsor reported; prime sponsor unavailable,FALSE,Foundation/nonprofit,FALSE,FALSE
K000160338,17180910,160338,New,"Nalam,Vamsi","Nalam,Vamsi (Primary PI) 1177",Characterization and in planta delivery of biopesticides targeting insect vectors of sugar beet pathogens,1177-Agricultural Biology,1177,Agricultural Biology,Agricultural Sciences-Academic Units (E1),2024-09-01,2024,2025-08-31,FALSE,0,No Indirect Cost Allowed,USDA-ARS-Agricultural Research Service,,Federal,,2024-08-15,2024,Funded,TRUE,35000.26,USDA-ARS-Agricultural Research Service,Federal,Direct sponsor reported; prime sponsor unavailable,FALSE,Federal,FALSE,FALSE
K000160313,17180906,160313,New,"Shergill,Lovreet S","Shergill,Lovreet S (Primary PI) 1177",Spot spraying for targeted control of glyphosate-resistant kochia and Palmer amaranth in sugar beet,1177-Agricultural Biology,1177,Agricultural Biology,Agricultural Sciences-Academic Units (E1),2025-04-01,2025,2026-03-31,FALSE,54,MTDC,Beet Sugar Development Foundation,,Domestic Foundations,,2024-08-15,2024,,FALSE,35085.37,Beet Sugar Development Foundation,Domestic Foundations,Direct sponsor reported; prime sponsor unavailable,FALSE,Foundation/nonprofit,FALSE,FALSE
K000160266,17180885,160266,New,"Kolodinsky,Jane","Kolodinsky,Jane (Primary PI) 1172","A Comprehensive Study of Non-GMO and Bioengineered Disclosures: Consumer Preference, Producer Impact, and Certifier Choice",1172-Agricultural + Resource Economics,1172,Agricultural + Resource Economics,Agricultural Sciences-Academic Units (E1),2024-04-01,2024,2027-03-31,FALSE,15,TDC,University of Kentucky,USDA-NIFA-National Institute of Food and Agriculture,Other Domestic Higher Education,Federal,2024-08-14,2024,Funded,TRUE,79906.37,USDA-NIFA-National Institute of Food and Agriculture,Federal,Prime sponsor reported; direct sponsor is pass-through,TRUE,Federal,TRUE,FALSE
K000160236,17180873,160236,New,"Brown,Cynthia S","Brown,Cynthia S (Primary PI) 1177",Community-based Solutions to Human-Elephant Conflict in Northeastern Botswana,1177-Agricultural Biology,1177,Agricultural Biology,Agricultural Sciences-Academic Units (E1),2025-02-01,2025,2026-01-31,FALSE,0,No Indirect Cost Allowed,International Elephant Foundation,,Domestic Foundations,,2024-08-14,2024,,FALSE,22454.02,International Elephant Foundation,Domestic Foundations,Direct sponsor reported; prime sponsor unavailable,FALSE,Foundation/nonprofit,FALSE,FALSE
K000160179,17180839,160179,New,"Burkhardt,Jesse Brodie","Burkhardt,Jesse Brodie (Primary PI) 1172; Guan,Yawen (Co-PI) 1877; Pierce,Jeffrey Robert (Co-PI) 1371",Leveraging satellites and machine learning to classify global wildfire smoke presence and exposure,1172-Agricultural + Resource Economics,1172,Agricultural + Resource Economics,Agricultural Sciences-Academic Units (E1),2025-01-01,2025,2027-12-31,FALSE,54,MTDC,NASA-National Aeronautics and Space Administration,,Federal,,2024-08-14,2024,,FALSE,1113572.82,NASA-National Aeronautics and Space Administration,Federal,Direct sponsor reported; prime sponsor unavailable,FALSE,Federal,TRUE,FALSE
K000160169,17180835,160169,Resubmission,"Narayanan Nair,Mahesh","Narayanan Nair,Mahesh (Primary PI) 1171",A proteomic and metabolomic approach to link growth rate in pigs to variations in pork quality,1171-Animal Sciences,1171,Animal Sciences,Agricultural Sciences-Academic Units (E1),2025-06-01,2025,2028-05-31,FALSE,54,MTDC,Iowa State University,USDA-NIFA-National Institute of Food and Agriculture,Other Domestic Higher Education,Federal,2024-08-14,2024,,FALSE,213432.4,USDA-NIFA-National Institute of Food and Agriculture,Federal,Prime sponsor reported; direct sponsor is pass-through,TRUE,Federal,FALSE,FALSE
K000159984,17180825,159984,Resubmission,"Edwards-Callaway,Lily Nowell","Edwards-Callaway,Lily Nowell (Primary PI) 1171; Engle,Terry E (Co-PI) 1171",Do Liver Abscesses Cause Pain in Cattle?,1171-Animal Sciences,1171,Animal Sciences,Agricultural Sciences-Academic Units (E1),2025-01-01,2025,2027-12-31,FALSE,28.75,TDC,USDA-NIFA-National Institute of Food and Agriculture,,Federal,,2024-08-14,2024,Funded,TRUE,648183.1,USDA-NIFA-National Institute of Food and Agriculture,Federal,Direct sponsor reported; prime sponsor unavailable,FALSE,Federal,FALSE,FALSE
K000159637,17180813,159637,New,"Narayanan Nair,Mahesh","Narayanan Nair,Mahesh (Primary PI) 1171; Delmore,Robert J (Co-PI) 1171; Chicco,Adam Joseph (Co-PI) 1680; Speidel,Scott E (Co-PI) 1171; Enns,Richard Mark (Co-PI) 1171",PARTNERSHIP: Mitochondrial genomic approach to combat Congestive Heart Failure in feedlot cattle,1171-Animal Sciences,1171,Animal Sciences,Agricultural Sciences-Academic Units (E1),2025-07-01,2025,2028-06-30,FALSE,29.5,TDC,USDA-NIFA-National Institute of Food and Agriculture,,Federal,,2024-08-14,2024,,FALSE,681890.79,USDA-NIFA-National Institute of Food and Agriculture,Federal,Direct sponsor reported; prime sponsor unavailable,FALSE,Federal,FALSE,FALSE
K000159636,17180809,159636,New,"Bousselot,Jennifer M","Bousselot,Jennifer M (Primary PI) 1173",A Berry Bright Idea: Raspberry (Rubus idaeus) Cultivation in Rooftop Agrivoltaics,1173-Horticulture + Landscape Architecture,1173,Horticulture + Landscape Architecture,Agricultural Sciences-Academic Units (E1),2025-01-01,2025,2025-12-31,FALSE,,TDC,Colorado Department of Agriculture,,State of Colorado,,2024-08-14,2024,Funded,TRUE,66215.16,Colorado Department of Agriculture,State of Colorado,Direct sponsor reported; prime sponsor unavailable,FALSE,State,FALSE,FALSE
K000160042,17180690,160042,New,"Uchanski,Mark E","Uchanski,Mark E (Primary PI) 1173",CSU Agrivoltaics Testing Grounds: II,1173-Horticulture + Landscape Architecture,1173,Horticulture + Landscape Architecture,Agricultural Sciences-Academic Units (E1),2024-12-01,2024,2025-06-30,FALSE,5.26,TDC,"Sandbox Solar, LLC",Colorado Department of Agriculture,Domestic Commercial,State of Colorado,2024-08-13,2024,,FALSE,35000,Colorado Department of Agriculture,State of Colorado,Prime sponsor reported; direct sponsor is pass-through,FALSE,State,FALSE,FALSE
K000160170,17180260,160170,New,"Fonte,Steven John","Fonte,Steven John (Primary PI) 1170",Next Generation Deep Root CoverCress Impacts on Soil Carbon,1170-Soil + Crop Sciences,1170,Soil + Crop Sciences,Agricultural Sciences-Academic Units (E1),2025-01-01,2025,2027-12-31,FALSE,11.11,TDC,Cquesta,Foundation for Food & Agriculture Research,Domestic Commercial,Domestic Non-Profit (other than Domestic Foundations),2024-08-05,2024,,FALSE,308920.93,Foundation for Food & Agriculture Research,Domestic Non-Profit (other than Domestic Foundations),Prime sponsor reported; direct sponsor is pass-through,FALSE,Foundation/nonprofit,FALSE,FALSE
K000160132,17180256,160132,Supplement/Additional Funding,"Shergill,Lovreet S","Shergill,Lovreet S (Primary PI) 1177",Weed Science - Lovreet Shergill,1177-Agricultural Biology,1177,Agricultural Biology,Agricultural Sciences-Academic Units (E1),2024-07-01,2024,2025-06-30,FALSE,0,No Indirect Cost Allowed,Colorado Wheat Administrative Committee,,Domestic Non-Profit (other than Domestic Foundations),,2024-08-05,2024,Funded,TRUE,30000,Colorado Wheat Administrative Committee,Domestic Non-Profit (other than Domestic Foundations),Direct sponsor reported; prime sponsor unavailable,FALSE,Foundation/nonprofit,FALSE,FALSE
K000160124,17180252,160124,Supplement/Additional Funding,"Mason,Richard Esten","Mason,Richard Esten (Primary PI) 1170",Wheat Breeding Salary,1170-Soil + Crop Sciences,1170,Soil + Crop Sciences,Agricultural Sciences-Academic Units (E1),2024-07-01,2024,2025-06-30,FALSE,0,No Indirect Cost Allowed,Colorado Wheat Administrative Committee,,Domestic Non-Profit (other than Domestic Foundations),,2024-08-05,2024,Funded,TRUE,60088.74,Colorado Wheat Administrative Committee,Domestic Non-Profit (other than Domestic Foundations),Direct sponsor reported; prime sponsor unavailable,FALSE,Foundation/nonprofit,FALSE,FALSE
K000160123,17180248,160123,Supplement/Additional Funding,"Mason,Richard Esten","Mason,Richard Esten (Primary PI) 1170",Wheat Breeding,1170-Soil + Crop Sciences,1170,Soil + Crop Sciences,Agricultural Sciences-Academic Units (E1),2024-07-01,2024,2025-06-30,FALSE,0,No Indirect Cost Allowed,Colorado Wheat Administrative Committee,,Domestic Non-Profit (other than Domestic Foundations),,2024-08-05,2024,Funded,TRUE,377500,Colorado Wheat Administrative Committee,Domestic Non-Profit (other than Domestic Foundations),Direct sponsor reported; prime sponsor unavailable,FALSE,Foundation/nonprofit,FALSE,FALSE
K000160065,17180244,160065,New,"Zhang,Peipei","Zhang,Peipei (Primary PI) 1171",To explore desiccation as a green technology to reduce pathogenic and spoilage bacteria on postsanitation meat processing equipment,1171-Animal Sciences,1171,Animal Sciences,Agricultural Sciences-Academic Units (E1),2025-04-01,2025,2029-03-31,FALSE,15,TDC,Agriculture and Agri-Food Canada,Sponsor Not Found - Contact OSP,Foreign Government,Domestic Non-Profit (other than Domestic Foundations),2024-08-05,2024,,FALSE,83977.75,Sponsor Not Found - Contact OSP,Domestic Non-Profit (other than Domestic Foundations),Prime sponsor reported; direct sponsor is pass-through,FALSE,Foundation/nonprofit,FALSE,FALSE
K000160297,17179932,160297,Supplement/Additional Funding,"Stewart,Jane E","Stewart,Jane E (Primary PI) 1177","Molecular tools for detection, identification, and monitoring of forest pathogens",1177-Agricultural Biology,1177,Agricultural Biology,Agricultural Sciences-Academic Units (E1),2024-07-01,2024,2027-06-30,FALSE,0,No Indirect Cost Allowed,USDA-USFS-Forest Health Protection,,Federal,,2024-07-31,2024,Funded,TRUE,71999.65,USDA-USFS-Forest Health Protection,Federal,Direct sponsor reported; prime sponsor unavailable,FALSE,Federal,FALSE,FALSE
K000160139,17179926,160139,New,"Cotrufo,Maria Francesca","Cotrufo,Maria Francesca (Primary PI) 1170; Stanley,Paige Lauren (Co-PI) 1170","Research Support for Paige Stanley, Ph.D., Noble Research Institute Research Fellow",1170-Soil + Crop Sciences,1170,Soil + Crop Sciences,Agricultural Sciences-Academic Units (E1),2024-07-01,2024,2025-06-30,FALSE,11,TDC,Noble Research Institute,,Domestic Non-Profit (other than Domestic Foundations),,2024-07-31,2024,Funded,TRUE,11100,Noble Research Institute,Domestic Non-Profit (other than Domestic Foundations),Direct sponsor reported; prime sponsor unavailable,FALSE,Foundation/nonprofit,FALSE,FALSE
K000160135,17179922,160135,Supplement/Additional Funding,"Nachappa,Punya","Nachappa,Punya (Primary PI) 1177",Wheat Entomology,1177-Agricultural Biology,1177,Agricultural Biology,Agricultural Sciences-Academic Units (E1),2024-07-01,2024,2025-06-30,FALSE,0,No Indirect Cost Allowed,Colorado Wheat Administrative Committee,,Domestic Non-Profit (other than Domestic Foundations),,2024-07-31,2024,Funded,TRUE,84000,Colorado Wheat Administrative Committee,Domestic Non-Profit (other than Domestic Foundations),Direct sponsor reported; prime sponsor unavailable,FALSE,Foundation/nonprofit,FALSE,FALSE
K000160079,17179916,160079,New,"Roberts,Robyn","Roberts,Robyn (Primary PI) 1177; Cramer,Mary Caitlin (Co-PI) 1171",Collaborative Research: STEM Futures: A Multi-institutional Scale-up of an Instructional Model Integrating Multiple Knowledge Domains,1177-Agricultural Biology,1177,Agricultural Biology,Agricultural Sciences-Academic Units (E1),2025-01-01,2025,2028-12-31,FALSE,54,MTDC,NSF-National Science Foundation,,Federal,,2024-07-31,2024,,FALSE,329552.91,NSF-National Science Foundation,Federal,Direct sponsor reported; prime sponsor unavailable,FALSE,Federal,FALSE,FALSE
K000160128,17179898,160128,New,"Pires,Joseph Chris","Pires,Joseph Chris (Primary PI) 1170",Development of online content for educating about plant genetic resources,1170-Soil + Crop Sciences,1170,Soil + Crop Sciences,Agricultural Sciences-Academic Units (E1),2024-08-01,2024,2027-07-31,FALSE,0,No Indirect Cost Allowed,USDA-ARS-Agricultural Research Service,,Federal,,2024-07-31,2024,Funded,TRUE,60002.55,USDA-ARS-Agricultural Research Service,Federal,Direct sponsor reported; prime sponsor unavailable,FALSE,Federal,FALSE,FALSE
K000160044,17179685,160044,Resubmission,"Borowiec,Marek L","Borowiec,Marek L (Primary PI) 1177",CAREER: Accelerating Biodiversity Science and Enhancing Public Engagement with Automated Arthropod Identification and AI Education,1177-Agricultural Biology,1177,Agricultural Biology,Agricultural Sciences-Academic Units (E1),2025-09-01,2025,1930-08-31,TRUE,54,MTDC,NSF-National Science Foundation,,Federal,,2024-07-29,2024,,FALSE,1509901.91,NSF-National Science Foundation,Federal,Direct sponsor reported; prime sponsor unavailable,FALSE,Federal,FALSE,FALSE
K000159961,17179681,159961,New,"Cotrufo,Maria Francesca","Cotrufo,Maria Francesca (Primary PI) 1170",Investigating grazing impacts on soil carbon,1170-Soil + Crop Sciences,1170,Soil + Crop Sciences,Agricultural Sciences-Academic Units (E1),2024-07-15,2024,2027-07-14,FALSE,0,No Indirect Cost Allowed,USDA-ARS-Agricultural Research Service,,Federal,,2024-07-29,2024,Funded,TRUE,30000,USDA-ARS-Agricultural Research Service,Federal,Direct sponsor reported; prime sponsor unavailable,FALSE,Federal,FALSE,FALSE
K000159845,17179675,159845,Supplement/Additional Funding,"Martin,Timothy","Martin,Timothy (Primary PI) 1170; Kremen,Amy E (Co-PI) 1170",Corrected Project Title: Climate-Smart Advances in Ag Performance,1170-Soil + Crop Sciences,1170,Soil + Crop Sciences,Agricultural Sciences-Academic Units (E1),2024-09-01,2024,2026-08-31,FALSE,35,MTDC,USDA-NRCS-Natural Resources Consvtn Srv,,Federal,,2024-07-29,2024,Funded,TRUE,1249999.55,USDA-NRCS-Natural Resources Consvtn Srv,Federal,Direct sponsor reported; prime sponsor unavailable,FALSE,Federal,FALSE,FALSE
K000159815,17179667,159815,New,"Jones-Diamond,Sally Marie","Jones-Diamond,Sally Marie (Primary PI) 1170",A reappraisal of sorghum growing degree days: a regional approach,1170-Soil + Crop Sciences,1170,Soil + Crop Sciences,Agricultural Sciences-Academic Units (E1),2024-05-01,2024,2025-12-31,FALSE,0,No Indirect Cost Allowed,Kansas State University,United Sorghum Checkoff Program,Other Domestic Higher Education,Domestic Non-Profit (other than Domestic Foundations),2024-07-29,2024,Funded,TRUE,19998.93,United Sorghum Checkoff Program,Domestic Non-Profit (other than Domestic Foundations),Prime sponsor reported; direct sponsor is pass-through,TRUE,Foundation/nonprofit,FALSE,FALSE
K000159432,17179663,159432,Supplement/Additional Funding,"Stewart,Jane E","Stewart,Jane E (Primary PI) 1177","Development of novel approaches to address complex interactions among host trees, pathogens, other microorganisms, and environmental factors within forest ecosystems under changing climates",1177-Agricultural Biology,1177,Agricultural Biology,Agricultural Sciences-Academic Units (E1),2024-07-01,2024,2027-06-10,FALSE,0,No Indirect Cost Allowed,USDA-USFS-Pacific NW Exp Statn,,Federal,,2024-07-29,2024,,FALSE,23000,USDA-USFS-Pacific NW Exp Statn,Federal,Direct sponsor reported; prime sponsor unavailable,FALSE,Federal,FALSE,FALSE
K000160131,17179585,160131,Supplement/Additional Funding,"Jones-Diamond,Sally Marie","Jones-Diamond,Sally Marie (Primary PI) 1170",Crop Testing Program,1170-Soil + Crop Sciences,1170,Soil + Crop Sciences,Agricultural Sciences-Academic Units (E1),2024-07-01,2024,2025-06-30,FALSE,0,No Indirect Cost Allowed,Colorado Wheat Administrative Committee,,Domestic Non-Profit (other than Domestic Foundations),,2024-07-26,2024,Funded,TRUE,10000,Colorado Wheat Administrative Committee,Domestic Non-Profit (other than Domestic Foundations),Direct sponsor reported; prime sponsor unavailable,FALSE,Foundation/nonprofit,FALSE,FALSE
K000158124,17179556,158124,New,"Dillon,Jasmine Ashley","Dillon,Jasmine Ashley (Primary PI) 1170",CAREER: Regenerating our food systems within Safe and Just Earth System Boundaries,1170-Soil + Crop Sciences,1170,Soil + Crop Sciences,Agricultural Sciences-Academic Units (E1),2025-05-01,2025,1930-04-30,TRUE,54,MTDC,NSF-National Science Foundation,,Federal,,2024-07-26,2024,,FALSE,518192.89,NSF-National Science Foundation,Federal,Direct sponsor reported; prime sponsor unavailable,FALSE,Federal,FALSE,FALSE
K000160130,17179442,160130,Supplement/Additional Funding,"Pottorff,Laura Pickett","Pottorff,Laura Pickett (Primary PI) 1170",Foundation Seed,1170-Soil + Crop Sciences,1170,Soil + Crop Sciences,Agricultural Sciences-Academic Units (E1),2024-07-01,2024,2025-06-30,FALSE,0,No Indirect Cost Allowed,Colorado Wheat Administrative Committee,,Domestic Non-Profit (other than Domestic Foundations),,2024-07-25,2024,Funded,TRUE,12000,Colorado Wheat Administrative Committee,Domestic Non-Profit (other than Domestic Foundations),Direct sponsor reported; prime sponsor unavailable,FALSE,Foundation/nonprofit,FALSE,FALSE
K000160129,17179438,160129,Supplement/Additional Funding,"Dayan,Franck E","Dayan,Franck E (Primary PI) 1177",Novel Herbicide Resistance Wheat Project,1177-Agricultural Biology,1177,Agricultural Biology,Agricultural Sciences-Academic Units (E1),2024-07-01,2024,2025-06-30,FALSE,0,No Indirect Cost Allowed,Colorado Wheat Administrative Committee,,Domestic Non-Profit (other than Domestic Foundations),,2024-07-25,2024,Funded,TRUE,30000,Colorado Wheat Administrative Committee,Domestic Non-Profit (other than Domestic Foundations),Direct sponsor reported; prime sponsor unavailable,FALSE,Foundation/nonprofit,FALSE,FALSE
K000160127,17179434,160127,Supplement/Additional Funding,"Gaines,Todd A","Gaines,Todd A (Primary PI) 1177",Weed Science - Todd Gaines,1177-Agricultural Biology,1177,Agricultural Biology,Agricultural Sciences-Academic Units (E1),2024-07-01,2024,2025-06-30,FALSE,0,No Indirect Cost Allowed,Colorado Wheat Administrative Committee,,Domestic Non-Profit (other than Domestic Foundations),,2024-07-25,2024,,FALSE,30000,Colorado Wheat Administrative Committee,Domestic Non-Profit (other than Domestic Foundations),Direct sponsor reported; prime sponsor unavailable,FALSE,Foundation/nonprofit,FALSE,FALSE
K000160126,17179430,160126,Supplement/Additional Funding,"Roberts,Robyn","Roberts,Robyn (Primary PI) 1177",Plant Pathology,1177-Agricultural Biology,1177,Agricultural Biology,Agricultural Sciences-Academic Units (E1),2024-07-01,2024,2025-06-30,FALSE,0,No Indirect Cost Allowed,Colorado Wheat Administrative Committee,,Domestic Non-Profit (other than Domestic Foundations),,2024-07-25,2024,Funded,TRUE,52000,Colorado Wheat Administrative Committee,Domestic Non-Profit (other than Domestic Foundations),Direct sponsor reported; prime sponsor unavailable,FALSE,Foundation/nonprofit,FALSE,FALSE
K000159382,17179313,159382,New,"Wilkins,Michael James","Wilkins,Michael James (Primary PI) 1170",Microbial compositional and functional drivers of methane cycling in rice paddy soils,1170-Soil + Crop Sciences,1170,Soil + Crop Sciences,Agricultural Sciences-Academic Units (E1),2024-07-01,2024,2028-06-30,FALSE,54,MTDC,Syngenta,,Domestic Commercial,,2024-07-24,2024,Funded,TRUE,179076.04,Syngenta,Domestic Commercial,Direct sponsor reported; prime sponsor unavailable,FALSE,Industry,FALSE,FALSE
K000159072,17179306,159072,New,"Peters,Brittany Caitlin","Peters,Brittany Caitlin (Primary PI) 1171; Rankins,Ellen Marie (Co-PI) 1171; Matlock,Sarah K (Key Person) 1171",Physiological and Behavioral Responses to Mounted vs Unmounted Human-Equine Interactions in Autistic Youth and Horses,1171-Animal Sciences,1171,Animal Sciences,Agricultural Sciences-Academic Units (E1),2024-10-01,2024,2026-09-30,FALSE,0,No Indirect Cost Allowed,Horses & Humans Research Foundation,,Domestic Foundations,,2024-07-24,2024,,FALSE,133340.23,Horses & Humans Research Foundation,Domestic Foundations,Direct sponsor reported; prime sponsor unavailable,FALSE,Foundation/nonprofit,FALSE,FALSE
K000160055,17179200,160055,Supplement/Additional Funding,"Ode,Paul James","Ode,Paul James (Primary PI) 1177",Dissecting hormonal crosstalk in tomato fruit development,1177-Agricultural Biology,1177,Agricultural Biology,Agricultural Sciences-Academic Units (E1),2024-08-01,2024,2025-07-31,FALSE,52,MTDC,NSF-National Science Foundation,,Federal,,2024-07-23,2024,Funded,TRUE,36000.41,NSF-National Science Foundation,Federal,Direct sponsor reported; prime sponsor unavailable,FALSE,Federal,FALSE,FALSE
K000159999,17179033,159999,Supplement/Additional Funding,"Andales,Allan A","Andales,Allan A (Primary PI) 1170; Simmons,Lane Howard (Co-PI) 3040",Lysimeter Operations for Development of Colorado Crop Coefficients (FY25 - Year 3 of 5),1170-Soil + Crop Sciences,1170,Soil + Crop Sciences,Agricultural Sciences-Academic Units (E1),2024-07-01,2024,2025-06-30,FALSE,15,TDC,Colorado Division of Water Resources,,State of Colorado,,2024-07-22,2024,Funded,TRUE,50178.8,Colorado Division of Water Resources,State of Colorado,Direct sponsor reported; prime sponsor unavailable,FALSE,State,FALSE,FALSE
K000159830,17179029,159830,New,"Jones-Diamond,Sally Marie","Jones-Diamond,Sally Marie (Primary PI) 1170",Colorado Corn Equipment Proposal,1170-Soil + Crop Sciences,1170,Soil + Crop Sciences,Agricultural Sciences-Academic Units (E1),2024-07-31,2024,2025-07-30,FALSE,0,No Indirect Cost Allowed,Colorado Corn Promotion Council,,Domestic Non-Profit (other than Domestic Foundations),,2024-07-22,2024,Funded,TRUE,35000,Colorado Corn Promotion Council,Domestic Non-Profit (other than Domestic Foundations),Direct sponsor reported; prime sponsor unavailable,FALSE,Foundation/nonprofit,FALSE,FALSE
K000159776,17179004,159776,New,"Narayanan Nair,Mahesh","Narayanan Nair,Mahesh (Primary PI) 1171; Zhang,Peipei (Co-PI) 1171; Belk,Keith (Co-PI) 1171; Geornaras,Ifigenia (Co-PI) 1171",Investigating the critical factors affecting beef steak discoloration: Role of steak thickness and initial microbial load,1171-Animal Sciences,1171,Animal Sciences,Agricultural Sciences-Academic Units (E1),2025-01-01,2025,2025-12-31,FALSE,0,No Indirect Cost Allowed,National Cattlemens Beef Association,,Domestic Non-Profit (other than Domestic Foundations),,2024-07-22,2024,,FALSE,99400.29,National Cattlemens Beef Association,Domestic Non-Profit (other than Domestic Foundations),Direct sponsor reported; prime sponsor unavailable,FALSE,Foundation/nonprofit,FALSE,FALSE
K000159839,17178992,159839,New,"Zhang,Peipei","Zhang,Peipei (Primary PI) 1171; Scanga,John A (Co-PI) 1171; Geornaras,Ifigenia (Co-PI) 1171; Narayanan Nair,Mahesh (Co-PI) 1171; Belk,Keith (Co-PI) 1171",Mitigation of Salmonella in beef cattle using a Bacillus-based probiotic supplement,1171-Animal Sciences,1171,Animal Sciences,Agricultural Sciences-Academic Units (E1),2025-01-01,2025,2025-12-31,FALSE,0,No Indirect Cost Allowed,National Cattlemens Beef Association,,Domestic Non-Profit (other than Domestic Foundations),,2024-07-22,2024,,FALSE,173199.98,National Cattlemens Beef Association,Domestic Non-Profit (other than Domestic Foundations),Direct sponsor reported; prime sponsor unavailable,FALSE,Foundation/nonprofit,FALSE,FALSE
K000159829,17178980,159829,New,"Dao,Phuong Duc","Dao,Phuong Duc (Primary PI) 1177",BeetPAI: An AI-enabled laboratory-to-field hyperspectral phenotyping system for disease-resistant sugar beet breeding,1177-Agricultural Biology,1177,Agricultural Biology,Agricultural Sciences-Academic Units (E1),2024-09-30,2024,2029-09-29,FALSE,0,No Indirect Cost Allowed,USDA-ARS-Agricultural Research Service,,Federal,,2024-07-22,2024,Funded,TRUE,74999.72,USDA-ARS-Agricultural Research Service,Federal,Direct sponsor reported; prime sponsor unavailable,FALSE,Federal,FALSE,FALSE
K000160177,17178965,160177,Supplement/Additional Funding,"Paustian,Keith H","Paustian,Keith H (Primary PI) 1170",Integrated PV System Design and Management Platform for the Co-Optimization of Regenerative Cattle Grazing and PV Solar Generation,1170-Soil + Crop Sciences,1170,Soil + Crop Sciences,Agricultural Sciences-Academic Units (E1),2025-01-01,2025,2027-12-31,FALSE,53,MTDC,Silicon Ranch Corporation,DOE-US Department of Energy,Domestic Commercial,Federal,2024-07-22,2024,,FALSE,421438.91,DOE-US Department of Energy,Federal,Prime sponsor reported; direct sponsor is pass-through,FALSE,Federal,FALSE,FALSE
K000159882,17178953,159882,New,"Edwards-Callaway,Lily Nowell","Edwards-Callaway,Lily Nowell (Primary PI) 1171; Engle,Terry E (Co-PI) 1171",Evaluating the Impact of Beef Sustainability Practices on Feedlot Cattle Welfare,1171-Animal Sciences,1171,Animal Sciences,Agricultural Sciences-Academic Units (E1),2025-01-01,2025,2025-12-31,FALSE,0,No Indirect Cost Allowed,National Cattlemens Beef Association,,Domestic Non-Profit (other than Domestic Foundations),,2024-07-22,2024,Funded,TRUE,10000.04,National Cattlemens Beef Association,Domestic Non-Profit (other than Domestic Foundations),Direct sponsor reported; prime sponsor unavailable,FALSE,Foundation/nonprofit,FALSE,FALSE
K000159997,17178652,159997,New,"Fonte,Steven John","Fonte,Steven John (Primary PI) 1170",Exploring the use of Saturo infiltrometers for estimating the entire infiltration curve across a range of soil properties and conditions in agricultural systems in the semi-arid west,1170-Soil + Crop Sciences,1170,Soil + Crop Sciences,Agricultural Sciences-Academic Units (E1),2024-10-01,2024,2027-09-30,FALSE,10,TDC,USDA-NRCS-Natural Resources Consvtn Srv,,Federal,,2024-07-15,2024,Funded,TRUE,299836.38,USDA-NRCS-Natural Resources Consvtn Srv,Federal,Direct sponsor reported; prime sponsor unavailable,FALSE,Federal,FALSE,FALSE
K000159832,17178617,159832,New,"Firth,Alexandra","Firth,Alexandra (Primary PI) 1170; Machmuller,Megan B (Co-PI) 1170","Case Studies in Soil Health, Drought Resilience, and Water Conservation in the Colorado River Basin",1170-Soil + Crop Sciences,1170,Soil + Crop Sciences,Agricultural Sciences-Academic Units (E1),2024-11-29,2024,2028-11-28,FALSE,15,TDC,Colorado Water Conservation Board,,State of Colorado,,2024-07-15,2024,Funded,TRUE,387377.68,Colorado Water Conservation Board,State of Colorado,Direct sponsor reported; prime sponsor unavailable,FALSE,State,FALSE,FALSE
K000159653,17177851,159653,New,"Jayanty,Sastry SSGM","Jayanty,Sastry SSGM (Primary PI) 1173; Bartolo,Kristi L (Co-PI) 4015; Lavhale,Santosh Govind (Co-PI) 1173",Sustainable Harvest: A Comprehensive Approach to Prevent Postharvest Losses in Melons and Peppers with Food Waste Repurposing,1173-Horticulture + Landscape Architecture,1173,Horticulture + Landscape Architecture,Agricultural Sciences-Academic Units (E1),2024-09-01,2024,2027-08-31,FALSE,10,TDC,University of Georgia,USDA-NIFA-National Institute of Food and Agriculture,Other Domestic Higher Education,Federal,2024-06-28,2024,,FALSE,498410.89,USDA-NIFA-National Institute of Food and Agriculture,Federal,Prime sponsor reported; direct sponsor is pass-through,TRUE,Federal,FALSE,FALSE
K000159586,17177813,159586,New,"Scott,Quatez Bernard","Scott,Quatez Bernard (Primary PI) 1101; Atine,Patrese (Co-PI) 0100",Colorado State University New Beginning for Tribal Students,1101-Dean of Agricultural Sciences,1101,Dean of Agricultural Sciences,Agricultural Sciences-Academic Units (E1),2024-09-01,2024,2027-08-31,FALSE,35,MTDC,USDA-NIFA-National Institute of Food and Agriculture,,Federal,,2024-06-28,2024,Funded,TRUE,249997.2,USDA-NIFA-National Institute of Food and Agriculture,Federal,Direct sponsor reported; prime sponsor unavailable,FALSE,Federal,FALSE,FALSE
K000159539,17177803,159539,New,"Lambert,Jordan Marie","Lambert,Jordan Marie (Primary PI) 1101; Gabel,Michael (Co-PI) 3001",The Offal Party: A Mission To Rescue Craft Organ Meats From Landfills Through Entrepreneurship,1101-Dean of Agricultural Sciences,1101,Dean of Agricultural Sciences,Agricultural Sciences-Academic Units (E1),2024-09-01,2024,2027-08-31,FALSE,10,TDC,University of Georgia,USDA-NIFA-National Institute of Food and Agriculture,Other Domestic Higher Education,Federal,2024-06-28,2024,,FALSE,914580.94,USDA-NIFA-National Institute of Food and Agriculture,Federal,Prime sponsor reported; direct sponsor is pass-through,TRUE,Federal,FALSE,FALSE
K000159632,17177780,159632,New,"Cotrufo,Maria Francesca","Cotrufo,Maria Francesca (Primary PI) 1170; Haddix,Michelle (Co-PI) 1170",Production of Labeled Arabidopsis Mesocosms and Quantification of Enrichment in SOM Fractions,1170-Soil + Crop Sciences,1170,Soil + Crop Sciences,Agricultural Sciences-Academic Units (E1),2024-07-01,2024,2025-12-31,FALSE,35,MTDC,Salk Institute for Biological Studies,,Domestic Non-Profit (other than Domestic Foundations),,2024-06-28,2024,Funded,TRUE,104230.8,Salk Institute for Biological Studies,Domestic Non-Profit (other than Domestic Foundations),Direct sponsor reported; prime sponsor unavailable,FALSE,Foundation/nonprofit,FALSE,FALSE
K000159906,17177636,159906,New,"Dao,Phuong Duc","Dao,Phuong Duc (Primary PI) 1177",Multiscale Automatic Plant Disease Detection and Rating with Hyperspectral Remote Sensing,1177-Agricultural Biology,1177,Agricultural Biology,Agricultural Sciences-Academic Units (E1),2024-03-01,2024,2025-02-28,FALSE,0,No Indirect Cost Allowed,Western Sugar Cooperative,,Domestic Commercial,,2024-06-28,2024,Funded,TRUE,13500,Western Sugar Cooperative,Domestic Commercial,Direct sponsor reported; prime sponsor unavailable,FALSE,Industry,FALSE,FALSE
K000159449,17177241,159449,New,"Wardle,Erik M","Wardle,Erik M (Primary PI) 1170; Bauder,Troy A (Co-PI) 3001",Training and Education for Protection of State Waters,1170-Soil + Crop Sciences,1170,Soil + Crop Sciences,Agricultural Sciences-Academic Units (E1),2024-07-01,2024,2025-06-30,FALSE,1.45,TDC,Colorado Department of Agriculture,,State of Colorado,,2024-06-25,2024,Funded,TRUE,522396.8,Colorado Department of Agriculture,State of Colorado,Direct sponsor reported; prime sponsor unavailable,FALSE,State,FALSE,FALSE
K000159200,17177206,159200,New,"Ritten,John Patrick","Ritten,John Patrick (Primary PI) 1172; Raynor,Edward James (Co-PI) 1171; Carr Childers,Leisl (Co-PI) 1776; Vargas Martinez,Juan de Jesus (Co-PI) 1171; Overlin,Anne (Co-PI) 4015; Thoma,Gregory (Co-PI) 3001; Place,Sara (Co",How do Beef Producers Benefit from Methane Reduction Markets?,1172-Agricultural + Resource Economics,1172,Agricultural + Resource Economics,Agricultural Sciences-Academic Units (E1),2025-01-01,2025,2029-12-31,FALSE,32.3,TDC,USDA-NIFA-National Institute of Food and Agriculture,,Federal,,2024-06-25,2024,,FALSE,9687482.68,USDA-NIFA-National Institute of Food and Agriculture,Federal,Direct sponsor reported; prime sponsor unavailable,FALSE,Federal,TRUE,FALSE
K000159838,17177192,159838,New,"Pires,Joseph Chris","Pires,Joseph Chris (Primary PI) 1170",Data Innovations Project,1170-Soil + Crop Sciences,1170,Soil + Crop Sciences,Agricultural Sciences-Academic Units (E1),2024-07-01,2024,2025-06-30,FALSE,0,No Indirect Cost Allowed,USDA-NRCS-Natural Resources Consvtn Srv,,Federal,,2024-06-25,2024,Funded,TRUE,301224.31,USDA-NRCS-Natural Resources Consvtn Srv,Federal,Direct sponsor reported; prime sponsor unavailable,FALSE,Federal,FALSE,FALSE
K000159804,17177142,159804,New,"Zink,Frida Anna","Zink,Frida Anna (Primary PI) 1177",Diagnostic Tools for Quarantine Significant Bean Beetles in the Old-World Genus Callosobruchus (Chrysomelidae: Bruchinae),1177-Agricultural Biology,1177,Agricultural Biology,Agricultural Sciences-Academic Units (E1),2024-09-01,2024,2025-08-31,FALSE,17.64,TDC,USDA-APHIS-Animal Plant Health Insp Srvc,,Federal,,2024-06-25,2024,Funded,TRUE,45718.7,USDA-APHIS-Animal Plant Health Insp Srvc,Federal,Direct sponsor reported; prime sponsor unavailable,FALSE,Federal,FALSE,FALSE
K000159803,17177135,159803,Supplement/Additional Funding,"Leach,Jan E","Leach,Jan E (Primary PI) 1177","Risk Assessment of Diseases Caused by Pantoea Ananatis on Rice, Peanut and Corn in the USA",1177-Agricultural Biology,1177,Agricultural Biology,Agricultural Sciences-Academic Units (E1),2024-06-01,2024,2025-05-31,FALSE,0,No Indirect Cost Allowed,USDA-ARS-Agricultural Research Service,,Federal,,2024-06-25,2024,Funded,TRUE,30859.03,USDA-ARS-Agricultural Research Service,Federal,Direct sponsor reported; prime sponsor unavailable,FALSE,Federal,FALSE,FALSE
K000159801,17177131,159801,New,"Zink,Frida Anna","Zink,Frida Anna (Primary PI) 1177",Molecular Research to Support Survey and Response for Invasive Hornet Species (Vespa spp.),1177-Agricultural Biology,1177,Agricultural Biology,Agricultural Sciences-Academic Units (E1),2024-09-01,2024,2025-08-30,FALSE,15,TDC,USDA-APHIS-Animal Plant Health Insp Srvc,,Federal,,2024-06-25,2024,Funded,TRUE,46376.47,USDA-APHIS-Animal Plant Health Insp Srvc,Federal,Direct sponsor reported; prime sponsor unavailable,FALSE,Federal,FALSE,FALSE
K000159737,17177092,159737,Supplement/Additional Funding,"Nachappa,Punya","Nachappa,Punya (Primary PI) 1177",Great Plains Wheat Stem Sawfly Coalition - Colorado State University,1177-Agricultural Biology,1177,Agricultural Biology,Agricultural Sciences-Academic Units (E1),2024-07-01,2024,2026-09-30,FALSE,0,No Indirect Cost Allowed,USDA-ARS-Agricultural Research Service,,Federal,,2024-06-25,2024,Funded,TRUE,18799.92,USDA-ARS-Agricultural Research Service,Federal,Direct sponsor reported; prime sponsor unavailable,FALSE,Federal,FALSE,FALSE
K000159707,17177082,159707,Continuation,"Morris,Geoffrey Preston","Morris,Geoffrey Preston (Primary PI) 1170",Feed the Future Innovation Lab for Crop Improvement,1170-Soil + Crop Sciences,1170,Soil + Crop Sciences,Agricultural Sciences-Academic Units (E1),2024-09-25,2024,2029-09-24,FALSE,54,MTDC,Cornell University,DOS-AID-Agency for Inter. Development,Other Domestic Higher Education,Federal,2024-06-25,2024,Funded,TRUE,1202641.82,DOS-AID-Agency for Inter. Development,Federal,Prime sponsor reported; direct sponsor is pass-through,TRUE,Federal,FALSE,FALSE
K000159617,17177043,159617,New,"Prenni,Jessica E","Prenni,Jessica E (Primary PI) 1173","Global Centers: Leveraging Foodomics, AI, and Workforce Development to Revolutionize Food Systems for Planetary Health",1173-Horticulture + Landscape Architecture,1173,Horticulture + Landscape Architecture,Agricultural Sciences-Academic Units (E1),2025-01-01,2025,2028-12-31,FALSE,54,MTDC,American Heart Association,NSF-National Science Foundation,Domestic Non-Profit (other than Domestic Foundations),Federal,2024-06-25,2024,,FALSE,581138.81,NSF-National Science Foundation,Federal,Prime sponsor reported; direct sponsor is pass-through,FALSE,Federal,FALSE,FALSE
K000159594,17176967,159594,Supplement/Additional Funding,"Prenni,Jessica E","Prenni,Jessica E (Primary PI) 1173",PTFI Core Laboratory,1173-Horticulture + Landscape Architecture,1173,Horticulture + Landscape Architecture,Agricultural Sciences-Academic Units (E1),2024-07-01,2024,2025-06-30,FALSE,10,TDC,American Heart Association,,Domestic Non-Profit (other than Domestic Foundations),,2024-06-24,2024,Funded,TRUE,49999.57,American Heart Association,Domestic Non-Profit (other than Domestic Foundations),Direct sponsor reported; prime sponsor unavailable,FALSE,Foundation/nonprofit,FALSE,FALSE
K000159515,17176960,159515,New,"Prenni,Jessica E","Prenni,Jessica E (Primary PI) 1173",The Next Frontier of Foodomics: AI and Food Data,1173-Horticulture + Landscape Architecture,1173,Horticulture + Landscape Architecture,Agricultural Sciences-Academic Units (E1),2024-08-19,2024,2025-05-18,FALSE,10,TDC,American Heart Association,,Domestic Non-Profit (other than Domestic Foundations),,2024-06-24,2024,Funded,TRUE,83004.5,American Heart Association,Domestic Non-Profit (other than Domestic Foundations),Direct sponsor reported; prime sponsor unavailable,FALSE,Foundation/nonprofit,FALSE,FALSE
K000159842,17176943,159842,Supplement/Additional Funding,"Bayham,Jude","Bayham,Jude (Primary PI) 1172",CDPHE COVID Analysis,1172-Agricultural + Resource Economics,1172,Agricultural + Resource Economics,Agricultural Sciences-Academic Units (E1),2024-02-23,2024,2024-06-30,FALSE,35,MTDC,University of Colorado at Denver,Colorado Department of Public Health and Environment,State of Colorado Higher Education,State of Colorado,2024-06-24,2024,Funded,TRUE,22072.55,Colorado Department of Public Health and Environment,State of Colorado,Prime sponsor reported; direct sponsor is pass-through,TRUE,State,TRUE,FALSE
K000159266,17176938,159266,New,"Cotrufo,Maria Francesca","Cotrufo,Maria Francesca (Primary PI) 1170; Wang,Tayin (Key Person) 1170",Tayin Wang: Uncovering Mechanistic Underpinnings of Microbial Traits in Enhancing Soil C Sequestration and Crop Nutrient Use Efficiency,1170-Soil + Crop Sciences,1170,Soil + Crop Sciences,Agricultural Sciences-Academic Units (E1),2024-08-01,2024,2027-07-31,FALSE,11.11,TDC,North Carolina State University,Foundation for Food & Agriculture Research,Other Domestic Higher Education,Domestic Non-Profit (other than Domestic Foundations),2024-06-24,2024,Funded,TRUE,164998.35,Foundation for Food & Agriculture Research,Domestic Non-Profit (other than Domestic Foundations),Prime sponsor reported; direct sponsor is pass-through,TRUE,Foundation/nonprofit,FALSE,FALSE
K000159044,17176926,159044,New,"Cotrufo,Maria Francesca","Cotrufo,Maria Francesca (Primary PI) 1170; Arabi,Mazdak (Co-PI) 1372; Zhang,Yao (Co-PI) 1499; Paustian,Keith H (Co-PI) 1170; Wrighton,Kelly Catherine (Co-PI) 1170",Enabling Farmer Discovery and Managing Critical Tradeoffs with the Emergence of National Scale Carbon Markets,1170-Soil + Crop Sciences,1170,Soil + Crop Sciences,Agricultural Sciences-Academic Units (E1),2025-03-01,2025,1930-02-28,TRUE,42.85,TDC,The Ohio State University,USDA-NIFA-National Institute of Food and Agriculture,Other Domestic Higher Education,Federal,2024-06-24,2024,Funded,TRUE,2946168.56,USDA-NIFA-National Institute of Food and Agriculture,Federal,Prime sponsor reported; direct sponsor is pass-through,TRUE,Federal,FALSE,FALSE
K000158863,17176902,158863,Supplement/Additional Funding,"Morris,Geoffrey Preston","Morris,Geoffrey Preston (Primary PI) 1170",Internation Center for Tropical Agriculture (CIAT): BMGF-Artemis - Phenotyping Ttechnologies to Enable On-Farm Breeding. Phase II,1170-Soil + Crop Sciences,1170,Soil + Crop Sciences,Agricultural Sciences-Academic Units (E1),2024-06-01,2024,2026-05-31,FALSE,10,TDC,Consultative Group on International Agricultural Research,Bill and Melinda Gates Foundation,Foreign Non-Profit (other than Foreign Foundations),Domestic Foundations,2024-06-24,2024,Funded,TRUE,172021.33,Bill and Melinda Gates Foundation,Domestic Foundations,Prime sponsor reported; direct sponsor is pass-through,FALSE,Foundation/nonprofit,FALSE,FALSE
K000159245,17176330,159245,New,"Burkhardt,Jesse Brodie","Burkhardt,Jesse Brodie (Primary PI) 1172; Guan,Yawen (Co-PI) 1877; Pierce,Jeffrey Robert (Co-PI) 1371",Leveraging Satellites and Machine Learning to Classify Global Wildfire Smoke Presence and Exposure,1172-Agricultural + Resource Economics,1172,Agricultural + Resource Economics,Agricultural Sciences-Academic Units (E1),2025-01-01,2025,2027-12-31,FALSE,54,MTDC,NASA-National Aeronautics and Space Administration,,Federal,,2024-06-11,2024,,FALSE,1045396.84,NASA-National Aeronautics and Space Administration,Federal,Direct sponsor reported; prime sponsor unavailable,FALSE,Federal,TRUE,FALSE
K000159096,17176321,159096,Supplement/Additional Funding,"Schipanski,Meagan Erin","Schipanski,Meagan Erin (Primary PI) 1170",Understanding Soil and Environmental Effects on Crop Species and Rangeland Ecosystems Under Water Limitation,1170-Soil + Crop Sciences,1170,Soil + Crop Sciences,Agricultural Sciences-Academic Units (E1),2024-07-19,2024,2025-07-18,FALSE,0,No Indirect Cost Allowed,USDA-ARS-Agricultural Research Service,,Federal,,2024-06-11,2024,Funded,TRUE,123610.49,USDA-ARS-Agricultural Research Service,Federal,Direct sponsor reported; prime sponsor unavailable,FALSE,Federal,FALSE,FALSE
K000159038,17176313,159038,New,"Charkowski,Amy Olymbia","Charkowski,Amy Olymbia (Primary PI) 1101; Scott,Quatez Bernard (Co-PI) 1101; Lambert,Jordan Marie (Co-PI) 1101",IGE: Track 1: STEM Innovation and Entrepreneurship in Climate Resilient Food Systems,1101-Dean of Agricultural Sciences,1101,Dean of Agricultural Sciences,Agricultural Sciences-Academic Units (E1),2024-10-01,2024,2027-09-30,FALSE,54,MTDC,NSF-National Science Foundation,,Federal,,2024-06-11,2024,,FALSE,468735.77,NSF-National Science Foundation,Federal,Direct sponsor reported; prime sponsor unavailable,FALSE,Federal,FALSE,FALSE
K000159031,17176303,159031,New,"Bigler,Elizabeth Jaed","Bigler,Elizabeth Jaed (Primary PI) 1171; Belk,Keith (Co-PI) 1171; Edwards-Callaway,Lily Nowell (Co-PI) 1171; Ahola,Jason Kee (Co-PI) 1171",Colorado Beef Quality Assurance Program 2024-2025,1171-Animal Sciences,1171,Animal Sciences,Agricultural Sciences-Academic Units (E1),2024-07-01,2024,2025-06-30,FALSE,0,No Indirect Cost Allowed,Colorado Beef Council,,Domestic Non-Profit (other than Domestic Foundations),,2024-06-11,2024,Funded,TRUE,60795.66,Colorado Beef Council,Domestic Non-Profit (other than Domestic Foundations),Direct sponsor reported; prime sponsor unavailable,FALSE,Foundation/nonprofit,FALSE,FALSE
K000158795,17176297,158795,New,"McKay,John K","McKay,John K (Primary PI) 1170; Mullen,Jack Leonard (Co-PI) 1170",New Roots for New Climates: Adapting Sorghum for Growth in Colder and Drier Soils,1170-Soil + Crop Sciences,1170,Soil + Crop Sciences,Agricultural Sciences-Academic Units (E1),2024-09-01,2024,2027-08-31,FALSE,54,MTDC,NSF-National Science Foundation,,Federal,,2024-06-11,2024,,FALSE,785800.99,NSF-National Science Foundation,Federal,Direct sponsor reported; prime sponsor unavailable,FALSE,Federal,FALSE,FALSE
K000159547,17176114,159547,New,"Ham,Jay M","Ham,Jay M (Primary PI) 1170; Folkestad,James E (Co-PI) 1588; Namuth Covert,Deana Michelle (Co-PI) 1170","AgriTech: Learning Modules for Soil, Seed, and Plant Health Using Sensors, AI, and Data Science",1170-Soil + Crop Sciences,1170,Soil + Crop Sciences,Agricultural Sciences-Academic Units (E1),2024-10-01,2024,2025-09-30,FALSE,11.11,TDC,CHS Foundation,,Domestic Foundations,,2024-06-10,2024,Funded,TRUE,260565.69,CHS Foundation,Domestic Foundations,Direct sponsor reported; prime sponsor unavailable,FALSE,Foundation/nonprofit,FALSE,FALSE
K000159479,17176110,159479,Continuation,"Fulladolsa Palma,Ana Cristina","Fulladolsa Palma,Ana Cristina (Primary PI) 1177",Great Plains Diagnostic Network - Colorado State University Plant Diagnostic Clinic 2024-25,1177-Agricultural Biology,1177,Agricultural Biology,Agricultural Sciences-Academic Units (E1),2024-09-01,2024,2025-08-31,FALSE,10,TDC,Kansas State University,USDA-NIFA-National Institute of Food and Agriculture,Other Domestic Higher Education,Federal,2024-06-10,2024,Funded,TRUE,40499.53,USDA-NIFA-National Institute of Food and Agriculture,Federal,Prime sponsor reported; direct sponsor is pass-through,TRUE,Federal,FALSE,FALSE
K000159263,17176069,159263,New,"Mason,Richard Esten","Mason,Richard Esten (Primary PI) 1170; Fonte,Steven John (Co-PI) 1170; Jones-Diamond,Sally Marie (Co-PI) 1170; Nachappa,Punya (Co-PI) 1177",SAWFLIES: Sustaining Agronomy of Wheat for the Future by Leveraging Interdisciplinary Expertise in Science,1170-Soil + Crop Sciences,1170,Soil + Crop Sciences,Agricultural Sciences-Academic Units (E1),2025-08-01,2025,1930-07-31,TRUE,42.85,TDC,University of Nebraska,USDA-NIFA-National Institute of Food and Agriculture,Other Domestic Higher Education,Federal,2024-06-10,2024,,FALSE,1429434.5,USDA-NIFA-National Institute of Food and Agriculture,Federal,Prime sponsor reported; direct sponsor is pass-through,TRUE,Federal,FALSE,FALSE
K000158417,17176045,158417,New,"Eubanks,Micky","Eubanks,Micky (Primary PI) 1177; Schreiner,Melissa Ann (Co-PI) 4030",Developing and Implementing Integrated Pest Management Tactics for Suppression of Corn Earworm in Sweet Corn,1177-Agricultural Biology,1177,Agricultural Biology,Agricultural Sciences-Academic Units (E1),2025-01-01,2025,2025-11-15,FALSE,0,No Indirect Cost Allowed,Colorado Department of Agriculture,USDA-AMS-Agricultural Marketing Service,State of Colorado,Federal,2024-06-10,2024,Funded,TRUE,62001.96,USDA-AMS-Agricultural Marketing Service,Federal,Prime sponsor reported; direct sponsor is pass-through,FALSE,Federal,FALSE,FALSE
K000157466,17176033,157466,New,"Stewart,Jane E","Stewart,Jane E (Primary PI) 1177; Abdo,Zaid (Co-PI) 1682",Emergence of Rust Pathogens Associated with Environmental Changes,1177-Agricultural Biology,1177,Agricultural Biology,Agricultural Sciences-Academic Units (E1),2024-07-01,2024,2027-06-30,FALSE,54,MTDC,NSF-National Science Foundation,,Federal,,2024-06-09,2024,,FALSE,903737.59,NSF-National Science Foundation,Federal,Direct sponsor reported; prime sponsor unavailable,FALSE,Federal,FALSE,FALSE
K000159339,17175912,159339,New,"Koski,Anthony J","Koski,Anthony J (Primary PI) 1173; Curry,Scott Henry (Co-PI) 1173",Turfgrass Genotype Research to Advance Sustainable Solutions,1173-Horticulture + Landscape Architecture,1173,Horticulture + Landscape Architecture,Agricultural Sciences-Academic Units (E1),2025-07-01,2025,1930-06-30,TRUE,54,MTDC,University of Connecticut,USDA-NIFA-National Institute of Food and Agriculture,Other Domestic Higher Education,Federal,2024-06-06,2024,,FALSE,469412.39,USDA-NIFA-National Institute of Food and Agriculture,Federal,Prime sponsor reported; direct sponsor is pass-through,TRUE,Federal,FALSE,FALSE
K000159297,17175321,159297,Supplement/Additional Funding,"Countryman,Amanda Marie","Countryman,Amanda Marie (Primary PI) 1172",Measuring the Economic Impacts of African Swine Fever Virus on United States Supply Chains,1172-Agricultural + Resource Economics,1172,Agricultural + Resource Economics,Agricultural Sciences-Academic Units (E1),2023-07-01,2023,2024-06-30,FALSE,53.5,MTDC,Texas A and M University,DHS-US Department of Homeland Security,Other Domestic Higher Education,Federal,2024-05-31,2024,Funded,TRUE,3638,DHS-US Department of Homeland Security,Federal,Prime sponsor reported; direct sponsor is pass-through,TRUE,Federal,TRUE,FALSE
K000159292,17175310,159292,New,"Argueso,Cristiana","Argueso,Cristiana (Primary PI) 1177",Determining Mechanisms of Robustness in Organismal Pattern Formation,1177-Agricultural Biology,1177,Agricultural Biology,Agricultural Sciences-Academic Units (E1),2025-01-10,2025,1930-01-09,TRUE,54,MTDC,HHS-NIH-National Institutes of Health,,Federal,,2024-05-31,2024,,FALSE,1996198.25,HHS-NIH-National Institutes of Health,Federal,Direct sponsor reported; prime sponsor unavailable,FALSE,Federal,FALSE,FALSE
K000159268,17175285,159268,New,"Miller,Chad","Miller,Chad (Primary PI) 1173",Developing and Optimizing Achimenes Propagation Protocols to Increase Commercial Production,1173-Horticulture + Landscape Architecture,1173,Horticulture + Landscape Architecture,Agricultural Sciences-Academic Units (E1),2024-09-01,2024,2025-08-31,FALSE,0,No Indirect Cost Allowed,Fred C. Gloeckner Foundation,,Domestic Foundations,,2024-05-31,2024,Funded,TRUE,12000.08,Fred C. Gloeckner Foundation,Domestic Foundations,Direct sponsor reported; prime sponsor unavailable,FALSE,Foundation/nonprofit,FALSE,FALSE
K000159381,17175253,159381,Supplement/Additional Funding,"Suter,Jordan","Suter,Jordan (Primary PI) 1172",A comparative Analysis of Wildfire Impacts on Western Drinking Water Systems,1172-Agricultural + Resource Economics,1172,Agricultural + Resource Economics,Agricultural Sciences-Academic Units (E1),2024-10-01,2024,2025-09-30,FALSE,0,No Indirect Cost Allowed,USDA-USFS-Pacific NW Exp Statn,,Federal,,2024-05-31,2024,Funded,TRUE,10001.66,USDA-USFS-Pacific NW Exp Statn,Federal,Direct sponsor reported; prime sponsor unavailable,FALSE,Federal,TRUE,FALSE
K000159234,17175213,159234,Supplement/Additional Funding,"Burkhardt,Jesse Brodie","Burkhardt,Jesse Brodie (Primary PI) 1172",CESU-RM: Non-Market Valuation of National Parks Cooperative Agreement,1172-Agricultural + Resource Economics,1172,Agricultural + Resource Economics,Agricultural Sciences-Academic Units (E1),2024-08-01,2024,2025-06-30,FALSE,17.5,TDC,DOI-NPS-National Park Service,,Federal,,2024-05-31,2024,Funded,TRUE,117945.4,DOI-NPS-National Park Service,Federal,Direct sponsor reported; prime sponsor unavailable,FALSE,Federal,TRUE,FALSE
K000159228,17175207,159228,New,"Jablonski,Rebecca BR","Jablonski,Rebecca BR (Primary PI) 1172; Bauman,Allison Gunter (Co-PI) 1172",Collaborative Research: SRS RN: Regional Systems Research Network to Improve Food Security for Underserved US Populations,1172-Agricultural + Resource Economics,1172,Agricultural + Resource Economics,Agricultural Sciences-Academic Units (E1),2025-09-01,2025,1930-08-31,TRUE,54,MTDC,NSF-National Science Foundation,,Federal,,2024-05-31,2024,,FALSE,2615752.31,NSF-National Science Foundation,Federal,Direct sponsor reported; prime sponsor unavailable,FALSE,Federal,TRUE,FALSE
K000159211,17175203,159211,New,"Bayham,Jude","Bayham,Jude (Primary PI) 1172","Formal Methods for Analyzing Temporal Orientation, Climate Change, and Violent Extremism",1172-Agricultural + Resource Economics,1172,Agricultural + Resource Economics,Agricultural Sciences-Academic Units (E1),2024-09-14,2024,2029-09-13,FALSE,54,MTDC,Yale University,DOD-US Department of Defense,Other Domestic Higher Education,Federal,2024-05-31,2024,,FALSE,461921.33,DOD-US Department of Defense,Federal,Prime sponsor reported; direct sponsor is pass-through,TRUE,Federal,TRUE,FALSE
K000159198,17175177,159198,New,"Argueso,Cristiana","Argueso,Cristiana (Primary PI) 1177; Edwards-Callaway,Lily Nowell (Co-PI) 1171; Yao,Linxing (Co-PI) 2019; Borch,Thomas (Co-PI) 1170; Broeckling,Corey D (Co-PI) 2019",Acquisition of a Mass Spectrometer for Agricultural Research,1177-Agricultural Biology,1177,Agricultural Biology,Agricultural Sciences-Academic Units (E1),2024-11-01,2024,2028-10-31,FALSE,54,MTDC,USDA-NIFA-National Institute of Food and Agriculture,,Federal,,2024-05-30,2024,,FALSE,474101,USDA-NIFA-National Institute of Food and Agriculture,Federal,Direct sponsor reported; prime sponsor unavailable,FALSE,Federal,FALSE,FALSE
K000159196,17175173,159196,New,"Wilkins,Michael James","Wilkins,Michael James (Primary PI) 1170",Assessing Biogeochemical Responses and Watershed Recovery following Post-Wildfire Restoration,1170-Soil + Crop Sciences,1170,Soil + Crop Sciences,Agricultural Sciences-Academic Units (E1),2024-09-01,2024,2029-08-31,FALSE,15,TDC,USDA-USFS-Forest Research,,Federal,,2024-05-30,2024,Funded,TRUE,249101.92,USDA-USFS-Forest Research,Federal,Direct sponsor reported; prime sponsor unavailable,FALSE,Federal,FALSE,FALSE
K000158947,17175077,158947,New,"Trivedi,Pankaj","Trivedi,Pankaj (Primary PI) 1177; Leach,Jan E (Co-PI) 1177",RESEARCH-PGR: NSF-DBT: Drought-Quenching Probiotics (DROPS): Engineering the Evolutionary and Functional Potential of Microbiomes for Plant Health,1177-Agricultural Biology,1177,Agricultural Biology,Agricultural Sciences-Academic Units (E1),2024-11-01,2024,2027-10-31,FALSE,54,MTDC,NSF-National Science Foundation,,Federal,,2024-05-30,2024,,FALSE,813632.84,NSF-National Science Foundation,Federal,Direct sponsor reported; prime sponsor unavailable,FALSE,Federal,FALSE,FALSE
K000158914,17175071,158914,New,"Webb,Jason","Webb,Jason (Primary PI) 1170; Jones-Diamond,Sally Marie (Co-PI) 1170",Improving Alfalfa Management for Producer Success,1170-Soil + Crop Sciences,1170,Soil + Crop Sciences,Agricultural Sciences-Academic Units (E1),2024-09-01,2024,2027-08-31,FALSE,26,MTDC,Kansas State University,USDA-NIFA-National Institute of Food and Agriculture,Other Domestic Higher Education,Federal,2024-05-30,2024,,FALSE,133706.19,USDA-NIFA-National Institute of Food and Agriculture,Federal,Prime sponsor reported; direct sponsor is pass-through,TRUE,Federal,FALSE,FALSE
K000158875,17175067,158875,Supplement/Additional Funding,"Thompson,Henry J","Thompson,Henry J (Primary PI) 1173",Pulse Quality Characteristics for Product Development That Consider Adverse Effects on Human Health,1173-Horticulture + Landscape Architecture,1173,Horticulture + Landscape Architecture,Agricultural Sciences-Academic Units (E1),2024-06-16,2024,2025-06-15,FALSE,0,No Indirect Cost Allowed,USDA-ARS-Agricultural Research Service,,Federal,,2024-05-30,2024,,FALSE,116305.17,USDA-ARS-Agricultural Research Service,Federal,Direct sponsor reported; prime sponsor unavailable,FALSE,Federal,FALSE,FALSE
K000158771,17175055,158771,Resubmission,"Dao,Phuong Duc","Dao,Phuong Duc (Primary PI) 1177; Argueso,Cristiana (Co-PI) 1177; Nalam,Vamsi (Co-PI) 1177; Roberts,Robyn (Co-PI) 1177; Mason,Richard Esten (Co-PI) 1170",HyperAIxpert Plant Phenotyping Equipment for Discovery in Integrative Digital Agriculture,1177-Agricultural Biology,1177,Agricultural Biology,Agricultural Sciences-Academic Units (E1),2024-09-30,2024,2026-09-29,FALSE,0,No Indirect Cost Allowed,USDA-NIFA-National Institute of Food and Agriculture,,Federal,,2024-05-29,2024,Funded,TRUE,500000,USDA-NIFA-National Institute of Food and Agriculture,Federal,Direct sponsor reported; prime sponsor unavailable,FALSE,Federal,FALSE,FALSE
K000158872,17174886,158872,Resubmission,"Mooney,Daniel F","Mooney,Daniel F (Primary PI) 1172; Wasserman-Olin,Rebecca Danielle (Co-PI) 1172; Thilmany,Dawn D (Co-PI) 1172",Taters for Tots: Coordinated Multi-Location Research and Strategic Outreach for Attaining Closer to Zero Toxic Metals in Sweet Potato,1172-Agricultural + Resource Economics,1172,Agricultural + Resource Economics,Agricultural Sciences-Academic Units (E1),2024-09-01,2024,2028-08-31,FALSE,42.85,TDC,Louisiana State University,USDA-NIFA-National Institute of Food and Agriculture,Other Domestic Higher Education,Federal,2024-05-29,2024,,FALSE,320987.36,USDA-NIFA-National Institute of Food and Agriculture,Federal,Prime sponsor reported; direct sponsor is pass-through,TRUE,Federal,TRUE,FALSE
K000158976,17174873,158976,Resubmission,"Stewart,Jane E","Stewart,Jane E (Primary PI) 1177; Essah,Samuel YC (Co-PI) 3043; Schipanski,Meagan Erin (Co-PI) 1170; Chikh-Ali,Mohamad (Co-PI) 3043",Ensuring Viability of U.S. Potato Production Systems through Management Strategies to Support Soil Health,1177-Agricultural Biology,1177,Agricultural Biology,Agricultural Sciences-Academic Units (E1),2024-10-01,2024,2028-09-30,FALSE,42.85,TDC,Oregon State University,USDA-NIFA-National Institute of Food and Agriculture,Other Domestic Higher Education,Federal,2024-05-29,2024,,FALSE,931377.94,USDA-NIFA-National Institute of Food and Agriculture,Federal,Prime sponsor reported; direct sponsor is pass-through,TRUE,Federal,FALSE,FALSE
K000159204,17174694,159204,New,"Engle,Terry E","Engle,Terry E (Primary PI) 1171","Solubility of Cu, Zn, and Mn from Various Sources in Mineral Supplement Mixtures at Different Storage Times Post-Mixing and at Various pH Levels",1171-Animal Sciences,1171,Animal Sciences,Agricultural Sciences-Academic Units (E1),2024-05-01,2024,2024-11-30,FALSE,10,TDC,"Micronutrients, LLC",,Domestic Commercial,,2024-05-23,2024,Funded,TRUE,40284.98,"Micronutrients, LLC",Domestic Commercial,Direct sponsor reported; prime sponsor unavailable,FALSE,Industry,FALSE,FALSE
K000159248,17174579,159248,New,"Lebsock,Stephanie Ann","Lebsock,Stephanie Ann (Primary PI) 1171",Implementing a Professional Discovery and Networking Fair for Next Generation Agriculturalist,1171-Animal Sciences,1171,Animal Sciences,Agricultural Sciences-Academic Units (E1),2024-07-01,2024,2025-06-30,FALSE,10,TDC,Colorado Department of Agriculture,,State of Colorado,,2024-05-23,2024,,FALSE,24999.08,Colorado Department of Agriculture,State of Colorado,Direct sponsor reported; prime sponsor unavailable,FALSE,State,FALSE,FALSE
K000159210,17174575,159210,Supplement/Additional Funding,"Hufbauer,Ruth A","Hufbauer,Ruth A (Primary PI) 1177",COVID: Collaborative Research: BEE: Understanding Evolutionary Rescue,1177-Agricultural Biology,1177,Agricultural Biology,Agricultural Sciences-Academic Units (E1),2024-06-01,2024,2024-10-31,FALSE,53.5,MTDC,NSF-National Science Foundation,,Federal,,2024-05-23,2024,Funded,TRUE,77129.68,NSF-National Science Foundation,Federal,Direct sponsor reported; prime sponsor unavailable,FALSE,Federal,FALSE,FALSE
K000158950,17174260,158950,Supplement/Additional Funding,"Mooney,Daniel F","Mooney,Daniel F (Primary PI) 1172; Chavez,Jose L (Co-PI) 1372; Hoag,Dana Loyd Keske (Co-PI) 1172; Cabot,Perry Edmund (Co-PI) 1033",Assessing the Technical and Economic Potential of Irrigation Curtailment Practices to Jointly-Sustain Livestock Production and Water Conservation in the Upper Colorado River Basin,1172-Agricultural + Resource Economics,1172,Agricultural + Resource Economics,Agricultural Sciences-Academic Units (E1),2024-05-01,2024,2026-05-31,FALSE,15,TDC,Conscience Bay Research,,Domestic Commercial,,2024-05-20,2024,Funded,TRUE,73859.15,Conscience Bay Research,Domestic Commercial,Direct sponsor reported; prime sponsor unavailable,FALSE,Industry,TRUE,FALSE
K000158535,17174215,158535,Resubmission,"Ode,Paul James","Ode,Paul James (Primary PI) 1177; Balgopal,Meena M (Co-PI) 1878; Ghosh,Enakshi (Co-PI) 1170","Interpreting Tripartite Interactions: Plant Defense Chemistry, Herbivore Immune Responses, and Natural Enemy Interactions in Multitrophic Systems",1177-Agricultural Biology,1177,Agricultural Biology,Agricultural Sciences-Academic Units (E1),2024-10-01,2024,2027-09-30,FALSE,54,MTDC,NSF-National Science Foundation,,Federal,,2024-05-20,2024,,FALSE,1077776.42,NSF-National Science Foundation,Federal,Direct sponsor reported; prime sponsor unavailable,FALSE,Federal,FALSE,FALSE
K000158424,17174188,158424,New,"Nalam,Vamsi","Nalam,Vamsi (Primary PI) 1177; Chikh-Ali,Mohamad (Co-PI) 3043",Double Whammy: Developing Strategies To Combat The Powdery Scab - Potato Mop Top Virus Disease Complex,1177-Agricultural Biology,1177,Agricultural Biology,Agricultural Sciences-Academic Units (E1),2025-01-01,2025,2026-11-15,FALSE,0,No Indirect Cost Allowed,Colorado Potato Administrative Committee,USDA-AMS-Agricultural Marketing Service,Domestic Non-Profit (other than Domestic Foundations),Federal,2024-05-17,2024,Funded,TRUE,122848.85,USDA-AMS-Agricultural Marketing Service,Federal,Prime sponsor reported; direct sponsor is pass-through,FALSE,Federal,FALSE,FALSE
K000159183,17174139,159183,New,"Roman-Muniz,Ivette Noami","Roman-Muniz,Ivette Noami (Primary PI) 1171","Detecting and Tracking Infection by the Biocontrol Pathogen, Ovavesicula Popilliae",1177-Agricultural Biology,1177,Agricultural Biology,Agricultural Sciences-Academic Units (E1),2024-05-01,2024,2025-04-30,FALSE,17.64,TDC,USDA-APHIS-Animal Plant Health Insp Srvc,,Federal,,2024-05-17,2024,Funded,TRUE,2888.06,USDA-APHIS-Animal Plant Health Insp Srvc,Federal,Direct sponsor reported; prime sponsor unavailable,FALSE,Federal,FALSE,FALSE
K000158708,17173505,158708,New,"Zelikova,Tamara J","Zelikova,Tamara J (Primary PI) 1170; Gifford,Lauren (Co-PI) 1170",ReDDDoT Phase 2: Socio-Economic Dimensions of Biotechnology Enabled Soil-Based Carbon Dioxide Removal Solutions,1170-Soil + Crop Sciences,1170,Soil + Crop Sciences,Agricultural Sciences-Academic Units (E1),2024-11-01,2024,2027-10-31,FALSE,54,MTDC,NSF-National Science Foundation,,Federal,,2024-05-02,2024,,FALSE,790135.32,NSF-National Science Foundation,Federal,Direct sponsor reported; prime sponsor unavailable,FALSE,Federal,FALSE,FALSE
K000159197,17173359,159197,New,"Gu,Mengmeng","Gu,Mengmeng (Primary PI) 1173",Cultivating NextGen Ag Leaders through Professional Development at National Conference,1173-Horticulture + Landscape Architecture,1173,Horticulture + Landscape Architecture,Agricultural Sciences-Academic Units (E1),2024-07-01,2024,2025-09-30,FALSE,10,TDC,Colorado Department of Agriculture,,State of Colorado,,2024-04-30,2024,,FALSE,24656.17,Colorado Department of Agriculture,State of Colorado,Direct sponsor reported; prime sponsor unavailable,FALSE,State,FALSE,FALSE
K000158188,17173355,158188,New,"Chenarides,Lauren","Chenarides,Lauren (Primary PI) 1172",Data Integration in Food and Agriculture,1172-Agricultural + Resource Economics,1172,Agricultural + Resource Economics,Agricultural Sciences-Academic Units (E1),2023-10-01,2023,2024-07-31,FALSE,10,TDC,USDA-ERS-Economic Research Service,,Federal,,2024-04-30,2024,,FALSE,9954.18,USDA-ERS-Economic Research Service,Federal,Direct sponsor reported; prime sponsor unavailable,FALSE,Federal,TRUE,FALSE
K000158961,17173347,158961,New,"Metcalf,Jessica Lynne","Metcalf,Jessica Lynne (Primary PI) 1171",Effects of Insects and Soils on the Assembly of Universal Microbial Decomposers and Prediction of Postmortem Interval,1171-Animal Sciences,1171,Animal Sciences,Agricultural Sciences-Academic Units (E1),2025-01-01,2025,2026-12-31,FALSE,54,MTDC,DOJ-OJP-NIJ-National Inst. of Justice,,Federal,,2024-04-30,2024,Funded,TRUE,481617.64,DOJ-OJP-NIJ-National Inst. of Justice,Federal,Direct sponsor reported; prime sponsor unavailable,FALSE,Federal,FALSE,FALSE
K000158873,17173324,158873,Resubmission,"Jones-Diamond,Sally Marie","Jones-Diamond,Sally Marie (Primary PI) 1170; Fonte,Steven John (Co-PI) 1170",Fallow Replacement with Legume Crops - Winter Field Peas and Cowpeas - for Dryland Cropping Systems in the US Great Plains,1170-Soil + Crop Sciences,1170,Soil + Crop Sciences,Agricultural Sciences-Academic Units (E1),2024-09-01,2024,2028-08-31,FALSE,42.85,TDC,South Dakota State University,USDA-NIFA-National Institute of Food and Agriculture,Other Domestic Higher Education,Federal,2024-04-30,2024,,FALSE,527675.81,USDA-NIFA-National Institute of Food and Agriculture,Federal,Prime sponsor reported; direct sponsor is pass-through,TRUE,Federal,FALSE,FALSE
K000158507,17173312,158507,Supplement/Additional Funding,"Bayham,Jude","Bayham,Jude (Primary PI) 1172","Cost Drivers, Effectiveness of Wildfire Suppression Operations, and Investments in Preparedness",1172-Agricultural + Resource Economics,1172,Agricultural + Resource Economics,Agricultural Sciences-Academic Units (E1),2024-07-15,2024,2026-07-14,FALSE,15,TDC,USDA-USFS-Rocky Mtn. Rsrch Station - CO,,Federal,,2024-04-30,2024,Funded,TRUE,169488.6,USDA-USFS-Rocky Mtn. Rsrch Station - CO,Federal,Direct sponsor reported; prime sponsor unavailable,FALSE,Federal,TRUE,FALSE
K000158860,17173302,158860,New,"Stewart,Jane E","Stewart,Jane E (Primary PI) 1177; Chikh-Ali,Mohamad (Co-PI) 3043; Essah,Samuel YC (Co-PI) 3043; Schipanski,Meagan Erin (Co-PI) 1170",Continuation of Soil Health Monitoring under Crop Rotation,1177-Agricultural Biology,1177,Agricultural Biology,Agricultural Sciences-Academic Units (E1),2024-06-01,2024,2025-05-31,FALSE,0,No Indirect Cost Allowed,Colorado Potato Administrative Committee,,Domestic Non-Profit (other than Domestic Foundations),,2024-04-30,2024,Funded,TRUE,17723.78,Colorado Potato Administrative Committee,Domestic Non-Profit (other than Domestic Foundations),Direct sponsor reported; prime sponsor unavailable,FALSE,Foundation/nonprofit,FALSE,FALSE
K000158374,17173286,158374,New,"Scanga,John A","Scanga,John A (Primary PI) 1171; Belk,Keith (Co-PI) 1171; Zhang,Peipei (Key Person) 1171; Geornaras,Ifigenia (Key Person) 1171; Martin,Jennifer Nicole (Key Person) 1171; Narayanan Nair,Mahesh (Key Person) 1171; Delmore,Ro",2024 International Summit: Societal Role of Meat and Livestock,1171-Animal Sciences,1171,Animal Sciences,Agricultural Sciences-Academic Units (E1),2024-07-01,2024,2025-06-30,FALSE,0,No Indirect Cost Allowed,USDA-NIFA-National Institute of Food and Agriculture,,Federal,,2024-04-30,2024,Funded,TRUE,49200,USDA-NIFA-National Institute of Food and Agriculture,Federal,Direct sponsor reported; prime sponsor unavailable,FALSE,Federal,FALSE,FALSE
K000158442,17173251,158442,New,"Magnan,Nicholas P","Magnan,Nicholas P (Primary PI) 1172",Packaging and processing of foods for safety and reduced environmental impact in Malawi,1172-Agricultural + Resource Economics,1172,Agricultural + Resource Economics,Agricultural Sciences-Academic Units (E1),2023-10-05,2023,2026-05-31,FALSE,26,MTDC,Washington University in St. Louis,Tufts University,Other Domestic Higher Education,Other Domestic Higher Education,2024-04-30,2024,Funded,TRUE,54994.77,Tufts University,Other Domestic Higher Education,Prime sponsor reported; direct sponsor is pass-through,TRUE,Other,TRUE,FALSE
K000158560,17173213,158560,New,"Kolodinsky,Jane","Kolodinsky,Jane (Primary PI) 1172",Evaluating the U.S. Hemp Market: Economic Impacts,1172-Agricultural + Resource Economics,1172,Agricultural + Resource Economics,Agricultural Sciences-Academic Units (E1),2024-03-01,2024,2024-09-30,FALSE,0,No Indirect Cost Allowed,USDA-ERS-Economic Research Service,,Federal,,2024-04-29,2024,Funded,TRUE,54500.74,USDA-ERS-Economic Research Service,Federal,Direct sponsor reported; prime sponsor unavailable,FALSE,Federal,TRUE,FALSE
K000158780,17173185,158780,New,"Borch,Thomas","Borch,Thomas (Primary PI) 1170",Rapid Determination and Prediction of Physical-Chemical Properties of PFAS Impacting their Fate and Transport using Microfluidics and Machine Learning,1170-Soil + Crop Sciences,1170,Soil + Crop Sciences,Agricultural Sciences-Academic Units (E1),2025-06-01,2025,2028-01-31,FALSE,54,MTDC,University at Buffalo-The State University of New York,DOD-US Department of Defense,Other Domestic Higher Education,Federal,2024-04-29,2024,,FALSE,156912.76,DOD-US Department of Defense,Federal,Prime sponsor reported; direct sponsor is pass-through,TRUE,Federal,FALSE,FALSE
K000158778,17173181,158778,New,"Jones-Diamond,Sally Marie","Jones-Diamond,Sally Marie (Primary PI) 1170",Colorado State University Sorghum Hybrid Testing for 2024,1170-Soil + Crop Sciences,1170,Soil + Crop Sciences,Agricultural Sciences-Academic Units (E1),2024-05-01,2024,2025-02-28,FALSE,0,No Indirect Cost Allowed,Colorado Sorghum Producers,,Domestic Non-Profit (other than Domestic Foundations),,2024-04-29,2024,Funded,TRUE,11496.8,Colorado Sorghum Producers,Domestic Non-Profit (other than Domestic Foundations),Direct sponsor reported; prime sponsor unavailable,FALSE,Foundation/nonprofit,FALSE,FALSE
K000158813,17173136,158813,New,"Jayanty,Sastry SSGM","Jayanty,Sastry SSGM (Primary PI) 1173",Modelling for Sugar Beet Pile Maintenance for Respiration and Disease,1173-Horticulture + Landscape Architecture,1173,Horticulture + Landscape Architecture,Agricultural Sciences-Academic Units (E1),2024-07-01,2024,2025-06-30,FALSE,0,No Indirect Cost Allowed,Michigan State University,USDA-ARS-Agricultural Research Service,Other Domestic Higher Education,Federal,2024-04-29,2024,,FALSE,49728.05,USDA-ARS-Agricultural Research Service,Federal,Prime sponsor reported; direct sponsor is pass-through,TRUE,Federal,FALSE,FALSE
K000158599,17173076,158599,New,"Dao,Phuong Duc","Dao,Phuong Duc (Primary PI) 1177",PlantSpec: An Open Multiscale Spectral Database and Multimodal Machine Learning for Technological Advancements and Applications in Digital Crop Disease Management,1177-Agricultural Biology,1177,Agricultural Biology,Agricultural Sciences-Academic Units (E1),2025-01-01,2025,2027-12-31,FALSE,11.11,TDC,Foundation for Food & Agriculture Research,,Domestic Non-Profit (other than Domestic Foundations),,2024-04-26,2024,,FALSE,449988.48,Foundation for Food & Agriculture Research,Domestic Non-Profit (other than Domestic Foundations),Direct sponsor reported; prime sponsor unavailable,FALSE,Foundation/nonprofit,FALSE,FALSE
K000158232,17173068,158232,New,"Wardle,Erik M","Wardle,Erik M (Primary PI) 1170; Deleon,Emmanuel (Co-PI) 1170; Brown,Ansley Joseph (Co-PI) 1170",Evaluating the Impacts of Agricultural Best Management Practices on Water Quality in the Colorado River Basin,1170-Soil + Crop Sciences,1170,Soil + Crop Sciences,Agricultural Sciences-Academic Units (E1),2024-04-01,2024,2027-03-31,FALSE,35,MTDC,Colorado Ag Water Alliance,EPA-Environmental Protection Agency,Domestic Non-Profit (other than Domestic Foundations),Federal,2024-04-26,2024,Funded,TRUE,218368.52,EPA-Environmental Protection Agency,Federal,Prime sponsor reported; direct sponsor is pass-through,FALSE,Federal,FALSE,FALSE
K000157901,17173064,157901,New,"Chenarides,Lauren","Chenarides,Lauren (Primary PI) 1172",U.S. Food Price Inflation Workshop,1172-Agricultural + Resource Economics,1172,Agricultural + Resource Economics,Agricultural Sciences-Academic Units (E1),2024-01-01,2024,2025-09-30,FALSE,0,No Indirect Cost Allowed,USDA-ERS-Economic Research Service,,Federal,,2024-04-26,2024,Funded,TRUE,120000.7,USDA-ERS-Economic Research Service,Federal,Direct sponsor reported; prime sponsor unavailable,FALSE,Federal,TRUE,FALSE
K000158716,17171864,158716,New,"Jayanty,Sastry SSGM","Jayanty,Sastry SSGM (Primary PI) 1173",Evaluation of Advance Potato Selections,1173-Horticulture + Landscape Architecture,1173,Horticulture + Landscape Architecture,Agricultural Sciences-Academic Units (E1),2024-08-01,2024,2025-07-31,FALSE,0,No Indirect Cost Allowed,Colorado Potato Administrative Committee,,Domestic Non-Profit (other than Domestic Foundations),,2024-04-04,2024,Funded,TRUE,14339.12,Colorado Potato Administrative Committee,Domestic Non-Profit (other than Domestic Foundations),Direct sponsor reported; prime sponsor unavailable,FALSE,Foundation/nonprofit,FALSE,FALSE
K000158761,17171860,158761,Resubmission,"Nachappa,Punya","Nachappa,Punya (Primary PI) 1177","Examining the Effects of Pesticide Treatments on Pest Populations, Chemical Residues and Cannabinoid Concentrations in Cannabis Sativa",1177-Agricultural Biology,1177,Agricultural Biology,Agricultural Sciences-Academic Units (E1),2024-09-01,2024,2027-08-31,FALSE,15,MTDC,Colorado State University - Pueblo,,State of Colorado Higher Education,,2024-04-04,2024,Funded,TRUE,750000,Colorado State University - Pueblo,State of Colorado Higher Education,Direct sponsor reported; prime sponsor unavailable,FALSE,CSU/Internal,FALSE,FALSE
K000158897,17171852,158897,New,"Engle,Terry E","Engle,Terry E (Primary PI) 1171; Narayanan Nair,Mahesh (Co-PI) 1171; Edwards-Callaway,Lily Nowell (Co-PI) 1171","Impact of Lubabegron (Experior) on Apparent Absorption and Retention of Nitrogen, Fractional Degradation Rate of Skeletal Muscle, and Glucose Tolerance in Finishing Feedlot Steers",1171-Animal Sciences,1171,Animal Sciences,Agricultural Sciences-Academic Units (E1),2024-04-01,2024,2025-01-31,FALSE,35,MTDC,Elanco Animal Health,,Domestic Commercial,,2024-04-04,2024,Funded,TRUE,74999.63,Elanco Animal Health,Domestic Commercial,Direct sponsor reported; prime sponsor unavailable,FALSE,Industry,FALSE,FALSE
K000158975,17171560,158975,New,"Nachappa,Punya","Nachappa,Punya (Primary PI) 1177",Improving Sugar Beet Resistance against Beet Curly Top Virus using Clustered Regularly Interspaced Short Palindromic Repeats Interference (CRISPRi) Technology,1177-Agricultural Biology,1177,Agricultural Biology,Agricultural Sciences-Academic Units (E1),2024-09-01,2024,2027-08-31,FALSE,0,No Indirect Cost Allowed,USDA-ARS-Agricultural Research Service,,Federal,,2024-03-29,2024,,FALSE,131949.84,USDA-ARS-Agricultural Research Service,Federal,Direct sponsor reported; prime sponsor unavailable,FALSE,Federal,FALSE,FALSE
K000158815,17171551,158815,Supplement/Additional Funding,"Nalam,Vamsi","Nalam,Vamsi (Primary PI) 1177; Han,Jinlong (Co-PI) 1177",Disruption of Potato Virus Y Transmission by Aphid Vectors using Small Peptide Inhibitors,1177-Agricultural Biology,1177,Agricultural Biology,Agricultural Sciences-Academic Units (E1),2024-06-01,2024,2025-05-31,FALSE,0,No Indirect Cost Allowed,Colorado Potato Administrative Committee,,Domestic Non-Profit (other than Domestic Foundations),,2024-03-29,2024,Funded,TRUE,33880.32,Colorado Potato Administrative Committee,Domestic Non-Profit (other than Domestic Foundations),Direct sponsor reported; prime sponsor unavailable,FALSE,Foundation/nonprofit,FALSE,FALSE
K000158527,17171529,158527,New,"Zelikova,Tamara J","Zelikova,Tamara J (Primary PI) 1170; Gifford,Lauren (Co-PI) 1170",Terraforming Soil Energy Earthshot Research Center,1170-Soil + Crop Sciences,1170,Soil + Crop Sciences,Agricultural Sciences-Academic Units (E1),2024-01-01,2024,2027-12-31,FALSE,53.5,MTDC,FFRDC-Lawrence Livermore National Laboratory,,Federal,,2024-03-29,2024,Funded,TRUE,390004.51,FFRDC-Lawrence Livermore National Laboratory,Federal,Direct sponsor reported; prime sponsor unavailable,FALSE,Federal,FALSE,FALSE
K000158460,17171505,158460,New,"Gaines,Todd A","Gaines,Todd A (Primary PI) 1177; Simoes Araujo,Andre Lucas (Key Person) 1177",Andre Araujo: Investigation of Scorch(TM) EXT Resistance Mechanisms in Kochia Population from Colorado,1177-Agricultural Biology,1177,Agricultural Biology,Agricultural Sciences-Academic Units (E1),2024-05-01,2024,2027-04-30,FALSE,11.11,TDC,North Carolina State University,Foundation for Food & Agriculture Research,Other Domestic Higher Education,Domestic Non-Profit (other than Domestic Foundations),2024-03-29,2024,,FALSE,164998.35,Foundation for Food & Agriculture Research,Domestic Non-Profit (other than Domestic Foundations),Prime sponsor reported; direct sponsor is pass-through,TRUE,Foundation/nonprofit,FALSE,FALSE
K000157776,17171499,157776,New,"Gaines,Todd A","Gaines,Todd A (Primary PI) 1177; Dayan,Franck E (Co-PI) 1177",Gene Expression Networks Controlling Transcription of Metabolic Resistance Genes: Understanding the Regulation of CYP72A219 in HPPD-Resistant Amaranthus Palmeri,1177-Agricultural Biology,1177,Agricultural Biology,Agricultural Sciences-Academic Units (E1),2024-06-01,2024,2027-05-31,FALSE,53.5,MTDC,Bayer Corporation / Agriculture Division,,Domestic Commercial,,2024-03-29,2024,Funded,TRUE,359999.75,Bayer Corporation / Agriculture Division,Domestic Commercial,Direct sponsor reported; prime sponsor unavailable,FALSE,Industry,FALSE,FALSE
K000158653,17171428,158653,Resubmission,"Nalam,Vamsi","Nalam,Vamsi (Primary PI) 1177",Illuminating Solutions: Harnessing UV-C Light for Sustainable Pest and Pathogen Management in Cannabis Sativa,1177-Agricultural Biology,1177,Agricultural Biology,Agricultural Sciences-Academic Units (E1),2024-11-01,2024,2027-10-31,FALSE,15,MTDC,Colorado State University - Pueblo,,State of Colorado Higher Education,,2024-03-28,2024,,FALSE,728764.91,Colorado State University - Pueblo,State of Colorado Higher Education,Direct sponsor reported; prime sponsor unavailable,FALSE,CSU/Internal,FALSE,FALSE
K000158989,17171424,158989,New,"Jones-Diamond,Sally Marie","Jones-Diamond,Sally Marie (Primary PI) 1170",Colorado State University Corn Hybrid Testing for 2024,1170-Soil + Crop Sciences,1170,Soil + Crop Sciences,Agricultural Sciences-Academic Units (E1),2024-05-01,2024,2025-02-28,FALSE,0,No Indirect Cost Allowed,Colorado Corn Promotion Council,,Domestic Non-Profit (other than Domestic Foundations),,2024-03-28,2024,Funded,TRUE,6053.23,Colorado Corn Promotion Council,Domestic Non-Profit (other than Domestic Foundations),Direct sponsor reported; prime sponsor unavailable,FALSE,Foundation/nonprofit,FALSE,FALSE
K000158783,17171400,158783,New,"Jones-Diamond,Sally Marie","Jones-Diamond,Sally Marie (Primary PI) 1170",2024 Spring Brassica and Camelina Trials for Corteva,1170-Soil + Crop Sciences,1170,Soil + Crop Sciences,Agricultural Sciences-Academic Units (E1),2024-03-21,2024,2024-11-01,FALSE,53.5,MTDC,Corteva Agriscience,,Domestic Commercial,,2024-03-27,2024,Funded,TRUE,20128.65,Corteva Agriscience,Domestic Commercial,Direct sponsor reported; prime sponsor unavailable,FALSE,Industry,FALSE,FALSE
K000157902,17171335,157902,New,"Chenarides,Lauren","Chenarides,Lauren (Primary PI) 1172","Retail Food Prices, Covid-19, and Regulatory Consequences",1172-Agricultural + Resource Economics,1172,Agricultural + Resource Economics,Agricultural Sciences-Academic Units (E1),2024-01-15,2024,2025-01-14,FALSE,0,No Indirect Cost Allowed,USDA-ERS-Economic Research Service,,Federal,,2024-03-26,2024,Funded,TRUE,15185.7,USDA-ERS-Economic Research Service,Federal,Direct sponsor reported; prime sponsor unavailable,FALSE,Federal,TRUE,FALSE
K000158451,17171009,158451,New,"Pinedo,Pablo J","Pinedo,Pablo J (Primary PI) 1171; Munoz Boettcher,Pablo Francisco (Key Person) 1171",Milking Behavior in Cows Developing Clinical Mastitis Under an Automatic Milking System,1171-Animal Sciences,1171,Animal Sciences,Agricultural Sciences-Academic Units (E1),2024-02-28,2024,2025-02-27,FALSE,0,MTDC,DeLaval,,Foreign Commercial,,2024-03-18,2024,Funded,TRUE,6525.6,DeLaval,Foreign Commercial,Direct sponsor reported; prime sponsor unavailable,FALSE,Industry,FALSE,FALSE
K000158558,17170986,158558,Renewal,"Wrighton,Kelly Catherine","Wrighton,Kelly Catherine (Primary PI) 1170; Borton,Mikayla Ann (Co-PI) 1170",Microbial Ecology of the Inflamed Intestine,1170-Soil + Crop Sciences,1170,Soil + Crop Sciences,Agricultural Sciences-Academic Units (E1),2024-12-01,2024,2029-11-30,FALSE,54,MTDC,The Ohio State University,HHS-NIH-National Institutes of Health,Other Domestic Higher Education,Federal,2024-03-15,2024,,FALSE,1762278.81,HHS-NIH-National Institutes of Health,Federal,Prime sponsor reported; direct sponsor is pass-through,TRUE,Federal,FALSE,FALSE
K000158458,17170980,158458,Resubmission,"Jones-Diamond,Sally Marie","Jones-Diamond,Sally Marie (Primary PI) 1170; Schneekloth,Joel (Co-PI) 1033",Identifying the Mechanisms of Nonpreference in Wheat and Related Species for Integrated Control of Wheat Stem Sawfly,1170-Soil + Crop Sciences,1170,Soil + Crop Sciences,Agricultural Sciences-Academic Units (E1),2024-09-01,2024,2027-06-30,FALSE,26,MTDC,University of Nebraska,USDA-NIFA-National Institute of Food and Agriculture,Other Domestic Higher Education,Federal,2024-03-15,2024,Funded,TRUE,25004.13,USDA-NIFA-National Institute of Food and Agriculture,Federal,Prime sponsor reported; direct sponsor is pass-through,TRUE,Federal,FALSE,FALSE
K000158377,17170948,158377,Supplement/Additional Funding,"Dayan,Franck E","Dayan,Franck E (Primary PI) 1177",The Role of zos16 in Tolerance to Quizalofop,1177-Agricultural Biology,1177,Agricultural Biology,Agricultural Sciences-Academic Units (E1),2024-07-01,2024,2024-08-31,FALSE,54,MTDC,RiceTec,,Domestic Commercial,,2024-03-15,2024,Funded,TRUE,12499.92,RiceTec,Domestic Commercial,Direct sponsor reported; prime sponsor unavailable,FALSE,Industry,FALSE,FALSE
K000158066,17170730,158066,New,"Enns,Kellie J","Enns,Kellie J (Primary PI) 1172; Eshelman,Katharine Siobhan (Co-PI) 1172",cATALyst: Activating Teachers and Leaders,1172-Agricultural + Resource Economics,1172,Agricultural + Resource Economics,Agricultural Sciences-Academic Units (E1),2025-01-01,2025,2027-12-31,FALSE,35,MTDC,USDA-NIFA-National Institute of Food and Agriculture,,Federal,,2024-03-12,2024,,FALSE,147356.08,USDA-NIFA-National Institute of Food and Agriculture,Federal,Direct sponsor reported; prime sponsor unavailable,FALSE,Federal,TRUE,FALSE
K000158608,17170724,158608,Resubmission,"Baxter,Aryn","Baxter,Aryn (Primary PI) 1172; McQuade,Amanda Ford (Co-PI) 3046",Colorado GROW Youth Institute: Expanding Access to Food Security Education,1172-Agricultural + Resource Economics,1172,Agricultural + Resource Economics,Agricultural Sciences-Academic Units (E1),2024-09-01,2024,2026-08-31,FALSE,35,MTDC,USDA-NIFA-National Institute of Food and Agriculture,,Federal,,2024-03-12,2024,Funded,TRUE,149997.02,USDA-NIFA-National Institute of Food and Agriculture,Federal,Direct sponsor reported; prime sponsor unavailable,FALSE,Federal,TRUE,FALSE
K000158533,17170324,158533,New,"Peters,Brittany Caitlin","Peters,Brittany Caitlin (Primary PI) 1171; Rankins,Ellen Marie (Key Person) 1171",The Immediate Effects of Mounted vs Unmounted Human-Equine Interactions on Physiological and Behavioral Indicators of Self-regulation in Autistic Youth,1171-Animal Sciences,1171,Animal Sciences,Agricultural Sciences-Academic Units (E1),2024-09-01,2024,2026-02-28,FALSE,10,TDC,Human Animal Bond Research Institute,,Domestic Foundations,,2024-03-05,2024,Funded,TRUE,44048.66,Human Animal Bond Research Institute,Domestic Foundations,Direct sponsor reported; prime sponsor unavailable,FALSE,Foundation/nonprofit,FALSE,FALSE
K000158526,17170316,158526,New,"Gu,Mengmeng","Gu,Mengmeng (Primary PI) 1173; Lentz,Amy Poston (Co-PI) 1173; Mason,Shannon Cecilia (Co-PI) 1173",Increasing And Empowering Women And Minorities (Wams) In Plant Science Through Train-The-Trainer Model,1173-Horticulture + Landscape Architecture,1173,Horticulture + Landscape Architecture,Agricultural Sciences-Academic Units (E1),2024-09-01,2024,2027-08-31,FALSE,35,MTDC,USDA-NIFA-National Institute of Food and Agriculture,,Federal,,2024-03-05,2024,Funded,TRUE,200000.81,USDA-NIFA-National Institute of Food and Agriculture,Federal,Direct sponsor reported; prime sponsor unavailable,FALSE,Federal,FALSE,FALSE
K000158421,17170312,158421,New,"Magnan,Nicholas P","Magnan,Nicholas P (Primary PI) 1172",Digital Community Animal Health Worker Training and Mentoring for Improved Service and Market Linkages,1172-Agricultural + Resource Economics,1172,Agricultural + Resource Economics,Agricultural Sciences-Academic Units (E1),2023-09-01,2023,2026-08-31,FALSE,10,TDC,"University of California, Davis",Abdul Latif Jameel Poverty Action Lab,Other Domestic Higher Education,Domestic Non-Profit (other than Domestic Foundations),2024-03-05,2024,,FALSE,43826.4,Abdul Latif Jameel Poverty Action Lab,Domestic Non-Profit (other than Domestic Foundations),Prime sponsor reported; direct sponsor is pass-through,TRUE,Foundation/nonprofit,TRUE,FALSE
K000158125,17170304,158125,New,"Fedorka,Carleigh Elizabeth","Fedorka,Carleigh Elizabeth (Primary PI) 1171; Easley,Jeremiah T (Co-PI) 1678; Hatzel,Jennifer Noelle (Co-PI) 1678",Development of a Novel Subdermal Altrenogest Implant to Suppress Estrus in Wild Equids,1171-Animal Sciences,1171,Animal Sciences,Agricultural Sciences-Academic Units (E1),2024-07-01,2024,2027-06-30,FALSE,17.5,MTDC,DOI-BLM-Bureau of Land Management,,Federal,,2024-03-05,2024,,FALSE,499420.52,DOI-BLM-Bureau of Land Management,Federal,Direct sponsor reported; prime sponsor unavailable,FALSE,Federal,FALSE,FALSE
K000158387,17170295,158387,Resubmission,"Uchanski,Mark E","Uchanski,Mark E (Primary PI) 1173; Davey,Jane (Key Person) 1173",OSPREY: Organic Seed Production Research on Economics and Yield,1173-Horticulture + Landscape Architecture,1173,Horticulture + Landscape Architecture,Agricultural Sciences-Academic Units (E1),2024-09-30,2024,2028-09-29,FALSE,42.85,MTDC,Organic Seed Alliance,,Domestic Non-Profit (other than Domestic Foundations),,2024-03-05,2024,Funded,TRUE,222514.39,Organic Seed Alliance,Domestic Non-Profit (other than Domestic Foundations),Direct sponsor reported; prime sponsor unavailable,FALSE,Foundation/nonprofit,FALSE,FALSE
K000158290,17170291,158290,New,"Metcalf,Jessica Lynne","Metcalf,Jessica Lynne (Primary PI) 1171",MCA: Linking the Biodiversity of Necrophagous Insects and their Microbes to the Fate of Carrion,1171-Animal Sciences,1171,Animal Sciences,Agricultural Sciences-Academic Units (E1),2025-01-01,2025,2027-12-31,FALSE,54,MTDC,NSF-National Science Foundation,,Federal,,2024-03-05,2024,Funded,TRUE,327217.63,NSF-National Science Foundation,Federal,Direct sponsor reported; prime sponsor unavailable,FALSE,Federal,FALSE,FALSE
K000158234,17170280,158234,New,"Engle,Terry E","Engle,Terry E (Primary PI) 1171; Place,Sara (Co-PI) 1171",A Bromoform Safety Study for California Dairy and Beef Cattle,1171-Animal Sciences,1171,Animal Sciences,Agricultural Sciences-Academic Units (E1),2024-07-01,2024,2027-09-30,FALSE,25,TDC,California Department of Food and Agriculture,,Other Domestic State Government,,2024-03-05,2024,Funded,TRUE,1226744.91,California Department of Food and Agriculture,Other Domestic State Government,Direct sponsor reported; prime sponsor unavailable,FALSE,State,FALSE,FALSE
K000158085,17170267,158085,New,"Vivanco,Jorge M","Vivanco,Jorge M (Primary PI) 1173; Afkairin,Antisar SM Omar (Co-PI) 1173",Visualizing Spatial Heterogeneity in Phosphate Solubilization Mechanisms in the Rhizosphere using SubTapRhizo Platform,1173-Horticulture + Landscape Architecture,1173,Horticulture + Landscape Architecture,Agricultural Sciences-Academic Units (E1),2024-08-01,2024,2027-07-31,FALSE,54,MTDC,DOE-US Department of Energy,,Federal,,2024-03-05,2024,,FALSE,967566.28,DOE-US Department of Energy,Federal,Direct sponsor reported; prime sponsor unavailable,FALSE,Federal,FALSE,FALSE
K000158381,17170259,158381,New,"Gutierrez-Rodriguez,Eduardo","Gutierrez-Rodriguez,Eduardo (Primary PI) 1173; Didero,Nicole Marie (Co-PI) 4030; Uchanski,Mark E (Co-PI) 1173",Western Regional Center to Enhance Food Safety: Sustaining a Collaborative Network to Support the Safety of our Food Supply,1173-Horticulture + Landscape Architecture,1173,Horticulture + Landscape Architecture,Agricultural Sciences-Academic Units (E1),2024-09-01,2024,2027-08-31,FALSE,35,MTDC,Oregon State University,USDA-NIFA-National Institute of Food and Agriculture,Other Domestic Higher Education,Federal,2024-03-05,2024,Funded,TRUE,11000.47,USDA-NIFA-National Institute of Food and Agriculture,Federal,Prime sponsor reported; direct sponsor is pass-through,TRUE,Federal,FALSE,FALSE
K000157296,17170091,157296,Supplement/Additional Funding,"Morris,Geoffrey Preston","Morris,Geoffrey Preston (Primary PI) 1170",Feed the Future Innovation Lab for Crop Improvement (CIIL),1170-Soil + Crop Sciences,1170,Soil + Crop Sciences,Agricultural Sciences-Academic Units (E1),2023-10-01,2023,2024-09-24,FALSE,52,MTDC,Cornell University,DOS-AID-Agency for Inter. Development,Other Domestic Higher Education,Federal,2024-03-01,2024,Funded,TRUE,290897.55,DOS-AID-Agency for Inter. Development,Federal,Prime sponsor reported; direct sponsor is pass-through,TRUE,Federal,FALSE,FALSE
K000158384,17169870,158384,New,"Gutierrez-Rodriguez,Eduardo","Gutierrez-Rodriguez,Eduardo (Primary PI) 1173; Goldhamer,Daniel Arthur (Co-PI) 1044; Holley,Jacob (Co-PI) 3001; Craver,Joshua Ken (Co-PI) 1173; Uchanski,Mark E (Co-PI) 1173",Colorado Fresh Produce Safety Collaborative 2.0.,1173-Horticulture + Landscape Architecture,1173,Horticulture + Landscape Architecture,Agricultural Sciences-Academic Units (E1),2024-09-30,2024,2027-09-29,FALSE,35,MTDC,USDA-NIFA-National Institute of Food and Agriculture,,Federal,,2024-02-26,2024,Funded,TRUE,399721.52,USDA-NIFA-National Institute of Food and Agriculture,Federal,Direct sponsor reported; prime sponsor unavailable,FALSE,Federal,FALSE,FALSE
K000158279,17169762,158279,New,"Bonanno,Alessandro","Bonanno,Alessandro (Primary PI) 1172; Chenarides,Lauren (Co-PI) 1172",Limiting vs. Facilitating SNAP Participation in Times of Need - Estimating Counterfactual SNAP Participation during and after the Pandemic using Machine Learning,1172-Agricultural + Resource Economics,1172,Agricultural + Resource Economics,Agricultural Sciences-Academic Units (E1),2024-06-01,2024,2025-11-30,FALSE,28.2,TDC,Tufts University,,Other Domestic Higher Education,,2024-02-22,2024,,FALSE,74997.75,Tufts University,Other Domestic Higher Education,Direct sponsor reported; prime sponsor unavailable,FALSE,Other,TRUE,FALSE
K000158435,17169674,158435,New,"Gutierrez-Rodriguez,Eduardo","Gutierrez-Rodriguez,Eduardo (Primary PI) 1173; Bartolo,Kristi L (Co-PI) 4015; Ma,Jianbing (Co-PI) 3040; Didero,Nicole Marie (Co-PI) 4030","Enhancing the Sustainability of Food Banks, Distributors and Growers in Colorado through Food Safety Outreach",1173-Horticulture + Landscape Architecture,1173,Horticulture + Landscape Architecture,Agricultural Sciences-Academic Units (E1),2024-09-01,2024,2026-08-31,FALSE,35,MTDC,USDA-NIFA-National Institute of Food and Agriculture,,Federal,,2024-02-21,2024,,FALSE,148877.71,USDA-NIFA-National Institute of Food and Agriculture,Federal,Direct sponsor reported; prime sponsor unavailable,FALSE,Federal,FALSE,FALSE
K000158284,17169630,158284,New,"Borowiec,Marek L","Borowiec,Marek L (Primary PI) 1177",Delimiting Species for Management and Conservation Decisions: Resolving Oreohelix Taxonomy,1177-Agricultural Biology,1177,Agricultural Biology,Agricultural Sciences-Academic Units (E1),2024-09-01,2024,2028-08-31,FALSE,17.5,MTDC,Colorado Division of Parks and Wildlife,Western Association of Fish and Wildlife Agencies,State of Colorado,Domestic Non-Profit (other than Domestic Foundations),2024-02-20,2024,,FALSE,133331.34,Western Association of Fish and Wildlife Agencies,Domestic Non-Profit (other than Domestic Foundations),Prime sponsor reported; direct sponsor is pass-through,FALSE,Foundation/nonprofit,FALSE,FALSE
K000158246,17169518,158246,New,"Szczepaniec,Adrianna","Szczepaniec,Adrianna (Primary PI) 1177; Gaines,Todd A (Co-PI) 1177; Eubanks,Micky (Co-PI) 1177; Roberts,Robyn (Co-PI) 1177; Nachappa,Punya (Co-PI) 1177; Stewart,Jane E (Co-PI) 1177",Colorado Center for Sustainable Pest Management: Facilitating IPM Adoption in Urban and Agricultural Systems,1177-Agricultural Biology,1177,Agricultural Biology,Agricultural Sciences-Academic Units (E1),2024-09-01,2024,2027-08-31,FALSE,0,No Indirect Cost Allowed,USDA-NIFA-National Institute of Food and Agriculture,,Federal,,2024-02-19,2024,Funded,TRUE,899938.11,USDA-NIFA-National Institute of Food and Agriculture,Federal,Direct sponsor reported; prime sponsor unavailable,FALSE,Federal,FALSE,FALSE
K000158181,17169512,158181,Resubmission,"Borowiec,Marek L","Borowiec,Marek L (Primary PI) 1177; Magee,Christianne (Co-PI) 1680",ARTS: Integrative Systematics of Diacamma as Template for Revision of Taxonomically Difficult Ants,1177-Agricultural Biology,1177,Agricultural Biology,Agricultural Sciences-Academic Units (E1),2024-09-01,2024,2027-08-31,FALSE,54,MTDC,NSF-National Science Foundation,,Federal,,2024-02-19,2024,,FALSE,1037213.57,NSF-National Science Foundation,Federal,Direct sponsor reported; prime sponsor unavailable,FALSE,Federal,FALSE,FALSE
K000158425,17169278,158425,New,"Mason,Richard Esten","Mason,Richard Esten (Primary PI) 1170",Coordinating HWW Genomic Assisted Breeding to Develop FHB Resistant Varieties,1170-Soil + Crop Sciences,1170,Soil + Crop Sciences,Agricultural Sciences-Academic Units (E1),2024-05-01,2024,2026-04-30,FALSE,11.11,TDC,USDA-ARS-Agricultural Research Service,,Federal,,2024-02-16,2024,Funded,TRUE,68538.3,USDA-ARS-Agricultural Research Service,Federal,Direct sponsor reported; prime sponsor unavailable,FALSE,Federal,FALSE,FALSE
K000158367,17169272,158367,New,"Miller,Chad","Miller,Chad (Primary PI) 1173; Craver,Joshua Ken (Co-PI) 1173",Optimization of Light Intensity for Perennial Stock Plant Production and Cutting Propagation,1173-Horticulture + Landscape Architecture,1173,Horticulture + Landscape Architecture,Agricultural Sciences-Academic Units (E1),2024-02-15,2024,2025-05-15,FALSE,0,No Indirect Cost Allowed,Colorado Horticulture Research & Education Foundation,,Domestic Foundations,,2024-02-16,2024,Funded,TRUE,15060.25,Colorado Horticulture Research & Education Foundation,Domestic Foundations,Direct sponsor reported; prime sponsor unavailable,FALSE,Foundation/nonprofit,FALSE,FALSE
K000158325,17169268,158325,New,"Prenni,Jessica E","Prenni,Jessica E (Primary PI) 1173",More Bang for your Buckwheat,1173-Horticulture + Landscape Architecture,1173,Horticulture + Landscape Architecture,Agricultural Sciences-Academic Units (E1),2024-09-01,2024,2028-08-31,FALSE,54,MTDC,Washington State University,USDA-NIFA-National Institute of Food and Agriculture,Other Domestic Higher Education,Federal,2024-02-16,2024,Funded,TRUE,300002.26,USDA-NIFA-National Institute of Food and Agriculture,Federal,Prime sponsor reported; direct sponsor is pass-through,TRUE,Federal,FALSE,FALSE
K000158252,17169264,158252,Supplement/Additional Funding,"Enns,Richard Mark","Enns,Richard Mark (Primary PI) 1171",Maintaining and Refining Animal GRIN,1171-Animal Sciences,1171,Animal Sciences,Agricultural Sciences-Academic Units (E1),2020-08-01,2020,2025-07-31,FALSE,0,No Indirect Cost Allowed,USDA-ARS-Agricultural Research Service,,Federal,,2024-02-16,2024,Funded,TRUE,18001.7,USDA-ARS-Agricultural Research Service,Federal,Direct sponsor reported; prime sponsor unavailable,FALSE,Federal,FALSE,FALSE
K000158247,17169256,158247,New,"Cleary,Rebecca Leigh Osborne","Cleary,Rebecca Leigh Osborne (Primary PI) 1172; Brock,Clare-Lieb (Co-PI) 1782; Mueller,Megan Paige (Co-PI) 1571","Explaining the Effect of SNAP on the Nutritional Quality of Food Purchases: Race, Segregation, and Advertising Exposure",1172-Agricultural + Resource Economics,1172,Agricultural + Resource Economics,Agricultural Sciences-Academic Units (E1),2024-06-01,2024,2025-11-30,FALSE,28.2,TDC,Tufts University,,Other Domestic Higher Education,,2024-02-16,2024,,FALSE,74924.62,Tufts University,Other Domestic Higher Education,Direct sponsor reported; prime sponsor unavailable,FALSE,Other,TRUE,FALSE
K000157904,17169248,157904,New,"Bigler,Elizabeth Jaed","Bigler,Elizabeth Jaed (Primary PI) 1171; Edwards-Callaway,Lily Nowell (Co-PI) 1171; Ahola,Jason Kee (Co-PI) 1171",Southeastern Colorado Stockmanship and Stewardship,1171-Animal Sciences,1171,Animal Sciences,Agricultural Sciences-Academic Units (E1),2024-05-01,2024,2024-09-30,FALSE,0,No Indirect Cost Allowed,National Cattlemens Beef Association,,Domestic Non-Profit (other than Domestic Foundations),,2024-02-16,2024,,FALSE,9999.86,National Cattlemens Beef Association,Domestic Non-Profit (other than Domestic Foundations),Direct sponsor reported; prime sponsor unavailable,FALSE,Foundation/nonprofit,FALSE,FALSE
K000158179,17169244,158179,New,"Borowiec,Marek L","Borowiec,Marek L (Primary PI) 1177",Delimiting Species for Management and Conservation Decisions: Resolving Oreohelix Taxonomy,1177-Agricultural Biology,1177,Agricultural Biology,Agricultural Sciences-Academic Units (E1),2024-09-01,2024,2028-08-31,FALSE,17.5,MTDC,Western Association of Fish and Wildlife Agencies,DOI-USFWS-Fish and Wildlife Service,Domestic Non-Profit (other than Domestic Foundations),Federal,2024-02-16,2024,,FALSE,109805.99,DOI-USFWS-Fish and Wildlife Service,Federal,Prime sponsor reported; direct sponsor is pass-through,FALSE,Federal,FALSE,FALSE
K000157840,17169122,157840,New,"Morris,Geoffrey Preston","Morris,Geoffrey Preston (Primary PI) 1170",EDGE: New Methods to Elucidate the Omnigenic Model and other Emerging Concepts in Complex Trait Genetics,1170-Soil + Crop Sciences,1170,Soil + Crop Sciences,Agricultural Sciences-Academic Units (E1),2025-01-01,2025,2028-12-31,FALSE,54,MTDC,NSF-National Science Foundation,,Federal,,2024-02-12,2024,Funded,TRUE,572216.35,NSF-National Science Foundation,Federal,Direct sponsor reported; prime sponsor unavailable,FALSE,Federal,FALSE,FALSE
K000158009,17168947,158009,Supplement/Additional Funding,"Pottorff,Laura Pickett","Pottorff,Laura Pickett (Primary PI) 1170; Crowl,Randall Lee (Co-PI) 1170",Seed Regulatory Sample Analysis,1170-Soil + Crop Sciences,1170,Soil + Crop Sciences,Agricultural Sciences-Academic Units (E1),2024-01-01,2024,2024-12-31,FALSE,0,No Indirect Cost Allowed,Colorado Department of Agriculture,,State of Colorado,,2024-02-08,2024,Funded,TRUE,62500,Colorado Department of Agriculture,State of Colorado,Direct sponsor reported; prime sponsor unavailable,FALSE,State,FALSE,FALSE
K000158189,17168582,158189,Resubmission,"Pinedo,Pablo J","Pinedo,Pablo J (Primary PI) 1171",Evaluating Genetic and Farm Management Strategies to Improve Resiliency in Organic Dairy Cows,1171-Animal Sciences,1171,Animal Sciences,Agricultural Sciences-Academic Units (E1),2024-10-01,2024,2028-09-30,FALSE,54,MTDC,Texas A and M University,USDA-NIFA-National Institute of Food and Agriculture,Other Domestic Higher Education,Federal,2024-01-31,2024,,FALSE,234559.38,USDA-NIFA-National Institute of Food and Agriculture,Federal,Prime sponsor reported; direct sponsor is pass-through,TRUE,Federal,FALSE,FALSE
K000158169,17168555,158169,New,"Gaines,Todd A","Gaines,Todd A (Primary PI) 1177",Year 4 - Prelaunch Evaluation of Triple Stack Herbicide Resistance Efficacy for Sugar Beets in the Rocky Mountain West,1177-Agricultural Biology,1177,Agricultural Biology,Agricultural Sciences-Academic Units (E1),2024-02-01,2024,2024-12-31,FALSE,0,No Indirect Cost Allowed,Western Sugar Cooperative,,Domestic Commercial,,2024-01-31,2024,Funded,TRUE,14999.58,Western Sugar Cooperative,Domestic Commercial,Direct sponsor reported; prime sponsor unavailable,FALSE,Industry,FALSE,FALSE
K000158065,17168541,158065,Supplement/Additional Funding,"Nalam,Vamsi","Nalam,Vamsi (Primary PI) 1177; Dao,Phuong Duc (Co-PI) 1177",Genomics-Assisted Disease Resistance Gene Mining of the Sugar Beet Wild Relative Beta Corolliflora,1177-Agricultural Biology,1177,Agricultural Biology,Agricultural Sciences-Academic Units (E1),2024-03-01,2024,2025-07-31,FALSE,0,No Indirect Cost Allowed,USDA-AMS-Agricultural Marketing Service,,Federal,,2024-01-31,2024,Funded,TRUE,19999.57,USDA-AMS-Agricultural Marketing Service,Federal,Direct sponsor reported; prime sponsor unavailable,FALSE,Federal,FALSE,FALSE
K000158113,17168028,158113,New,"Brown,Cynthia S","Brown,Cynthia S (Primary PI) 1177; Myers,Lauren (Co-PI) 1177; Dayan,Franck E (Co-PI) 1177",Impacts of Residual Indaziflam on Establishment of Native Species from Seed,1177-Agricultural Biology,1177,Agricultural Biology,Agricultural Sciences-Academic Units (E1),2024-03-01,2024,2024-12-31,FALSE,11.11,TDC,City of Boulder Open Space & Mountain Parks,,State of Colorado Local Government,,2024-01-24,2024,Funded,TRUE,41341.18,City of Boulder Open Space & Mountain Parks,State of Colorado Local Government,Direct sponsor reported; prime sponsor unavailable,FALSE,State,FALSE,FALSE
K000158071,17168024,158071,New,"Nachappa,Punya","Nachappa,Punya (Primary PI) 1177",Monitoring Insecticide Resistance in Major Sugar Beet Pests,1177-Agricultural Biology,1177,Agricultural Biology,Agricultural Sciences-Academic Units (E1),2024-05-01,2024,2025-04-30,FALSE,0,No Indirect Cost Allowed,Snake River Sugarbeet Research and Seed Alliance,,Domestic Commercial,,2024-01-24,2024,Funded,TRUE,29504.47,Snake River Sugarbeet Research and Seed Alliance,Domestic Commercial,Direct sponsor reported; prime sponsor unavailable,FALSE,Industry,FALSE,FALSE
K000158130,17167953,158130,New,"Thompson,Henry J","Thompson,Henry J (Primary PI) 1173",Impact of Dry Bean Consumption on Recovery from Exhaustive Physical Activity,1173-Horticulture + Landscape Architecture,1173,Horticulture + Landscape Architecture,Agricultural Sciences-Academic Units (E1),2024-07-01,2024,2025-06-30,FALSE,0,No Indirect Cost Allowed,Nebraska Dry Bean Commission,,Domestic Non-Profit (other than Domestic Foundations),,2024-01-22,2024,Funded,TRUE,26545.57,Nebraska Dry Bean Commission,Domestic Non-Profit (other than Domestic Foundations),Direct sponsor reported; prime sponsor unavailable,FALSE,Foundation/nonprofit,FALSE,FALSE
K000157930,17167908,157930,New,"Bousselot,Jennifer M","Bousselot,Jennifer M (Primary PI) 1173",A Berry Bright Idea: Raspberry (Rubus idaeus) Cultivation in Rooftop Agrivoltaics,1173-Horticulture + Landscape Architecture,1173,Horticulture + Landscape Architecture,Agricultural Sciences-Academic Units (E1),2024-05-01,2024,2024-10-31,FALSE,0,No Indirect Cost Allowed,North American Raspberry & Blackberry Association,,Domestic Non-Profit (other than Domestic Foundations),,2024-01-22,2024,,FALSE,4998.38,North American Raspberry & Blackberry Association,Domestic Non-Profit (other than Domestic Foundations),Direct sponsor reported; prime sponsor unavailable,FALSE,Foundation/nonprofit,FALSE,FALSE
K000157890,17167904,157890,New,"Catalano,Devan Noelle","Catalano,Devan Noelle (Primary PI) 1171",Physiological and Behavioral Responses of Young Horses Exposed to a Novel Track System,1171-Animal Sciences,1171,Animal Sciences,Agricultural Sciences-Academic Units (E1),2024-09-01,2024,2024-12-22,FALSE,8,TDC,Morris Animal Foundation,,Domestic Foundations,,2024-01-22,2024,,FALSE,19665.28,Morris Animal Foundation,Domestic Foundations,Direct sponsor reported; prime sponsor unavailable,FALSE,Foundation/nonprofit,FALSE,FALSE
K000157763,17167799,157763,New,"Machmuller,Megan B","Machmuller,Megan B (Primary PI) 1170; Pallickara,Sangmi Lee (Co-PI) 1873; Hale,James W (Co-PI) 1784",Cultivating Climate-Smart Agriculture: Co-Creating Informal Learning Experiences with Rural Communities in the Rocky Mountain West,1170-Soil + Crop Sciences,1170,Soil + Crop Sciences,Agricultural Sciences-Academic Units (E1),2025-01-01,2025,2028-12-31,FALSE,54,MTDC,NSF-National Science Foundation,,Federal,,2024-01-19,2024,,FALSE,1999516.5,NSF-National Science Foundation,Federal,Direct sponsor reported; prime sponsor unavailable,FALSE,Federal,FALSE,FALSE
K000158042,17167646,158042,Supplement/Additional Funding,"Morris,Geoffrey Preston","Morris,Geoffrey Preston (Primary PI) 1170",Trait Technology Package for Iron Deficiency Chlorosis Tolerance in Sorghum,1170-Soil + Crop Sciences,1170,Soil + Crop Sciences,Agricultural Sciences-Academic Units (E1),2024-01-01,2024,2024-12-31,FALSE,0,No Indirect Cost Allowed,Kansas State University,,Other Domestic Higher Education,,2024-01-11,2024,Funded,TRUE,75000.51,Kansas State University,Other Domestic Higher Education,Direct sponsor reported; prime sponsor unavailable,FALSE,Other,FALSE,FALSE
K000157681,17167579,157681,New,"Fedorka,Carleigh Elizabeth","Fedorka,Carleigh Elizabeth (Primary PI) 1171; Coleman,Stephen John (Co-PI) 1171; Dow,Steven W (Key Person) 1678; Pezzanite,Lynn Marie (Key Person) 1678; Hatzel,Jennifer Noelle (Key Person) 1678; Sones,Jennifer L (Key Person) 1678",Assessment of the Fetal Response to Pregnancy and Infectious Causes of Pregnancy Loss,1171-Animal Sciences,1171,Animal Sciences,Agricultural Sciences-Academic Units (E1),2024-06-01,2024,2028-03-31,FALSE,0,No Indirect Cost Allowed,Burroughs-Wellcome Fund Foundation,,Domestic Foundations,,2024-01-10,2024,,FALSE,484317.56,Burroughs-Wellcome Fund Foundation,Domestic Foundations,Direct sponsor reported; prime sponsor unavailable,FALSE,Foundation/nonprofit,FALSE,FALSE
K000158018,17167558,158018,New,"Nalam,Vamsi","Nalam,Vamsi (Primary PI) 1177",Unlocking the Potential of Sugar Beet Volatiles: A Strategy to Combat BCTV and Beyond,1177-Agricultural Biology,1177,Agricultural Biology,Agricultural Sciences-Academic Units (E1),2024-06-01,2024,2025-05-31,FALSE,0,No Indirect Cost Allowed,Snake River Sugarbeet Research and Seed Alliance,,Domestic Commercial,,2024-01-10,2024,Funded,TRUE,32096.39,Snake River Sugarbeet Research and Seed Alliance,Domestic Commercial,Direct sponsor reported; prime sponsor unavailable,FALSE,Industry,FALSE,FALSE
K000158019,17167542,158019,New,"Nalam,Vamsi","Nalam,Vamsi (Primary PI) 1177",Exploiting Sugar Beet Volatile Emissions: A Novel Approach for Biocontrol of Beet Curly Top Virus,1177-Agricultural Biology,1177,Agricultural Biology,Agricultural Sciences-Academic Units (E1),2024-06-01,2024,2025-05-31,FALSE,0,No Indirect Cost Allowed,Western Sugar Cooperative,,Domestic Commercial,,2024-01-09,2024,Funded,TRUE,35356.98,Western Sugar Cooperative,Domestic Commercial,Direct sponsor reported; prime sponsor unavailable,FALSE,Industry,FALSE,FALSE
K000157970,17167438,157970,New,"Burcham,Daniel C","Burcham,Daniel C (Primary PI) 1173",Colorado Collaborative Exchange for Tree Monitoring and Evaluation,1173-Horticulture + Landscape Architecture,1173,Horticulture + Landscape Architecture,Agricultural Sciences-Academic Units (E1),2024-01-01,2024,2024-12-31,FALSE,0,No Indirect Cost Allowed,Colorado Horticulture Research & Education Foundation,,Domestic Foundations,,2024-01-05,2024,Funded,TRUE,15706.89,Colorado Horticulture Research & Education Foundation,Domestic Foundations,Direct sponsor reported; prime sponsor unavailable,FALSE,Foundation/nonprofit,FALSE,FALSE
K000157722,17167408,157722,New,"Namuth Covert,Deana Michelle","Namuth Covert,Deana Michelle (Primary PI) 1170; Folkestad,James E (Co-PI) 1588; Ham,Jay M (Co-PI) 1170","A Youth-Driven Approach to Micro-Credentialing: Sustainable Agriculture Meets IoT, Hands-on Learning, and Data Science",1170-Soil + Crop Sciences,1170,Soil + Crop Sciences,Agricultural Sciences-Academic Units (E1),2024-09-01,2024,2027-08-31,FALSE,24,MTDC,USDA-NIFA-National Institute of Food and Agriculture,,Federal,,2024-01-04,2024,Funded,TRUE,749863.79,USDA-NIFA-National Institute of Food and Agriculture,Federal,Direct sponsor reported; prime sponsor unavailable,FALSE,Federal,FALSE,FALSE
K000157694,17167403,157694,New,"Szczepaniec,Adrianna","Szczepaniec,Adrianna (Primary PI) 1177; Amiri-Kazaz,Lara Maria (Key Person) 1177",Lara Amiri-Kazaz: Implementing Host Plant Resistance and Biological Control for Suppression of Aphids and Alfalfa Mosaic Virus in Organic and Conventional Chile Pepper Production,1177-Agricultural Biology,1177,Agricultural Biology,Agricultural Sciences-Academic Units (E1),2024-05-01,2024,2026-12-31,FALSE,10,TDC,Montana State University,USDA-NIFA-National Institute of Food and Agriculture,Other Domestic Higher Education,Federal,2024-01-04,2024,Funded,TRUE,29997.25,USDA-NIFA-National Institute of Food and Agriculture,Federal,Prime sponsor reported; direct sponsor is pass-through,TRUE,Federal,FALSE,FALSE
K000157850,17167149,157850,New,"Wardle,Erik M","Wardle,Erik M (Primary PI) 1170; Deleon,Emmanuel (Co-PI) 1170; Brown,Ansley Joseph (Co-PI) 1170",Advancing Sensor Technology and Knowledge Transfer in Agriculture: Optimizing IoT Sensors for Sugar Beet Production,1170-Soil + Crop Sciences,1170,Soil + Crop Sciences,Agricultural Sciences-Academic Units (E1),2024-01-01,2024,2024-12-31,FALSE,0,No Indirect Cost Allowed,Western Sugar Cooperative,,Domestic Commercial,,2023-12-29,2023,Funded,TRUE,17712.76,Western Sugar Cooperative,Domestic Commercial,Direct sponsor reported; prime sponsor unavailable,FALSE,Industry,FALSE,FALSE
K000157475,17166912,157475,New,"Namuth Covert,Deana Michelle","Namuth Covert,Deana Michelle (Primary PI) 1170; Folkestad,James E (Co-PI) 1588; Ham,Jay M (Co-PI) 1170; O'Connor,Alison Stoven (Key Person) 4010; Goldhamer,Daniel Arthur (Key Person) 1044",Upskilling Ag Professionals: Soil and Water Stewardship through IoT and AI,1170-Soil + Crop Sciences,1170,Soil + Crop Sciences,Agricultural Sciences-Academic Units (E1),2024-04-01,2024,2026-03-31,FALSE,10,TDC,Montana State University,USDA-NIFA-National Institute of Food and Agriculture,Other Domestic Higher Education,Federal,2023-12-29,2023,Funded,TRUE,99661.8,USDA-NIFA-National Institute of Food and Agriculture,Federal,Prime sponsor reported; direct sponsor is pass-through,TRUE,Federal,FALSE,FALSE
K000158046,17166824,158046,New,"Borch,Thomas","Borch,Thomas (Primary PI) 1170",What Remains from Dead Prey? The Contribution of Micro-Predatory Interactions to Soil Organic Matter,1170-Soil + Crop Sciences,1170,Soil + Crop Sciences,Agricultural Sciences-Academic Units (E1),2024-10-01,2024,2028-09-30,FALSE,15,TDC,United States - Israel Binational Science Foundation,,Foreign Non-Profit (other than Foreign Foundations),,2023-12-28,2023,Funded,TRUE,113098.48,United States - Israel Binational Science Foundation,Foreign Non-Profit (other than Foreign Foundations),Direct sponsor reported; prime sponsor unavailable,FALSE,Foundation/nonprofit,FALSE,FALSE
K000157859,17166743,157859,New,"Bauerle,William L","Bauerle,William L (Primary PI) 1173","A State-of-the-Art System to Quantify Water and Nutrient Use in Nursery, Greenhouse, and Landscape Plants",1173-Horticulture + Landscape Architecture,1173,Horticulture + Landscape Architecture,Agricultural Sciences-Academic Units (E1),2024-02-01,2024,2024-11-01,FALSE,0,No Indirect Cost Allowed,Colorado Horticulture Research & Education Foundation,,Domestic Foundations,,2023-12-22,2023,Funded,TRUE,18880.95,Colorado Horticulture Research & Education Foundation,Domestic Foundations,Direct sponsor reported; prime sponsor unavailable,FALSE,Foundation/nonprofit,FALSE,FALSE
K000157844,17166737,157844,New,"Hess,Tanja","Hess,Tanja (Primary PI) 1171; Carvalho Seabra,Jessica (Co-PI) 1171","Effects of the Therapeutic Rider Weight Distribution under the Saddle, on Behavioral and Physiological Parameters of Equine Assisted Therapy Horses",1171-Animal Sciences,1171,Animal Sciences,Agricultural Sciences-Academic Units (E1),2024-08-01,2024,2025-07-31,FALSE,8,TDC,Morris Animal Foundation,,Domestic Foundations,,2023-12-22,2023,,FALSE,17885.25,Morris Animal Foundation,Domestic Foundations,Direct sponsor reported; prime sponsor unavailable,FALSE,Foundation/nonprofit,FALSE,FALSE
K000157822,17166733,157822,New,"Gutierrez-Rodriguez,Eduardo","Gutierrez-Rodriguez,Eduardo (Primary PI) 1173",Using Novel Resistance-Conferring Treatments to Prevent Foodborne Pathogenic Outbreaks in Produce,1173-Horticulture + Landscape Architecture,1173,Horticulture + Landscape Architecture,Agricultural Sciences-Academic Units (E1),2024-07-01,2024,2026-06-30,FALSE,54,MTDC,Ascribe Bioscience,HHS-NIH-National Institutes of Health,Domestic Commercial,Federal,2023-12-22,2023,,FALSE,370796.25,HHS-NIH-National Institutes of Health,Federal,Prime sponsor reported; direct sponsor is pass-through,FALSE,Federal,FALSE,FALSE
K000157804,17166729,157804,New,"Nachappa,Punya","Nachappa,Punya (Primary PI) 1177",Improving Risk Forecasting and Coordination among States Associated with Leafhopper-Borne Pathogens,1177-Agricultural Biology,1177,Agricultural Biology,Agricultural Sciences-Academic Units (E1),2024-09-30,2024,2027-09-29,FALSE,4.16,TDC,Washington State University,,Other Domestic Higher Education,,2023-12-22,2023,,FALSE,237476.45,Washington State University,Other Domestic Higher Education,Direct sponsor reported; prime sponsor unavailable,FALSE,Other,FALSE,FALSE
K000157801,17166715,157801,New,"Stewart,Jane E","Stewart,Jane E (Primary PI) 1177",ORCC: Pine-Rust Pathosystems: Will Climate Change Favor the Pine or the Rust?,1177-Agricultural Biology,1177,Agricultural Biology,Agricultural Sciences-Academic Units (E1),2024-06-15,2024,2028-06-14,FALSE,53.5,MTDC,NSF-National Science Foundation,,Federal,,2023-12-22,2023,,FALSE,889784.69,NSF-National Science Foundation,Federal,Direct sponsor reported; prime sponsor unavailable,FALSE,Federal,FALSE,FALSE
K000157660,17166450,157660,New,"Manriquez Alvarez,Diego Ignacio","Manriquez Alvarez,Diego Ignacio (Primary PI) 1171; Jannat,Afrin (Co-PI) 1171",Afrin Jannat: Enhancing Indoor Air Quality in Dairy Farms via Automatic Air Monitoring and Mitigation Strategies,1171-Animal Sciences,1171,Animal Sciences,Agricultural Sciences-Academic Units (E1),2024-06-01,2024,2026-05-31,FALSE,10,TDC,Montana State University,,Other Domestic Higher Education,,2023-12-20,2023,Funded,TRUE,29747.65,Montana State University,Other Domestic Higher Education,Direct sponsor reported; prime sponsor unavailable,FALSE,Other,FALSE,FALSE
K000157790,17166056,157790,New,"Prenni,Jessica E","Prenni,Jessica E (Primary PI) 1173",Frameworks: Bioinformatics Cyberinfrastructure Innovations for Food Biomolecular Data of Living Systems,1173-Horticulture + Landscape Architecture,1173,Horticulture + Landscape Architecture,Agricultural Sciences-Academic Units (E1),2024-06-01,2024,2029-05-31,FALSE,53.5,MTDC,American Heart Association,,Domestic Non-Profit (other than Domestic Foundations),,2023-12-15,2023,,FALSE,158164.28,American Heart Association,Domestic Non-Profit (other than Domestic Foundations),Direct sponsor reported; prime sponsor unavailable,FALSE,Foundation/nonprofit,FALSE,FALSE
K000157676,17166040,157676,New,"Craver,Joshua Ken","Craver,Joshua Ken (Primary PI) 1173; Holley,Jacob (Co-PI) 3001; Rosado,Samantha Pearl (Co-PI) 1173",Samantha Rosado: Optimizing Carbon Dioxide Enrichment to Improve Fruit Quality and Expand Local Opportunities for Controlled Environment Strawberry Production,1173-Horticulture + Landscape Architecture,1173,Horticulture + Landscape Architecture,Agricultural Sciences-Academic Units (E1),2024-04-01,2024,2025-08-31,FALSE,10,TDC,Montana State University,USDA-NIFA-National Institute of Food and Agriculture,Other Domestic Higher Education,Federal,2023-12-15,2023,Funded,TRUE,29962.9,USDA-NIFA-National Institute of Food and Agriculture,Federal,Prime sponsor reported; direct sponsor is pass-through,TRUE,Federal,FALSE,FALSE
K000157018,17166032,157018,New,"Willige,Bjorn Christopher","Willige,Bjorn Christopher (Primary PI) 1170; Wilkins,Michael James (Co-PI) 1170; Borch,Thomas (Co-PI) 1170",ORCC: Role of Wildfire-Derived Smoke Components in Mediating Pine Forest Resilience during Global Change Disturbances,1170-Soil + Crop Sciences,1170,Soil + Crop Sciences,Agricultural Sciences-Academic Units (E1),2024-06-01,2024,2027-05-31,FALSE,53.5,MTDC,NSF-National Science Foundation,,Federal,,2023-12-15,2023,,FALSE,1150042.71,NSF-National Science Foundation,Federal,Direct sponsor reported; prime sponsor unavailable,FALSE,Federal,FALSE,FALSE
K000157739,17166027,157739,New,"Carvalho,Pedro Henrique","Carvalho,Pedro Henrique (Primary PI) 1171; Velasquez Rios,Cesar Armando (Key Person) 1171","Cesar Armando Velasquez Rios: Effects of Extended Colostrum Feeding to Calf-Fed Dairy-Beef Cross Steers on Health, Performance, Fecal Resistome, and Carcass Characteristics",1171-Animal Sciences,1171,Animal Sciences,Agricultural Sciences-Academic Units (E1),2024-04-01,2024,2025-12-21,FALSE,10,TDC,Montana State University,,Other Domestic Higher Education,,2023-12-15,2023,,FALSE,29757.07,Montana State University,Other Domestic Higher Education,Direct sponsor reported; prime sponsor unavailable,FALSE,Other,FALSE,FALSE
K000157795,17166014,157795,New,"Ahola,Jason Kee","Ahola,Jason Kee (Primary PI) 1171; Bigler,Elizabeth Jaed (Co-PI) 1171; Edwards-Callaway,Lily Nowell (Co-PI) 1171",NCBA State Project Grant - Bird Shot,1171-Animal Sciences,1171,Animal Sciences,Agricultural Sciences-Academic Units (E1),2024-01-01,2024,2024-09-30,FALSE,0,No Indirect Cost Allowed,National Cattlemens Beef Association,,Domestic Non-Profit (other than Domestic Foundations),,2023-12-15,2023,Funded,TRUE,6565.68,National Cattlemens Beef Association,Domestic Non-Profit (other than Domestic Foundations),Direct sponsor reported; prime sponsor unavailable,FALSE,Foundation/nonprofit,FALSE,FALSE
K000157813,17166005,157813,Supplement/Additional Funding,"Bayham,Jude","Bayham,Jude (Primary PI) 1172",COVID 19: Modeling COVID-19 to Support the State Government FY22,1172-Agricultural + Resource Economics,1172,Agricultural + Resource Economics,Agricultural Sciences-Academic Units (E1),2023-07-01,2023,2024-06-30,FALSE,35,MTDC,Colorado School of Public Health Center for Global Health,Colorado Department of Public Health and Environment,State of Colorado Higher Education,State of Colorado,2023-12-15,2023,,FALSE,22071.18,Colorado Department of Public Health and Environment,State of Colorado,Prime sponsor reported; direct sponsor is pass-through,TRUE,State,TRUE,FALSE
K000157421,17166001,157421,New,"Chenarides,Lauren","Chenarides,Lauren (Primary PI) 1172",Collaborative Research: Frameworks: Advancing Scientific Discoveries through Data Integration in the Applied Sciences,1172-Agricultural + Resource Economics,1172,Agricultural + Resource Economics,Agricultural Sciences-Academic Units (E1),2024-08-01,2024,2029-07-31,FALSE,54,MTDC,NSF-National Science Foundation,,Federal,,2023-12-15,2023,,FALSE,1835039.52,NSF-National Science Foundation,Federal,Direct sponsor reported; prime sponsor unavailable,FALSE,Federal,TRUE,FALSE
K000157599,17165922,157599,New,"Chenarides,Lauren","Chenarides,Lauren (Primary PI) 1172; Bauman,Allison Gunter (Co-PI) 1172; Cleary,Rebecca Leigh Osborne (Key Person) 1172; Bonanno,Alessandro (Key Person) 1172",Workshop on Data Usage Statistics,1172-Agricultural + Resource Economics,1172,Agricultural + Resource Economics,Agricultural Sciences-Academic Units (E1),2024-01-01,2024,2024-08-31,FALSE,0,No Indirect Cost Allowed,New York University,USDA-ERS-Economic Research Service,Other Domestic Higher Education,Federal,2023-12-13,2023,Funded,TRUE,25000.16,USDA-ERS-Economic Research Service,Federal,Prime sponsor reported; direct sponsor is pass-through,TRUE,Federal,TRUE,FALSE
K000157482,17165722,157482,New,"Wrighton,Kelly Catherine","Wrighton,Kelly Catherine (Primary PI) 1170",JCVI Center for Parallel Virome and Microbiome Profiling of the Nasal-oro-Pharyngeal Niche,1170-Soil + Crop Sciences,1170,Soil + Crop Sciences,Agricultural Sciences-Academic Units (E1),2024-07-01,2024,2029-06-30,FALSE,54,MTDC,J. Craig Venter Institute,HHS-NIH-National Institutes of Health,Domestic Non-Profit (other than Domestic Foundations),Federal,2023-12-11,2023,,FALSE,983833.15,HHS-NIH-National Institutes of Health,Federal,Prime sponsor reported; direct sponsor is pass-through,FALSE,Federal,FALSE,FALSE
K000157467,17165484,157467,New,"Blecker,Lisa Ann","Blecker,Lisa Ann (Primary PI) 1177",FY 2024 Pesticides Program,1177-Agricultural Biology,1177,Agricultural Biology,Agricultural Sciences-Academic Units (E1),2024-01-01,2024,2024-12-31,FALSE,10,TDC,Colorado Department of Agriculture,EPA-Environmental Protection Agency,State of Colorado,Federal,2023-12-07,2023,Funded,TRUE,46517.84,EPA-Environmental Protection Agency,Federal,Prime sponsor reported; direct sponsor is pass-through,FALSE,Federal,FALSE,FALSE
K000157418,17165431,157418,New,"Blecker,Lisa Ann","Blecker,Lisa Ann (Primary PI) 1177",2024 Colorado Pesticide Safety Funds,1177-Agricultural Biology,1177,Agricultural Biology,Agricultural Sciences-Academic Units (E1),2024-01-01,2024,2024-12-31,FALSE,35,MTDC,eXtension Foundation,EPA-Environmental Protection Agency,Domestic Non-Profit (other than Domestic Foundations),Federal,2023-12-06,2023,Funded,TRUE,19037.11,EPA-Environmental Protection Agency,Federal,Prime sponsor reported; direct sponsor is pass-through,FALSE,Federal,FALSE,FALSE
K000157468,17165332,157468,New,"Chenarides,Lauren","Chenarides,Lauren (Primary PI) 1172","Dollar Store Entry, Food Prices, and Food Security",1172-Agricultural + Resource Economics,1172,Agricultural + Resource Economics,Agricultural Sciences-Academic Units (E1),2023-08-21,2023,2024-12-31,FALSE,53.5,MTDC,Arizona State University,USDA-NIFA-National Institute of Food and Agriculture,Other Domestic Higher Education,Federal,2023-12-05,2023,Funded,TRUE,24000.68,USDA-NIFA-National Institute of Food and Agriculture,Federal,Prime sponsor reported; direct sponsor is pass-through,TRUE,Federal,TRUE,FALSE
K000157472,17165328,157472,New,"Chenarides,Lauren","Chenarides,Lauren (Primary PI) 1172",Food Supply Chain Disruptions: Market-Based Resilience Strategies,1172-Agricultural + Resource Economics,1172,Agricultural + Resource Economics,Agricultural Sciences-Academic Units (E1),2023-11-01,2023,2026-10-31,FALSE,42.85,TDC,Arizona State University,USDA-NIFA-National Institute of Food and Agriculture,Other Domestic Higher Education,Federal,2023-12-05,2023,Funded,TRUE,16719.63,USDA-NIFA-National Institute of Food and Agriculture,Federal,Prime sponsor reported; direct sponsor is pass-through,TRUE,Federal,TRUE,FALSE
K000157623,17165181,157623,New,"Countryman,Amanda Marie","Countryman,Amanda Marie (Primary PI) 1172",Beyond African Swine Fever Modeling: Multi-Scale Characterization of the Ecological and Socio-Economic Drivers of Swine Pandemics,1172-Agricultural + Resource Economics,1172,Agricultural + Resource Economics,Agricultural Sciences-Academic Units (E1),2024-08-01,2024,2028-07-31,FALSE,54,MTDC,Texas A and M University,NSF-National Science Foundation,Other Domestic Higher Education,Federal,2023-11-30,2023,,FALSE,263256.53,NSF-National Science Foundation,Federal,Prime sponsor reported; direct sponsor is pass-through,TRUE,Federal,TRUE,FALSE
K000157610,17165172,157610,New,"Hoag,Dana Loyd Keske","Hoag,Dana Loyd Keske (Primary PI) 1172",Risks and Risk Management for Wolf-Livestock Conflicts in the West,1172-Agricultural + Resource Economics,1172,Agricultural + Resource Economics,Agricultural Sciences-Academic Units (E1),2024-04-01,2024,2025-09-30,FALSE,35,MTDC,Washington State University,USDA-NIFA-National Institute of Food and Agriculture,Other Domestic Higher Education,Federal,2023-11-30,2023,Funded,TRUE,99993.49,USDA-NIFA-National Institute of Food and Agriculture,Federal,Prime sponsor reported; direct sponsor is pass-through,TRUE,Federal,TRUE,FALSE
K000157555,17165168,157555,New,"Kremen,Amy E","Kremen,Amy E (Primary PI) 1170",2024 Ogallala Aquifer Summit,1170-Soil + Crop Sciences,1170,Soil + Crop Sciences,Agricultural Sciences-Academic Units (E1),2023-12-01,2023,2024-11-30,FALSE,0,No Indirect Cost Allowed,USDA-NIFA-National Institute of Food and Agriculture,,Federal,,2023-11-30,2023,Funded,TRUE,50000.36,USDA-NIFA-National Institute of Food and Agriculture,Federal,Direct sponsor reported; prime sponsor unavailable,FALSE,Federal,FALSE,FALSE
K000157537,17165158,157537,New,"Zelikova,Tamara J","Zelikova,Tamara J (Primary PI) 1170; Machmuller,Megan B (Co-PI) 1170",Baseline Colorado Agrivoltaics Soil Health Inventory,1170-Soil + Crop Sciences,1170,Soil + Crop Sciences,Agricultural Sciences-Academic Units (E1),2023-12-08,2023,2024-06-30,FALSE,5.26,TDC,Colorado Department of Agriculture,,State of Colorado,,2023-11-30,2023,,FALSE,55373.76,Colorado Department of Agriculture,State of Colorado,Direct sponsor reported; prime sponsor unavailable,FALSE,State,FALSE,FALSE
K000157457,17165139,157457,New,"Rieskamp,Jennifer L","Rieskamp,Jennifer L (Primary PI) 1171; DeLay,Nathan D (Co-PI) 1172; Carvalho,Pedro Henrique (Co-PI) 1171; Giesenhagen,Erica There (Co-PI) 1171",Talking Sustainability in Animal Agriculture: A Co-Created Professional Development Program for Communication Skill Building and Educational Resource Development,1171-Animal Sciences,1171,Animal Sciences,Agricultural Sciences-Academic Units (E1),2024-04-01,2024,2025-03-31,FALSE,10,TDC,Montana State University,USDA-NIFA-National Institute of Food and Agriculture,Other Domestic Higher Education,Federal,2023-11-30,2023,,FALSE,97932.95,USDA-NIFA-National Institute of Food and Agriculture,Federal,Prime sponsor reported; direct sponsor is pass-through,TRUE,Federal,FALSE,FALSE
K000157373,17165007,157373,New,"Gifford,Lauren","Gifford,Lauren (Primary PI) 1170","Climate, Technology & Society: Interrogating Carbon Governance Amid a Net-Zero Future",1170-Soil + Crop Sciences,1170,Soil + Crop Sciences,Agricultural Sciences-Academic Units (E1),2023-11-01,2023,2024-10-31,FALSE,0,TDC,Brown University,,Other Domestic Higher Education,,2023-11-29,2023,Funded,TRUE,10000.28,Brown University,Other Domestic Higher Education,Direct sponsor reported; prime sponsor unavailable,FALSE,Other,FALSE,FALSE
K000157335,17164997,157335,New,"Fedorka,Carleigh Elizabeth","Fedorka,Carleigh Elizabeth (Primary PI) 1171; Hatzel,Jennifer Noelle (Co-PI) 1678; Coleman,Stephen John (Co-PI) 1171; Hollinshead,Fiona Kate (Co-PI) 1678",The Impact of Assisted Reproductive Techniques on Immunotolerance and Development of the Fetal-Placental Unit,1171-Animal Sciences,1171,Animal Sciences,Agricultural Sciences-Academic Units (E1),2024-04-01,2024,2025-05-31,FALSE,0,No Indirect Cost Allowed,American Quarter Horse Foundation,,Domestic Foundations,,2023-11-29,2023,,FALSE,57708.18,American Quarter Horse Foundation,Domestic Foundations,Direct sponsor reported; prime sponsor unavailable,FALSE,Foundation/nonprofit,FALSE,FALSE
K000157332,17164989,157332,New,"Gutierrez-Rodriguez,Eduardo","Gutierrez-Rodriguez,Eduardo (Primary PI) 1173; Ma,Jianbing (Co-PI) 3040; Bartolo,Kristi L (Co-PI) 4015",Enhancing Sustainability of Chili Peppers and Cantaloupe Production Practices through the Evaluation of Alternative Pre and Postharvest Activities that Enhance Food Safety,1173-Horticulture + Landscape Architecture,1173,Horticulture + Landscape Architecture,Agricultural Sciences-Academic Units (E1),2024-04-01,2024,2027-03-31,FALSE,10,TDC,Montana State University,USDA-NIFA-National Institute of Food and Agriculture,Other Domestic Higher Education,Federal,2023-11-29,2023,,FALSE,349049.71,USDA-NIFA-National Institute of Food and Agriculture,Federal,Prime sponsor reported; direct sponsor is pass-through,TRUE,Federal,FALSE,FALSE
K000157256,17164946,157256,New,"Nalam,Vamsi","Nalam,Vamsi (Primary PI) 1177; Kunk,Daniel Anthony (Co-PI) 1878","Daniel Kunk: Deciphering the Role of the Circadian Clock in the Aphid Pest, Rhopalosiphum padi: Implications for Sustainable Agriculture",1177-Agricultural Biology,1177,Agricultural Biology,Agricultural Sciences-Academic Units (E1),2024-04-30,2024,2027-04-29,FALSE,0,No Indirect Cost Allowed,USDA-NIFA-National Institute of Food and Agriculture,,Federal,,2023-11-28,2023,Funded,TRUE,179115.32,USDA-NIFA-National Institute of Food and Agriculture,Federal,Direct sponsor reported; prime sponsor unavailable,FALSE,Federal,FALSE,FALSE
K000157193,17164933,157193,New,"Dillon,Jasmine Ashley","Dillon,Jasmine Ashley (Primary PI) 1171; Caswell,Katherine (Co-PI) 4010; Archibeque,Shawn (Co-PI) 1171; Fonte,Steven John (Co-PI) 1170; Schipanski,Meagan Erin (Co-PI) 1170",Variable Rate Manure Application with Real-Time Nutrient Sensing for Improved Soil Health and Reduced Environmental Impacts of Dairy Manure Use,1170-Soil + Crop Sciences,1170,Soil + Crop Sciences,Agricultural Sciences-Academic Units (E1),2024-04-01,2024,2027-03-31,FALSE,10,TDC,Montana State University,USDA-NIFA-National Institute of Food and Agriculture,Other Domestic Higher Education,Federal,2023-11-28,2023,Funded,TRUE,349817.79,USDA-NIFA-National Institute of Food and Agriculture,Federal,Prime sponsor reported; direct sponsor is pass-through,TRUE,Federal,FALSE,FALSE
K000157177,17164923,157177,New,"Place,Sara","Place,Sara (Primary PI) 1171; Engle,Terry E (Co-PI) 1171; Stackhouse-Lawson,Kimberly Rose (Co-PI) 1171; Carvalho,Pedro Henrique (Co-PI) 1171",Parallel Feeding of Monensin and 3 Nitrooxypropanol at Different Doses for Mitigating Enteric Methane Emissions from Beef Cattle Fed High Forage and High Concentrate Diets,1171-Animal Sciences,1171,Animal Sciences,Agricultural Sciences-Academic Units (E1),2024-04-01,2024,2026-03-31,FALSE,25,TDC,California Department of Food and Agriculture,,Other Domestic State Government,,2023-11-28,2023,,FALSE,817773.61,California Department of Food and Agriculture,Other Domestic State Government,Direct sponsor reported; prime sponsor unavailable,FALSE,State,FALSE,FALSE
K000157662,17164879,157662,New,"Uchanski,Mark E","Uchanski,Mark E (Primary PI) 1173",Spectrum-Shifting Agrivoltaic Module Design Enabled by Luminescent Quantum Dot Nanotechnology,1173-Horticulture + Landscape Architecture,1173,Horticulture + Landscape Architecture,Agricultural Sciences-Academic Units (E1),2025-07-01,2025,2026-06-30,FALSE,54,MTDC,"UbiQD, Inc.",DOE-US Department of Energy,Domestic Commercial,Federal,2023-11-27,2023,,FALSE,160000.39,DOE-US Department of Energy,Federal,Prime sponsor reported; direct sponsor is pass-through,FALSE,Federal,FALSE,FALSE
K000157672,17164871,157672,New,"Minas,Ioannis","Minas,Ioannis (Primary PI) 1173; Sterle,David Gabriel (Co-PI) 3046; Koslovsky,Matthew David (Co-PI) 1877",DSFAS: Climate-Smart & Accurate Remote Sensing System To Inform Peach Orchard Management & Harvest Planning Decisions For Optimized Fruit Quality,1173-Horticulture + Landscape Architecture,1173,Horticulture + Landscape Architecture,Agricultural Sciences-Academic Units (E1),2024-07-01,2024,2027-06-30,FALSE,42.85,TDC,USDA-NIFA-National Institute of Food and Agriculture,,Federal,,2023-11-27,2023,,FALSE,649848.26,USDA-NIFA-National Institute of Food and Agriculture,Federal,Direct sponsor reported; prime sponsor unavailable,FALSE,Federal,FALSE,FALSE
K000156371,17164775,156371,New,"Borowiec,Marek L","Borowiec,Marek L (Primary PI) 1177; Cooke,Crystal Lee (Co-PI) 1177","Research Infrastructure: Increasing Capacity and Educational Impact of the C. P. Gillette Museum, the Largest Arthropod Collection of the Rocky Mountain Region",1177-Agricultural Biology,1177,Agricultural Biology,Agricultural Sciences-Academic Units (E1),2024-09-01,2024,2027-08-31,FALSE,54,MTDC,NSF-National Science Foundation,,Federal,,2023-11-17,2023,,FALSE,937042.73,NSF-National Science Foundation,Federal,Direct sponsor reported; prime sponsor unavailable,FALSE,Federal,FALSE,FALSE
K000157626,17164155,157626,New,"Carvalho,Pedro Henrique","Carvalho,Pedro Henrique (Primary PI) 1171",Diversifying on Farm Income in Appalachia: Quantifying the Integration of Beef Cattle Grazing and Photovoltaics,1171-Animal Sciences,1171,Animal Sciences,Agricultural Sciences-Academic Units (E1),2024-07-01,2024,2027-06-30,FALSE,54,MTDC,West Virginia University,DOE-US Department of Energy,Other Domestic Higher Education,Federal,2023-11-13,2023,,FALSE,50022.23,DOE-US Department of Energy,Federal,Prime sponsor reported; direct sponsor is pass-through,TRUE,Federal,FALSE,FALSE
K000157465,17164145,157465,New,"Edwards-Callaway,Lily Nowell","Edwards-Callaway,Lily Nowell (Primary PI) 1171; Engle,Terry E (Co-PI) 1171",Exploring Behavioral and Physiological Changes Related to Heat Stress in Fed Beef Cattle,1171-Animal Sciences,1171,Animal Sciences,Agricultural Sciences-Academic Units (E1),2023-12-01,2023,2025-03-31,FALSE,53.5,MTDC,Elanco Animal Health,,Domestic Commercial,,2023-11-13,2023,Funded,TRUE,176139.98,Elanco Animal Health,Domestic Commercial,Direct sponsor reported; prime sponsor unavailable,FALSE,Industry,FALSE,FALSE
K000157554,17162500,157554,New,"Mooney,Daniel F","Mooney,Daniel F (Primary PI) 1172; Uchanski,Mark E (Co-PI) 1173; Hoag,Dana Loyd Keske (Co-PI) 1172; Buzzelli,Maria (Key Person) 1172",When is Agrivoltaics Profitable Compared to Agriculture and Solarvoltaics? A Joint-Product Economic Feasibility Analysis,1172-Agricultural + Resource Economics,1172,Agricultural + Resource Economics,Agricultural Sciences-Academic Units (E1),2024-01-01,2024,2024-06-30,FALSE,5.26,TDC,Colorado Department of Agriculture,,State of Colorado,,2023-11-07,2023,Funded,TRUE,58697.21,Colorado Department of Agriculture,State of Colorado,Direct sponsor reported; prime sponsor unavailable,FALSE,State,TRUE,FALSE
K000155886,17160706,155886,New,"Wardle,Erik M","Wardle,Erik M (Primary PI) 1170; Deleon,Emmanuel (Co-PI) 1170; Bauder,Troy A (Co-PI) 3001",Conservation Effects Assessment Program - Colorado South Platte Assessment,1170-Soil + Crop Sciences,1170,Soil + Crop Sciences,Agricultural Sciences-Academic Units (E1),2023-11-15,2023,2028-07-30,FALSE,0,No Indirect Cost Allowed,USDA-ARS-Agricultural Research Service,USDA-NRCS-Natural Resources Consvtn Srv,Federal,Federal,2023-11-03,2023,Funded,TRUE,137750.28,USDA-NRCS-Natural Resources Consvtn Srv,Federal,Prime sponsor reported; direct sponsor is pass-through,FALSE,Federal,FALSE,FALSE
K000157536,17159596,157536,New,"Uchanski,Mark E","Uchanski,Mark E (Primary PI) 1173",Expanding the Colorado Agrivoltaics Testing Grounds Demonstration and Research Site,1173-Horticulture + Landscape Architecture,1173,Horticulture + Landscape Architecture,Agricultural Sciences-Academic Units (E1),2023-12-08,2023,2024-06-30,FALSE,5.26,TDC,"Sandbox Solar, LLC",Colorado Department of Agriculture,Domestic Commercial,State of Colorado,2023-10-31,2023,Funded,TRUE,31440.08,Colorado Department of Agriculture,State of Colorado,Prime sponsor reported; direct sponsor is pass-through,FALSE,State,FALSE,FALSE
K000157498,17159592,157498,New,"Wilkins,Michael James","Wilkins,Michael James (Primary PI) 1170",Enhanced Hydrogen Production: An Empirically-Based Modelling Approach,1170-Soil + Crop Sciences,1170,Soil + Crop Sciences,Agricultural Sciences-Academic Units (E1),2024-02-01,2024,2026-01-31,FALSE,53.5,MTDC,Koloma,DOE-US Department of Energy,Domestic Commercial,Federal,2023-10-31,2023,Funded,TRUE,253583.41,DOE-US Department of Energy,Federal,Prime sponsor reported; direct sponsor is pass-through,FALSE,Federal,FALSE,FALSE
K000157485,17159588,157485,New,"Norton,Andrew P","Norton,Andrew P (Primary PI) 1177",Host Plant and Environmental Determinants of Canada Thistle Rust Infection,1177-Agricultural Biology,1177,Agricultural Biology,Agricultural Sciences-Academic Units (E1),2024-07-01,2024,2027-06-30,FALSE,54,MTDC,USDA-USFS-Forest Health Protection,,Federal,,2023-10-31,2023,Funded,TRUE,121693.89,USDA-USFS-Forest Health Protection,Federal,Direct sponsor reported; prime sponsor unavailable,FALSE,Federal,FALSE,FALSE
K000157478,17159582,157478,New,"Bousselot,Jennifer M","Bousselot,Jennifer M (Primary PI) 1173; Chavez,Maria Yvonne (Co-PI) 1173",Investigating Harvest Timelines Under Rooftop Agrivoltaic Systems,1173-Horticulture + Landscape Architecture,1173,Horticulture + Landscape Architecture,Agricultural Sciences-Academic Units (E1),2024-01-01,2024,2024-06-30,FALSE,5.26,TDC,Colorado Department of Agriculture,,State of Colorado,,2023-10-31,2023,,FALSE,60431.11,Colorado Department of Agriculture,State of Colorado,Direct sponsor reported; prime sponsor unavailable,FALSE,State,FALSE,FALSE
K000157477,17159576,157477,New,"Ham,Jay M","Ham,Jay M (Primary PI) 1170; Namuth Covert,Deana Michelle (Co-PI) 1170",Soil Salinity Sensor for Environmental Monitoring and Irrigation Applications,1170-Soil + Crop Sciences,1170,Soil + Crop Sciences,Agricultural Sciences-Academic Units (E1),2024-03-01,2024,2026-02-28,FALSE,8,TDC,Colorado Office of Economic Development and Intl Trade,,State of Colorado,,2023-10-31,2023,,FALSE,98223.79,Colorado Office of Economic Development and Intl Trade,State of Colorado,Direct sponsor reported; prime sponsor unavailable,FALSE,State,FALSE,FALSE
K000157442,17159572,157442,New,"Ode,Paul James","Ode,Paul James (Primary PI) 1177",Restoration of Native Plant Communities after Biological Control of Russian Knapweed,1177-Agricultural Biology,1177,Agricultural Biology,Agricultural Sciences-Academic Units (E1),2024-05-01,2024,2027-04-30,FALSE,53.5,MTDC,USDA-USFS-Forest Health Protection,,Federal,,2023-10-31,2023,,FALSE,122200.41,USDA-USFS-Forest Health Protection,Federal,Direct sponsor reported; prime sponsor unavailable,FALSE,Federal,FALSE,FALSE
K000157439,17159564,157439,New,"Stackhouse-Lawson,Kimberly Rose","Stackhouse-Lawson,Kimberly Rose (Primary PI) 1171; Raynor,Edward James (Co-PI) 1171; Shadbolt,Anna Margaux (Co-PI) 1171",Coupling Tech Herding and Emissions Measurement Technologies to Develop Sustainable Grazing Strategies on the Shortgrass Steppe,1171-Animal Sciences,1171,Animal Sciences,Agricultural Sciences-Academic Units (E1),2024-04-01,2024,2025-03-31,FALSE,10,TDC,Montana State University,,Other Domestic Higher Education,,2023-10-31,2023,Funded,TRUE,74996.27,Montana State University,Other Domestic Higher Education,Direct sponsor reported; prime sponsor unavailable,FALSE,Other,FALSE,FALSE
K000157333,17159559,157333,New,"Hufbauer,Ruth A","Hufbauer,Ruth A (Primary PI) 1177; Jardeleza,Marcel Kate Guarin (Key Person) 1878",Marcel Jardeleza: Assessing Herbivory And Predation On Herbivorous Arthropods On Crops After The Loss Of Birds,1177-Agricultural Biology,1177,Agricultural Biology,Agricultural Sciences-Academic Units (E1),2024-04-15,2024,2026-04-14,FALSE,0,No Indirect Cost Allowed,USDA-NIFA-National Institute of Food and Agriculture,,Federal,,2023-10-31,2023,Funded,TRUE,116811.66,USDA-NIFA-National Institute of Food and Agriculture,Federal,Direct sponsor reported; prime sponsor unavailable,FALSE,Federal,FALSE,FALSE
K000154945,17158431,154945,Continuation,"Blecker,Lisa Ann","Blecker,Lisa Ann (Primary PI) 1177",The Pesticide Regulatory Education Program (PREP) Network,1177-Agricultural Biology,1177,Agricultural Biology,Agricultural Sciences-Academic Units (E1),2022-10-01,2022,2023-09-30,FALSE,34,MTDC,EPA-Environmental Protection Agency,,Federal,,2023-10-30,2023,Funded,TRUE,534999.85,EPA-Environmental Protection Agency,Federal,Direct sponsor reported; prime sponsor unavailable,FALSE,Federal,FALSE,FALSE
K000157252,17158136,157252,New,"Fedorka,Carleigh Elizabeth","Fedorka,Carleigh Elizabeth (Primary PI) 1171; Sones,Jennifer L (Co-PI) 1678; Bosco-Lauth,Angela M (Key Person) 1680; Coleman,Stephen John (Key Person) 1171",Development of an Experimental Model for Nocardioform Placentitis,1171-Animal Sciences,1171,Animal Sciences,Agricultural Sciences-Academic Units (E1),2024-04-01,2024,2026-03-31,FALSE,10,TDC,Grayson-Jockey Club Research Foundation,,Domestic Foundations,,2023-10-27,2023,,FALSE,152186.83,Grayson-Jockey Club Research Foundation,Domestic Foundations,Direct sponsor reported; prime sponsor unavailable,FALSE,Foundation/nonprofit,FALSE,FALSE
K000157411,17157385,157411,New,"Dao,Phuong Duc","Dao,Phuong Duc (Primary PI) 1177; Roberts,Robyn (Co-PI) 1177",Developing a Commercial High-Throughput Crop Disease Monitoring System with Drone Hyperspectral Imaging and Machine Learning,1177-Agricultural Biology,1177,Agricultural Biology,Agricultural Sciences-Academic Units (E1),2024-04-01,2024,2027-03-31,FALSE,8,TDC,Colorado Office of Economic Development and Intl Trade,,State of Colorado,,2023-10-25,2023,Funded,TRUE,120000.45,Colorado Office of Economic Development and Intl Trade,State of Colorado,Direct sponsor reported; prime sponsor unavailable,FALSE,State,FALSE,FALSE
K000157384,17157381,157384,Supplement/Additional Funding,"Ode,Paul James","Ode,Paul James (Primary PI) 1177",Dissecting Hormonal Crosstalk during Tomato Fruit Development,1177-Agricultural Biology,1177,Agricultural Biology,Agricultural Sciences-Academic Units (E1),2023-10-01,2023,2024-07-31,FALSE,52,MTDC,NSF-National Science Foundation,,Federal,,2023-10-25,2023,,FALSE,92878.09,NSF-National Science Foundation,Federal,Direct sponsor reported; prime sponsor unavailable,FALSE,Federal,FALSE,FALSE
K000157133,17157375,157133,New,"Roberts,Robyn","Roberts,Robyn (Primary PI) 1177; Mason,Richard Esten (Co-PI) 1170",Mapping and Identifying Climate-Resilient Resistance Traits against Wheat Viruses,1177-Agricultural Biology,1177,Agricultural Biology,Agricultural Sciences-Academic Units (E1),2024-04-01,2024,2027-03-31,FALSE,38.69,TDC,USDA-NIFA-National Institute of Food and Agriculture,,Federal,,2023-10-25,2023,,FALSE,499994.95,USDA-NIFA-National Institute of Food and Agriculture,Federal,Direct sponsor reported; prime sponsor unavailable,FALSE,Federal,FALSE,FALSE
K000157367,17157365,157367,New,"Wardle,Erik M","Wardle,Erik M (Primary PI) 1170; Essah,Samuel YC (Co-PI) 3043; Jones-Diamond,Sally Marie (Co-PI) 1170; Bauder,Troy A (Co-PI) 3001",Modernizing Nutrient Management Recommendations for Climate-Smart Crop Production in the West: The Fertilizer Recommendation Support Tool (FRST),1170-Soil + Crop Sciences,1170,Soil + Crop Sciences,Agricultural Sciences-Academic Units (E1),2024-06-01,2024,2029-05-31,FALSE,0,No Indirect Cost Allowed,Utah State University,USDA-NRCS-Natural Resources Consvtn Srv,Other Domestic Higher Education,Federal,2023-10-25,2023,,FALSE,598649.21,USDA-NRCS-Natural Resources Consvtn Srv,Federal,Prime sponsor reported; direct sponsor is pass-through,TRUE,Federal,FALSE,FALSE
K000157232,17157357,157232,New,"Edwards-Callaway,Lily Nowell","Edwards-Callaway,Lily Nowell (Primary PI) 1171; Engle,Terry E (Co-PI) 1171; Narayanan Nair,Mahesh (Co-PI) 1171",Dark Cutting Beef-What do we Know and What do we Need to Know to Develop Industry Solutions to Improve Meat Quality?,1171-Animal Sciences,1171,Animal Sciences,Agricultural Sciences-Academic Units (E1),2023-11-15,2023,2024-11-14,FALSE,0,No Indirect Cost Allowed,National Cattlemens Beef Association,,Domestic Non-Profit (other than Domestic Foundations),,2023-10-25,2023,Funded,TRUE,10000.17,National Cattlemens Beef Association,Domestic Non-Profit (other than Domestic Foundations),Direct sponsor reported; prime sponsor unavailable,FALSE,Foundation/nonprofit,FALSE,FALSE
K000157233,17157353,157233,New,"Manriquez Alvarez,Diego Ignacio","Manriquez Alvarez,Diego Ignacio (Primary PI) 1171","Optimizing Individualized Feeding to Increase Production And Profit, And Minimize Environmental Impacts Of Dairy Farms",1171-Animal Sciences,1171,Animal Sciences,Agricultural Sciences-Academic Units (E1),2024-06-01,2024,2028-05-31,FALSE,42.85,TDC,Virginia Tech University,USDA-NIFA-National Institute of Food and Agriculture,Other Domestic Higher Education,Federal,2023-10-25,2023,Funded,TRUE,119617.28,USDA-NIFA-National Institute of Food and Agriculture,Federal,Prime sponsor reported; direct sponsor is pass-through,TRUE,Federal,FALSE,FALSE
K000157225,17157347,157225,Resubmission,"Chitwood-Brown,Jessica","Chitwood-Brown,Jessica (Primary PI) 1173; Rhodes,Davina Hope (Co-PI) 1173",Understanding the Genetics of Potato Carotenoids to Facilitate Breeding,1173-Horticulture + Landscape Architecture,1173,Horticulture + Landscape Architecture,Agricultural Sciences-Academic Units (E1),2024-04-01,2024,2028-03-31,FALSE,42.85,TDC,USDA-NIFA-National Institute of Food and Agriculture,,Federal,,2023-10-25,2023,,FALSE,649781.33,USDA-NIFA-National Institute of Food and Agriculture,Federal,Direct sponsor reported; prime sponsor unavailable,FALSE,Federal,FALSE,FALSE
K000157074,17157343,157074,New,"Roberts,Robyn","Roberts,Robyn (Primary PI) 1177",Identifying Wheat Susceptibility Genes And Pathogen Virulence Factors Of A Re-Emerging Bacterial Disease,1177-Agricultural Biology,1177,Agricultural Biology,Agricultural Sciences-Academic Units (E1),2024-04-01,2024,2027-03-31,FALSE,42.85,TDC,USDA-NIFA-National Institute of Food and Agriculture,,Federal,,2023-10-25,2023,,FALSE,575105.32,USDA-NIFA-National Institute of Food and Agriculture,Federal,Direct sponsor reported; prime sponsor unavailable,FALSE,Federal,FALSE,FALSE
K000156682,17156284,156682,New,"Leach,Jan E","Leach,Jan E (Primary PI) 1177; Trivedi,Pankaj (Co-PI) 1177",Identification of Rice Genes that Structure the Leaf Microbial Community for Enhanced Disease Resistance,1177-Agricultural Biology,1177,Agricultural Biology,Agricultural Sciences-Academic Units (E1),2024-03-01,2024,2027-02-28,FALSE,53.5,MTDC,USDA-NIFA-National Institute of Food and Agriculture,,Federal,,2023-10-23,2023,Funded,TRUE,849994.84,USDA-NIFA-National Institute of Food and Agriculture,Federal,Direct sponsor reported; prime sponsor unavailable,FALSE,Federal,FALSE,FALSE
K000156425,17156227,156425,New,"Hess,Tanja","Hess,Tanja (Primary PI) 1171; Grandin,Temple (Co-PI) 1171; Peters,Brittany Caitlin (Key Person) 1171",Assessment of the Welfare in Equine-Assisted Therapy Horses,1171-Animal Sciences,1171,Animal Sciences,Agricultural Sciences-Academic Units (E1),2024-01-01,2024,2025-12-31,FALSE,8,TDC,Morris Animal Foundation,,Domestic Foundations,,2023-10-23,2023,,FALSE,119102.21,Morris Animal Foundation,Domestic Foundations,Direct sponsor reported; prime sponsor unavailable,FALSE,Foundation/nonprofit,FALSE,FALSE
K000154722,17155957,154722,New,"Morris,Geoffrey Preston","Morris,Geoffrey Preston (Primary PI) 1170; Rhodes,Davina Hope (Co-PI) 1173; Khakhar,Arjun (Co-PI) 1878; McKay,John K (Co-PI) 1177",Green Evolution - Accelerating Dryland Cereals Improvement for Africa,1170-Soil + Crop Sciences,1170,Soil + Crop Sciences,Agricultural Sciences-Academic Units (E1),2023-12-01,2023,2028-12-31,FALSE,10,TDC,Bill and Melinda Gates Foundation,,Domestic Foundations,,2023-10-20,2023,Funded,TRUE,9999998.81,Bill and Melinda Gates Foundation,Domestic Foundations,Direct sponsor reported; prime sponsor unavailable,FALSE,Foundation/nonprofit,FALSE,FALSE
K000157292,17155923,157292,Supplement/Additional Funding,"Morris,Geoffrey Preston","Morris,Geoffrey Preston (Primary PI) 1170",Feed the Future Innovation Lab for Crop Improvement (CIIL),1170-Soil + Crop Sciences,1170,Soil + Crop Sciences,Agricultural Sciences-Academic Units (E1),2023-07-24,2023,2024-09-24,FALSE,52,MTDC,Cornell University,DOS-AID-Agency for Inter. Development,Other Domestic Higher Education,Federal,2023-10-20,2023,Funded,TRUE,157768.89,DOS-AID-Agency for Inter. Development,Federal,Prime sponsor reported; direct sponsor is pass-through,TRUE,Federal,FALSE,FALSE
K000157229,17155815,157229,New,"Burcham,Daniel C","Burcham,Daniel C (Primary PI) 1173",Monitoring Tree Structural Health with Modal Properties Estimated from Ambient Vibration,1173-Horticulture + Landscape Architecture,1173,Horticulture + Landscape Architecture,Agricultural Sciences-Academic Units (E1),2024-01-01,2024,2025-06-30,FALSE,10,TDC,Tree Research and Education Endowment Fund,,Domestic Non-Profit (other than Domestic Foundations),,2023-10-17,2023,,FALSE,24916.67,Tree Research and Education Endowment Fund,Domestic Non-Profit (other than Domestic Foundations),Direct sponsor reported; prime sponsor unavailable,FALSE,Foundation/nonprofit,FALSE,FALSE
K000157359,17154867,157359,New,"Argueso,Cristiana","Argueso,Cristiana (Primary PI) 1177",IPA: Cris Argueso: Program Director in the Physiological and Structural Systems Program,1177-Agricultural Biology,1177,Agricultural Biology,Agricultural Sciences-Academic Units (E1),2023-10-23,2023,2024-10-22,FALSE,0,No Indirect Cost Allowed,NSF-National Science Foundation,,Federal,,2023-10-06,2023,Funded,TRUE,164342.78,NSF-National Science Foundation,Federal,Direct sponsor reported; prime sponsor unavailable,FALSE,Federal,FALSE,FALSE
K000156976,17154855,156976,New,"Kremen,Amy E","Kremen,Amy E (Primary PI) 1170; Martin,Timothy (Co-PI) 1170",Applications of OpenET and Satellite-Based Evapotranspiration Information to Advance Data-Driven Water Management in the Southwest and Southern Plains Regions,1170-Soil + Crop Sciences,1170,Soil + Crop Sciences,Agricultural Sciences-Academic Units (E1),2024-07-01,2024,2027-06-30,FALSE,42.85,TDC,California State University Monterey Bay,USDA-NIFA-National Institute of Food and Agriculture,Other Domestic Higher Education,Federal,2023-10-06,2023,Funded,TRUE,232963.78,USDA-NIFA-National Institute of Food and Agriculture,Federal,Prime sponsor reported; direct sponsor is pass-through,TRUE,Federal,FALSE,FALSE
K000156690,17154843,156690,New,"Stanley,Paige Lauren","Stanley,Paige Lauren (Primary PI) 1170; Wrighton,Kelly Catherine (Co-PI) 1170; Archibeque,Shawn (Co-PI) 1171; Machmuller,Megan B (Co-PI) 1170; Cotrufo,Maria Francesca (Co-PI) 1170",Unveiling Manure Mysteries: Tracing Soil Carbon Dynamics In Grazinglands With Stable Isotopes,1170-Soil + Crop Sciences,1170,Soil + Crop Sciences,Agricultural Sciences-Academic Units (E1),2024-06-01,2024,2027-05-31,FALSE,42.85,TDC,USDA-NIFA-National Institute of Food and Agriculture,,Federal,,2023-10-06,2023,,FALSE,719016.32,USDA-NIFA-National Institute of Food and Agriculture,Federal,Direct sponsor reported; prime sponsor unavailable,FALSE,Federal,FALSE,FALSE
K000156927,17154799,156927,New,"Carvalho,Pedro Henrique","Carvalho,Pedro Henrique (Primary PI) 1171; Stackhouse-Lawson,Kimberly Rose (Co-PI) 1171; Thoma,Gregory (Co-PI) 3001; Manriquez Alvarez,Diego Ignacio (Co-PI) 1171; Place,Sara (Co-PI) 1171",Assessing the Impact of Production Technologies on Sustainability of Beef and Dairy Industries,1171-Animal Sciences,1171,Animal Sciences,Agricultural Sciences-Academic Units (E1),2023-09-01,2023,2025-12-31,FALSE,53.5,MTDC,Zoetis,,Domestic Commercial,,2023-10-06,2023,Funded,TRUE,276041.65,Zoetis,Domestic Commercial,Direct sponsor reported; prime sponsor unavailable,FALSE,Industry,FALSE,FALSE
K000156687,17154629,156687,New,"Wilkins,Michael James","Wilkins,Michael James (Primary PI) 1170; Willige,Bjorn Christopher (Co-PI) 1170",The Seed Microbiome as a Critical Factor Underlying Post-Fire Forest Resilience,1170-Soil + Crop Sciences,1170,Soil + Crop Sciences,Agricultural Sciences-Academic Units (E1),2024-08-01,2024,2027-07-31,FALSE,35.54,TDC,USDA-NIFA-National Institute of Food and Agriculture,,Federal,,2023-10-06,2023,,FALSE,848599.9,USDA-NIFA-National Institute of Food and Agriculture,Federal,Direct sponsor reported; prime sponsor unavailable,FALSE,Federal,FALSE,FALSE
K000157217,17154446,157217,New,"Pires,Joseph Chris","Pires,Joseph Chris (Primary PI) 1170",Enhancing Capabilities of COMET-Planner,1170-Soil + Crop Sciences,1170,Soil + Crop Sciences,Agricultural Sciences-Academic Units (E1),2023-10-01,2023,2025-09-30,FALSE,10,TDC,USDA-Foreign Agricultural Service,,Federal,,2023-10-05,2023,Funded,TRUE,619999.62,USDA-Foreign Agricultural Service,Federal,Direct sponsor reported; prime sponsor unavailable,FALSE,Federal,FALSE,FALSE
K000157124,17154374,157124,Supplement/Additional Funding,"Edwards-Callaway,Lily Nowell","Edwards-Callaway,Lily Nowell (Primary PI) 1171",Understanding Caretaker Perspectives to Improve Cattle Welfare,1171-Animal Sciences,1171,Animal Sciences,Agricultural Sciences-Academic Units (E1),2023-09-29,2023,2024-07-01,FALSE,0,No Indirect Cost Allowed,National Cattlemens Beef Association,,Domestic Non-Profit (other than Domestic Foundations),,2023-10-04,2023,Funded,TRUE,15000,National Cattlemens Beef Association,Domestic Non-Profit (other than Domestic Foundations),Direct sponsor reported; prime sponsor unavailable,FALSE,Foundation/nonprofit,FALSE,FALSE
K000157251,17154370,157251,New,"Manriquez Alvarez,Diego Ignacio","Manriquez Alvarez,Diego Ignacio (Primary PI) 1171",Evaluating Farm Performance and Resource Use in Farms Adopting Dairy Technologies,1171-Animal Sciences,1171,Animal Sciences,Agricultural Sciences-Academic Units (E1),2024-06-01,2024,2029-05-31,FALSE,53.5,MTDC,Texas A and M University,USDA-NIFA-National Institute of Food and Agriculture,Other Domestic Higher Education,Federal,2023-10-04,2023,,FALSE,213004.26,USDA-NIFA-National Institute of Food and Agriculture,Federal,Prime sponsor reported; direct sponsor is pass-through,TRUE,Federal,FALSE,FALSE
K000157271,17153964,157271,New,"Heuberger,Adam L","Heuberger,Adam L (Primary PI) 1173",Development of Lab-based Assays to Screen for Potato Soft Rot and Blackleg Disease Resistance,1173-Horticulture + Landscape Architecture,1173,Horticulture + Landscape Architecture,Agricultural Sciences-Academic Units (E1),2023-10-01,2023,2024-07-31,FALSE,0,No Indirect Cost Allowed,USDA-ARS-Agricultural Research Service,,Federal,,2023-09-28,2023,Funded,TRUE,8682.67,USDA-ARS-Agricultural Research Service,Federal,Direct sponsor reported; prime sponsor unavailable,FALSE,Federal,FALSE,FALSE
K000157006,17153738,157006,New,"Tembrock,Luke R","Tembrock,Luke R (Primary PI) 1177",Development and Deployment of Molecular Diagnostics for Detection and Identification of Plant Pests of Regulatory Concern for PPQ,1177-Agricultural Biology,1177,Agricultural Biology,Agricultural Sciences-Academic Units (E1),2023-09-01,2023,2024-08-31,FALSE,10,TDC,USDA-APHIS-Animal Plant Health Insp Srvc,,Federal,,2023-09-26,2023,Funded,TRUE,299985.8,USDA-APHIS-Animal Plant Health Insp Srvc,Federal,Direct sponsor reported; prime sponsor unavailable,FALSE,Federal,FALSE,FALSE
K000157081,17153732,157081,New,"Nachappa,Punya","Nachappa,Punya (Primary PI) 1177; MacWilliams,Jacob Robert (Co-PI) 1177","Biology and Management of Hop Latent Viroid, an Emerging Pathogen of Hemp",1177-Agricultural Biology,1177,Agricultural Biology,Agricultural Sciences-Academic Units (E1),2024-01-01,2024,2025-12-31,FALSE,42.85,TDC,USDA-NIFA-National Institute of Food and Agriculture,,Federal,,2023-09-26,2023,Funded,TRUE,299992.43,USDA-NIFA-National Institute of Food and Agriculture,Federal,Direct sponsor reported; prime sponsor unavailable,FALSE,Federal,FALSE,FALSE
K000156943,17153725,156943,Resubmission,"Bagheri Toulabi,Sahar","Bagheri Toulabi,Sahar (Primary PI) 1173; Weir,Tiffany L (Key Person) 1571; Prenni,Jessica E (Key Person) 1173; Thompson,Henry J (Key Person) 1173",Potato Carbohydrate and Associated Phytochemicals (PCAP) As A Driver Of Gut Health: A Value-Added Trait of Select Cultivars,1173-Horticulture + Landscape Architecture,1173,Horticulture + Landscape Architecture,Agricultural Sciences-Academic Units (E1),2024-01-14,2024,2026-01-13,FALSE,0,No Indirect Cost Allowed,USDA-NIFA-National Institute of Food and Agriculture,,Federal,,2023-09-26,2023,Funded,TRUE,224542.6,USDA-NIFA-National Institute of Food and Agriculture,Federal,Direct sponsor reported; prime sponsor unavailable,FALSE,Federal,FALSE,FALSE
K000156978,17153702,156978,New,"Eubanks,Micky","Eubanks,Micky (Primary PI) 1177; Schreiner,Melissa Ann (Co-PI) 4030",Development of an Integrated Pest Management Program against an Outbreaking Pest of Colorado Sweet Corn,1177-Agricultural Biology,1177,Agricultural Biology,Agricultural Sciences-Academic Units (E1),2024-05-01,2024,2026-04-30,FALSE,42.85,TDC,USDA-NIFA-National Institute of Food and Agriculture,,Federal,,2023-09-26,2023,,FALSE,292825.62,USDA-NIFA-National Institute of Food and Agriculture,Federal,Direct sponsor reported; prime sponsor unavailable,FALSE,Federal,FALSE,FALSE
K000157095,17153687,157095,Resubmission,"Nalam,Vamsi","Nalam,Vamsi (Primary PI) 1177; Han,Jinlong (Co-PI) 1177",Unraveling the Role of Diurnal Rhythms in Aphid Salivary Effectors and Plant Responses,1177-Agricultural Biology,1177,Agricultural Biology,Agricultural Sciences-Academic Units (E1),2024-01-01,2024,2026-12-31,FALSE,34.64,TDC,USDA-NIFA-National Institute of Food and Agriculture,,Federal,,2023-09-26,2023,,FALSE,749740.91,USDA-NIFA-National Institute of Food and Agriculture,Federal,Direct sponsor reported; prime sponsor unavailable,FALSE,Federal,FALSE,FALSE
K000155874,17153639,155874,Supplement/Additional Funding,"Stewart,Jane E","Stewart,Jane E (Primary PI) 1177",Development of a Myrtle Rust Surveillance Network in Hawaii to Distinguish Austropuccinia psidii Biotypes Using a Newly Developed Diagnostic Tool,1177-Agricultural Biology,1177,Agricultural Biology,Agricultural Sciences-Academic Units (E1),2023-07-01,2023,2024-06-30,FALSE,15,TDC,USDA-USFS-Forest Research,,Federal,,2023-09-26,2023,Funded,TRUE,11283.69,USDA-USFS-Forest Research,Federal,Direct sponsor reported; prime sponsor unavailable,FALSE,Federal,FALSE,FALSE
K000157099,17153511,157099,Supplement/Additional Funding,"Bauder,Troy A","Bauder,Troy A (Primary PI) 3001",Research Support Agreement - Acquisition of Goods and Services,1170-Soil + Crop Sciences,1170,Soil + Crop Sciences,Agricultural Sciences-Academic Units (E1),2023-09-01,2023,2024-08-30,FALSE,10,TDC,USDA-ARS-Agricultural Research Service,,Federal,,2023-09-22,2023,Funded,TRUE,78995.97,USDA-ARS-Agricultural Research Service,Federal,Direct sponsor reported; prime sponsor unavailable,FALSE,Federal,FALSE,FALSE
K000156792,17153224,156792,Resubmission,"Minas,Ioannis","Minas,Ioannis (Primary PI) 1173; Koslovsky,Matthew David (Co-PI) 1877; Prenni,Jessica E (Co-PI) 1173",Dissecting Peach Cold Hardiness Eco-Physiology and Metabolism for Improved Frost Control in a Changing Environment,1173-Horticulture + Landscape Architecture,1173,Horticulture + Landscape Architecture,Agricultural Sciences-Academic Units (E1),2024-07-01,2024,2027-06-30,FALSE,42.85,TDC,USDA-NIFA-National Institute of Food and Agriculture,,Federal,,2023-09-18,2023,,FALSE,643909.46,USDA-NIFA-National Institute of Food and Agriculture,Federal,Direct sponsor reported; prime sponsor unavailable,FALSE,Federal,FALSE,FALSE
K000156791,17153207,156791,New,"Fonte,Steven John","Fonte,Steven John (Primary PI) 1170; Ross,Matthew Richard Voss (Co-PI) 1476; Wall,Diana H (Co-PI) 1036; Wrighton,Kelly Catherine (Co-PI) 1170",Understanding the Role of Farm Spatial Complexity and Temporal Diversity to Better Manage Soil Biodiversity and Associated Ecosystem Services,1170-Soil + Crop Sciences,1170,Soil + Crop Sciences,Agricultural Sciences-Academic Units (E1),2024-01-01,2024,2027-12-31,FALSE,42.85,TDC,USDA-NIFA-National Institute of Food and Agriculture,,Federal,,2023-09-18,2023,,FALSE,749802.11,USDA-NIFA-National Institute of Food and Agriculture,Federal,Direct sponsor reported; prime sponsor unavailable,FALSE,Federal,FALSE,FALSE
K000156761,17153197,156761,New,"Prairie,Aaron Michael","Prairie,Aaron Michael (Primary PI) 1170; Wrighton,Kelly Catherine (Key Person) 1170; Fonte,Steven John (Key Person) 1170",Unraveling The Impact Of Biological Diversity On Soil Organic Matter Dynamics In Integrated Crop-Livestock Systems,1170-Soil + Crop Sciences,1170,Soil + Crop Sciences,Agricultural Sciences-Academic Units (E1),2024-07-01,2024,2026-06-30,FALSE,0,No Indirect Cost Allowed,USDA-NIFA-National Institute of Food and Agriculture,,Federal,,2023-09-18,2023,Funded,TRUE,224817.95,USDA-NIFA-National Institute of Food and Agriculture,Federal,Direct sponsor reported; prime sponsor unavailable,FALSE,Federal,FALSE,FALSE
K000157056,17153097,157056,Supplement/Additional Funding,"Schipanski,Meagan Erin","Schipanski,Meagan Erin (Primary PI) 1170",Understanding Soil and Environmental Effects on Crop Species and Rangeland Ecosystems Under Water Limitation,1170-Soil + Crop Sciences,1170,Soil + Crop Sciences,Agricultural Sciences-Academic Units (E1),2024-01-01,2024,2024-12-31,FALSE,0,No Indirect Cost Allowed,USDA-ARS-Agricultural Research Service,,Federal,,2023-09-15,2023,Funded,TRUE,56502.88,USDA-ARS-Agricultural Research Service,Federal,Direct sponsor reported; prime sponsor unavailable,FALSE,Federal,FALSE,FALSE
K000156850,17153093,156850,New,"Bousselot,Jennifer M","Bousselot,Jennifer M (Primary PI) 1173",Evaluating Crops for Use in Rooftop Agrivoltaics in Mediterranean and High Elevation Temperate Climates,1173-Horticulture + Landscape Architecture,1173,Horticulture + Landscape Architecture,Agricultural Sciences-Academic Units (E1),2024-05-01,2024,2027-04-30,FALSE,20,TDC,Binational Agricultural Research and Development Fund,,Foreign Government,,2023-09-15,2023,,FALSE,302650.07,Binational Agricultural Research and Development Fund,Foreign Government,Direct sponsor reported; prime sponsor unavailable,FALSE,Other,FALSE,FALSE
K000157015,17153085,157015,New,"Blecker,Steven","Blecker,Steven (Primary PI) 3001",Biosolids Land Application Research Program,1170-Soil + Crop Sciences,1170,Soil + Crop Sciences,Agricultural Sciences-Academic Units (E1),2024-01-01,2024,2024-12-31,FALSE,26,MTDC,South Platte Water Renewal Partners,,State of Colorado Other Local Government,,2023-09-15,2023,Funded,TRUE,99887.93,South Platte Water Renewal Partners,State of Colorado Other Local Government,Direct sponsor reported; prime sponsor unavailable,FALSE,State,FALSE,FALSE
K000156752,17153058,156752,Resubmission,"Cadaret,Caitlin","Cadaret,Caitlin (Primary PI) 1171; Coleman,Stephen John (Co-PI) 1171",Preliminary Investigations Of Reproductive Dynamics In Lambs Born From Nutrient Challenged Dams,1171-Animal Sciences,1171,Animal Sciences,Agricultural Sciences-Academic Units (E1),2024-01-01,2024,2025-12-31,FALSE,42.85,TDC,USDA-NIFA-National Institute of Food and Agriculture,,Federal,,2023-09-15,2023,Funded,TRUE,299999.11,USDA-NIFA-National Institute of Food and Agriculture,Federal,Direct sponsor reported; prime sponsor unavailable,FALSE,Federal,FALSE,FALSE
K000156833,17153054,156833,New,"Martin,Jennifer Nicole","Martin,Jennifer Nicole (Primary PI) 1171",Cattle and Carcass Grading Correlation Training Center,1171-Animal Sciences,1171,Animal Sciences,Agricultural Sciences-Academic Units (E1),2023-08-17,2023,2024-08-16,FALSE,10,TDC,USDA-AMS-Agricultural Marketing Service,,Federal,,2023-09-15,2023,Funded,TRUE,50000.13,USDA-AMS-Agricultural Marketing Service,Federal,Direct sponsor reported; prime sponsor unavailable,FALSE,Federal,FALSE,FALSE
K000156684,17153040,156684,New,"Wilkins,Michael James","Wilkins,Michael James (Primary PI) 1170",Microbiome and Subsurface Biogeochemical Impacts of Post-Fire In-Stream Treatments,1170-Soil + Crop Sciences,1170,Soil + Crop Sciences,Agricultural Sciences-Academic Units (E1),2023-09-01,2023,2028-08-31,FALSE,0,No Indirect Cost Allowed,USDA-USFS-Rocky Mtn. Rsrch Station - CO,,Federal,,2023-09-15,2023,Funded,TRUE,354356.27,USDA-USFS-Rocky Mtn. Rsrch Station - CO,Federal,Direct sponsor reported; prime sponsor unavailable,FALSE,Federal,FALSE,FALSE
K000156614,17153034,156614,New,"Suter,Jordan","Suter,Jordan (Primary PI) 1172; DeLay,Nathan D (Key Person) 1172; Mooney,Daniel F (Key Person) 1172",Economics Analysis of Feral Swine Impacts to Agriculture and Natural Resources,1172-Agricultural + Resource Economics,1172,Agricultural + Resource Economics,Agricultural Sciences-Academic Units (E1),2023-09-15,2023,2024-09-14,FALSE,10,TDC,USDA-APHIS-Animal Plant Health Insp Srvc,,Federal,,2023-09-15,2023,Funded,TRUE,200163.13,USDA-APHIS-Animal Plant Health Insp Srvc,Federal,Direct sponsor reported; prime sponsor unavailable,FALSE,Federal,TRUE,FALSE
K000156597,17152991,156597,New,"Dayan,Franck E","Dayan,Franck E (Primary PI) 1177",Discovery of the Mode of Action of Chalcones with Herbicidal Activity,1177-Agricultural Biology,1177,Agricultural Biology,Agricultural Sciences-Academic Units (E1),2023-12-01,2023,2024-11-30,FALSE,0,No Indirect Cost Allowed,Weed Science Society of America,,Domestic Non-Profit (other than Domestic Foundations),,2023-09-15,2023,,FALSE,99495.59,Weed Science Society of America,Domestic Non-Profit (other than Domestic Foundations),Direct sponsor reported; prime sponsor unavailable,FALSE,Foundation/nonprofit,FALSE,FALSE
K000156578,17152969,156578,New,"Manriquez Alvarez,Diego Ignacio","Manriquez Alvarez,Diego Ignacio (Primary PI) 1171; Raabis,Sarah Marie (Co-PI) 1678; Pinedo,Pablo J (Co-PI) 1171; Cramer,Mary Caitlin (Co-PI) 1171; Carvalho,Pedro Henrique (Co-PI) 1171","Enhancing Replacement Holstein Dairy Heifers' Growth, Health, And Reproductive Performance Via Extended Colostrum Feeding Strategies",1171-Animal Sciences,1171,Animal Sciences,Agricultural Sciences-Academic Units (E1),2024-03-01,2024,2026-02-28,FALSE,42.85,TDC,USDA-NIFA-National Institute of Food and Agriculture,,Federal,,2023-09-15,2023,,FALSE,299713.77,USDA-NIFA-National Institute of Food and Agriculture,Federal,Direct sponsor reported; prime sponsor unavailable,FALSE,Federal,FALSE,FALSE
K000156288,17152769,156288,Resubmission,"Cramer,Mary Caitlin","Cramer,Mary Caitlin (Primary PI) 1171; Keller,Kayleigh (Co-PI) 1877; Edwards-Callaway,Lily Nowell (Co-PI) 1171; Roman-Muniz,Ivette Noami (Co-PI) 1171",Filling Critical Knowledge Gaps About The Welfare Of Transported Calves During The First Week Of Life In The US,1171-Animal Sciences,1171,Animal Sciences,Agricultural Sciences-Academic Units (E1),2024-07-01,2024,2027-06-30,FALSE,42.85,TDC,USDA-NIFA-National Institute of Food and Agriculture,,Federal,,2023-09-13,2023,,FALSE,632661.86,USDA-NIFA-National Institute of Food and Agriculture,Federal,Direct sponsor reported; prime sponsor unavailable,FALSE,Federal,FALSE,FALSE
K000156804,17152763,156804,New,"Goetz,Bradley C","Goetz,Bradley C (Primary PI) 1173; Curl,Kelly Anne (Co-PI) 1173",RTCA Colorado Landscape Architecture Community Assistance Projects,1173-Horticulture + Landscape Architecture,1173,Horticulture + Landscape Architecture,Agricultural Sciences-Academic Units (E1),2023-08-01,2023,2025-01-31,FALSE,17.5,TDC,DOI-NPS-National Park Service,,Federal,,2023-09-13,2023,Funded,TRUE,77146.98,DOI-NPS-National Park Service,Federal,Direct sponsor reported; prime sponsor unavailable,FALSE,Federal,FALSE,FALSE
K000156633,17152390,156633,New,"Szczepaniec,Adrianna","Szczepaniec,Adrianna (Primary PI) 1177",Applied Research and IPM for Dryland Systems (ARIDS) at Colorado State University,1177-Agricultural Biology,1177,Agricultural Biology,Agricultural Sciences-Academic Units (E1),2024-05-01,2024,2029-04-30,FALSE,53.5,MTDC,USDA-NIFA-National Institute of Food and Agriculture,,Federal,,2023-09-07,2023,Funded,TRUE,749275.62,USDA-NIFA-National Institute of Food and Agriculture,Federal,Direct sponsor reported; prime sponsor unavailable,FALSE,Federal,FALSE,FALSE
K000156774,17152374,156774,New,"Schipanski,Meagan Erin","Schipanski,Meagan Erin (Primary PI) 1170; Schneekloth,Joel (Co-PI) 1033; Prenni,Jessica E (Co-PI) 1173; Wrighton,Kelly Catherine (Co-PI) 1170; Avera,Bethany (Co-PI) 1170",Co-Selection of Sorghum Root Traits to Enhance Water and N Acquisition in Semi-Arid Environments,1170-Soil + Crop Sciences,1170,Soil + Crop Sciences,Agricultural Sciences-Academic Units (E1),2024-03-01,2024,2027-02-28,FALSE,40.63,TDC,USDA-NIFA-National Institute of Food and Agriculture,,Federal,,2023-09-07,2023,,FALSE,649769.49,USDA-NIFA-National Institute of Food and Agriculture,Federal,Direct sponsor reported; prime sponsor unavailable,FALSE,Federal,FALSE,FALSE
K000155449,17152356,155449,New,"Brown,Ansley Joseph","Brown,Ansley Joseph (Primary PI) 1170; Welch,Christina N (Co-PI) 1170; Wardle,Erik M (Co-PI) 1170; Deleon,Emmanuel (Co-PI) 1170",Low-Cost IoT Technology for Runoff Water Quality Comparison with Traditional Methods,1170-Soil + Crop Sciences,1170,Soil + Crop Sciences,Agricultural Sciences-Academic Units (E1),2023-07-01,2023,2024-06-30,FALSE,15,TDC,Colorado Department of Natural Resources,,State of Colorado,,2023-09-07,2023,Funded,TRUE,48126.48,Colorado Department of Natural Resources,State of Colorado,Direct sponsor reported; prime sponsor unavailable,FALSE,State,FALSE,FALSE
K000155738,17152182,155738,New,"Stewart,Jane E","Stewart,Jane E (Primary PI) 1177",Assessing the Drivers of Ponderosa Pine Dieback and Mortality in the Rocky Mountains,1177-Agricultural Biology,1177,Agricultural Biology,Agricultural Sciences-Academic Units (E1),2023-09-01,2023,2028-06-08,FALSE,15,TDC,USDA-USFS-Rocky Mtn. Rsrch Station - CO,,Federal,,2023-09-05,2023,Funded,TRUE,77256.17,USDA-USFS-Rocky Mtn. Rsrch Station - CO,Federal,Direct sponsor reported; prime sponsor unavailable,FALSE,Federal,FALSE,FALSE
K000155747,17152178,155747,New,"Stewart,Jane E","Stewart,Jane E (Primary PI) 1177",Development of Field-Based Diagnostic Tools to Identify Armillaria Species,1177-Agricultural Biology,1177,Agricultural Biology,Agricultural Sciences-Academic Units (E1),2023-09-01,2023,2027-06-08,FALSE,15,TDC,USDA-USFS-Rocky Mtn. Rsrch Station - CO,,Federal,,2023-09-05,2023,Funded,TRUE,44904.02,USDA-USFS-Rocky Mtn. Rsrch Station - CO,Federal,Direct sponsor reported; prime sponsor unavailable,FALSE,Federal,FALSE,FALSE
K000156554,17152174,156554,New,"Stewart,Jane E","Stewart,Jane E (Primary PI) 1177","Development of DNA-Based, Diagnostic Tools to Detect and Identify Invasive Forest Pathogens in the Field and Ports of Entry",1177-Agricultural Biology,1177,Agricultural Biology,Agricultural Sciences-Academic Units (E1),2023-09-01,2023,2028-08-31,FALSE,0,No Indirect Cost Allowed,USDA-USFS-Pacific NW Exp Statn,,Federal,,2023-09-05,2023,Funded,TRUE,209999.98,USDA-USFS-Pacific NW Exp Statn,Federal,Direct sponsor reported; prime sponsor unavailable,FALSE,Federal,FALSE,FALSE
K000156534,17152085,156534,New,"Woerman,Matthew Augustine","Woerman,Matthew Augustine (Primary PI) 1172","The Economics of Climate, Groundwater, and Agriculture: Empirical Evidence from U.S. Cropland",1172-Agricultural + Resource Economics,1172,Agricultural + Resource Economics,Agricultural Sciences-Academic Units (E1),2024-09-01,2024,2028-08-31,FALSE,42.85,TDC,University of Maryland,USDA-NIFA-National Institute of Food and Agriculture,Other Domestic Higher Education,Federal,2023-08-31,2023,Funded,TRUE,107550.99,USDA-NIFA-National Institute of Food and Agriculture,Federal,Prime sponsor reported; direct sponsor is pass-through,TRUE,Federal,TRUE,FALSE
K000156522,17152081,156522,New,"Thompson,Henry J","Thompson,Henry J (Primary PI) 1173",A Precision Approach to Increase Dry Bean Consumption in the United States,1173-Horticulture + Landscape Architecture,1173,Horticulture + Landscape Architecture,Agricultural Sciences-Academic Units (E1),2024-01-01,2024,2026-12-31,FALSE,42.85,TDC,USDA-NIFA-National Institute of Food and Agriculture,,Federal,,2023-08-31,2023,,FALSE,999665.54,USDA-NIFA-National Institute of Food and Agriculture,Federal,Direct sponsor reported; prime sponsor unavailable,FALSE,Federal,FALSE,FALSE
K000156065,17151990,156065,Supplement/Additional Funding,"Stewart,Jane E","Stewart,Jane E (Primary PI) 1177","Molecular Tools for Detection, Identification, and Monitoring of Forest Pathogens",1177-Agricultural Biology,1177,Agricultural Biology,Agricultural Sciences-Academic Units (E1),2023-07-01,2023,2027-06-30,FALSE,0,No Indirect Cost Allowed,USDA-USFS-Forest Health Protection,,Federal,,2023-08-31,2023,Funded,TRUE,116250.35,USDA-USFS-Forest Health Protection,Federal,Direct sponsor reported; prime sponsor unavailable,FALSE,Federal,FALSE,FALSE
K000156712,17151805,156712,New,"Fulladolsa Palma,Ana Cristina","Fulladolsa Palma,Ana Cristina (Primary PI) 1177; Charkowski,Amy Olymbia (Key Person) 1177",Agricultural Biosecurity: A Versatile High-Throughput Molecular Diagnostic Protocol to Detect Plant Pathogens,1177-Agricultural Biology,1177,Agricultural Biology,Agricultural Sciences-Academic Units (E1),2024-04-01,2024,2027-03-31,FALSE,53.5,MTDC,Washington State University,USDA-NIFA-National Institute of Food and Agriculture,Other Domestic Higher Education,Federal,2023-08-28,2023,,FALSE,423393.32,USDA-NIFA-National Institute of Food and Agriculture,Federal,Prime sponsor reported; direct sponsor is pass-through,TRUE,Federal,FALSE,FALSE
K000156802,17151689,156802,New,"Miller,Chad","Miller,Chad (Primary PI) 1173",Cultivating Minds Abroad: Empowering Students Through International Extension Experiences,1173-Horticulture + Landscape Architecture,1173,Horticulture + Landscape Architecture,Agricultural Sciences-Academic Units (E1),2024-08-01,2024,2029-07-31,FALSE,42.85,TDC,University of Georgia,USDA-NIFA-National Institute of Food and Agriculture,Other Domestic Higher Education,Federal,2023-08-25,2023,,FALSE,59954.41,USDA-NIFA-National Institute of Food and Agriculture,Federal,Prime sponsor reported; direct sponsor is pass-through,TRUE,Federal,FALSE,FALSE
K000155340,17151683,155340,New,"Bauman,Allison Gunter","Bauman,Allison Gunter (Primary PI) 1172; Jablonski,Rebecca BR (Co-PI) 1172",Land Tenure and the Next Generation of U.S. Farmers and Ranchers,1172-Agricultural + Resource Economics,1172,Agricultural + Resource Economics,Agricultural Sciences-Academic Units (E1),2024-04-01,2024,2027-03-31,FALSE,32.37,TDC,USDA-NIFA-National Institute of Food and Agriculture,,Federal,,2023-08-25,2023,,FALSE,649596.98,USDA-NIFA-National Institute of Food and Agriculture,Federal,Direct sponsor reported; prime sponsor unavailable,FALSE,Federal,TRUE,FALSE
K000156644,17151224,156644,Supplement/Additional Funding,"Mason,Richard Esten","Mason,Richard Esten (Primary PI) 1170",Wheat Breeding,1170-Soil + Crop Sciences,1170,Soil + Crop Sciences,Agricultural Sciences-Academic Units (E1),2023-07-01,2023,2024-06-30,FALSE,0,No Indirect Cost Allowed,Colorado Wheat Administrative Committee,,Domestic Non-Profit (other than Domestic Foundations),,2023-08-18,2023,Funded,TRUE,412500,Colorado Wheat Administrative Committee,Domestic Non-Profit (other than Domestic Foundations),Direct sponsor reported; prime sponsor unavailable,FALSE,Foundation/nonprofit,FALSE,FALSE
K000156645,17151209,156645,Supplement/Additional Funding,"Mason,Richard Esten","Mason,Richard Esten (Primary PI) 1170",Wheat Breeding Salary,1170-Soil + Crop Sciences,1170,Soil + Crop Sciences,Agricultural Sciences-Academic Units (E1),2023-07-01,2023,2024-06-30,FALSE,0,No Indirect Cost Allowed,Colorado Wheat Administrative Committee,,Domestic Non-Profit (other than Domestic Foundations),,2023-08-18,2023,Funded,TRUE,59493.54,Colorado Wheat Administrative Committee,Domestic Non-Profit (other than Domestic Foundations),Direct sponsor reported; prime sponsor unavailable,FALSE,Foundation/nonprofit,FALSE,FALSE
K000156646,17151205,156646,Supplement/Additional Funding,"Nachappa,Punya","Nachappa,Punya (Primary PI) 1177",Wheat Entomology,1177-Agricultural Biology,1177,Agricultural Biology,Agricultural Sciences-Academic Units (E1),2023-07-01,2023,2024-06-30,FALSE,0,No Indirect Cost Allowed,Colorado Wheat Administrative Committee,,Domestic Non-Profit (other than Domestic Foundations),,2023-08-18,2023,Funded,TRUE,84000,Colorado Wheat Administrative Committee,Domestic Non-Profit (other than Domestic Foundations),Direct sponsor reported; prime sponsor unavailable,FALSE,Foundation/nonprofit,FALSE,FALSE
K000156553,17151201,156553,New,"Stewart,Jane E","Stewart,Jane E (Primary PI) 1177","Detecting, Tracking, and Monitoring Invasive Pathogens Introduced in United States Tree Nurseries and Restoration Sites",1177-Agricultural Biology,1177,Agricultural Biology,Agricultural Sciences-Academic Units (E1),2023-09-01,2023,2028-08-31,FALSE,0,No Indirect Cost Allowed,USDA-USFS-Pacific NW Exp Statn,,Federal,,2023-08-18,2023,Funded,TRUE,259999.75,USDA-USFS-Pacific NW Exp Statn,Federal,Direct sponsor reported; prime sponsor unavailable,FALSE,Federal,FALSE,FALSE
K000156104,17150888,156104,Resubmission,"Edwards-Callaway,Lily Nowell","Edwards-Callaway,Lily Nowell (Primary PI) 1171; Engle,Terry E (Co-PI) 1171",Do Liver Abscesses Cause Pain in Cattle?,1171-Animal Sciences,1171,Animal Sciences,Agricultural Sciences-Academic Units (E1),2024-03-01,2024,2027-02-28,FALSE,28.79,TDC,USDA-NIFA-National Institute of Food and Agriculture,,Federal,,2023-08-15,2023,,FALSE,649937.44,USDA-NIFA-National Institute of Food and Agriculture,Federal,Direct sponsor reported; prime sponsor unavailable,FALSE,Federal,FALSE,FALSE
K000156555,17150572,156555,New,"Nachappa,Punya","Nachappa,Punya (Primary PI) 1177; Mason,Richard Esten (Co-PI) 1170",Identification and Characterization of Genetic Resistance to Wheat Stem Sawfly in Wild Wheat Introgression Lines,1177-Agricultural Biology,1177,Agricultural Biology,Agricultural Sciences-Academic Units (E1),2023-12-01,2023,2025-11-30,FALSE,10,TDC,Kansas State University,NSF-National Science Foundation,Other Domestic Higher Education,Federal,2023-08-10,2023,Funded,TRUE,155036.82,NSF-National Science Foundation,Federal,Prime sponsor reported; direct sponsor is pass-through,TRUE,Federal,FALSE,FALSE
K000156760,17150539,156760,New,"Heuberger,Adam L","Heuberger,Adam L (Primary PI) 1173; Broeckling,Corey D (Co-PI) 2019",Advancing Agricultural Biosecurity Detection and Diagnostics for Re-emerging Potato Tuber Borne Diseases Using Mass Spectrometry Systems,1173-Horticulture + Landscape Architecture,1173,Horticulture + Landscape Architecture,Agricultural Sciences-Academic Units (E1),2024-08-01,2024,2027-07-31,FALSE,42.85,TDC,Montana State University,USDA-NIFA-National Institute of Food and Agriculture,Other Domestic Higher Education,Federal,2023-08-10,2023,,FALSE,278033.78,USDA-NIFA-National Institute of Food and Agriculture,Federal,Prime sponsor reported; direct sponsor is pass-through,TRUE,Federal,FALSE,FALSE
K000156517,17150523,156517,Resubmission,"Thompson,Henry J","Thompson,Henry J (Primary PI) 1173; Weir,Tiffany L (Co-PI) 1571","Dry Bean Flour Types, the Gut Microbiome, and Chronic Disease Risk",1173-Horticulture + Landscape Architecture,1173,Horticulture + Landscape Architecture,Agricultural Sciences-Academic Units (E1),2024-01-01,2024,2027-12-31,FALSE,42.85,TDC,USDA-NIFA-National Institute of Food and Agriculture,,Federal,,2023-08-10,2023,,FALSE,648217.56,USDA-NIFA-National Institute of Food and Agriculture,Federal,Direct sponsor reported; prime sponsor unavailable,FALSE,Federal,FALSE,FALSE
K000156745,17150415,156745,New,"Nachappa,Punya","Nachappa,Punya (Primary PI) 1177",Agricultural Biosecurity: Survey of Beet Curly Top Virus (BCTV) Hosts and Strains across the Western U.S. and Forecasting Disease Risk to Plant Production,1177-Agricultural Biology,1177,Agricultural Biology,Agricultural Sciences-Academic Units (E1),2024-01-01,2024,2026-12-31,FALSE,42.85,TDC,Washington State University,USDA-NIFA-National Institute of Food and Agriculture,Other Domestic Higher Education,Federal,2023-08-07,2023,,FALSE,324998.09,USDA-NIFA-National Institute of Food and Agriculture,Federal,Prime sponsor reported; direct sponsor is pass-through,TRUE,Federal,FALSE,FALSE
K000156658,17150409,156658,New,"Dayan,Franck E","Dayan,Franck E (Primary PI) 1177; Gaines,Todd A (Co-PI) 1177",Innovative Approach to Reverse Metabolism-Based Herbicide Resistance,1177-Agricultural Biology,1177,Agricultural Biology,Agricultural Sciences-Academic Units (E1),2024-08-01,2024,2027-07-31,FALSE,54,MTDC,USDA-NIFA-National Institute of Food and Agriculture,,Federal,,2023-08-07,2023,Funded,TRUE,299220.68,USDA-NIFA-National Institute of Food and Agriculture,Federal,Direct sponsor reported; prime sponsor unavailable,FALSE,Federal,FALSE,FALSE
K000156650,17150405,156650,Supplement/Additional Funding,"Pottorff,Laura Pickett","Pottorff,Laura Pickett (Primary PI) 1170",Foundation Seed,1170-Soil + Crop Sciences,1170,Soil + Crop Sciences,Agricultural Sciences-Academic Units (E1),2023-07-01,2023,2024-06-30,FALSE,0,No Indirect Cost Allowed,Colorado Wheat Administrative Committee,,Domestic Non-Profit (other than Domestic Foundations),,2023-08-07,2023,Funded,TRUE,12000,Colorado Wheat Administrative Committee,Domestic Non-Profit (other than Domestic Foundations),Direct sponsor reported; prime sponsor unavailable,FALSE,Foundation/nonprofit,FALSE,FALSE
K000156649,17150401,156649,Supplement/Additional Funding,"Dayan,Franck E","Dayan,Franck E (Primary PI) 1177",Novel Herbicide Resistance Wheat Project,1177-Agricultural Biology,1177,Agricultural Biology,Agricultural Sciences-Academic Units (E1),2023-07-01,2023,2024-06-30,FALSE,0,No Indirect Cost Allowed,Colorado Wheat Administrative Committee,,Domestic Non-Profit (other than Domestic Foundations),,2023-08-07,2023,Funded,TRUE,20000,Colorado Wheat Administrative Committee,Domestic Non-Profit (other than Domestic Foundations),Direct sponsor reported; prime sponsor unavailable,FALSE,Foundation/nonprofit,FALSE,FALSE
K000156648,17150397,156648,Supplement/Additional Funding,"Gaines,Todd A","Gaines,Todd A (Primary PI) 1177",Weed Science - Todd Gaines,1177-Agricultural Biology,1177,Agricultural Biology,Agricultural Sciences-Academic Units (E1),2023-07-01,2023,2024-06-30,FALSE,0,No Indirect Cost Allowed,Colorado Wheat Administrative Committee,,Domestic Non-Profit (other than Domestic Foundations),,2023-08-07,2023,Funded,TRUE,30000,Colorado Wheat Administrative Committee,Domestic Non-Profit (other than Domestic Foundations),Direct sponsor reported; prime sponsor unavailable,FALSE,Foundation/nonprofit,FALSE,FALSE
K000156647,17150393,156647,Supplement/Additional Funding,"Roberts,Robyn","Roberts,Robyn (Primary PI) 1177",Plant Pathology,1177-Agricultural Biology,1177,Agricultural Biology,Agricultural Sciences-Academic Units (E1),2023-07-01,2023,2024-06-30,FALSE,0,No Indirect Cost Allowed,Colorado Wheat Administrative Committee,,Domestic Non-Profit (other than Domestic Foundations),,2023-08-07,2023,Funded,TRUE,40000,Colorado Wheat Administrative Committee,Domestic Non-Profit (other than Domestic Foundations),Direct sponsor reported; prime sponsor unavailable,FALSE,Foundation/nonprofit,FALSE,FALSE
K000156212,17150387,156212,New,"Chitwood-Brown,Jessica","Chitwood-Brown,Jessica (Primary PI) 1173; Gray,Caroline Porter (Co-PI) 3043",Determining and Evaluating Potato Maturity,1173-Horticulture + Landscape Architecture,1173,Horticulture + Landscape Architecture,Agricultural Sciences-Academic Units (E1),2023-07-01,2023,2024-06-30,FALSE,0,No Indirect Cost Allowed,Colorado Potato Administrative Committee,,Domestic Non-Profit (other than Domestic Foundations),,2023-08-07,2023,Funded,TRUE,19719.97,Colorado Potato Administrative Committee,Domestic Non-Profit (other than Domestic Foundations),Direct sponsor reported; prime sponsor unavailable,FALSE,Foundation/nonprofit,FALSE,FALSE
K000156651,17150367,156651,Supplement/Additional Funding,"Jones-Diamond,Sally Marie","Jones-Diamond,Sally Marie (Primary PI) 1170",Crop Testing Program,1170-Soil + Crop Sciences,1170,Soil + Crop Sciences,Agricultural Sciences-Academic Units (E1),2023-07-01,2023,2024-06-30,FALSE,0,No Indirect Cost Allowed,Colorado Wheat Administrative Committee,,Domestic Non-Profit (other than Domestic Foundations),,2023-08-07,2023,Funded,TRUE,11000,Colorado Wheat Administrative Committee,Domestic Non-Profit (other than Domestic Foundations),Direct sponsor reported; prime sponsor unavailable,FALSE,Foundation/nonprofit,FALSE,FALSE
K000155748,17150363,155748,New,"Stewart,Jane E","Stewart,Jane E (Primary PI) 1177",Fungal Pathogens Pose Emerging Threat to Success of Post-Fire Restoration Projects,1177-Agricultural Biology,1177,Agricultural Biology,Agricultural Sciences-Academic Units (E1),2023-08-01,2023,2025-07-31,FALSE,15,TDC,USDA-USFS-Southwestern Region,,Federal,,2023-08-07,2023,Funded,TRUE,26111.77,USDA-USFS-Southwestern Region,Federal,Direct sponsor reported; prime sponsor unavailable,FALSE,Federal,FALSE,FALSE
K000156220,17150277,156220,New,"Heuberger,Adam L","Heuberger,Adam L (Primary PI) 1173; Chitwood-Brown,Jessica (Co-PI) 1173",Collaborative Research: The Unexpected Links between Solanum Domestication and Inverted Resistance to Foliar Hemibiotrophic and Necrotrophic Bacterial Pathogens,1173-Horticulture + Landscape Architecture,1173,Horticulture + Landscape Architecture,Agricultural Sciences-Academic Units (E1),2024-01-01,2024,2026-12-31,FALSE,53.5,MTDC,NSF-National Science Foundation,,Federal,,2023-08-03,2023,,FALSE,1055751.07,NSF-National Science Foundation,Federal,Direct sponsor reported; prime sponsor unavailable,FALSE,Federal,FALSE,FALSE
K000156370,17150273,156370,Resubmission,"Narayanan Nair,Mahesh","Narayanan Nair,Mahesh (Primary PI) 1171",Muscle Proteomic and Metabolomic Response to Managed Growth Rate in Pigs - Linking Growth to Variation in Fresh Pork Quality,1171-Animal Sciences,1171,Animal Sciences,Agricultural Sciences-Academic Units (E1),2024-06-01,2024,2027-05-31,FALSE,53.5,MTDC,Iowa State University,USDA-NIFA-National Institute of Food and Agriculture,Other Domestic Higher Education,Federal,2023-08-03,2023,,FALSE,213598.81,USDA-NIFA-National Institute of Food and Agriculture,Federal,Prime sponsor reported; direct sponsor is pass-through,TRUE,Federal,FALSE,FALSE
K000156638,17150263,156638,Supplement/Additional Funding,"Pires,Joseph Chris","Pires,Joseph Chris (Primary PI) 1170; Byrne,Patrick F (Co-PI) 1170",Development of Educational Materials for the Conservation and Use of Plant Genetic Resources,1170-Soil + Crop Sciences,1170,Soil + Crop Sciences,Agricultural Sciences-Academic Units (E1),2023-12-01,2023,2024-11-30,FALSE,0,No Indirect Cost Allowed,USDA-ARS-Agricultural Research Service,,Federal,,2023-08-03,2023,Funded,TRUE,50000.29,USDA-ARS-Agricultural Research Service,Federal,Direct sponsor reported; prime sponsor unavailable,FALSE,Federal,FALSE,FALSE
K000156652,17150259,156652,New,"Engle,Terry E","Engle,Terry E (Primary PI) 1171",In Vitro Screening of Sustainability Molecules Task Order B,1171-Animal Sciences,1171,Animal Sciences,Agricultural Sciences-Academic Units (E1),2023-08-01,2023,2024-07-31,FALSE,35,TDC,Elanco Animal Health,,Domestic Commercial,,2023-08-03,2023,Funded,TRUE,53696.16,Elanco Animal Health,Domestic Commercial,Direct sponsor reported; prime sponsor unavailable,FALSE,Industry,FALSE,FALSE
K000156640,17150255,156640,New,"Engle,Terry E","Engle,Terry E (Primary PI) 1171",Characterizing the Influence of Bovacillus on Nutrient Digestibility in Beef Cattle Consuming Different Diet Types,1171-Animal Sciences,1171,Animal Sciences,Agricultural Sciences-Academic Units (E1),2023-09-01,2023,2024-08-31,FALSE,35,MTDC,"Chr. Hansen, Inc.",,Domestic Commercial,,2023-08-03,2023,Funded,TRUE,93252.59,"Chr. Hansen, Inc.",Domestic Commercial,Direct sponsor reported; prime sponsor unavailable,FALSE,Industry,FALSE,FALSE
K000156562,17150249,156562,New,"Ode,Paul James","Ode,Paul James (Primary PI) 1177; Ghosh,Enakshi (Co-PI) 1177","Interpreting the Tripartite Dance: Plant Defense Chemistry, Herbivore Immune Responses, and Natural Enemy Interactions in a Multi-Trophic System",1177-Agricultural Biology,1177,Agricultural Biology,Agricultural Sciences-Academic Units (E1),2024-01-01,2024,2026-12-31,FALSE,53.5,MTDC,NSF-National Science Foundation,,Federal,,2023-08-03,2023,,FALSE,1050285.86,NSF-National Science Foundation,Federal,Direct sponsor reported; prime sponsor unavailable,FALSE,Federal,FALSE,FALSE
K000156524,17150245,156524,New,"Borowiec,Marek L","Borowiec,Marek L (Primary PI) 1177",CAREER: Accelerating Biodiversity Science and Enhancing Public Engagement with Automated Arthropod Identification and AI Education,1177-Agricultural Biology,1177,Agricultural Biology,Agricultural Sciences-Academic Units (E1),2024-01-01,2024,2028-12-31,FALSE,53.5,MTDC,NSF-National Science Foundation,,Federal,,2023-08-03,2023,,FALSE,1495517.7,NSF-National Science Foundation,Federal,Direct sponsor reported; prime sponsor unavailable,FALSE,Federal,FALSE,FALSE
K000156068,17150227,156068,New,"Place,Sara","Place,Sara (Primary PI) 1171; DeLay,Nathan D (Co-PI) 1172; Ritten,John Patrick (Co-PI) 1172; Raynor,Edward James (Co-PI) 1171; Speidel,Scott E (Co-PI) 1171; Enns,Richard Mark (Co-PI) 1171; Stackhouse-Lawson,Kimberly Rose (Co","Accelerating Enteric Methane Reduction from US Beef Cattle via Genetics, Dietary Interventions, and Outreach and Engagement Strategies",1171-Animal Sciences,1171,Animal Sciences,Agricultural Sciences-Academic Units (E1),2024-01-15,2024,2029-01-14,FALSE,37.1,TDC,USDA-NIFA-National Institute of Food and Agriculture,,Federal,,2023-08-03,2023,,FALSE,4999982.69,USDA-NIFA-National Institute of Food and Agriculture,Federal,Direct sponsor reported; prime sponsor unavailable,FALSE,Federal,FALSE,FALSE
K000156506,17150158,156506,Supplement/Additional Funding,"Raymundo Carhuapoma,Rubi Maribel","Raymundo Carhuapoma,Rubi Maribel (Primary PI) 1170; Morris,Geoffrey Preston (Co-PI) 1170; Mason,Richard Esten (Co-PI) 1170",Drought Stress Tolerance Trait Discovery in Wheat,1170-Soil + Crop Sciences,1170,Soil + Crop Sciences,Agricultural Sciences-Academic Units (E1),2024-09-01,2024,2025-08-31,FALSE,0,No Indirect Cost Allowed,USDA-ARS-Agricultural Research Service,,Federal,,2023-08-03,2023,Funded,TRUE,108384.58,USDA-ARS-Agricultural Research Service,Federal,Direct sponsor reported; prime sponsor unavailable,FALSE,Federal,FALSE,FALSE
K000156435,17150108,156435,New,"Trivedi,Pankaj","Trivedi,Pankaj (Primary PI) 1177","Design and Delivery of Effective, Safe, and Affordable Citrus-Derived Products for HLB Treatment and Protection",1177-Agricultural Biology,1177,Agricultural Biology,Agricultural Sciences-Academic Units (E1),2023-09-01,2023,2028-08-31,FALSE,42.85,TDC,New Mexico Consortium,USDA-NIFA-National Institute of Food and Agriculture,Domestic Non-Profit (other than Domestic Foundations),Federal,2023-08-02,2023,,FALSE,690124.13,USDA-NIFA-National Institute of Food and Agriculture,Federal,Prime sponsor reported; direct sponsor is pass-through,FALSE,Federal,FALSE,FALSE
K000155589,17150092,155589,New,"Mooney,Daniel F","Mooney,Daniel F (Primary PI) 1172; Chavez,Jose L (Co-PI) 1372; Hoag,Dana Loyd Keske (Co-PI) 1172; Cabot,Perry Edmund (Co-PI) 1033",Assessing the Technical and Economic Potential of Irrigation Curtailment Practices to Jointly-Sustain Livestock Production and Water Conservation in the Upper Colorado River Basin,1172-Agricultural + Resource Economics,1172,Agricultural + Resource Economics,Agricultural Sciences-Academic Units (E1),2023-06-01,2023,2026-05-31,FALSE,15,TDC,Conscience Bay Research,,Domestic Commercial,,2023-08-01,2023,Funded,TRUE,449169.62,Conscience Bay Research,Domestic Commercial,Direct sponsor reported; prime sponsor unavailable,FALSE,Industry,TRUE,FALSE
K000156596,17149872,156596,New,"Bousselot,Jennifer M","Bousselot,Jennifer M (Primary PI) 1173",CAREER: Urban Ecological Islands: Evaluating Green Roofs as Pollinator Sanctuaries Using eDNA,1173-Horticulture + Landscape Architecture,1173,Horticulture + Landscape Architecture,Agricultural Sciences-Academic Units (E1),2024-01-01,2024,2028-12-31,FALSE,53.5,MTDC,NSF-National Science Foundation,,Federal,,2023-07-26,2023,,FALSE,500000.04,NSF-National Science Foundation,Federal,Direct sponsor reported; prime sponsor unavailable,FALSE,Federal,FALSE,FALSE
K000156390,17149865,156390,New,"Scanga,John A","Scanga,John A (Primary PI) 1171; Delmore,Robert J (Key Person) 1171; Narayanan Nair,Mahesh (Key Person) 1171; Belk,Keith (Key Person) 1171","Detection and Mitigation of Salmonella Virulence Targets in the Feedyard Environment, Feces, Lymphatic Tissue, Blood and on Carcass Surfaces",1171-Animal Sciences,1171,Animal Sciences,Agricultural Sciences-Academic Units (E1),2024-01-01,2024,2024-12-31,FALSE,0,No Indirect Cost Allowed,National Cattlemens Beef Association,,Domestic Non-Profit (other than Domestic Foundations),,2023-07-26,2023,,FALSE,197099.98,National Cattlemens Beef Association,Domestic Non-Profit (other than Domestic Foundations),Direct sponsor reported; prime sponsor unavailable,FALSE,Foundation/nonprofit,FALSE,FALSE
K000156222,17149855,156222,New,"Narayanan Nair,Mahesh","Narayanan Nair,Mahesh (Primary PI) 1171; Metcalf,Jessica Lynne (Key Person) 1171; Nishimura,Erin Asayo (Key Person) 1870; Delmore,Robert J (Key Person) 1171; Belk,Keith (Key Person) 1171; Scanga,John A (Key Person) 1171; Ge",Using Next Generation Sequencing to Establish the Relationship between Microbial Spoilage and Color Shelf Life in Ground Beef,1171-Animal Sciences,1171,Animal Sciences,Agricultural Sciences-Academic Units (E1),2024-01-01,2024,2025-03-31,FALSE,0,No Indirect Cost Allowed,National Cattlemens Beef Association,,Domestic Non-Profit (other than Domestic Foundations),,2023-07-26,2023,Funded,TRUE,88106.02,National Cattlemens Beef Association,Domestic Non-Profit (other than Domestic Foundations),Direct sponsor reported; prime sponsor unavailable,FALSE,Foundation/nonprofit,FALSE,FALSE
K000156549,17149718,156549,New,"Burcham,Daniel C","Burcham,Daniel C (Primary PI) 1173",Enhancing Collections Inventory and Labeling Practices at the Colorado State University Heritage Arboretum,1173-Horticulture + Landscape Architecture,1173,Horticulture + Landscape Architecture,Agricultural Sciences-Academic Units (E1),2024-01-01,2024,2024-12-31,FALSE,0,No Indirect Cost Allowed,Stanley Smith Horticultural Trust,,Domestic Foundations,,2023-07-26,2023,,FALSE,16905.85,Stanley Smith Horticultural Trust,Domestic Foundations,Direct sponsor reported; prime sponsor unavailable,FALSE,Foundation/nonprofit,FALSE,FALSE
K000156616,17149714,156616,New,"Bauerle,William L","Bauerle,William L (Primary PI) 1173",Developing Continuous Feed Irrigation and Nutrient Use Best Practices,1173-Horticulture + Landscape Architecture,1173,Horticulture + Landscape Architecture,Agricultural Sciences-Academic Units (E1),2024-07-01,2024,2027-06-30,FALSE,0,No Indirect Cost Allowed,American Floral Endowment,,Domestic Non-Profit (other than Domestic Foundations),,2023-07-26,2023,,FALSE,151581.62,American Floral Endowment,Domestic Non-Profit (other than Domestic Foundations),Direct sponsor reported; prime sponsor unavailable,FALSE,Foundation/nonprofit,FALSE,FALSE
K000156290,17149710,156290,New,"Zelikova,Tamara J","Zelikova,Tamara J (Primary PI) 1170",OCO-neXt: The Next Generation Orbiting Carbon Observatory,1170-Soil + Crop Sciences,1170,Soil + Crop Sciences,Agricultural Sciences-Academic Units (E1),2024-04-01,2024,1933-05-31,TRUE,53.5,MTDC,California Institute of Technology/Jet Propulsion Lab,NASA-National Aeronautics and Space Administration,Other Domestic Higher Education,Federal,2023-07-26,2023,,FALSE,1012487.01,NASA-National Aeronautics and Space Administration,Federal,Prime sponsor reported; direct sponsor is pass-through,TRUE,Federal,FALSE,FALSE
K000155983,17149519,155983,New,"Engle,Terry E","Engle,Terry E (Primary PI) 1171",Effect of Supranutrional Vitamin E Supplementation on Production Efficiency and Product Quality of Feedlot Steers with Different Pulmonary Arterial Pressures,1171-Animal Sciences,1171,Animal Sciences,Agricultural Sciences-Academic Units (E1),2024-09-01,2024,2026-08-31,FALSE,42.85,TDC,University of Connecticut,USDA-NIFA-National Institute of Food and Agriculture,Other Domestic Higher Education,Federal,2023-07-21,2023,Funded,TRUE,215978.37,USDA-NIFA-National Institute of Food and Agriculture,Federal,Prime sponsor reported; direct sponsor is pass-through,TRUE,Federal,FALSE,FALSE
K000156601,17149515,156601,Supplement/Additional Funding,"Paustian,Keith H","Paustian,Keith H (Primary PI) 1170",Enhancing Functionality and Use of COMET Greenhouse Gas Assessment and Water Quality Tools - Amendment #4,1170-Soil + Crop Sciences,1170,Soil + Crop Sciences,Agricultural Sciences-Academic Units (E1),2023-10-01,2023,2024-09-30,FALSE,10,TDC,USDA-NRCS-Natural Resources Consvtn Srv,,Federal,,2023-07-21,2023,Funded,TRUE,500000.31,USDA-NRCS-Natural Resources Consvtn Srv,Federal,Direct sponsor reported; prime sponsor unavailable,FALSE,Federal,FALSE,FALSE
K000155727,17149373,155727,New,"Chitwood-Brown,Jessica","Chitwood-Brown,Jessica (Primary PI) 1173; Chikh-Ali,Mohamad (Co-PI) 3043",Establishing Disease Evaluation Protocol for CSU Potato Breeding Trial,1173-Horticulture + Landscape Architecture,1173,Horticulture + Landscape Architecture,Agricultural Sciences-Academic Units (E1),2023-07-01,2023,2024-06-30,FALSE,0,No Indirect Cost Allowed,Colorado Potato Administrative Committee,,Domestic Non-Profit (other than Domestic Foundations),,2023-07-19,2023,Funded,TRUE,25871.18,Colorado Potato Administrative Committee,Domestic Non-Profit (other than Domestic Foundations),Direct sponsor reported; prime sponsor unavailable,FALSE,Foundation/nonprofit,FALSE,FALSE
K000156424,17149357,156424,New,"Martin,Timothy","Martin,Timothy (Primary PI) 1170; Kremen,Amy E (Co-PI) 1170",Climate-Smart Advances in Ag Performance,1170-Soil + Crop Sciences,1170,Soil + Crop Sciences,Agricultural Sciences-Academic Units (E1),2023-09-30,2023,2024-09-29,FALSE,35,MTDC,USDA-NRCS-Natural Resources Consvtn Srv,,Federal,,2023-07-19,2023,Funded,TRUE,1515141.04,USDA-NRCS-Natural Resources Consvtn Srv,Federal,Direct sponsor reported; prime sponsor unavailable,FALSE,Federal,FALSE,FALSE
K000156252,17149353,156252,New,"Manriquez Alvarez,Diego Ignacio","Manriquez Alvarez,Diego Ignacio (Primary PI) 1171","Assessment of Indoor Air Quality Dynamics in Dairy Farms, an Opportunity for Improving Dairy Systems Sustainability and Identifying Human and Animal Health Risks (HICAHS)",1171-Animal Sciences,1171,Animal Sciences,Agricultural Sciences-Academic Units (E1),2023-09-15,2023,2024-03-14,FALSE,8,TDC,HHS-CDC-Centers for Disease Control,,Federal,,2023-07-19,2023,,FALSE,24283.44,HHS-CDC-Centers for Disease Control,Federal,Direct sponsor reported; prime sponsor unavailable,FALSE,Federal,FALSE,FALSE
K000156356,17149349,156356,Supplement/Additional Funding,"Pottorff,Laura Pickett","Pottorff,Laura Pickett (Primary PI) 1170",Colorado Seed Growers Association FY24,1170-Soil + Crop Sciences,1170,Soil + Crop Sciences,Agricultural Sciences-Academic Units (E1),2023-07-01,2023,2024-06-30,FALSE,0,No Indirect Cost Allowed,Colorado Seed Growers Association,,Domestic Non-Profit (other than Domestic Foundations),,2023-07-19,2023,Funded,TRUE,302758.01,Colorado Seed Growers Association,Domestic Non-Profit (other than Domestic Foundations),Direct sponsor reported; prime sponsor unavailable,FALSE,Foundation/nonprofit,FALSE,FALSE
K000156508,17149304,156508,Supplement/Additional Funding,"Melzer,Susan E","Melzer,Susan E (Primary PI) 1170",MLRA Soil Survey Office Support 2023,1170-Soil + Crop Sciences,1170,Soil + Crop Sciences,Agricultural Sciences-Academic Units (E1),2023-11-01,2023,2025-05-31,FALSE,10,TDC,USDA-NRCS-Natural Resources Consvtn Srv,,Federal,,2023-07-18,2023,Funded,TRUE,40000.63,USDA-NRCS-Natural Resources Consvtn Srv,Federal,Direct sponsor reported; prime sponsor unavailable,FALSE,Federal,FALSE,FALSE
K000156392,17149130,156392,New,"Ritten,John Patrick","Ritten,John Patrick (Primary PI) 1172; Shadbolt,Anna Margaux (Key Person) 1171; Carvalho,Pedro Henrique (Key Person) 1171; Stackhouse-Lawson,Kimberly Rose (Key Person) 1171",Assessing the Ability of Virtual Fence to Provide Ecosystem Services,1172-Agricultural + Resource Economics,1172,Agricultural + Resource Economics,Agricultural Sciences-Academic Units (E1),2024-01-01,2024,2025-05-31,FALSE,0,No Indirect Cost Allowed,National Cattlemens Beef Association,,Domestic Non-Profit (other than Domestic Foundations),,2023-07-13,2023,,FALSE,88099.2,National Cattlemens Beef Association,Domestic Non-Profit (other than Domestic Foundations),Direct sponsor reported; prime sponsor unavailable,FALSE,Foundation/nonprofit,TRUE,FALSE
K000156391,17149109,156391,New,"Ritten,John Patrick","Ritten,John Patrick (Primary PI) 1172; Stackhouse-Lawson,Kimberly Rose (Key Person) 1171",Analysis of Trade-Offs of Ecosystem Services,1172-Agricultural + Resource Economics,1172,Agricultural + Resource Economics,Agricultural Sciences-Academic Units (E1),2024-01-01,2024,2025-05-31,FALSE,0,No Indirect Cost Allowed,National Cattlemens Beef Association,,Domestic Non-Profit (other than Domestic Foundations),,2023-07-13,2023,Funded,TRUE,96601.12,National Cattlemens Beef Association,Domestic Non-Profit (other than Domestic Foundations),Direct sponsor reported; prime sponsor unavailable,FALSE,Foundation/nonprofit,TRUE,FALSE
K000156369,17148754,156369,Continuation,"Fulladolsa Palma,Ana Cristina","Fulladolsa Palma,Ana Cristina (Primary PI) 1177",Great Plains Diagnostic Network - Colorado State University Plant Diagnostic Clinic 2022-2026,1177-Agricultural Biology,1177,Agricultural Biology,Agricultural Sciences-Academic Units (E1),2023-09-01,2023,2024-08-31,FALSE,10,TDC,Kansas State University,USDA-NIFA-National Institute of Food and Agriculture,Other Domestic Higher Education,Federal,2023-06-30,2023,Funded,TRUE,34999.56,USDA-NIFA-National Institute of Food and Agriculture,Federal,Prime sponsor reported; direct sponsor is pass-through,TRUE,Federal,FALSE,FALSE
K000155736,17148750,155736,New,"Schipanski,Meagan Erin","Schipanski,Meagan Erin (Primary PI) 1170",Erin Jackson: Ecosystem Service Multifunctionality in Agroecosystems under Contrasting Management,1170-Soil + Crop Sciences,1170,Soil + Crop Sciences,Agricultural Sciences-Academic Units (E1),2023-08-15,2023,2026-08-14,FALSE,11.11,TDC,North Carolina State University,Foundation for Food & Agriculture Research,Other Domestic Higher Education,Domestic Non-Profit (other than Domestic Foundations),2023-06-30,2023,Funded,TRUE,137501.05,Foundation for Food & Agriculture Research,Domestic Non-Profit (other than Domestic Foundations),Prime sponsor reported; direct sponsor is pass-through,TRUE,Foundation/nonprofit,FALSE,FALSE
K000156192,17148626,156192,New,"Chitwood-Brown,Jessica","Chitwood-Brown,Jessica (Primary PI) 1173",Potato Breeding for High-Yield Potential,1173-Horticulture + Landscape Architecture,1173,Horticulture + Landscape Architecture,Agricultural Sciences-Academic Units (E1),2023-07-01,2023,2024-06-30,FALSE,0,No Indirect Cost Allowed,Potatoes USA,,Domestic Commercial,,2023-06-30,2023,Funded,TRUE,10000.78,Potatoes USA,Domestic Commercial,Direct sponsor reported; prime sponsor unavailable,FALSE,Industry,FALSE,FALSE
K000156075,17148609,156075,New,"Uchanski,Mark E","Uchanski,Mark E (Primary PI) 1173",Exploring Hop Agrivoltaics Systems,1173-Horticulture + Landscape Architecture,1173,Horticulture + Landscape Architecture,Agricultural Sciences-Academic Units (E1),2024-01-01,2024,2025-06-30,FALSE,0,No Indirect Cost Allowed,Hop Research Council,,Domestic Non-Profit (other than Domestic Foundations),,2023-06-30,2023,,FALSE,40987.15,Hop Research Council,Domestic Non-Profit (other than Domestic Foundations),Direct sponsor reported; prime sponsor unavailable,FALSE,Foundation/nonprofit,FALSE,FALSE
K000155735,17148596,155735,New,"Stewart,Jane E","Stewart,Jane E (Primary PI) 1177",Characterize Biotic and Abiotic Factors Driving Emergence in Brown Spot Needle Blight on Loblolly Pine in the Southeastern USA,1177-Agricultural Biology,1177,Agricultural Biology,Agricultural Sciences-Academic Units (E1),2023-07-01,2023,2026-06-30,FALSE,0,No Indirect Cost Allowed,USDA-USFS-Southern Research Station,,Federal,,2023-06-30,2023,Funded,TRUE,92000,USDA-USFS-Southern Research Station,Federal,Direct sponsor reported; prime sponsor unavailable,FALSE,Federal,FALSE,FALSE
K000156193,17148589,156193,New,"Chitwood-Brown,Jessica","Chitwood-Brown,Jessica (Primary PI) 1173",Co-Management of the National Chip Processors Trial (NCPT),1173-Horticulture + Landscape Architecture,1173,Horticulture + Landscape Architecture,Agricultural Sciences-Academic Units (E1),2023-07-01,2023,2024-06-30,FALSE,0,No Indirect Cost Allowed,Potatoes USA,,Domestic Commercial,,2023-06-30,2023,Funded,TRUE,5000.3,Potatoes USA,Domestic Commercial,Direct sponsor reported; prime sponsor unavailable,FALSE,Industry,FALSE,FALSE
K000156194,17148576,156194,New,"Chitwood-Brown,Jessica","Chitwood-Brown,Jessica (Primary PI) 1173",Potato Breeding for Performance in Southern Growing Areas,1173-Horticulture + Landscape Architecture,1173,Horticulture + Landscape Architecture,Agricultural Sciences-Academic Units (E1),2023-07-01,2023,2024-06-30,FALSE,0,No Indirect Cost Allowed,Potatoes USA,,Domestic Commercial,,2023-06-30,2023,Funded,TRUE,1000.22,Potatoes USA,Domestic Commercial,Direct sponsor reported; prime sponsor unavailable,FALSE,Industry,FALSE,FALSE
K000156366,17148445,156366,New,"Trujillo,Wilma","Trujillo,Wilma (Primary PI) 1170",Dynamic Soil Properties,1170-Soil + Crop Sciences,1170,Soil + Crop Sciences,Agricultural Sciences-Academic Units (E1),2023-10-01,2023,2027-09-30,FALSE,10,TDC,USDA-NRCS-Natural Resources Consvtn Srv,,Federal,,2023-06-28,2023,Funded,TRUE,250000.83,USDA-NRCS-Natural Resources Consvtn Srv,Federal,Direct sponsor reported; prime sponsor unavailable,FALSE,Federal,FALSE,FALSE
K000156210,17148323,156210,New,"Chitwood-Brown,Jessica","Chitwood-Brown,Jessica (Primary PI) 1173",Investigating Male Sterility Associated with PVY Resistance Genes,1173-Horticulture + Landscape Architecture,1173,Horticulture + Landscape Architecture,Agricultural Sciences-Academic Units (E1),2023-07-01,2023,2024-06-30,FALSE,0,No Indirect Cost Allowed,Colorado Potato Administrative Committee,,Domestic Non-Profit (other than Domestic Foundations),,2023-06-27,2023,Funded,TRUE,13280,Colorado Potato Administrative Committee,Domestic Non-Profit (other than Domestic Foundations),Direct sponsor reported; prime sponsor unavailable,FALSE,Foundation/nonprofit,FALSE,FALSE
K000156307,17148317,156307,New,"Narayanan Nair,Mahesh","Narayanan Nair,Mahesh (Primary PI) 1171; Geornaras,Ifigenia (Co-PI) 1171",Microbial and Biochemical Changes in Beef Muscles with Aging,1171-Animal Sciences,1171,Animal Sciences,Agricultural Sciences-Academic Units (E1),2023-06-15,2023,2025-03-31,FALSE,0,No Indirect Cost Allowed,National Cattlemens Beef Association,,Domestic Non-Profit (other than Domestic Foundations),,2023-06-27,2023,Funded,TRUE,27400,National Cattlemens Beef Association,Domestic Non-Profit (other than Domestic Foundations),Direct sponsor reported; prime sponsor unavailable,FALSE,Foundation/nonprofit,FALSE,FALSE
K000155981,17148309,155981,New,"Schipanski,Meagan Erin","Schipanski,Meagan Erin (Primary PI) 1170; Donovan,Tyler Caleb (Co-PI) 1170; Schneekloth,Joel (Key Person) 1033; Cotrufo,Maria Francesca (Key Person) 1170",Nitrogen Fertilizer Fate Under Different Nitrogen Fertilizer Rates and Water Availabilities,1170-Soil + Crop Sciences,1170,Soil + Crop Sciences,Agricultural Sciences-Academic Units (E1),2023-06-01,2023,2024-08-31,FALSE,0,No Indirect Cost Allowed,Colorado Corn Promotion Council,,Domestic Non-Profit (other than Domestic Foundations),,2023-06-27,2023,Funded,TRUE,16183.77,Colorado Corn Promotion Council,Domestic Non-Profit (other than Domestic Foundations),Direct sponsor reported; prime sponsor unavailable,FALSE,Foundation/nonprofit,FALSE,FALSE
K000156361,17148305,156361,Supplement/Additional Funding,"Prenni,Jessica E","Prenni,Jessica E (Primary PI) 1173",Periodic Table of Food Central Laboratory (PTFI),1173-Horticulture + Landscape Architecture,1173,Horticulture + Landscape Architecture,Agricultural Sciences-Academic Units (E1),2023-07-01,2023,2024-06-30,FALSE,10,TDC,American Heart Association,,Domestic Non-Profit (other than Domestic Foundations),,2023-06-27,2023,,FALSE,99430.22,American Heart Association,Domestic Non-Profit (other than Domestic Foundations),Direct sponsor reported; prime sponsor unavailable,FALSE,Foundation/nonprofit,FALSE,FALSE
K000155891,17148050,155891,New,"Wardle,Erik M","Wardle,Erik M (Primary PI) 1170; Deleon,Emmanuel (Co-PI) 1170; Bauder,Troy A (Co-PI) 3001","Research, Training and Education for Agricultural Water Quality Program - FY24",1170-Soil + Crop Sciences,1170,Soil + Crop Sciences,Agricultural Sciences-Academic Units (E1),2023-07-01,2023,2024-06-30,FALSE,1.49,TDC,Colorado Department of Agriculture,,State of Colorado,,2023-06-23,2023,Funded,TRUE,508610.79,Colorado Department of Agriculture,State of Colorado,Direct sponsor reported; prime sponsor unavailable,FALSE,State,FALSE,FALSE
K000152489,17148046,152489,New,"Jablonski,Rebecca BR","Jablonski,Rebecca BR (Primary PI) 1172",Backyard Animal Keeping,1172-Agricultural + Resource Economics,1172,Agricultural + Resource Economics,Agricultural Sciences-Academic Units (E1),2023-06-01,2023,2024-05-31,FALSE,10,TDC,USDA-APHIS-Animal Plant Health Insp Srvc,,Federal,,2023-06-23,2023,Funded,TRUE,340001.59,USDA-APHIS-Animal Plant Health Insp Srvc,Federal,Direct sponsor reported; prime sponsor unavailable,FALSE,Federal,TRUE,FALSE
K000156282,17147556,156282,Supplement/Additional Funding,"Enns,Richard Mark","Enns,Richard Mark (Primary PI) 1171",Maintaining and Refining Animal GRIN,1171-Animal Sciences,1171,Animal Sciences,Agricultural Sciences-Academic Units (E1),2020-08-01,2020,2025-07-31,FALSE,0,No Indirect Cost Allowed,USDA-ARS-Agricultural Research Service,,Federal,,2023-06-16,2023,,FALSE,17988.79,USDA-ARS-Agricultural Research Service,Federal,Direct sponsor reported; prime sponsor unavailable,FALSE,Federal,FALSE,FALSE
K000156159,17147552,156159,New,"Borton,Mikayla Ann","Borton,Mikayla Ann (Primary PI) 1170",Creating Services to Enable Transfer of Data between BER Funded Programs,1170-Soil + Crop Sciences,1170,Soil + Crop Sciences,Agricultural Sciences-Academic Units (E1),2023-10-01,2023,2025-09-30,FALSE,53.5,MTDC,FFRDC-Lawrence Berkeley National Lab,,Federal,,2023-06-16,2023,Funded,TRUE,339514.35,FFRDC-Lawrence Berkeley National Lab,Federal,Direct sponsor reported; prime sponsor unavailable,FALSE,Federal,FALSE,FALSE
K000155884,17147540,155884,New,"Nalam,Vamsi","Nalam,Vamsi (Primary PI) 1177; Charkowski,Amy Olymbia (Co-PI) 1177; Houser,Andrew J (Co-PI) 3043; Fulladolsa Palma,Ana Cristina (Co-PI) 1177; Chikh-Ali,Mohamad (Co-PI) 3043",Developing Strategies to Combat the Powdery Scab-Potato Mop Top Virus Disease Complex,1177-Agricultural Biology,1177,Agricultural Biology,Agricultural Sciences-Academic Units (E1),2023-10-01,2023,2026-09-30,FALSE,53.5,MTDC,USDA-Foreign Agricultural Service,,Federal,,2023-06-15,2023,,FALSE,1175064.13,USDA-Foreign Agricultural Service,Federal,Direct sponsor reported; prime sponsor unavailable,FALSE,Federal,FALSE,FALSE
K000155878,17147304,155878,New,"Stewart,Jane E","Stewart,Jane E (Primary PI) 1177",Developing Tools for Early Detection and Monitoring of High Elevation Pine Rusts,1177-Agricultural Biology,1177,Agricultural Biology,Agricultural Sciences-Academic Units (E1),2023-07-01,2023,2027-06-30,FALSE,15,TDC,USDA-USFS-Forest Research,,Federal,,2023-06-13,2023,Funded,TRUE,91046.51,USDA-USFS-Forest Research,Federal,Direct sponsor reported; prime sponsor unavailable,FALSE,Federal,FALSE,FALSE
K000156207,17147205,156207,New,"Borch,Thomas","Borch,Thomas (Primary PI) 1170; Mokris,Denali Joy (Key Person) 1872",Denali Mokris: Manganese Oxide Catalysis of Organophosphate Cycling within Global Soil,1170-Soil + Crop Sciences,1170,Soil + Crop Sciences,Agricultural Sciences-Academic Units (E1),2024-02-01,2024,2024-03-31,FALSE,0,No Indirect Cost Allowed,United States - Israel Binational Science Foundation,,Foreign Non-Profit (other than Foreign Foundations),,2023-06-12,2023,,FALSE,6000,United States - Israel Binational Science Foundation,Foreign Non-Profit (other than Foreign Foundations),Direct sponsor reported; prime sponsor unavailable,FALSE,Foundation/nonprofit,FALSE,FALSE
K000156158,17147199,156158,New,"Bousselot,Jennifer M","Bousselot,Jennifer M (Primary PI) 1173; Linfield,Allisa (Co-PI) 4010",Exploring Peat-Alternative Substrates for Sustainable Container Production of Native Plants,1173-Horticulture + Landscape Architecture,1173,Horticulture + Landscape Architecture,Agricultural Sciences-Academic Units (E1),2024-05-01,2024,2025-04-30,FALSE,0,No Indirect Cost Allowed,Horticultural Research Institute,,Domestic Non-Profit (other than Domestic Foundations),,2023-06-12,2023,,FALSE,34976.85,Horticultural Research Institute,Domestic Non-Profit (other than Domestic Foundations),Direct sponsor reported; prime sponsor unavailable,FALSE,Foundation/nonprofit,FALSE,FALSE
K000156100,17147079,156100,New,"Pottorff,Laura Pickett","Pottorff,Laura Pickett (Primary PI) 1170; Crowl,Randall Lee (Co-PI) 1170",Seed Regulatory Sample Analysis,1170-Soil + Crop Sciences,1170,Soil + Crop Sciences,Agricultural Sciences-Academic Units (E1),2023-03-01,2023,2023-06-15,FALSE,0,No Indirect Cost Allowed,Colorado Department of Agriculture,,State of Colorado,,2023-06-09,2023,Funded,TRUE,62500,Colorado Department of Agriculture,State of Colorado,Direct sponsor reported; prime sponsor unavailable,FALSE,State,FALSE,FALSE
K000156018,17147069,156018,New,"Suter,Jordan","Suter,Jordan (Primary PI) 1172; Goemans,Christopher G (Co-PI) 1172; Manning,Dale Thomas (Co-PI) 1172; Bayham,Jude (Co-PI) 1172",Inland Flooding and Evacuation: Individual Decisions and Economic Impacts,1172-Agricultural + Resource Economics,1172,Agricultural + Resource Economics,Agricultural Sciences-Academic Units (E1),2023-09-01,2023,2026-08-31,FALSE,53.5,MTDC,DOC-NOAA-Natl Oceanic and Atmospheric Admn,,Federal,,2023-06-09,2023,Funded,TRUE,499999.42,DOC-NOAA-Natl Oceanic and Atmospheric Admn,Federal,Direct sponsor reported; prime sponsor unavailable,FALSE,Federal,TRUE,FALSE
K000155893,17147065,155893,New,"Dillon,Jasmine Ashley","Dillon,Jasmine Ashley (Primary PI) 1171",Environmental and Economic Assessment of Beef Produced at the Buck Island Ranch: Phase 2,1171-Animal Sciences,1171,Animal Sciences,Agricultural Sciences-Academic Units (E1),2023-05-19,2023,2024-07-18,FALSE,0,No Indirect Cost Allowed,Archbold Biological Station,USDA-ARS-Agricultural Research Service,Domestic Non-Profit (other than Domestic Foundations),Federal,2023-06-09,2023,Funded,TRUE,25000.81,USDA-ARS-Agricultural Research Service,Federal,Prime sponsor reported; direct sponsor is pass-through,FALSE,Federal,FALSE,FALSE
K000155046,17147048,155046,Supplement/Additional Funding,"Suter,Jordan","Suter,Jordan (Primary PI) 1172",Working with the Wildfire Research Team to Support Community Wildfire Resilience,1172-Agricultural + Resource Economics,1172,Agricultural + Resource Economics,Agricultural Sciences-Academic Units (E1),2023-07-31,2023,2023-08-31,FALSE,15,TDC,USDA-USFS-Rocky Mtn. Rsrch Station - CO,,Federal,,2023-06-09,2023,,FALSE,2678.89,USDA-USFS-Rocky Mtn. Rsrch Station - CO,Federal,Direct sponsor reported; prime sponsor unavailable,FALSE,Federal,TRUE,FALSE
K000155854,17146813,155854,Supplement/Additional Funding,"Stewart,Jane E","Stewart,Jane E (Primary PI) 1177","Development of Novel Approaches to Address Complex Interactions among Host Trees, Pathogens, Other Microorganisms, and Environmental Factors within Forest Ecosystems Under Changing Climates",1177-Agricultural Biology,1177,Agricultural Biology,Agricultural Sciences-Academic Units (E1),2023-07-01,2023,2027-06-10,FALSE,0,No Indirect Cost Allowed,USDA-USFS-Pacific NW Exp Statn,,Federal,,2023-06-05,2023,,FALSE,125002.43,USDA-USFS-Pacific NW Exp Statn,Federal,Direct sponsor reported; prime sponsor unavailable,FALSE,Federal,FALSE,FALSE
K000155995,17146807,155995,New,"Trivedi,Pankaj","Trivedi,Pankaj (Primary PI) 1177; Leach,Jan E (Co-PI) 1177",Microbial Indicators for Postharvest Diseases of Sugar Beets,1177-Agricultural Biology,1177,Agricultural Biology,Agricultural Sciences-Academic Units (E1),2023-09-01,2023,2025-08-31,FALSE,0,No Indirect Cost Allowed,USDA-ARS-Agricultural Research Service,,Federal,,2023-06-05,2023,,FALSE,200264.55,USDA-ARS-Agricultural Research Service,Federal,Direct sponsor reported; prime sponsor unavailable,FALSE,Federal,FALSE,FALSE
K000155904,17146801,155904,New,"Nachappa,Punya","Nachappa,Punya (Primary PI) 1177; Nalam,Vamsi (Co-PI) 1177","Disrupting Beet Curly Top Virus Transmission by Targeting Critical Genes in its Insect Vector, Beet Leafhopper using Nanoparticle-Mediated RNAi Delivery",1177-Agricultural Biology,1177,Agricultural Biology,Agricultural Sciences-Academic Units (E1),2023-09-01,2023,2025-08-31,FALSE,0,No Indirect Cost Allowed,USDA-ARS-Agricultural Research Service,,Federal,,2023-06-05,2023,Funded,TRUE,199999.55,USDA-ARS-Agricultural Research Service,Federal,Direct sponsor reported; prime sponsor unavailable,FALSE,Federal,FALSE,FALSE
K000155892,17146797,155892,New,"Jones-Diamond,Sally Marie","Jones-Diamond,Sally Marie (Primary PI) 1170",Colorado State University Sorghum Hybrid Testing for 2023,1170-Soil + Crop Sciences,1170,Soil + Crop Sciences,Agricultural Sciences-Academic Units (E1),2023-05-15,2023,2024-03-31,FALSE,0,No Indirect Cost Allowed,Colorado Sorghum Producers,,Domestic Non-Profit (other than Domestic Foundations),,2023-06-05,2023,Funded,TRUE,6683.52,Colorado Sorghum Producers,Domestic Non-Profit (other than Domestic Foundations),Direct sponsor reported; prime sponsor unavailable,FALSE,Foundation/nonprofit,FALSE,FALSE
K000155887,17146645,155887,Supplement/Additional Funding,"Thilmany,Dawn D","Thilmany,Dawn D (Primary PI) 1172",Local and Regional Food Systems Recovery and Resilience (2.0),1172-Agricultural + Resource Economics,1172,Agricultural + Resource Economics,Agricultural Sciences-Academic Units (E1),2023-01-01,2023,2023-12-01,FALSE,7.5,TDC,USDA-AMS-Agricultural Marketing Service,,Federal,,2023-06-02,2023,,FALSE,114400.66,USDA-AMS-Agricultural Marketing Service,Federal,Direct sponsor reported; prime sponsor unavailable,FALSE,Federal,TRUE,FALSE
K000155820,17146554,155820,New,"Stewart,Jane E","Stewart,Jane E (Primary PI) 1177; Schipanski,Meagan Erin (Co-PI) 1170",Ensuring viability of U.S. Potato Production Systems through management strategies to support soil health,1177-Agricultural Biology,1177,Agricultural Biology,Agricultural Sciences-Academic Units (E1),2023-10-01,2023,2027-09-30,FALSE,42.85,TDC,Oregon State University,USDA-NIFA-National Institute of Food and Agriculture,Other Domestic Higher Education,Federal,2023-06-01,2023,,FALSE,940102.96,USDA-NIFA-National Institute of Food and Agriculture,Federal,Prime sponsor reported; direct sponsor is pass-through,TRUE,Federal,FALSE,FALSE
K000155717,17146526,155717,New,"Vivanco,Jorge M","Vivanco,Jorge M (Primary PI) 1173; Davis,Jessica G (Co-PI) 3001; Afkairin,Antisar SM Omar (Co-PI) 1173","Unraveling the Impacts of Genetics, Environment, and Management on Dry Bean Nodulation and Nitrogen Fixation",1173-Horticulture + Landscape Architecture,1173,Horticulture + Landscape Architecture,Agricultural Sciences-Academic Units (E1),2023-08-01,2023,2027-07-31,FALSE,0,No Indirect Cost Allowed,USDA-ARS-Agricultural Research Service,,Federal,,2023-06-01,2023,,FALSE,448600.55,USDA-ARS-Agricultural Research Service,Federal,Direct sponsor reported; prime sponsor unavailable,FALSE,Federal,FALSE,FALSE
K000155691,17146514,155691,New,"Chitwood-Brown,Jessica","Chitwood-Brown,Jessica (Primary PI) 1173; Holm,David G (Co-PI) 3043; Essah,Samuel YC (Co-PI) 3043; Chikh-Ali,Mohamad (Co-PI) 3043; Jayanty,Sastry SSGM (Co-PI) 1173",Potato Breeding and Cultivar Development in the Southwest,1173-Horticulture + Landscape Architecture,1173,Horticulture + Landscape Architecture,Agricultural Sciences-Academic Units (E1),2023-09-01,2023,2025-08-31,FALSE,0,No Indirect Cost Allowed,Texas A and M University,USDA-NIFA-National Institute of Food and Agriculture,Other Domestic Higher Education,Federal,2023-06-01,2023,Funded,TRUE,827368.09,USDA-NIFA-National Institute of Food and Agriculture,Federal,Prime sponsor reported; direct sponsor is pass-through,TRUE,Federal,FALSE,FALSE
K000155517,17146462,155517,Supplement/Additional Funding,"Dayan,Franck E","Dayan,Franck E (Primary PI) 1177",Role of NTSR Mutation in Imparting Herbicide Resistance in Rice,1177-Agricultural Biology,1177,Agricultural Biology,Agricultural Sciences-Academic Units (E1),2023-07-01,2023,2024-06-30,FALSE,53,MTDC,RiceTec,,Domestic Commercial,,2023-05-31,2023,,FALSE,49996.22,RiceTec,Domestic Commercial,Direct sponsor reported; prime sponsor unavailable,FALSE,Industry,FALSE,FALSE
K000156044,17146452,156044,Supplement/Additional Funding,"Burkhardt,Jesse Brodie","Burkhardt,Jesse Brodie (Primary PI) 1172",CESU-RM: Non-Market Valuation of National Parks Cooperative Agreement,1172-Agricultural + Resource Economics,1172,Agricultural + Resource Economics,Agricultural Sciences-Academic Units (E1),2023-08-01,2023,2024-07-31,FALSE,17.5,TDC,DOI-NPS-National Park Service,,Federal,,2023-05-31,2023,,FALSE,46940.54,DOI-NPS-National Park Service,Federal,Direct sponsor reported; prime sponsor unavailable,FALSE,Federal,TRUE,FALSE
K000155811,17146446,155811,New,"Jones-Diamond,Sally Marie","Jones-Diamond,Sally Marie (Primary PI) 1170; Fonte,Steven John (Co-PI) 1170",Fallow Replacement with Legume Crops - Winter Field Peas and Cowpeas - for Dryland Cropping Systems in the US Great Plains,1170-Soil + Crop Sciences,1170,Soil + Crop Sciences,Agricultural Sciences-Academic Units (E1),2023-09-01,2023,2027-08-31,FALSE,42.85,TDC,South Dakota State University,USDA-NIFA-National Institute of Food and Agriculture,Other Domestic Higher Education,Federal,2023-05-31,2023,,FALSE,456413.13,USDA-NIFA-National Institute of Food and Agriculture,Federal,Prime sponsor reported; direct sponsor is pass-through,TRUE,Federal,FALSE,FALSE
K000155331,17146366,155331,New,"Conway,Kerri Wright Platais","Conway,Kerri Wright Platais (Primary PI) 0001; Weller,Lauren Jean (Co-PI) 0004; Popara,Rebecca (Co-PI) 0004","GFRAS Annual Meeting (GAM), Hosted by the NAAAN",1170-Soil + Crop Sciences,1170,Soil + Crop Sciences,Agricultural Sciences-Academic Units (E1),2023-07-01,2023,2023-12-31,FALSE,0,MTDC,USDA-NIFA-National Institute of Food and Agriculture,,Federal,,2023-05-31,2023,Funded,TRUE,50000,USDA-NIFA-National Institute of Food and Agriculture,Federal,Direct sponsor reported; prime sponsor unavailable,FALSE,Federal,FALSE,FALSE
K000155984,17146362,155984,New,"Gaines,Todd A","Gaines,Todd A (Primary PI) 1177",Novel Palmer Amaranth Management Tools using RNA-Targeting with FANA Antisense Oligonucleotides,1177-Agricultural Biology,1177,Agricultural Biology,Agricultural Sciences-Academic Units (E1),2023-09-30,2023,2026-09-29,FALSE,0,No Indirect Cost Allowed,USDA-ARS-Agricultural Research Service,,Federal,,2023-05-31,2023,Funded,TRUE,350708,USDA-ARS-Agricultural Research Service,Federal,Direct sponsor reported; prime sponsor unavailable,FALSE,Federal,FALSE,FALSE
K000155170,17146358,155170,New,"Minas,Ioannis","Minas,Ioannis (Primary PI) 1173","Exploring Novel Postharvest Technologies for Storage, Shipping and Shelf-Life Extension of Locally Grown High Quality Peaches",1173-Horticulture + Landscape Architecture,1173,Horticulture + Landscape Architecture,Agricultural Sciences-Academic Units (E1),2024-01-01,2024,2025-11-01,FALSE,0,No Indirect Cost Allowed,Colorado Department of Agriculture,USDA-AMS-Agricultural Marketing Service,State of Colorado,Federal,2023-05-31,2023,Funded,TRUE,59544.16,USDA-AMS-Agricultural Marketing Service,Federal,Prime sponsor reported; direct sponsor is pass-through,FALSE,Federal,FALSE,FALSE
K000155829,17146354,155829,New,"Nachappa,Punya","Nachappa,Punya (Primary PI) 1177",Great Plains Sawfly Survey,1177-Agricultural Biology,1177,Agricultural Biology,Agricultural Sciences-Academic Units (E1),2023-06-01,2023,2024-05-31,FALSE,0,No Indirect Cost Allowed,USDA-ARS-Agricultural Research Service,,Federal,,2023-05-31,2023,Funded,TRUE,5000,USDA-ARS-Agricultural Research Service,Federal,Direct sponsor reported; prime sponsor unavailable,FALSE,Federal,FALSE,FALSE
K000155789,17146348,155789,New,"Bigler,Elizabeth Jaed","Bigler,Elizabeth Jaed (Primary PI) 1171; Edwards-Callaway,Lily Nowell (Key Person) 1171; Ahola,Jason Kee (Key Person) 1171",Colorado Beef Quality Assurance Program,1171-Animal Sciences,1171,Animal Sciences,Agricultural Sciences-Academic Units (E1),2023-07-01,2023,2024-06-30,FALSE,0,No Indirect Cost Allowed,Colorado Beef Council,,Domestic Non-Profit (other than Domestic Foundations),,2023-05-31,2023,Funded,TRUE,57845.98,Colorado Beef Council,Domestic Non-Profit (other than Domestic Foundations),Direct sponsor reported; prime sponsor unavailable,FALSE,Foundation/nonprofit,FALSE,FALSE
K000155426,17146344,155426,New,"Carvalho,Pedro Henrique","Carvalho,Pedro Henrique (Primary PI) 1171","Effects of Extended Colostrum Feeding to Calf-Fed Dairy-Beef Cross Steers on Health, Performance, Fecal Resistome, and Carcass Characteristics",1171-Animal Sciences,1171,Animal Sciences,Agricultural Sciences-Academic Units (E1),2023-04-15,2023,2025-06-30,FALSE,25,TDC,"University of California, Davis",California Department of Food and Agriculture,Other Domestic Higher Education,Other Domestic State Government,2023-05-30,2023,Funded,TRUE,240001.04,California Department of Food and Agriculture,Other Domestic State Government,Prime sponsor reported; direct sponsor is pass-through,TRUE,State,FALSE,FALSE
K000154978,17146141,154978,New,"Afkairin,Antisar SM Omar","Afkairin,Antisar SM Omar (Primary PI) 1173; Davis,Jessica G (Co-PI) 3001; Vivanco,Jorge M (Co-PI) 1173",Optimizing Fertilization of Pulse Crops to Improve Profitability and Environmental Outcomes,1173-Horticulture + Landscape Architecture,1173,Horticulture + Landscape Architecture,Agricultural Sciences-Academic Units (E1),2024-01-01,2024,2025-11-15,FALSE,0,No Indirect Cost Allowed,Colorado Department of Agriculture,USDA-AMS-Agricultural Marketing Service,State of Colorado,Federal,2023-05-25,2023,Funded,TRUE,90000.5,USDA-AMS-Agricultural Marketing Service,Federal,Prime sponsor reported; direct sponsor is pass-through,FALSE,Federal,FALSE,FALSE
K000155385,17146130,155385,New,"Uchanski,Mark E","Uchanski,Mark E (Primary PI) 1173; Prenni,Jessica E (Co-PI) 1173; Salyer,Makenzie Katherine (Co-PI) 1173",Front Range Organic CBD Production: A Nitrogen Utility Comparison Study of Photoperiodic and Autoflowering (Day-Neutral) Cultivars,1173-Horticulture + Landscape Architecture,1173,Horticulture + Landscape Architecture,Agricultural Sciences-Academic Units (E1),2023-10-01,2023,2025-09-30,FALSE,15,MTDC,Colorado State University - Pueblo,,State of Colorado Higher Education,,2023-05-25,2023,,FALSE,104181.2,Colorado State University - Pueblo,State of Colorado Higher Education,Direct sponsor reported; prime sponsor unavailable,FALSE,CSU/Internal,FALSE,FALSE
K000156050,17146112,156050,Supplement/Additional Funding,"Dayan,Franck E","Dayan,Franck E (Primary PI) 1177; Gaines,Todd A (Co-PI) 1177",Understanding Dicamba Resistance in Palmer Amaranth,1177-Agricultural Biology,1177,Agricultural Biology,Agricultural Sciences-Academic Units (E1),2023-05-15,2023,2023-12-31,FALSE,15,TDC,"Cotton, Inc.",,Domestic Commercial,,2023-05-25,2023,Funded,TRUE,23000.21,"Cotton, Inc.",Domestic Commercial,Direct sponsor reported; prime sponsor unavailable,FALSE,Industry,FALSE,FALSE
K000155704,17146027,155704,New,"Cramer,Mary Caitlin","Cramer,Mary Caitlin (Primary PI) 1171; Keller,Kayleigh (Co-PI) 1877; Stallones,Lorann (Co-PI) 1876; Roman-Muniz,Ivette Noami (Co-PI) 1171; Edwards-Callaway,Lily Nowell (Co-PI) 1171",Livestock Veterinary Service Shortages: Impact on Livestock Producers' Mental Health in Rural Communities,1171-Animal Sciences,1171,Animal Sciences,Agricultural Sciences-Academic Units (E1),2023-05-01,2023,2023-08-14,FALSE,8,TDC,Colorado State University,HHS-CDC-Centers for Disease Control,State of Colorado Higher Education,Federal,2023-05-23,2023,,FALSE,20380.55,HHS-CDC-Centers for Disease Control,Federal,Prime sponsor reported; direct sponsor is pass-through,FALSE,Federal,FALSE,FALSE
K000155848,17146021,155848,New,"Mooney,Daniel F","Mooney,Daniel F (Primary PI) 1172; Thilmany,Dawn D (Co-PI) 1172",Taters for Tots: Coordinated Multi-Location Research and Strategic Outreach for Attaining Closer to Zero Toxic Metals in Sweetpotato,1172-Agricultural + Resource Economics,1172,Agricultural + Resource Economics,Agricultural Sciences-Academic Units (E1),2023-09-01,2023,2027-08-31,FALSE,42.85,TDC,Louisiana State University,USDA-NIFA-National Institute of Food and Agriculture,Other Domestic Higher Education,Federal,2023-05-23,2023,,FALSE,449525.65,USDA-NIFA-National Institute of Food and Agriculture,Federal,Prime sponsor reported; direct sponsor is pass-through,TRUE,Federal,TRUE,FALSE
K000155088,17146017,155088,New,"Jablonski,Rebecca BR","Jablonski,Rebecca BR (Primary PI) 1172",Capturing Tradeoffs in NYC's Procurement Decisions,1172-Agricultural + Resource Economics,1172,Agricultural + Resource Economics,Agricultural Sciences-Academic Units (E1),2023-01-01,2023,2025-12-31,FALSE,11.11,TDC,Rockefeller Foundation,,Domestic Foundations,,2023-05-23,2023,Funded,TRUE,499997.86,Rockefeller Foundation,Domestic Foundations,Direct sponsor reported; prime sponsor unavailable,FALSE,Foundation/nonprofit,TRUE,FALSE
K000155731,17145962,155731,New,"Jablonski,Rebecca BR","Jablonski,Rebecca BR (Primary PI) 1172; Christensen,Elizabeth O'Sullivan (Co-PI) 4044",2023 Colorado Food Summit: Youth Track,1172-Agricultural + Resource Economics,1172,Agricultural + Resource Economics,Agricultural Sciences-Academic Units (E1),2023-07-01,2023,2024-06-30,FALSE,10,TDC,Colorado Department of Agriculture,,State of Colorado,,2023-05-23,2023,Funded,TRUE,24733.5,Colorado Department of Agriculture,State of Colorado,Direct sponsor reported; prime sponsor unavailable,FALSE,State,TRUE,FALSE
K000155939,17145914,155939,Supplement/Additional Funding,"Suter,Jordan","Suter,Jordan (Primary PI) 1172",Extending Utilization of the Outputs and Products of National Forest Management to Promote Benefits and Sustainability,1172-Agricultural + Resource Economics,1172,Agricultural + Resource Economics,Agricultural Sciences-Academic Units (E1),2023-08-01,2023,2025-05-15,FALSE,0,No Indirect Cost Allowed,USDA-USFS-Rocky Mtn. Rsrch Station - CO,,Federal,,2023-05-23,2023,,FALSE,67993.59,USDA-USFS-Rocky Mtn. Rsrch Station - CO,Federal,Direct sponsor reported; prime sponsor unavailable,FALSE,Federal,TRUE,FALSE
K000155305,17145900,155305,Supplement/Additional Funding,"Bayham,Jude","Bayham,Jude (Primary PI) 1172","Cost Drivers, Effectiveness of Wildfire Suppression Operations, and Investments in Preparedness",1172-Agricultural + Resource Economics,1172,Agricultural + Resource Economics,Agricultural Sciences-Academic Units (E1),2024-06-01,2024,2027-05-31,FALSE,15,TDC,USDA-USFS-Rocky Mtn. Rsrch Station - CO,,Federal,,2023-05-23,2023,Funded,TRUE,229044.61,USDA-USFS-Rocky Mtn. Rsrch Station - CO,Federal,Direct sponsor reported; prime sponsor unavailable,FALSE,Federal,TRUE,FALSE
K000155847,17145896,155847,New,"Baxter,Aryn","Baxter,Aryn (Primary PI) 1172",Colorado GROW Youth Institute Pilot,1172-Agricultural + Resource Economics,1172,Agricultural + Resource Economics,Agricultural Sciences-Academic Units (E1),2023-07-01,2023,2024-06-30,FALSE,10,TDC,Colorado Department of Agriculture,,State of Colorado,,2023-05-23,2023,,FALSE,24999.7,Colorado Department of Agriculture,State of Colorado,Direct sponsor reported; prime sponsor unavailable,FALSE,State,TRUE,FALSE
K000155728,17145879,155728,New,"Nachappa,Punya","Nachappa,Punya (Primary PI) 1177",Enhancing Integrated Insect Pest Management Strategies for U.S. Potato Production Systems,1177-Agricultural Biology,1177,Agricultural Biology,Agricultural Sciences-Academic Units (E1),2023-09-01,2023,2027-08-31,FALSE,42.85,TDC,Michigan State University,USDA-NIFA-National Institute of Food and Agriculture,Other Domestic Higher Education,Federal,2023-05-23,2023,Funded,TRUE,200696.38,USDA-NIFA-National Institute of Food and Agriculture,Federal,Prime sponsor reported; direct sponsor is pass-through,TRUE,Federal,FALSE,FALSE
K000155777,17145626,155777,Supplement/Additional Funding,"Vivanco,Jorge M","Vivanco,Jorge M (Primary PI) 1173",NextGenEEF: Evaluation and Testing of Biodegradable Enhanced Efficiency Fertilizers,1173-Horticulture + Landscape Architecture,1173,Horticulture + Landscape Architecture,Agricultural Sciences-Academic Units (E1),2023-09-01,2023,2024-08-31,FALSE,0,No Indirect Cost Allowed,USDA-AMS-Agricultural Marketing Service,,Federal,,2023-05-17,2023,,FALSE,74995.87,USDA-AMS-Agricultural Marketing Service,Federal,Direct sponsor reported; prime sponsor unavailable,FALSE,Federal,FALSE,FALSE
K000155608,17145595,155608,New,"Thompson,Henry J","Thompson,Henry J (Primary PI) 1173",Co-Translational Investigation of the Health Benefits of Dry Bean,1173-Horticulture + Landscape Architecture,1173,Horticulture + Landscape Architecture,Agricultural Sciences-Academic Units (E1),2023-08-01,2023,2027-07-31,FALSE,0,No Indirect Cost Allowed,USDA-ARS-Agricultural Research Service,,Federal,,2023-05-17,2023,,FALSE,515856.29,USDA-ARS-Agricultural Research Service,Federal,Direct sponsor reported; prime sponsor unavailable,FALSE,Federal,FALSE,FALSE
K000155559,17145591,155559,New,"Nachappa,Punya","Nachappa,Punya (Primary PI) 1177","Examining the Effects of Pesticide Treatments on Pest Populations, Chemical Residues and Cannabinoid Concentrations in Cannabis Sativa",1177-Agricultural Biology,1177,Agricultural Biology,Agricultural Sciences-Academic Units (E1),2023-10-01,2023,2026-09-30,FALSE,15,MTDC,Colorado State University - Pueblo,,State of Colorado Higher Education,,2023-05-17,2023,,FALSE,749914.71,Colorado State University - Pueblo,State of Colorado Higher Education,Direct sponsor reported; prime sponsor unavailable,FALSE,CSU/Internal,FALSE,FALSE
K000155182,17145585,155182,New,"Szczepaniec,Adrianna","Szczepaniec,Adrianna (Primary PI) 1177; Nachappa,Punya (Co-PI) 1177",Validating IPM Tactics to Manage Alfalfa Mosaic Virus in Chili Peppers in Colorado,1177-Agricultural Biology,1177,Agricultural Biology,Agricultural Sciences-Academic Units (E1),2024-01-01,2024,2025-11-15,FALSE,0,No Indirect Cost Allowed,Colorado Department of Agriculture,USDA-AMS-Agricultural Marketing Service,State of Colorado,Federal,2023-05-17,2023,Funded,TRUE,71810.19,USDA-AMS-Agricultural Marketing Service,Federal,Prime sponsor reported; direct sponsor is pass-through,FALSE,Federal,FALSE,FALSE
K000155818,17145556,155818,New,"Stackhouse-Lawson,Kimberly Rose","Stackhouse-Lawson,Kimberly Rose (Primary PI) 1171; Raynor,Edward James (Co-PI) 1171; Carvalho,Pedro Henrique (Co-PI) 1171; Place,Sara (Co-PI) 1171",Effects of Monensin Bolus on Emissions of Stocker Steers Grazing Improved Pasture,1171-Animal Sciences,1171,Animal Sciences,Agricultural Sciences-Academic Units (E1),2023-05-01,2023,2024-04-30,FALSE,53,TDC,Elanco Animal Health,,Domestic Commercial,,2023-05-16,2023,Funded,TRUE,312995.53,Elanco Animal Health,Domestic Commercial,Direct sponsor reported; prime sponsor unavailable,FALSE,Industry,FALSE,FALSE
K000155813,17145472,155813,New,"Dao,Phuong Duc","Dao,Phuong Duc (Primary PI) 1177; Mason,Richard Esten (Co-PI) 1170",HyperAIxpert Plant Phenotyping Equipment For Discovery In Integrative Digital Agriculture,1177-Agricultural Biology,1177,Agricultural Biology,Agricultural Sciences-Academic Units (E1),2023-10-01,2023,2025-09-30,FALSE,0,No Indirect Cost Allowed,USDA-NIFA-National Institute of Food and Agriculture,,Federal,,2023-05-12,2023,,FALSE,500000,USDA-NIFA-National Institute of Food and Agriculture,Federal,Direct sponsor reported; prime sponsor unavailable,FALSE,Federal,FALSE,FALSE
K000155812,17145465,155812,New,"McKay,John K","McKay,John K (Primary PI) 1177",Evaluate Root System Architecture across Levels of the Factor Soil Moisture,1177-Agricultural Biology,1177,Agricultural Biology,Agricultural Sciences-Academic Units (E1),2023-05-05,2023,2023-12-31,FALSE,53,MTDC,Syngenta,,Domestic Commercial,,2023-05-12,2023,Funded,TRUE,77563.17,Syngenta,Domestic Commercial,Direct sponsor reported; prime sponsor unavailable,FALSE,Industry,FALSE,FALSE
K000155419,17145429,155419,New,"Martin,Jennifer Nicole","Martin,Jennifer Nicole (Primary PI) 1171; Fidler,Deborah (Co-PI) 1570",Reimagining Higher Education: Enhancing the Resiliency of Coloradoans and for Colorado,1171-Animal Sciences,1171,Animal Sciences,Agricultural Sciences-Academic Units (E1),2023-07-01,2023,2024-01-31,FALSE,35,MTDC,Colorado Office of Economic Development and Intl Trade,,State of Colorado,,2023-05-11,2023,,FALSE,46474.85,Colorado Office of Economic Development and Intl Trade,State of Colorado,Direct sponsor reported; prime sponsor unavailable,FALSE,State,FALSE,FALSE
K000155609,17145425,155609,New,"Thompson,Henry J","Thompson,Henry J (Primary PI) 1173",Comparative Analysis of the Impact of the Type of Pulse Consumed in Human Subjects and Pre-Clinical Models,1173-Horticulture + Landscape Architecture,1173,Horticulture + Landscape Architecture,Agricultural Sciences-Academic Units (E1),2023-08-01,2023,2027-07-31,FALSE,0,No Indirect Cost Allowed,USDA-ARS-Agricultural Research Service,,Federal,,2023-05-11,2023,Funded,TRUE,438377.15,USDA-ARS-Agricultural Research Service,Federal,Direct sponsor reported; prime sponsor unavailable,FALSE,Federal,FALSE,FALSE
K000155389,17145421,155389,New,"Nalam,Vamsi","Nalam,Vamsi (Primary PI) 1177",UV-C Treatment forPest and Pathogen Management in Cannabis Sativa,1177-Agricultural Biology,1177,Agricultural Biology,Agricultural Sciences-Academic Units (E1),2023-10-01,2023,2026-09-30,FALSE,15,MTDC,Colorado State University - Pueblo,,State of Colorado Higher Education,,2023-05-11,2023,,FALSE,714768.62,Colorado State University - Pueblo,State of Colorado Higher Education,Direct sponsor reported; prime sponsor unavailable,FALSE,CSU/Internal,FALSE,FALSE
K000155205,17144689,155205,New,"Fulladolsa Palma,Ana Cristina","Fulladolsa Palma,Ana Cristina (Primary PI) 1177",Detection of Potato Mop-Top Virus in Seed Potatoes,1177-Agricultural Biology,1177,Agricultural Biology,Agricultural Sciences-Academic Units (E1),2024-01-01,2024,2024-12-31,FALSE,0,No Indirect Cost Allowed,Colorado Potato Administrative Committee,Colorado Department of Agriculture,Domestic Non-Profit (other than Domestic Foundations),State of Colorado,2023-04-25,2023,Funded,TRUE,34235.87,Colorado Department of Agriculture,State of Colorado,Prime sponsor reported; direct sponsor is pass-through,FALSE,State,FALSE,FALSE
K000155080,17144685,155080,New,"Bousselot,Jennifer M","Bousselot,Jennifer M (Primary PI) 1173",Exploring Regionally-Available Substrates for Sustainable Container Production of Colorado Native Plants,1173-Horticulture + Landscape Architecture,1173,Horticulture + Landscape Architecture,Agricultural Sciences-Academic Units (E1),2024-01-15,2024,2025-10-01,FALSE,0,No Indirect Cost Allowed,Colorado Department of Agriculture,USDA-AMS-Agricultural Marketing Service,State of Colorado,Federal,2023-04-25,2023,Funded,TRUE,63609.25,USDA-AMS-Agricultural Marketing Service,Federal,Prime sponsor reported; direct sponsor is pass-through,FALSE,Federal,FALSE,FALSE
K000155791,17144681,155791,New,"Thompson,Henry J","Thompson,Henry J (Primary PI) 1173",A Novel Approach to Improve Triple Negative Breast Cancer Treatment,1173-Horticulture + Landscape Architecture,1173,Horticulture + Landscape Architecture,Agricultural Sciences-Academic Units (E1),2023-07-01,2023,2024-06-30,FALSE,0,No Indirect Cost Allowed,Pennsylvania State University,,Other Domestic Higher Education,,2023-04-25,2023,,FALSE,8400.38,Pennsylvania State University,Other Domestic Higher Education,Direct sponsor reported; prime sponsor unavailable,FALSE,Other,FALSE,FALSE
K000155656,17144672,155656,New,"Bauerle,William L","Bauerle,William L (Primary PI) 1173",Developing Cannabis Irrigation and Nutrient Use Best Practices,1173-Horticulture + Landscape Architecture,1173,Horticulture + Landscape Architecture,Agricultural Sciences-Academic Units (E1),2023-10-01,2023,2026-03-31,FALSE,15,MTDC,Colorado State University - Pueblo,,State of Colorado Higher Education,,2023-04-25,2023,Funded,TRUE,268962.07,Colorado State University - Pueblo,State of Colorado Higher Education,Direct sponsor reported; prime sponsor unavailable,FALSE,CSU/Internal,FALSE,FALSE
K000155655,17144666,155655,New,"Prenni,Jessica E","Prenni,Jessica E (Primary PI) 1173; Weir,Tiffany L (Co-PI) 1571",Examination of the Bi-Directional Interactions between Phytocannabinoids and a Human-Associated Gut Microbiota,1173-Horticulture + Landscape Architecture,1173,Horticulture + Landscape Architecture,Agricultural Sciences-Academic Units (E1),2023-09-01,2023,2025-08-31,FALSE,15,MTDC,Colorado State University - Pueblo,,State of Colorado Higher Education,,2023-04-25,2023,Funded,TRUE,191487.63,Colorado State University - Pueblo,State of Colorado Higher Education,Direct sponsor reported; prime sponsor unavailable,FALSE,CSU/Internal,FALSE,FALSE
K000155639,17144662,155639,New,"Thompson,Henry J","Thompson,Henry J (Primary PI) 1173",Identification of Pulse Quality Characteristics for Product Development that Consider Potential Human Health Benefits,1173-Horticulture + Landscape Architecture,1173,Horticulture + Landscape Architecture,Agricultural Sciences-Academic Units (E1),2023-05-01,2023,2024-04-30,FALSE,0,No Indirect Cost Allowed,USDA-ARS-Agricultural Research Service,,Federal,,2023-04-25,2023,Funded,TRUE,117775.51,USDA-ARS-Agricultural Research Service,Federal,Direct sponsor reported; prime sponsor unavailable,FALSE,Federal,FALSE,FALSE
K000155332,17144658,155332,New,"Borowiec,Marek L","Borowiec,Marek L (Primary PI) 1177",FACT-AI: Harnessing Artificial Intelligence for Implementing Integrated Pest Management in Small-Grain Production Systems,1177-Agricultural Biology,1177,Agricultural Biology,Agricultural Sciences-Academic Units (E1),2023-03-01,2023,2025-02-28,FALSE,6.87,TDC,USDA-NIFA-National Institute of Food and Agriculture,,Federal,,2023-04-25,2023,Funded,TRUE,262737.48,USDA-NIFA-National Institute of Food and Agriculture,Federal,Direct sponsor reported; prime sponsor unavailable,FALSE,Federal,FALSE,FALSE
K000155676,17144654,155676,New,"Borch,Thomas","Borch,Thomas (Primary PI) 1170",Ultra High Recovery Desalination of Produced Water with LSRRO Systems,1170-Soil + Crop Sciences,1170,Soil + Crop Sciences,Agricultural Sciences-Academic Units (E1),2023-10-01,2023,2026-09-30,FALSE,53.5,MTDC,Colorado School of Mines,DOE-US Department of Energy,State of Colorado Higher Education,Federal,2023-04-25,2023,,FALSE,134087.54,DOE-US Department of Energy,Federal,Prime sponsor reported; direct sponsor is pass-through,TRUE,Federal,FALSE,FALSE
K000155674,17144650,155674,New,"Tembrock,Luke R","Tembrock,Luke R (Primary PI) 1177",Tropilaelaps Molecular Assay,1177-Agricultural Biology,1177,Agricultural Biology,Agricultural Sciences-Academic Units (E1),2023-09-01,2023,2024-08-31,FALSE,10,TDC,USDA-APHIS-Animal Plant Health Insp Srvc,,Federal,,2023-04-25,2023,Funded,TRUE,98446.91,USDA-APHIS-Animal Plant Health Insp Srvc,Federal,Direct sponsor reported; prime sponsor unavailable,FALSE,Federal,FALSE,FALSE
K000155599,17144638,155599,Supplement/Additional Funding,"Narayanan Nair,Mahesh","Narayanan Nair,Mahesh (Primary PI) 1171; Engle,Terry E (Co-PI) 1171; Martin,Jennifer Nicole (Co-PI) 1171; Edwards-Callaway,Lily Nowell (Co-PI) 1171; Stackhouse-Lawson,Kimberly Rose (Co-PI) 1171",Evaluation of Prosper EO to replace Monensin or Tylosin in the Ration Fed to Growing Beef Steers on Growth Performance,1171-Animal Sciences,1171,Animal Sciences,Agricultural Sciences-Academic Units (E1),2023-04-01,2023,2023-09-30,FALSE,35,MTDC,Ralco,,Domestic Commercial,,2023-04-25,2023,Funded,TRUE,41814.33,Ralco,Domestic Commercial,Direct sponsor reported; prime sponsor unavailable,FALSE,Industry,FALSE,FALSE
K000155384,17144631,155384,New,"Baxter,Aryn","Baxter,Aryn (Primary PI) 1172; Bradeen,James Mathew (Co-PI) 0100; Conway,Kerri Wright Platais (Key Person) 0001",GROW Institute: Training Educators and Students to Address Global Food Security Challenges,1172-Agricultural + Resource Economics,1172,Agricultural + Resource Economics,Agricultural Sciences-Academic Units (E1),2023-08-01,2023,2025-07-31,FALSE,35,MTDC,USDA-NIFA-National Institute of Food and Agriculture,,Federal,,2023-04-25,2023,,FALSE,149998.57,USDA-NIFA-National Institute of Food and Agriculture,Federal,Direct sponsor reported; prime sponsor unavailable,FALSE,Federal,TRUE,FALSE
K000155554,17144627,155554,New,"Pinedo,Pablo J","Pinedo,Pablo J (Primary PI) 1171",Evaluating Strategies to Improve Resiliency in Organic Dairy Cows,1171-Animal Sciences,1171,Animal Sciences,Agricultural Sciences-Academic Units (E1),2023-10-01,2023,2027-09-30,FALSE,53.5,MTDC,Texas A and M University,USDA-NIFA-National Institute of Food and Agriculture,Other Domestic Higher Education,Federal,2023-04-25,2023,,FALSE,221600.68,USDA-NIFA-National Institute of Food and Agriculture,Federal,Prime sponsor reported; direct sponsor is pass-through,TRUE,Federal,FALSE,FALSE
K000155591,17144623,155591,New,"Uchanski,Mark E","Uchanski,Mark E (Primary PI) 1173",OSPREY: Organic Seed Production Resources on Economics and Yield,1173-Horticulture + Landscape Architecture,1173,Horticulture + Landscape Architecture,Agricultural Sciences-Academic Units (E1),2023-09-30,2023,2027-09-29,FALSE,42.85,TDC,Organic Seed Alliance,USDA-NIFA-National Institute of Food and Agriculture,Domestic Non-Profit (other than Domestic Foundations),Federal,2023-04-25,2023,,FALSE,244732.02,USDA-NIFA-National Institute of Food and Agriculture,Federal,Prime sponsor reported; direct sponsor is pass-through,FALSE,Federal,FALSE,FALSE
K000155531,17144611,155531,New,"Miller,Chad","Miller,Chad (Primary PI) 1173",Developing and Optimizing Achimenes Propagation Protocols to Increase Commercial Production,1173-Horticulture + Landscape Architecture,1173,Horticulture + Landscape Architecture,Agricultural Sciences-Academic Units (E1),2023-08-01,2023,2024-07-31,FALSE,0,No Indirect Cost Allowed,Fred C. Gloeckner Foundation,,Domestic Foundations,,2023-04-25,2023,Funded,TRUE,11999.46,Fred C. Gloeckner Foundation,Domestic Foundations,Direct sponsor reported; prime sponsor unavailable,FALSE,Foundation/nonprofit,FALSE,FALSE
K000155308,17144540,155308,New,"Borch,Thomas","Borch,Thomas (Primary PI) 1170; Conrad,Steven Allen (Co-PI) 1377; Bradley,Thomas Heenan (Co-PI) 1377; Nazemi,Mohammadreza (Co-PI) 1374","Cost-Effective Decarbonization of Wastewater Utilities by a Combined Biosolid Pyrolysis, Anaerobic Membrane Bioreactor and Nutrient Recovery Approach",1170-Soil + Crop Sciences,1170,Soil + Crop Sciences,Agricultural Sciences-Academic Units (E1),2023-10-01,2023,2028-09-30,FALSE,53.5,MTDC,Water Tectonics,DOE-US Department of Energy,Domestic Commercial,Federal,2023-04-24,2023,,FALSE,824999.75,DOE-US Department of Energy,Federal,Prime sponsor reported; direct sponsor is pass-through,FALSE,Federal,FALSE,FALSE
K000155358,17144508,155358,New,"Enns,Kellie J","Enns,Kellie J (Primary PI) 1172; Bennett,Jennifer Evans (Co-PI) 1172","Agricultural Workforce Opportunity & Readiness Connections: High-Impact Experiences for Next-Generation Extension, Outreach, and Nonformal Education Professionals (AgWORC)",1172-Agricultural + Resource Economics,1172,Agricultural + Resource Economics,Agricultural Sciences-Academic Units (E1),2024-01-01,2024,2026-12-31,FALSE,35,MTDC,Utah State University,USDA-NIFA-National Institute of Food and Agriculture,Other Domestic Higher Education,Federal,2023-04-24,2023,,FALSE,185293.25,USDA-NIFA-National Institute of Food and Agriculture,Federal,Prime sponsor reported; direct sponsor is pass-through,TRUE,Federal,TRUE,FALSE
K000155513,17144500,155513,New,"Wrighton,Kelly Catherine","Wrighton,Kelly Catherine (Primary PI) 1170",Generalized Language Models for Massively Scalable Predictive Omics,1170-Soil + Crop Sciences,1170,Soil + Crop Sciences,Agricultural Sciences-Academic Units (E1),2023-09-01,2023,2026-08-31,FALSE,53.5,MTDC,University of Colorado at Denver,DOE-US Department of Energy,State of Colorado Higher Education,Federal,2023-04-24,2023,,FALSE,239538.51,DOE-US Department of Energy,Federal,Prime sponsor reported; direct sponsor is pass-through,TRUE,Federal,FALSE,FALSE
K000155401,17144476,155401,New,"Tembrock,Luke R","Tembrock,Luke R (Primary PI) 1177",Molecular Research to Support the Northern Giant Hornet (NGH) Response,1177-Agricultural Biology,1177,Agricultural Biology,Agricultural Sciences-Academic Units (E1),2023-09-01,2023,2024-08-31,FALSE,15,TDC,USDA-APHIS-Animal Plant Health Insp Srvc,,Federal,,2023-04-24,2023,Funded,TRUE,46376.05,USDA-APHIS-Animal Plant Health Insp Srvc,Federal,Direct sponsor reported; prime sponsor unavailable,FALSE,Federal,FALSE,FALSE
K000154389,17144467,154389,New,"Borowiec,Marek L","Borowiec,Marek L (Primary PI) 1177",Genomic Analysis to Determine Taxonomic Classifications of the Boloria Improba Complex and Genetic Variability of the Endangered Uncompahgre Fritillary Butterfly (Boloria acrocnema/B. i. acrocnema),1177-Agricultural Biology,1177,Agricultural Biology,Agricultural Sciences-Academic Units (E1),2023-07-01,2023,2024-12-31,FALSE,17.5,TDC,DOI-USFWS-Fish and Wildlife Service,,Federal,,2023-04-24,2023,,FALSE,67636.17,DOI-USFWS-Fish and Wildlife Service,Federal,Direct sponsor reported; prime sponsor unavailable,FALSE,Federal,FALSE,FALSE
K000155561,17144231,155561,New,"Nachappa,Punya","Nachappa,Punya (Primary PI) 1177",Investigating Insecticide Resistance in Aphids and Lygus Bugs in Sugar Beets,1177-Agricultural Biology,1177,Agricultural Biology,Agricultural Sciences-Academic Units (E1),2023-04-01,2023,2024-03-31,FALSE,0,No Indirect Cost Allowed,Snake River Sugarbeet Research and Seed Alliance,,Domestic Commercial,,2023-04-17,2023,Funded,TRUE,26753.65,Snake River Sugarbeet Research and Seed Alliance,Domestic Commercial,Direct sponsor reported; prime sponsor unavailable,FALSE,Industry,FALSE,FALSE
K000155364,17143977,155364,New,"Gutierrez-Rodriguez,Eduardo","Gutierrez-Rodriguez,Eduardo (Primary PI) 1173",Solar-Powered Refrigeration for Reliable Off-Grid Storage and Distribution of Fresh Produce,1173-Horticulture + Landscape Architecture,1173,Horticulture + Landscape Architecture,Agricultural Sciences-Academic Units (E1),2023-09-01,2023,2025-08-31,FALSE,35,MTDC,"Radiant Innovation, LLC",USDA-NIFA-National Institute of Food and Agriculture,Domestic Commercial,Federal,2023-04-13,2023,Funded,TRUE,154712.52,USDA-NIFA-National Institute of Food and Agriculture,Federal,Prime sponsor reported; direct sponsor is pass-through,FALSE,Federal,FALSE,FALSE
K000155306,17143973,155306,New,"Countryman,Amanda Marie","Countryman,Amanda Marie (Primary PI) 1172",Agricultural and Economywide Effects of the Ukraine Conflict,1172-Agricultural + Resource Economics,1172,Agricultural + Resource Economics,Agricultural Sciences-Academic Units (E1),2023-03-01,2023,2023-12-31,FALSE,10,TDC,University of Minnesota,USDA-Foreign Agricultural Service,Other Domestic Higher Education,Federal,2023-04-13,2023,Funded,TRUE,34998.75,USDA-Foreign Agricultural Service,Federal,Prime sponsor reported; direct sponsor is pass-through,TRUE,Federal,TRUE,FALSE
K000155083,17143967,155083,New,"Wrighton,Kelly Catherine","Wrighton,Kelly Catherine (Primary PI) 1170; Borton,Mikayla Ann (Co-PI) 1170",Scaling Expert Curation Approaches to an Automated Framework for Metabolism-Centric Annotation,1170-Soil + Crop Sciences,1170,Soil + Crop Sciences,Agricultural Sciences-Academic Units (E1),2023-08-01,2023,2026-07-31,FALSE,53.5,MTDC,DOE-US Department of Energy,,Federal,,2023-04-13,2023,,FALSE,1049999.52,DOE-US Department of Energy,Federal,Direct sponsor reported; prime sponsor unavailable,FALSE,Federal,FALSE,FALSE
K000154484,17143877,154484,New,"Nachappa,Punya","Nachappa,Punya (Primary PI) 1177; Mason,Richard Esten (Co-PI) 1170",Developing an Integrated Approach to Combat the Rapid Spread of Wheat Stem Sawfly In The Central Great Plains,1177-Agricultural Biology,1177,Agricultural Biology,Agricultural Sciences-Academic Units (E1),2023-04-01,2023,2024-03-31,FALSE,11.11,TDC,Foundation for Food & Agriculture Research,,Domestic Non-Profit (other than Domestic Foundations),,2023-04-11,2023,Funded,TRUE,149419.86,Foundation for Food & Agriculture Research,Domestic Non-Profit (other than Domestic Foundations),Direct sponsor reported; prime sponsor unavailable,FALSE,Foundation/nonprofit,FALSE,FALSE
K000155527,17143585,155527,New,"Gaines,Todd A","Gaines,Todd A (Primary PI) 1177",GROW: A National Response to the Herbicide-Resistant Weed Epidemic-CSU,1177-Agricultural Biology,1177,Agricultural Biology,Agricultural Sciences-Academic Units (E1),2022-08-25,2022,2023-08-24,FALSE,0,No Indirect Cost Allowed,USDA-ARS-Agricultural Research Service,,Federal,,2023-04-07,2023,Funded,TRUE,14999.28,USDA-ARS-Agricultural Research Service,Federal,Direct sponsor reported; prime sponsor unavailable,FALSE,Federal,FALSE,FALSE
K000155452,17143488,155452,New,"Szczepaniec,Adrianna","Szczepaniec,Adrianna (Primary PI) 1177",Integrated Approaches to Managing Sugar Beet Root Maggot in Sugar Beets,1177-Agricultural Biology,1177,Agricultural Biology,Agricultural Sciences-Academic Units (E1),2023-04-24,2023,2023-12-15,FALSE,0,No Indirect Cost Allowed,Western Sugar Cooperative,,Domestic Commercial,,2023-04-07,2023,Funded,TRUE,25776.09,Western Sugar Cooperative,Domestic Commercial,Direct sponsor reported; prime sponsor unavailable,FALSE,Industry,FALSE,FALSE
K000155113,17142666,155113,New,"Edwards-Callaway,Lily Nowell","Edwards-Callaway,Lily Nowell (Primary PI) 1171; Cramer,Mary Caitlin (Co-PI) 1171; Roman-Muniz,Ivette Noami (Key Person) 1171",Understanding Caretaker Perspectives to Improve Cattle Welfare and Worker Well-Being in Feedlots,1171-Animal Sciences,1171,Animal Sciences,Agricultural Sciences-Academic Units (E1),2023-04-01,2023,2024-06-30,FALSE,0,No Indirect Cost Allowed,National Cattlemens Beef Association,,Domestic Non-Profit (other than Domestic Foundations),,2023-03-16,2023,Funded,TRUE,73983.17,National Cattlemens Beef Association,Domestic Non-Profit (other than Domestic Foundations),Direct sponsor reported; prime sponsor unavailable,FALSE,Foundation/nonprofit,FALSE,FALSE
K000155394,17142660,155394,New,"Engle,Terry E","Engle,Terry E (Primary PI) 1171; Stackhouse-Lawson,Kimberly Rose (Co-PI) 1171",In Vitro Screening of Sustainability Molecules,1171-Animal Sciences,1171,Animal Sciences,Agricultural Sciences-Academic Units (E1),2023-03-20,2023,2024-01-31,FALSE,35,TDC,Elanco Animal Health,,Domestic Commercial,,2023-03-16,2023,Funded,TRUE,38587.2,Elanco Animal Health,Domestic Commercial,Direct sponsor reported; prime sponsor unavailable,FALSE,Industry,FALSE,FALSE
K000155330,17142464,155330,New,"Nalam,Vamsi","Nalam,Vamsi (Primary PI) 1177; Han,Jinlong (Co-PI) 1177",Disruption of Potato Virus Y Transmission by Aphid Vectors Using Small Peptide Inhibitors,1177-Agricultural Biology,1177,Agricultural Biology,Agricultural Sciences-Academic Units (E1),2023-06-01,2023,2024-05-30,FALSE,0,No Indirect Cost Allowed,Colorado Potato Administrative Committee,,Domestic Non-Profit (other than Domestic Foundations),,2023-03-15,2023,Funded,TRUE,33348.85,Colorado Potato Administrative Committee,Domestic Non-Profit (other than Domestic Foundations),Direct sponsor reported; prime sponsor unavailable,FALSE,Foundation/nonprofit,FALSE,FALSE
K000155328,17142460,155328,New,"Nalam,Vamsi","Nalam,Vamsi (Primary PI) 1177",Accurate Diagnosis of Two Tuber Necrotic Viruses in Potato,1177-Agricultural Biology,1177,Agricultural Biology,Agricultural Sciences-Academic Units (E1),2023-07-01,2023,2024-06-30,FALSE,0,No Indirect Cost Allowed,USDA-ARS-Agricultural Research Service,,Federal,,2023-03-15,2023,Funded,TRUE,37539.17,USDA-ARS-Agricultural Research Service,Federal,Direct sponsor reported; prime sponsor unavailable,FALSE,Federal,FALSE,FALSE
K000155304,17142456,155304,New,"Borch,Thomas","Borch,Thomas (Primary PI) 1170","Self-Assembly Behavior, Interactions, and Mobility of Per- and Polyfluoroalkyl Substances (PFAS) in Water and Soil Contaminated with Aqueous Film-Forming Foam (AFFF)",1170-Soil + Crop Sciences,1170,Soil + Crop Sciences,Agricultural Sciences-Academic Units (E1),2024-06-01,2024,2027-12-31,FALSE,53.5,MTDC,University at Buffalo-The State University of New York,DOD-US Department of Defense,Other Domestic Higher Education,Federal,2023-03-15,2023,,FALSE,449979.45,DOD-US Department of Defense,Federal,Prime sponsor reported; direct sponsor is pass-through,TRUE,Federal,FALSE,FALSE
K000155295,17142446,155295,New,"Trivedi,Pankaj","Trivedi,Pankaj (Primary PI) 1177",Assessing the Microbiome of Diffusers to Control the Microbes Involved in Sugar Loss,1177-Agricultural Biology,1177,Agricultural Biology,Agricultural Sciences-Academic Units (E1),2023-03-08,2023,2024-03-07,FALSE,0,No Indirect Cost Allowed,Western Sugar Cooperative,,Domestic Commercial,,2023-03-15,2023,Funded,TRUE,24299.16,Western Sugar Cooperative,Domestic Commercial,Direct sponsor reported; prime sponsor unavailable,FALSE,Industry,FALSE,FALSE
K000155294,17142442,155294,New,"Trivedi,Pankaj","Trivedi,Pankaj (Primary PI) 1177",Development of Synthetic Microbial Communities (SynComs) to Control Fungal Diseases Infecting Sugar Beet,1177-Agricultural Biology,1177,Agricultural Biology,Agricultural Sciences-Academic Units (E1),2023-03-10,2023,2024-03-09,FALSE,0,No Indirect Cost Allowed,Western Sugar Cooperative,,Domestic Commercial,,2023-03-15,2023,Funded,TRUE,14999.57,Western Sugar Cooperative,Domestic Commercial,Direct sponsor reported; prime sponsor unavailable,FALSE,Industry,FALSE,FALSE
K000155237,17142433,155237,New,"Nalam,Vamsi","Nalam,Vamsi (Primary PI) 1177",Enhancing Sugar Beet Breeding Efforts by Identifying Mechanisms and Genes Conferring Curly Top Resistance,1177-Agricultural Biology,1177,Agricultural Biology,Agricultural Sciences-Academic Units (E1),2023-03-01,2023,2024-02-29,FALSE,0,No Indirect Cost Allowed,Western Sugar Cooperative,,Domestic Commercial,,2023-03-15,2023,Funded,TRUE,28180.09,Western Sugar Cooperative,Domestic Commercial,Direct sponsor reported; prime sponsor unavailable,FALSE,Industry,FALSE,FALSE
K000155069,17142429,155069,New,"Cadaret,Caitlin","Cadaret,Caitlin (Primary PI) 1171",Elucidating the Impact of IUGR on Adult Offspring Reproductive Competency,1171-Animal Sciences,1171,Animal Sciences,Agricultural Sciences-Academic Units (E1),2023-06-01,2023,2026-05-31,FALSE,8,TDC,Boettcher Foundation,,Domestic Foundations,,2023-03-15,2023,,FALSE,234686.41,Boettcher Foundation,Domestic Foundations,Direct sponsor reported; prime sponsor unavailable,FALSE,Foundation/nonprofit,FALSE,FALSE
K000155312,17142243,155312,New,"Stackhouse-Lawson,Kimberly Rose","Stackhouse-Lawson,Kimberly Rose (Primary PI) 1171; Ritten,John Patrick (Co-PI) 1172",Integrated Cattle-Corn Production Systems: Assessing the Utility of Virtual Fence Technology for the Implementation of Corn Stover Grazing by Cattle,1171-Animal Sciences,1171,Animal Sciences,Agricultural Sciences-Academic Units (E1),2023-09-01,2023,2024-04-30,FALSE,0,No Indirect Cost Allowed,Colorado Corn Administrative Committee,,Domestic Non-Profit (other than Domestic Foundations),,2023-03-08,2023,,FALSE,49999.83,Colorado Corn Administrative Committee,Domestic Non-Profit (other than Domestic Foundations),Direct sponsor reported; prime sponsor unavailable,FALSE,Foundation/nonprofit,FALSE,FALSE
K000155171,17142231,155171,New,"Fonte,Steven John","Fonte,Steven John (Primary PI) 1170; Vanek,Steven John (Co-PI) 1170","Smallholder Soil Health Assessment - Supporting Soils Research, Awareness, and Capacity Building Towards Agroecological Transitions",1170-Soil + Crop Sciences,1170,Soil + Crop Sciences,Agricultural Sciences-Academic Units (E1),2023-09-01,2023,2026-08-31,FALSE,10,TDC,McKnight Foundation,,Domestic Foundations,,2023-03-08,2023,Funded,TRUE,599984.94,McKnight Foundation,Domestic Foundations,Direct sponsor reported; prime sponsor unavailable,FALSE,Foundation/nonprofit,FALSE,FALSE
K000155148,17142227,155148,New,"Leach,Jan E","Leach,Jan E (Primary PI) 1177","Risk Assessment of Diseases Caused by Pantoea Ananatis on Rice, Peanut and Corn in the USA",1177-Agricultural Biology,1177,Agricultural Biology,Agricultural Sciences-Academic Units (E1),2023-03-07,2023,2024-03-06,FALSE,0,No Indirect Cost Allowed,USDA-ARS-Agricultural Research Service,,Federal,,2023-03-08,2023,Funded,TRUE,30856.08,USDA-ARS-Agricultural Research Service,Federal,Direct sponsor reported; prime sponsor unavailable,FALSE,Federal,FALSE,FALSE
K000155101,17142175,155101,New,"Jones-Diamond,Sally Marie","Jones-Diamond,Sally Marie (Primary PI) 1170",2023 Corn Hybrid Performance Trials,1170-Soil + Crop Sciences,1170,Soil + Crop Sciences,Agricultural Sciences-Academic Units (E1),2023-05-01,2023,2023-12-31,FALSE,0,No Indirect Cost Allowed,Colorado Corn Administrative Committee,,Domestic Non-Profit (other than Domestic Foundations),,2023-03-07,2023,Funded,TRUE,5063.74,Colorado Corn Administrative Committee,Domestic Non-Profit (other than Domestic Foundations),Direct sponsor reported; prime sponsor unavailable,FALSE,Foundation/nonprofit,FALSE,FALSE
K000154957,17142166,154957,New,"Borowiec,Marek L","Borowiec,Marek L (Primary PI) 1177; Magee,Christianne (Co-PI) 1680",ARTS: Integrative Systematics of Diacamma as Template for Revision of Taxonomically Difficult Ants,1177-Agricultural Biology,1177,Agricultural Biology,Agricultural Sciences-Academic Units (E1),2023-09-01,2023,2026-08-31,FALSE,53.5,MTDC,NSF-Biological Sciences,,Federal,,2023-03-07,2023,,FALSE,809944.92,NSF-Biological Sciences,Federal,Direct sponsor reported; prime sponsor unavailable,FALSE,Federal,FALSE,FALSE
K000155223,17141696,155223,New,"Paustian,Keith H","Paustian,Keith H (Primary PI) 1170",Development of a COMET Global Planner tool,1170-Soil + Crop Sciences,1170,Soil + Crop Sciences,Agricultural Sciences-Academic Units (E1),2023-03-01,2023,2023-12-31,FALSE,10,TDC,USDA-Foreign Agricultural Service,,Federal,,2023-02-28,2023,Funded,TRUE,50000.56,USDA-Foreign Agricultural Service,Federal,Direct sponsor reported; prime sponsor unavailable,FALSE,Federal,FALSE,FALSE
K000155071,17141294,155071,New,"Borton,Mikayla Ann","Borton,Mikayla Ann (Primary PI) 1170",Prediction of Microbial and Biogeochemical Dynamics in Response to Precipitation in Rangeland Ecosystem Terrestrial-Aquatic Interfaces,1170-Soil + Crop Sciences,1170,Soil + Crop Sciences,Agricultural Sciences-Academic Units (E1),2023-09-01,2023,2026-08-31,FALSE,53.5,MTDC,Oregon State University,DOE-US Department of Energy,Other Domestic Higher Education,Federal,2023-02-20,2023,,FALSE,119213.85,DOE-US Department of Energy,Federal,Prime sponsor reported; direct sponsor is pass-through,TRUE,Federal,FALSE,FALSE
K000155050,17141285,155050,New,"Gaines,Todd A","Gaines,Todd A (Primary PI) 1177",Prelaunch Evaluation of Triple Stack Herbicide Resistance Efficacy for Sugar Beets in the Rocky Mountain West,1177-Agricultural Biology,1177,Agricultural Biology,Agricultural Sciences-Academic Units (E1),2023-03-01,2023,2024-02-29,FALSE,0,No Indirect Cost Allowed,Western Sugar Cooperative,,Domestic Commercial,,2023-02-20,2023,Funded,TRUE,25000.07,Western Sugar Cooperative,Domestic Commercial,Direct sponsor reported; prime sponsor unavailable,FALSE,Industry,FALSE,FALSE
K000155129,17141281,155129,Supplement/Additional Funding,"Gutierrez-Rodriguez,Eduardo","Gutierrez-Rodriguez,Eduardo (Primary PI) 1173",Solar-Powered Refrigeration for Reliable Off-Grid Storage and Distribution of Fresh Produce,1173-Horticulture + Landscape Architecture,1173,Horticulture + Landscape Architecture,Agricultural Sciences-Academic Units (E1),2022-04-15,2022,2022-12-15,FALSE,34,MTDC,"Radiant Innovation, LLC",USDA-NIFA-National Institute of Food and Agriculture,Domestic Commercial,Federal,2023-02-20,2023,Funded,TRUE,3500.08,USDA-NIFA-National Institute of Food and Agriculture,Federal,Prime sponsor reported; direct sponsor is pass-through,FALSE,Federal,FALSE,FALSE
K000155087,17140979,155087,New,"Bayham,Jude","Bayham,Jude (Primary PI) 1172",CDPHE CSPH COVID Analysis,1172-Agricultural + Resource Economics,1172,Agricultural + Resource Economics,Agricultural Sciences-Academic Units (E1),2023-03-01,2023,2024-05-31,FALSE,35,MTDC,University of Colorado at Denver,Colorado Department of Public Health and Environment,State of Colorado Higher Education,State of Colorado,2023-02-09,2023,Funded,TRUE,33750,Colorado Department of Public Health and Environment,State of Colorado,Prime sponsor reported; direct sponsor is pass-through,TRUE,State,TRUE,FALSE
K000155075,17140975,155075,New,"Jones-Diamond,Sally Marie","Jones-Diamond,Sally Marie (Primary PI) 1170",Identifying the Mechanisms of Nonpreference in Wheat and Related Species for Integrated Control of Wheat Stem Sawfly,1170-Soil + Crop Sciences,1170,Soil + Crop Sciences,Agricultural Sciences-Academic Units (E1),2023-09-01,2023,2026-06-30,FALSE,26,MTDC,University of Nebraska,USDA-NIFA-National Institute of Food and Agriculture,Other Domestic Higher Education,Federal,2023-02-09,2023,,FALSE,24989.74,USDA-NIFA-National Institute of Food and Agriculture,Federal,Prime sponsor reported; direct sponsor is pass-through,TRUE,Federal,FALSE,FALSE
K000154854,17140971,154854,New,"Thompson,Henry J","Thompson,Henry J (Primary PI) 1173",Impact of Dry Bean Consumption on Aerobic Fitness and Exercise Endurance,1173-Horticulture + Landscape Architecture,1173,Horticulture + Landscape Architecture,Agricultural Sciences-Academic Units (E1),2023-07-01,2023,2024-06-30,FALSE,0,No Indirect Cost Allowed,Nebraska Dry Bean Commission,,Domestic Non-Profit (other than Domestic Foundations),,2023-02-09,2023,Funded,TRUE,25966.2,Nebraska Dry Bean Commission,Domestic Non-Profit (other than Domestic Foundations),Direct sponsor reported; prime sponsor unavailable,FALSE,Foundation/nonprofit,FALSE,FALSE
K000154930,17140758,154930,New,"Wilkins,Michael James","Wilkins,Michael James (Primary PI) 1170",Investigating the Role of Methane-Cycling Microorganisms during Rice Cultivation,1170-Soil + Crop Sciences,1170,Soil + Crop Sciences,Agricultural Sciences-Academic Units (E1),2023-03-01,2023,2024-02-28,FALSE,53,MTDC,Syngenta,,Domestic Commercial,,2023-02-07,2023,Funded,TRUE,99924.33,Syngenta,Domestic Commercial,Direct sponsor reported; prime sponsor unavailable,FALSE,Industry,FALSE,FALSE
K000154989,17140530,154989,New,"Thompson,Henry J","Thompson,Henry J (Primary PI) 1173",Enhancing the Efficacy and Reducing Toxicity of Triple Negative Breast Cancer Treatment with Quercetin,1173-Horticulture + Landscape Architecture,1173,Horticulture + Landscape Architecture,Agricultural Sciences-Academic Units (E1),2023-03-01,2023,2024-02-28,FALSE,0,No Indirect Cost Allowed,Pennsylvania State University,,Other Domestic Higher Education,,2023-02-03,2023,,FALSE,8400.38,Pennsylvania State University,Other Domestic Higher Education,Direct sponsor reported; prime sponsor unavailable,FALSE,Other,FALSE,FALSE
K000154973,17140524,154973,Supplement/Additional Funding,"Minas,Ioannis","Minas,Ioannis (Primary PI) 1173; Card,Adrian B (Co-PI) 4044","Colorado Sustainable Agricultural Professional Development Program, (2021 - 2023)",1173-Horticulture + Landscape Architecture,1173,Horticulture + Landscape Architecture,Agricultural Sciences-Academic Units (E1),2023-01-01,2023,2023-12-31,FALSE,11.11,TDC,Montana State University,USDA-AMS-Agricultural Marketing Service,Other Domestic Higher Education,Federal,2023-02-03,2023,Funded,TRUE,17249.83,USDA-AMS-Agricultural Marketing Service,Federal,Prime sponsor reported; direct sponsor is pass-through,TRUE,Federal,FALSE,FALSE
K000154911,17140520,154911,New,"Peters,Brittany Caitlin","Peters,Brittany Caitlin (Primary PI) 1171",Examining the Effect of Riding at Different Equine Gaits on Social Engagement and Self-regulation in Youth with Autism Spectrum Disorder,1171-Animal Sciences,1171,Animal Sciences,Agricultural Sciences-Academic Units (E1),2023-07-01,2023,2024-06-30,FALSE,0,No Indirect Cost Allowed,Horses & Humans Research Foundation,,Domestic Foundations,,2023-02-03,2023,,FALSE,9991,Horses & Humans Research Foundation,Domestic Foundations,Direct sponsor reported; prime sponsor unavailable,FALSE,Foundation/nonprofit,FALSE,FALSE
K000154231,17140056,154231,New,"Thilmany,Dawn D","Thilmany,Dawn D (Primary PI) 1172; Sullins,Martha J (Co-PI) 4010; Brislen,Lilian (Co-PI) 1172; Jablonski,Rebecca BR (Co-PI) 1172",Northwest Mountain Food Business Center,1172-Agricultural + Resource Economics,1172,Agricultural + Resource Economics,Agricultural Sciences-Academic Units (E1),2023-03-01,2023,2028-02-29,FALSE,10,MTDC,USDA-AMS-Agricultural Marketing Service,,Federal,,2023-01-23,2023,Funded,TRUE,49999996.39,USDA-AMS-Agricultural Marketing Service,Federal,Direct sponsor reported; prime sponsor unavailable,FALSE,Federal,TRUE,FALSE
K000154826,17140048,154826,New,"Mason,Richard Esten","Mason,Richard Esten (Primary PI) 1170",Leveraging High-Throughput Genotyping and Phenotyping Technologies to Accelerate Wheat Improvement,1170-Soil + Crop Sciences,1170,Soil + Crop Sciences,Agricultural Sciences-Academic Units (E1),2024-09-21,2024,2027-08-31,FALSE,54,MTDC,"National Academies of Sciences, Engineering, and Medicine",DOS-AID-Agency for Inter. Development,Domestic Non-Profit (other than Domestic Foundations),Federal,2023-01-23,2023,,FALSE,191478.79,DOS-AID-Agency for Inter. Development,Federal,Prime sponsor reported; direct sponsor is pass-through,FALSE,Federal,FALSE,FALSE
K000154667,17140044,154667,New,"Trivedi,Pankaj","Trivedi,Pankaj (Primary PI) 1177",2022BBSRC-NSF/BIO: Developing a Framework for the Rational Design of Microbial Community Inoculants to Enhance Crop Health,1177-Agricultural Biology,1177,Agricultural Biology,Agricultural Sciences-Academic Units (E1),2023-09-04,2023,2026-09-03,FALSE,53.5,MTDC,NSF-National Science Foundation,,Federal,,2023-01-23,2023,,FALSE,419745.93,NSF-National Science Foundation,Federal,Direct sponsor reported; prime sponsor unavailable,FALSE,Federal,FALSE,FALSE
K000154864,17140010,154864,Supplement/Additional Funding,"Paustian,Keith H","Paustian,Keith H (Primary PI) 1170; Zhang,Yao (Key Person) 1499",National Getting to Neutral Carbon,1170-Soil + Crop Sciences,1170,Soil + Crop Sciences,Agricultural Sciences-Academic Units (E1),2022-06-02,2022,2023-05-31,FALSE,34,MTDC,FFRDC-Lawrence Livermore National Laboratory,,Federal,,2023-01-20,2023,,FALSE,3979.8,FFRDC-Lawrence Livermore National Laboratory,Federal,Direct sponsor reported; prime sponsor unavailable,FALSE,Federal,FALSE,FALSE
K000154617,17140006,154617,New,"Engle,Terry E","Engle,Terry E (Primary PI) 1171",In Vitro Characterization of Copper Source Solubility,1171-Animal Sciences,1171,Animal Sciences,Agricultural Sciences-Academic Units (E1),2023-04-03,2023,2023-08-31,FALSE,53,MTDC,"SAM HPRP Chemicals, Inc.",,Domestic Commercial,,2023-01-20,2023,Funded,TRUE,12737.67,"SAM HPRP Chemicals, Inc.",Domestic Commercial,Direct sponsor reported; prime sponsor unavailable,FALSE,Industry,FALSE,FALSE
K000154729,17139607,154729,New,"Wardle,Erik M","Wardle,Erik M (Primary PI) 1170; Deleon,Emmanuel (Co-PI) 1170; Brown,Ansley Joseph (Co-PI) 1170","Scalable Monitoring of Cercospora Leaf Spot and Temperature in Beet Storage Piles using Low-Cost, Internet of Things (IoT) Systems",1170-Soil + Crop Sciences,1170,Soil + Crop Sciences,Agricultural Sciences-Academic Units (E1),2023-01-01,2023,2023-12-31,FALSE,0,No Indirect Cost Allowed,Western Sugar Cooperative,,Domestic Commercial,,2023-01-09,2023,Funded,TRUE,16860.75,Western Sugar Cooperative,Domestic Commercial,Direct sponsor reported; prime sponsor unavailable,FALSE,Industry,FALSE,FALSE
K000154551,17138859,154551,New,"Ritten,John Patrick","Ritten,John Patrick (Primary PI) 1172; Raynor,Edward James (Key Person) 1171; Stackhouse-Lawson,Kimberly Rose (Key Person) 1171; DeLay,Nathan D (Key Person) 1172; Place,Sara (Key Person) 1171; Thoma,Gregory (Key Person) 3001","Integrated Cattle-Corn Production Systems: Assessing Current Practices, Barriers to Adoption, Nutrient Cycling, and Water Use of Corn Stover Grazing by Cattle in the High Plains Region",1172-Agricultural + Resource Economics,1172,Agricultural + Resource Economics,Agricultural Sciences-Academic Units (E1),2023-05-01,2023,2025-03-31,FALSE,0,No Indirect Cost Allowed,National Cattlemens Beef Association,,Domestic Non-Profit (other than Domestic Foundations),,2022-12-29,2022,,FALSE,148381.58,National Cattlemens Beef Association,Domestic Non-Profit (other than Domestic Foundations),Direct sponsor reported; prime sponsor unavailable,FALSE,Foundation/nonprofit,TRUE,FALSE
K000154685,17138827,154685,Supplement/Additional Funding,"Prenni,Jessica E","Prenni,Jessica E (Primary PI) 1173",Periodic Table of Food Central Laboratory (PTFI),1173-Horticulture + Landscape Architecture,1173,Horticulture + Landscape Architecture,Agricultural Sciences-Academic Units (E1),2022-01-01,2022,2023-06-30,FALSE,10,TDC,American Heart Association,,Domestic Non-Profit (other than Domestic Foundations),,2022-12-29,2022,,FALSE,74999.2,American Heart Association,Domestic Non-Profit (other than Domestic Foundations),Direct sponsor reported; prime sponsor unavailable,FALSE,Foundation/nonprofit,FALSE,FALSE
K000154606,17138823,154606,Supplement/Additional Funding,"Jablonski,Rebecca BR","Jablonski,Rebecca BR (Primary PI) 1172",Profitability of U.S. Beginning Farmers and Ranchers,1172-Agricultural + Resource Economics,1172,Agricultural + Resource Economics,Agricultural Sciences-Academic Units (E1),2020-09-23,2020,2023-09-30,FALSE,0,No Indirect Cost Allowed,USDA-ERS-Economic Research Service,,Federal,,2022-12-29,2022,Funded,TRUE,4600,USDA-ERS-Economic Research Service,Federal,Direct sponsor reported; prime sponsor unavailable,FALSE,Federal,TRUE,FALSE
K000154641,17138703,154641,New,"Paustian,Keith H","Paustian,Keith H (Primary PI) 1170; Zhang,Yao (Co-PI) 1499",Updating Compost Amendment Impacts in DayCent for GHG Modeling,1170-Soil + Crop Sciences,1170,Soil + Crop Sciences,Agricultural Sciences-Academic Units (E1),2023-02-01,2023,2024-01-31,FALSE,30,MTDC,"University of California, Berkeley",State of California,Other Domestic Higher Education,Other Domestic State Government,2022-12-27,2022,Funded,TRUE,134995.49,State of California,Other Domestic State Government,Prime sponsor reported; direct sponsor is pass-through,TRUE,State,FALSE,FALSE
K000154593,17138419,154593,New,"Stackhouse-Lawson,Kimberly Rose","Stackhouse-Lawson,Kimberly Rose (Primary PI) 1171; Raynor,Edward James (Key Person) 1171; Ritten,John Patrick (Key Person) 1172",Aiding Sustainability Goals in Extensive Livestock Production Systems: Employing Geofencing to Mediate Animal Distribution and Ecosystem Service Delivery in a Co-Production Framework,1171-Animal Sciences,1171,Animal Sciences,Agricultural Sciences-Academic Units (E1),2023-04-01,2023,2025-03-31,FALSE,0,No Indirect Cost Allowed,National Cattlemens Beef Association,,Domestic Non-Profit (other than Domestic Foundations),,2022-12-20,2022,,FALSE,149164.96,National Cattlemens Beef Association,Domestic Non-Profit (other than Domestic Foundations),Direct sponsor reported; prime sponsor unavailable,FALSE,Foundation/nonprofit,FALSE,FALSE
K000154552,17138411,154552,New,"Place,Sara","Place,Sara (Primary PI) 1171; Engle,Terry E (Co-PI) 1171; Stackhouse-Lawson,Kimberly Rose (Co-PI) 1171",Effect of Zimprova 12% Supplementation on Methane Emissions in Feedlot Cattle,1171-Animal Sciences,1171,Animal Sciences,Agricultural Sciences-Academic Units (E1),2023-01-15,2023,2024-01-14,FALSE,53,MTDC,Elanco Animal Health,,Domestic Commercial,,2022-12-20,2022,Funded,TRUE,309154.75,Elanco Animal Health,Domestic Commercial,Direct sponsor reported; prime sponsor unavailable,FALSE,Industry,FALSE,FALSE
K000154544,17138188,154544,New,"Ritten,John Patrick","Ritten,John Patrick (Primary PI) 1172","Sustaining Rural Livelihoods, Livestock Grazing, and Sage-Grouse Habitat in Western Sagebrush Systems",1172-Agricultural + Resource Economics,1172,Agricultural + Resource Economics,Agricultural Sciences-Academic Units (E1),2022-09-19,2022,2024-12-31,FALSE,42.85,TDC,University of Nevada Reno,USDA-NIFA-National Institute of Food and Agriculture,Other Domestic Higher Education,Federal,2022-12-16,2022,Funded,TRUE,28051.24,USDA-NIFA-National Institute of Food and Agriculture,Federal,Prime sponsor reported; direct sponsor is pass-through,TRUE,Federal,TRUE,FALSE
K000154457,17138168,154457,New,"Bigler,Elizabeth Jaed","Bigler,Elizabeth Jaed (Primary PI) 1171; Edwards-Callaway,Lily Nowell (Key Person) 1171; Ahola,Jason Kee (Key Person) 1171",Stockmanship and Stewardship for Transporters,1171-Animal Sciences,1171,Animal Sciences,Agricultural Sciences-Academic Units (E1),2023-01-01,2023,2023-09-30,FALSE,0,No Indirect Cost Allowed,National Cattlemens Beef Association,,Domestic Non-Profit (other than Domestic Foundations),,2022-12-16,2022,Funded,TRUE,9999.92,National Cattlemens Beef Association,Domestic Non-Profit (other than Domestic Foundations),Direct sponsor reported; prime sponsor unavailable,FALSE,Foundation/nonprofit,FALSE,FALSE
K000154446,17138157,154446,New,"Ritten,John Patrick","Ritten,John Patrick (Primary PI) 1172",Community Security Forecast in Long-Term Beef Production,1172-Agricultural + Resource Economics,1172,Agricultural + Resource Economics,Agricultural Sciences-Academic Units (E1),2023-04-01,2023,2025-03-31,FALSE,0,No Indirect Cost Allowed,University of Idaho,National Cattlemens Beef Association,Other Domestic Higher Education,Domestic Non-Profit (other than Domestic Foundations),2022-12-16,2022,Funded,TRUE,57000,National Cattlemens Beef Association,Domestic Non-Profit (other than Domestic Foundations),Prime sponsor reported; direct sponsor is pass-through,TRUE,Foundation/nonprofit,TRUE,FALSE
K000154530,17138147,154530,New,"Schipanski,Meagan Erin","Schipanski,Meagan Erin (Primary PI) 1170; Toy,Christopher Ryan (Co-PI) 1170","Ecosystem Services, Specialty Crops, and Cultural Value of Agrivoltaic Systems",1170-Soil + Crop Sciences,1170,Soil + Crop Sciences,Agricultural Sciences-Academic Units (E1),2023-05-15,2023,2025-05-14,FALSE,10,TDC,Montana State University,Western Sustainable Agriculture Research & Education,Other Domestic Higher Education,Domestic Non-Profit (other than Domestic Foundations),2022-12-16,2022,,FALSE,29987.83,Western Sustainable Agriculture Research & Education,Domestic Non-Profit (other than Domestic Foundations),Prime sponsor reported; direct sponsor is pass-through,TRUE,Foundation/nonprofit,FALSE,FALSE
K000154522,17138140,154522,New,"Burcham,Daniel C","Burcham,Daniel C (Primary PI) 1173",Overcoming Barriers to Safety Training for Tree Care Professionals in Colorado,1173-Horticulture + Landscape Architecture,1173,Horticulture + Landscape Architecture,Agricultural Sciences-Academic Units (E1),2023-02-01,2023,2023-08-14,FALSE,8,TDC,HHS-CDC-NIOSH-Mountain and Plains Education and Research Center,,Federal,,2022-12-16,2022,,FALSE,16494.57,HHS-CDC-NIOSH-Mountain and Plains Education and Research Center,Federal,Direct sponsor reported; prime sponsor unavailable,FALSE,Federal,FALSE,FALSE
K000154470,17138125,154470,New,"Narayanan Nair,Mahesh","Narayanan Nair,Mahesh (Primary PI) 1171; Nishimura,Erin Asayo (Key Person) 1870; Metcalf,Jessica Lynne (Key Person) 1171; Geornaras,Ifigenia (Key Person) 1171",Investigating Muscle-Specific Bacterial Gene Expression Using Next Generation Sequencing to Improve Shelf Life of High-Value Beef Steaks,1171-Animal Sciences,1171,Animal Sciences,Agricultural Sciences-Academic Units (E1),2023-04-01,2023,2024-06-30,FALSE,0,No Indirect Cost Allowed,National Cattlemens Beef Association,,Domestic Non-Profit (other than Domestic Foundations),,2022-12-16,2022,Funded,TRUE,76629.92,National Cattlemens Beef Association,Domestic Non-Profit (other than Domestic Foundations),Direct sponsor reported; prime sponsor unavailable,FALSE,Foundation/nonprofit,FALSE,FALSE
K000154456,17138119,154456,New,"Bigler,Elizabeth Jaed","Bigler,Elizabeth Jaed (Primary PI) 1171; Edwards-Callaway,Lily Nowell (Key Person) 1171; Ahola,Jason Kee (Key Person) 1171",Phase 2: Colorado Livestock Auction Market Cow and Bull Quality Audit - Incidence of Quality Defects in Market Beef and Dairy Cows and Bulls Sold through Major Livestock Auction Markets in Colorado,1171-Animal Sciences,1171,Animal Sciences,Agricultural Sciences-Academic Units (E1),2022-12-01,2022,2023-09-30,FALSE,0,No Indirect Cost Allowed,National Cattlemens Beef Association,,Domestic Non-Profit (other than Domestic Foundations),,2022-12-16,2022,Funded,TRUE,1311.7,National Cattlemens Beef Association,Domestic Non-Profit (other than Domestic Foundations),Direct sponsor reported; prime sponsor unavailable,FALSE,Foundation/nonprofit,FALSE,FALSE
K000154096,17138113,154096,New,"Stewart,Jane E","Stewart,Jane E (Primary PI) 1177; Dobbs,John (Co-PI) 1177",John Dobbs- Tracking Temperature Adaptive Virulence Factors on Conditionally Dispensable Chromosomes among Fusarium Root Disease Pathogens in Conifer Nurseries of the U.S.A.,1177-Agricultural Biology,1177,Agricultural Biology,Agricultural Sciences-Academic Units (E1),2023-01-01,2023,2025-12-31,FALSE,0,No Indirect Cost Allowed,USDA-NIFA-National Institute of Food and Agriculture,,Federal,,2022-12-16,2022,Funded,TRUE,179999.18,USDA-NIFA-National Institute of Food and Agriculture,Federal,Direct sponsor reported; prime sponsor unavailable,FALSE,Federal,FALSE,FALSE
K000152085,17138092,152085,New,"Minas,Ioannis","Minas,Ioannis (Primary PI) 1173","Edible, Water Soluble Corn Zein Films for Shelf-Life Extension and Improved Safety of Perishable Foods",1173-Horticulture + Landscape Architecture,1173,Horticulture + Landscape Architecture,Agricultural Sciences-Academic Units (E1),2023-02-01,2023,2024-01-31,FALSE,53,MTDC,Akorn Technology,NSF-National Science Foundation,Domestic Commercial,Federal,2022-12-16,2022,Funded,TRUE,105078.46,NSF-National Science Foundation,Federal,Prime sponsor reported; direct sponsor is pass-through,FALSE,Federal,FALSE,FALSE
K000152045,17138083,152045,New,"Morris,Geoffrey Preston","Morris,Geoffrey Preston (Primary PI) 1170",RESEARCH-PGR: ComplexTRAITS - New Methods to Investigate the Omnigenic Model and Other Emerging Concepts in Trait Genetic Architecture,1170-Soil + Crop Sciences,1170,Soil + Crop Sciences,Agricultural Sciences-Academic Units (E1),2023-06-01,2023,2027-05-31,FALSE,53,MTDC,NSF-National Science Foundation,,Federal,,2022-12-16,2022,,FALSE,547261.87,NSF-National Science Foundation,Federal,Direct sponsor reported; prime sponsor unavailable,FALSE,Federal,FALSE,FALSE
K000154416,17138016,154416,New,"Martin,Jennifer Nicole","Martin,Jennifer Nicole (Primary PI) 1171; Delmore,Robert J (Co-PI) 1171; Narayanan Nair,Mahesh (Co-PI) 1171",Understanding the Impacts of Freezing Method and Thaw Rates on Palatability and Quality Characteristics of Selected Meat Cuts,1171-Animal Sciences,1171,Animal Sciences,Agricultural Sciences-Academic Units (E1),2022-12-01,2022,2023-05-31,FALSE,53,MTDC,Wild Fork Foods,,Domestic Commercial,,2022-12-14,2022,,FALSE,104138.32,Wild Fork Foods,Domestic Commercial,Direct sponsor reported; prime sponsor unavailable,FALSE,Industry,FALSE,FALSE
K000154395,17137756,154395,New,"Jones-Diamond,Sally Marie","Jones-Diamond,Sally Marie (Primary PI) 1170",Dryland and Irrigated Cowpea Variety Trials,1170-Soil + Crop Sciences,1170,Soil + Crop Sciences,Agricultural Sciences-Academic Units (E1),2023-03-01,2023,2023-12-31,FALSE,0,No Indirect Cost Allowed,Colorado Dry Bean Administration Committee,,Domestic Non-Profit (other than Domestic Foundations),,2022-12-12,2022,,FALSE,5801.55,Colorado Dry Bean Administration Committee,Domestic Non-Profit (other than Domestic Foundations),Direct sponsor reported; prime sponsor unavailable,FALSE,Foundation/nonprofit,FALSE,FALSE
K000154375,17137739,154375,New,"Narayanan Nair,Mahesh","Narayanan Nair,Mahesh (Primary PI) 1171; Geornaras,Ifigenia (Key Person) 1171",Improving Beef Shelf Life Using Amino Acids Delivered Using Advanced Delivery Matrices Technology,1171-Animal Sciences,1171,Animal Sciences,Agricultural Sciences-Academic Units (E1),2023-07-01,2023,2024-06-30,FALSE,0,No Indirect Cost Allowed,National Cattlemens Beef Association,,Domestic Non-Profit (other than Domestic Foundations),,2022-12-12,2022,Funded,TRUE,54479.38,National Cattlemens Beef Association,Domestic Non-Profit (other than Domestic Foundations),Direct sponsor reported; prime sponsor unavailable,FALSE,Foundation/nonprofit,FALSE,FALSE
K000154379,17137512,154379,New,"Cramer,Mary Caitlin","Cramer,Mary Caitlin (Primary PI) 1171",A Survey of Current Management Practices and Operations Perceptions of CCQA on US Calf-Raising Facilities,1171-Animal Sciences,1171,Animal Sciences,Agricultural Sciences-Academic Units (E1),2022-12-01,2022,2023-09-30,FALSE,0,No Indirect Cost Allowed,National Cattlemens Beef Association,,Domestic Non-Profit (other than Domestic Foundations),,2022-12-12,2022,,FALSE,8824.07,National Cattlemens Beef Association,Domestic Non-Profit (other than Domestic Foundations),Direct sponsor reported; prime sponsor unavailable,FALSE,Foundation/nonprofit,FALSE,FALSE
K000152488,17137073,152488,Supplement/Additional Funding,"Jablonski,Rebecca BR","Jablonski,Rebecca BR (Primary PI) 1172; Boone,Randall B (Co-PI) 1476",Integrating Community and Modeling Efforts to Evaluate the Impacts and Tradeoffs of Food System Interventions,1172-Agricultural + Resource Economics,1172,Agricultural + Resource Economics,Agricultural Sciences-Academic Units (E1),2023-01-01,2023,2025-12-31,FALSE,11.11,TDC,Foundation for Food & Agriculture Research,,Domestic Non-Profit (other than Domestic Foundations),,2022-12-08,2022,Funded,TRUE,954544.57,Foundation for Food & Agriculture Research,Domestic Non-Profit (other than Domestic Foundations),Direct sponsor reported; prime sponsor unavailable,FALSE,Foundation/nonprofit,TRUE,FALSE
K000154580,17137059,154580,New,"Bousselot,Jennifer M","Bousselot,Jennifer M (Primary PI) 1173; Linfield,Allisa (Co-PI) 1173",Evaluating Finishing Protocols and Peat Alternatives to Optimize the Marketability of Western Native Plants,1173-Horticulture + Landscape Architecture,1173,Horticulture + Landscape Architecture,Agricultural Sciences-Academic Units (E1),2023-04-01,2023,2024-10-01,FALSE,10,TDC,Montana State University,USDA-NIFA-National Institute of Food and Agriculture,Other Domestic Higher Education,Federal,2022-12-08,2022,,FALSE,29999.58,USDA-NIFA-National Institute of Food and Agriculture,Federal,Prime sponsor reported; direct sponsor is pass-through,TRUE,Federal,FALSE,FALSE
K000154394,17136905,154394,New,"Jones-Diamond,Sally Marie","Jones-Diamond,Sally Marie (Primary PI) 1170",Irrigated Dry Bean Variety Strip Trials,1170-Soil + Crop Sciences,1170,Soil + Crop Sciences,Agricultural Sciences-Academic Units (E1),2023-03-01,2023,2023-12-31,FALSE,0,No Indirect Cost Allowed,Colorado Dry Bean Administration Committee,,Domestic Non-Profit (other than Domestic Foundations),,2022-12-06,2022,Funded,TRUE,11299.11,Colorado Dry Bean Administration Committee,Domestic Non-Profit (other than Domestic Foundations),Direct sponsor reported; prime sponsor unavailable,FALSE,Foundation/nonprofit,FALSE,FALSE
K000154360,17136901,154360,New,"Martin,Jennifer Nicole","Martin,Jennifer Nicole (Primary PI) 1171",Assessment of Antimicrobial Stewardship Education and Training among Early Career Veterinarians,1171-Animal Sciences,1171,Animal Sciences,Agricultural Sciences-Academic Units (E1),2022-11-15,2022,2023-07-30,FALSE,53,MTDC,University of Colorado at Denver,HHS-CDC-Centers for Disease Control,State of Colorado Higher Education,Federal,2022-12-06,2022,Funded,TRUE,9805.75,HHS-CDC-Centers for Disease Control,Federal,Prime sponsor reported; direct sponsor is pass-through,TRUE,Federal,FALSE,FALSE
K000154310,17136895,154310,New,"Hoag,Dana Loyd Keske","Hoag,Dana Loyd Keske (Primary PI) 1172; Stewart,Jane E (Co-PI) 1177",Peach and Orchard Disease Risk Managment Tool,1172-Agricultural + Resource Economics,1172,Agricultural + Resource Economics,Agricultural Sciences-Academic Units (E1),2023-04-01,2023,2024-09-30,FALSE,34,TDC,Washington State University,USDA-NIFA-National Institute of Food and Agriculture,Other Domestic Higher Education,Federal,2022-12-06,2022,Funded,TRUE,99974.34,USDA-NIFA-National Institute of Food and Agriculture,Federal,Prime sponsor reported; direct sponsor is pass-through,TRUE,Federal,TRUE,FALSE
K000154185,17136606,154185,New,"Nalam,Vamsi","Nalam,Vamsi (Primary PI) 1177; Rushton,Jennifer (Key Person) 1177",Jen Rushton: Novel Detection of Potato Mop-Top Virus and Further Investigation into the Relationship to its Soil-Borne Vector,1177-Agricultural Biology,1177,Agricultural Biology,Agricultural Sciences-Academic Units (E1),2023-02-01,2023,2026-01-31,FALSE,0,No Indirect Cost Allowed,USDA-NIFA-National Institute of Food and Agriculture,,Federal,,2022-11-30,2022,Funded,TRUE,179372.93,USDA-NIFA-National Institute of Food and Agriculture,Federal,Direct sponsor reported; prime sponsor unavailable,FALSE,Federal,FALSE,FALSE
K000153886,17136574,153886,New,"DeLay,Nathan D","DeLay,Nathan D (Primary PI) 1172; Hess,Ann Marie (Co-PI) 1877; Ritten,John Patrick (Co-PI) 1172; Place,Sara (Co-PI) 1171; Enns,Richard Mark (Co-PI) 1171; Stackhouse-Lawson,Kimberly Rose (Co-PI) 1171",Innovative Technologies to Reduce Beef Industry GHG Emissions,1172-Agricultural + Resource Economics,1172,Agricultural + Resource Economics,Agricultural Sciences-Academic Units (E1),2023-05-01,2023,2026-04-30,FALSE,53,MTDC,USDA-NRCS-Natural Resources Consvtn Srv,,Federal,,2022-11-30,2022,Funded,TRUE,1032843.68,USDA-NRCS-Natural Resources Consvtn Srv,Federal,Direct sponsor reported; prime sponsor unavailable,FALSE,Federal,TRUE,FALSE
K000154359,17136541,154359,New,"Jayanty,Sastry SSGM","Jayanty,Sastry SSGM (Primary PI) 1173",Area III FY23- Studying the Mechanical Impact on Potato Tubers during Harvest and Postharvest,1173-Horticulture + Landscape Architecture,1173,Horticulture + Landscape Architecture,Agricultural Sciences-Academic Units (E1),2022-07-01,2022,2023-06-30,FALSE,0,No Indirect Cost Allowed,Colorado Potato Administrative Committee,,Domestic Non-Profit (other than Domestic Foundations),,2022-11-30,2022,Funded,TRUE,4999.67,Colorado Potato Administrative Committee,Domestic Non-Profit (other than Domestic Foundations),Direct sponsor reported; prime sponsor unavailable,FALSE,Foundation/nonprofit,FALSE,FALSE
K000154296,17136528,154296,New,"Coleman,Stephen John","Coleman,Stephen John (Primary PI) 1171",In Vivo and In Vitro Granulosa Cell Transcriptomic Analysis,1171-Animal Sciences,1171,Animal Sciences,Agricultural Sciences-Academic Units (E1),2023-10-01,2023,2024-09-30,FALSE,0,No Indirect Cost Allowed,San Diego Zoo,American Quarter Horse Foundation,Domestic Commercial,Domestic Foundations,2022-11-30,2022,,FALSE,41513.75,American Quarter Horse Foundation,Domestic Foundations,Prime sponsor reported; direct sponsor is pass-through,FALSE,Foundation/nonprofit,FALSE,FALSE
K000154352,17136493,154352,New,"Hill,Rebecca Lynn","Hill,Rebecca Lynn (Primary PI) 1172",LCWF Project - Economic Analysis,1172-Agricultural + Resource Economics,1172,Agricultural + Resource Economics,Agricultural Sciences-Academic Units (E1),2022-12-01,2022,2023-10-31,FALSE,17.5,TDC,DOI-BLM-Bureau of Land Management,,Federal,,2022-11-30,2022,Funded,TRUE,21955.94,DOI-BLM-Bureau of Land Management,Federal,Direct sponsor reported; prime sponsor unavailable,FALSE,Federal,TRUE,FALSE
K000154253,17135958,154253,New,"Wrighton,Kelly Catherine","Wrighton,Kelly Catherine (Primary PI) 1170; Borton,Mikayla Ann (Co-PI) 1170",Microbial Ecology of the Inflamed Intestine,1170-Soil + Crop Sciences,1170,Soil + Crop Sciences,Agricultural Sciences-Academic Units (E1),2023-07-01,2023,2028-06-30,FALSE,53.5,MTDC,The Ohio State University,,Other Domestic Higher Education,,2022-11-18,2022,,FALSE,1525046.63,The Ohio State University,Other Domestic Higher Education,Direct sponsor reported; prime sponsor unavailable,FALSE,Other,FALSE,FALSE
K000153986,17135941,153986,New,"Schipanski,Meagan Erin","Schipanski,Meagan Erin (Primary PI) 1170; Schneekloth,Joel (Co-PI) 1033; Raymundo Carhuapoma,Rubi Maribel (Co-PI) 1170; Avera,Bethany (Co-PI) 1170; Wrighton,Kelly Catherine (Key Person) 1170",Co-Selection of Sorghum Root Traits to Enhance Water and N Acquisition in Semi-Arid Environments,1170-Soil + Crop Sciences,1170,Soil + Crop Sciences,Agricultural Sciences-Academic Units (E1),2023-04-01,2023,2026-03-31,FALSE,42.85,TDC,USDA-NIFA-National Institute of Food and Agriculture,,Federal,,2022-11-18,2022,,FALSE,649890.01,USDA-NIFA-National Institute of Food and Agriculture,Federal,Direct sponsor reported; prime sponsor unavailable,FALSE,Federal,FALSE,FALSE
K000154126,17135935,154126,New,"Ippolito,Jim","Ippolito,Jim (Primary PI) 1170; Buchanan,Cassidy Michelle (Co-PI) 1170",Biosolids Land Application Research Program 2023,1170-Soil + Crop Sciences,1170,Soil + Crop Sciences,Agricultural Sciences-Academic Units (E1),2023-01-01,2023,2023-12-31,FALSE,26,MTDC,South Platte Water Renewal Partners,,State of Colorado Other Local Government,,2022-11-18,2022,Funded,TRUE,97649.61,South Platte Water Renewal Partners,State of Colorado Other Local Government,Direct sponsor reported; prime sponsor unavailable,FALSE,State,FALSE,FALSE
K000154370,17135913,154370,New,"Speidel,Scott E","Speidel,Scott E (Primary PI) 1171; Enns,Richard Mark (Co-PI) 1171","Modeling for Genomic, Blood, and Microbiological Markers for Liver Abscesses in Fed Beef Cattle",1171-Animal Sciences,1171,Animal Sciences,Agricultural Sciences-Academic Units (E1),2023-01-01,2023,2024-12-31,FALSE,11.11,TDC,Texas Tech University,Foundation for Food & Agriculture Research,Other Domestic Higher Education,Domestic Non-Profit (other than Domestic Foundations),2022-11-18,2022,Funded,TRUE,106422.49,Foundation for Food & Agriculture Research,Domestic Non-Profit (other than Domestic Foundations),Prime sponsor reported; direct sponsor is pass-through,TRUE,Foundation/nonprofit,FALSE,FALSE
K000154315,17135909,154315,New,"Klett,James E","Klett,James E (Primary PI) 1173",IR-4 Minor Crop Pest Management (2022),1173-Horticulture + Landscape Architecture,1173,Horticulture + Landscape Architecture,Agricultural Sciences-Academic Units (E1),2022-08-01,2022,2023-07-31,FALSE,11.11,TDC,"University of California, Davis",USDA-NIFA-National Institute of Food and Agriculture,Other Domestic Higher Education,Federal,2022-11-17,2022,Funded,TRUE,23333.72,USDA-NIFA-National Institute of Food and Agriculture,Federal,Prime sponsor reported; direct sponsor is pass-through,TRUE,Federal,FALSE,FALSE
K000154311,17135905,154311,New,"Szczepaniec,Adrianna","Szczepaniec,Adrianna (Primary PI) 1177",IR-4 Minor Crop Pest Management,1177-Agricultural Biology,1177,Agricultural Biology,Agricultural Sciences-Academic Units (E1),2022-08-01,2022,2023-07-31,FALSE,11.11,TDC,"University of California, Davis",USDA-NIFA-National Institute of Food and Agriculture,Other Domestic Higher Education,Federal,2022-11-17,2022,Funded,TRUE,13888,USDA-NIFA-National Institute of Food and Agriculture,Federal,Prime sponsor reported; direct sponsor is pass-through,TRUE,Federal,FALSE,FALSE
K000154206,17135897,154206,New,"Heuberger,Adam L","Heuberger,Adam L (Primary PI) 1173; Charkowski,Amy Olymbia (Co-PI) 1177; Joshi,Janak Raj (Co-PI) 1173",Elucidating Interactions of Plant Protease Inhibitors and Bacteria That Mediate Virulence and Disease,1173-Horticulture + Landscape Architecture,1173,Horticulture + Landscape Architecture,Agricultural Sciences-Academic Units (E1),2023-07-01,2023,2026-06-30,FALSE,53.5,MTDC,NSF-National Science Foundation,,Federal,,2022-11-17,2022,,FALSE,932227.55,NSF-National Science Foundation,Federal,Direct sponsor reported; prime sponsor unavailable,FALSE,Federal,FALSE,FALSE
K000154013,17135889,154013,Resubmission,"Minas,Ioannis","Minas,Ioannis (Primary PI) 1173; Koslovsky,Matthew David (Co-PI) 1877; Prenni,Jessica E (Co-PI) 1173",Dissecting Peach Cold Hardiness Eco-Physiology And Metabolism For Improved Frost Control in a Changing Environment,1173-Horticulture + Landscape Architecture,1173,Horticulture + Landscape Architecture,Agricultural Sciences-Academic Units (E1),2023-07-01,2023,2027-06-30,FALSE,42.85,TDC,USDA-NIFA-National Institute of Food and Agriculture,,Federal,,2022-11-17,2022,,FALSE,647479.39,USDA-NIFA-National Institute of Food and Agriculture,Federal,Direct sponsor reported; prime sponsor unavailable,FALSE,Federal,FALSE,FALSE
K000153889,17135883,153889,New,"Schipanski,Meagan Erin","Schipanski,Meagan Erin (Primary PI) 1170; Meyer,Ronald Francis (Co-PI) 4020",Looking Beyond Yield: Tools for Producers to Capture and Communicate the Results of their Soil Health Experiments in the Semi-Arid High Plains,1170-Soil + Crop Sciences,1170,Soil + Crop Sciences,Agricultural Sciences-Academic Units (E1),2023-07-01,2023,2026-06-30,FALSE,10,TDC,Montana State University,USDA-NIFA-National Institute of Food and Agriculture,Other Domestic Higher Education,Federal,2022-11-17,2022,Funded,TRUE,349685.79,USDA-NIFA-National Institute of Food and Agriculture,Federal,Prime sponsor reported; direct sponsor is pass-through,TRUE,Federal,FALSE,FALSE
K000153883,17135874,153883,New,"Argueso,Cristiana","Argueso,Cristiana (Primary PI) 1177; Juarez-Guzman,Carlos A (Key Person) 1055",Carlos Juarez: Mechanisms of Auxin-Mediated Disease Susceptibility in Tomato,1177-Agricultural Biology,1177,Agricultural Biology,Agricultural Sciences-Academic Units (E1),2023-05-15,2023,2026-05-14,FALSE,0,No Indirect Cost Allowed,USDA-NIFA-National Institute of Food and Agriculture,,Federal,,2022-11-17,2022,,FALSE,179999.99,USDA-NIFA-National Institute of Food and Agriculture,Federal,Direct sponsor reported; prime sponsor unavailable,FALSE,Federal,FALSE,FALSE
K000153252,17135864,153252,Resubmission,"Hill,Rebecca Lynn","Hill,Rebecca Lynn (Primary PI) 1172; Jablonski,Rebecca BR (Co-PI) 1172; Carolan,Michael S (Co-PI) 1784; Ishiwata,Eric (Co-PI) 1790",Expanding A Successful Extension Internship Program To Support Workforce Development Among Underrepresented/Economically Disadvantaged Students,1172-Agricultural + Resource Economics,1172,Agricultural + Resource Economics,Agricultural Sciences-Academic Units (E1),2023-01-01,2023,2027-12-31,FALSE,53,MTDC,USDA-NIFA-National Institute of Food and Agriculture,,Federal,,2022-11-17,2022,,FALSE,749940.79,USDA-NIFA-National Institute of Food and Agriculture,Federal,Direct sponsor reported; prime sponsor unavailable,FALSE,Federal,TRUE,FALSE
K000154367,17135860,154367,Supplement/Additional Funding,"Ippolito,Jim","Ippolito,Jim (Primary PI) 1170",Investigating Naturally Revegetated Chat-Contaminated Soils-Assisted Revegetation,1170-Soil + Crop Sciences,1170,Soil + Crop Sciences,Agricultural Sciences-Academic Units (E1),2021-04-01,2021,2026-03-31,FALSE,10,TDC,USDA-ARS-Agricultural Research Service,,Federal,,2022-11-17,2022,,FALSE,39999.54,USDA-ARS-Agricultural Research Service,Federal,Direct sponsor reported; prime sponsor unavailable,FALSE,Federal,FALSE,FALSE
K000154250,17135698,154250,Supplement/Additional Funding,"Uchanski,Mark E","Uchanski,Mark E (Primary PI) 1173",Stop the Rot: Combating Onion Bacterial Diseases with Pathogenomic Tools and Enhanced Management Strategies,1173-Horticulture + Landscape Architecture,1173,Horticulture + Landscape Architecture,Agricultural Sciences-Academic Units (E1),2022-09-01,2022,2023-08-31,FALSE,52,MTDC,Washington State University,USDA-NIFA-National Institute of Food and Agriculture,Other Domestic Higher Education,Federal,2022-11-17,2022,,FALSE,7061.38,USDA-NIFA-National Institute of Food and Agriculture,Federal,Prime sponsor reported; direct sponsor is pass-through,TRUE,Federal,FALSE,FALSE
K000154182,17135455,154182,New,"Fonte,Steven John","Fonte,Steven John (Primary PI) 1170; Vanek,Steven John (Co-PI) 1170",Forage and Fallows Phase IV: Promoting and Refining Options for Sustainable Soil and Landscape Management,1170-Soil + Crop Sciences,1170,Soil + Crop Sciences,Agricultural Sciences-Academic Units (E1),2022-12-01,2022,2025-11-30,FALSE,10,TDC,McKnight Foundation,,Domestic Foundations,,2022-11-14,2022,Funded,TRUE,69499.23,McKnight Foundation,Domestic Foundations,Direct sponsor reported; prime sponsor unavailable,FALSE,Foundation/nonprofit,FALSE,FALSE
K000153355,17135447,153355,Resubmission,"King,Alison Elinor","King,Alison Elinor (Primary PI) 1170; Cotrufo,Maria Francesca (Co-PI) 1170; Mueller,Nathaniel Dean (Co-PI) 1476",Is There a Non-Provisioning Role for Soil Organic Matter in Reducing Crop Exposure to Hydrologic Hazards?,1170-Soil + Crop Sciences,1170,Soil + Crop Sciences,Agricultural Sciences-Academic Units (E1),2023-12-15,2023,2026-12-14,FALSE,42.85,TDC,USDA-NIFA-National Institute of Food and Agriculture,,Federal,,2022-11-14,2022,,FALSE,649813.03,USDA-NIFA-National Institute of Food and Agriculture,Federal,Direct sponsor reported; prime sponsor unavailable,FALSE,Federal,FALSE,FALSE
K000154012,17135432,154012,Resubmission,"Minas,Ioannis","Minas,Ioannis (Primary PI) 1173; Koslovsky,Matthew David (Co-PI) 1877","Accurate Non-Destructive Sensor To Assess Fruit Maturity, Harvest Time, Internal Quality And Storage Related Disorders",1173-Horticulture + Landscape Architecture,1173,Horticulture + Landscape Architecture,Agricultural Sciences-Academic Units (E1),2023-07-01,2023,2026-06-30,FALSE,42.85,TDC,USDA-NIFA-National Institute of Food and Agriculture,,Federal,,2022-11-14,2022,,FALSE,645927.92,USDA-NIFA-National Institute of Food and Agriculture,Federal,Direct sponsor reported; prime sponsor unavailable,FALSE,Federal,FALSE,FALSE
K000154232,17134727,154232,New,"Schipanski,Meagan Erin","Schipanski,Meagan Erin (Primary PI) 1170; Toy,Christopher Ryan (Co-PI) 1170",Christopher Toy: Ecosystem Services And Cultural Value Of Agrivoltaic/Dual-Use Solar Energy Systems,1170-Soil + Crop Sciences,1170,Soil + Crop Sciences,Agricultural Sciences-Academic Units (E1),2023-05-15,2023,2025-05-14,FALSE,0,No Indirect Cost Allowed,USDA-NIFA-National Institute of Food and Agriculture,,Federal,,2022-11-07,2022,Funded,TRUE,119960.56,USDA-NIFA-National Institute of Food and Agriculture,Federal,Direct sponsor reported; prime sponsor unavailable,FALSE,Federal,FALSE,FALSE
K000154223,17134717,154223,New,"Ode,Paul James","Ode,Paul James (Primary PI) 1177; Hardin,Janet G (Co-PI) 1177",Responses of Native Wildflowers and Pollinators to Larimer County Natural Areas Infested with Cheatgrass and Treated with Indaziflam (Rejuvra),1177-Agricultural Biology,1177,Agricultural Biology,Agricultural Sciences-Academic Units (E1),2023-03-01,2023,2023-12-31,FALSE,0,No Indirect Cost Allowed,Larimer County,,State of Colorado Local Government,,2022-11-07,2022,Funded,TRUE,2215.23,Larimer County,State of Colorado Local Government,Direct sponsor reported; prime sponsor unavailable,FALSE,State,FALSE,FALSE
K000154179,17134713,154179,New,"Thompson,Henry J","Thompson,Henry J (Primary PI) 1173",Enhancing the Efficacy and Reducing Toxicity of Triple Negative Breast Cancer Treatment with Quercetin,1173-Horticulture + Landscape Architecture,1173,Horticulture + Landscape Architecture,Agricultural Sciences-Academic Units (E1),2023-03-01,2023,2024-02-28,FALSE,0,No Indirect Cost Allowed,Pennsylvania State University,PA Breast Cancer Coalition,Other Domestic Higher Education,Domestic Non-Profit (other than Domestic Foundations),2022-11-07,2022,,FALSE,22400,PA Breast Cancer Coalition,Domestic Non-Profit (other than Domestic Foundations),Prime sponsor reported; direct sponsor is pass-through,TRUE,Foundation/nonprofit,FALSE,FALSE
K000154171,17134709,154171,New,"Ode,Paul James","Ode,Paul James (Primary PI) 1177",Combining Biocontrol and Native Vegetation Restoration Efforts to Manage Invasive Plants,1177-Agricultural Biology,1177,Agricultural Biology,Agricultural Sciences-Academic Units (E1),2023-07-01,2023,2026-06-30,FALSE,53.5,MTDC,USDA-USFS-Forest Research,,Federal,,2022-11-07,2022,,FALSE,157349.31,USDA-USFS-Forest Research,Federal,Direct sponsor reported; prime sponsor unavailable,FALSE,Federal,FALSE,FALSE
K000153995,17134688,153995,New,"Countryman,Amanda Marie","Countryman,Amanda Marie (Primary PI) 1172; Manning,Dale Thomas (Co-PI) 1172",Effects Of Trade Policy On Rural Employment And Wages,1172-Agricultural + Resource Economics,1172,Agricultural + Resource Economics,Agricultural Sciences-Academic Units (E1),2023-06-01,2023,2026-05-31,FALSE,26.5,TDC,USDA-NIFA-National Institute of Food and Agriculture,,Federal,,2022-11-07,2022,Funded,TRUE,598972.71,USDA-NIFA-National Institute of Food and Agriculture,Federal,Direct sponsor reported; prime sponsor unavailable,FALSE,Federal,TRUE,FALSE
K000153973,17134682,153973,New,"Trivedi,Pankaj","Trivedi,Pankaj (Primary PI) 1177; Leach,Jan E (Co-PI) 1177",Drought-Quenching Probiotics (DROPS): Engineering the Evolutionary and Functional Potential of Microbiomes for Plant Health,1177-Agricultural Biology,1177,Agricultural Biology,Agricultural Sciences-Academic Units (E1),2023-02-15,2023,2026-02-14,FALSE,42.85,TDC,USDA-NIFA-National Institute of Food and Agriculture,,Federal,,2022-11-07,2022,,FALSE,848462.14,USDA-NIFA-National Institute of Food and Agriculture,Federal,Direct sponsor reported; prime sponsor unavailable,FALSE,Federal,FALSE,FALSE
K000154241,17133570,154241,New,"Jayanty,Sastry SSGM","Jayanty,Sastry SSGM (Primary PI) 1173",Using a Specialized Venturi Wet Scrubber to Mitigate Disease and Preserve Freshness in Potato Storage,1173-Horticulture + Landscape Architecture,1173,Horticulture + Landscape Architecture,Agricultural Sciences-Academic Units (E1),2023-07-01,2023,2024-02-28,FALSE,53.5,MTDC,Idaho Hydro Tech,USDA-NIFA-National Institute of Food and Agriculture,Domestic Commercial,Federal,2022-10-29,2022,,FALSE,57337.33,USDA-NIFA-National Institute of Food and Agriculture,Federal,Prime sponsor reported; direct sponsor is pass-through,FALSE,Federal,FALSE,FALSE
K000153959,17133372,153959,New,"Bonanno,Alessandro","Bonanno,Alessandro (Primary PI) 1172; Cleary,Rebecca Leigh Osborne (Co-PI) 1172; Berning,Joshua (Co-PI) 1172","Causes and Consequences of Adult Food Insecurity in at Risk Populations: Persistency, Mortality, and Sampling",1172-Agricultural + Resource Economics,1172,Agricultural + Resource Economics,Agricultural Sciences-Academic Units (E1),2023-06-01,2023,2026-05-31,FALSE,42.85,TDC,USDA-NIFA-National Institute of Food and Agriculture,,Federal,,2022-10-26,2022,Funded,TRUE,481673.06,USDA-NIFA-National Institute of Food and Agriculture,Federal,Direct sponsor reported; prime sponsor unavailable,FALSE,Federal,TRUE,FALSE
K000154083,17133363,154083,New,"McKay,John K","McKay,John K (Primary PI) 1177; Quinn,Jason Charles (Co-PI) 1374","COST SHARE: Adapting Guayule for a Carbon Smart, Locally Adapted and Sustainable Natural Rubber Supply Chain",1177-Agricultural Biology,1177,Agricultural Biology,Agricultural Sciences-Academic Units (E1),2023-02-15,2023,2025-02-14,FALSE,8,TDC,"Bridgestone Americas, Inc.",,Foreign Commercial,,2022-10-26,2022,,FALSE,39999.52,"Bridgestone Americas, Inc.",Foreign Commercial,Direct sponsor reported; prime sponsor unavailable,FALSE,Industry,FALSE,FALSE
K000154069,17133359,154069,New,"Kremen,Amy E","Kremen,Amy E (Primary PI) 1170","Multi-Stakeholder Dialogues to Support Critical Agricultural Infrastructure, Climate Resilience, and Rural Community Vitality in the High Plains",1170-Soil + Crop Sciences,1170,Soil + Crop Sciences,Agricultural Sciences-Academic Units (E1),2023-07-01,2023,2027-06-30,FALSE,42.85,TDC,Kansas State University,USDA-NIFA-National Institute of Food and Agriculture,Other Domestic Higher Education,Federal,2022-10-26,2022,,FALSE,198887.2,USDA-NIFA-National Institute of Food and Agriculture,Federal,Prime sponsor reported; direct sponsor is pass-through,TRUE,Federal,FALSE,FALSE
K000154064,17133353,154064,New,"McKay,John K","McKay,John K (Primary PI) 1177; Quinn,Jason Charles (Co-PI) 1374","Adapting Guayule for a Carbon Smart, Locally Adapted and Sustainable Natural Rubber Supply Chain",1177-Agricultural Biology,1177,Agricultural Biology,Agricultural Sciences-Academic Units (E1),2023-02-15,2023,2025-02-14,FALSE,8,TDC,Colorado Office of Economic Development and Intl Trade,,State of Colorado,,2022-10-26,2022,,FALSE,119997.97,Colorado Office of Economic Development and Intl Trade,State of Colorado,Direct sponsor reported; prime sponsor unavailable,FALSE,State,FALSE,FALSE
K000153839,17133116,153839,Supplement/Additional Funding,"Pottorff,Laura Pickett","Pottorff,Laura Pickett (Primary PI) 1170",Colorado Seed Growers Association FY23,1170-Soil + Crop Sciences,1170,Soil + Crop Sciences,Agricultural Sciences-Academic Units (E1),2022-07-01,2022,2023-06-30,FALSE,0,No Indirect Cost Allowed,Colorado Seed Growers Association,,Domestic Non-Profit (other than Domestic Foundations),,2022-10-25,2022,Funded,TRUE,259391.72,Colorado Seed Growers Association,Domestic Non-Profit (other than Domestic Foundations),Direct sponsor reported; prime sponsor unavailable,FALSE,Foundation/nonprofit,FALSE,FALSE
K000153990,17132201,153990,New,"Hess,Tanja","Hess,Tanja (Primary PI) 1171; Nout-Lomas,Yvette S (Co-PI) 1678; Coleman,Stephen John (Co-PI) 1171",Microbiome in Horses Competing in Endurance Races,1171-Animal Sciences,1171,Animal Sciences,Agricultural Sciences-Academic Units (E1),2023-04-01,2023,2024-03-31,FALSE,10,TDC,Grayson-Jockey Club Research Foundation,,Domestic Foundations,,2022-10-13,2022,,FALSE,39327.02,Grayson-Jockey Club Research Foundation,Domestic Foundations,Direct sponsor reported; prime sponsor unavailable,FALSE,Foundation/nonprofit,FALSE,FALSE
K000153981,17132197,153981,New,"Blecker,Lisa Ann","Blecker,Lisa Ann (Primary PI) 1177",FY 2023 Pesticides Program,1177-Agricultural Biology,1177,Agricultural Biology,Agricultural Sciences-Academic Units (E1),2022-10-01,2022,2023-09-30,FALSE,10,TDC,Colorado Department of Agriculture,,State of Colorado,,2022-10-13,2022,Funded,TRUE,52612.25,Colorado Department of Agriculture,State of Colorado,Direct sponsor reported; prime sponsor unavailable,FALSE,State,FALSE,FALSE
K000153930,17132193,153930,New,"Countryman,Amanda Marie","Countryman,Amanda Marie (Primary PI) 1172",Measuring the Economic Impacts of African Swine Fever Virus on United States Supply Chains,1172-Agricultural + Resource Economics,1172,Agricultural + Resource Economics,Agricultural Sciences-Academic Units (E1),2022-10-17,2022,2024-10-16,FALSE,53,MTDC,Texas A and M University,DHS-US Department of Homeland Security,Other Domestic Higher Education,Federal,2022-10-13,2022,Funded,TRUE,61364.38,DHS-US Department of Homeland Security,Federal,Prime sponsor reported; direct sponsor is pass-through,TRUE,Federal,TRUE,FALSE
K000153791,17132189,153791,New,"Nachappa,Punya","Nachappa,Punya (Primary PI) 1177",Biosensor as a Potential Tool for Real-Time and Sensitive Detection of Stress-Related Changes in Cannabinoid Levels in Cannabis Sativa,1177-Agricultural Biology,1177,Agricultural Biology,Agricultural Sciences-Academic Units (E1),2022-12-01,2022,2025-11-30,FALSE,20,TDC,Binational Agricultural Research and Development Fund,,Foreign Government,,2022-10-13,2022,,FALSE,155160.02,Binational Agricultural Research and Development Fund,Foreign Government,Direct sponsor reported; prime sponsor unavailable,FALSE,Other,FALSE,FALSE
K000153775,17132183,153775,New,"Chitwood-Brown,Jessica","Chitwood-Brown,Jessica (Primary PI) 1173; Rhodes,Davina Hope (Co-PI) 1173",Understanding The Genetics Of Potato Carotenoids To Facilitate Breeding,1173-Horticulture + Landscape Architecture,1173,Horticulture + Landscape Architecture,Agricultural Sciences-Academic Units (E1),2023-05-01,2023,2027-04-30,FALSE,42.85,TDC,USDA-NIFA-National Institute of Food and Agriculture,,Federal,,2022-10-13,2022,,FALSE,648746.61,USDA-NIFA-National Institute of Food and Agriculture,Federal,Direct sponsor reported; prime sponsor unavailable,FALSE,Federal,FALSE,FALSE
K000153759,17132179,153759,New,"Cadaret,Caitlin","Cadaret,Caitlin (Primary PI) 1171",Exploring Reproductive Consequences of Gestational Heat Stress in Ewe Lambs,1171-Animal Sciences,1171,Animal Sciences,Agricultural Sciences-Academic Units (E1),2023-01-01,2023,2024-05-31,FALSE,8.1,TDC,The National Sheep Industry Improvement Center,,Federal,,2022-10-13,2022,Funded,TRUE,24005.71,The National Sheep Industry Improvement Center,Federal,Direct sponsor reported; prime sponsor unavailable,FALSE,Federal,FALSE,FALSE
K000153692,17132167,153692,New,"Edwards-Callaway,Lily Nowell","Edwards-Callaway,Lily Nowell (Primary PI) 1171; Stallones,Lorann (Co-PI) 1876; Keller,Joshua (Co-PI) 1877; Roman-Muniz,Ivette Noami (Co-PI) 1171; Cramer,Mary Caitlin (Co-PI) 1171",Dairy Supply Chain Collaborative: Tackling The Complexity Of End-Of-Life Decision-Making Together To Improve Dairy Cow And Calf Welfare,1171-Animal Sciences,1171,Animal Sciences,Agricultural Sciences-Academic Units (E1),2023-06-01,2023,2027-05-31,FALSE,42.85,TDC,USDA-NIFA-National Institute of Food and Agriculture,,Federal,,2022-10-13,2022,Funded,TRUE,998587.31,USDA-NIFA-National Institute of Food and Agriculture,Federal,Direct sponsor reported; prime sponsor unavailable,FALSE,Federal,FALSE,FALSE
K000153641,17132159,153641,New,"Nachappa,Punya","Nachappa,Punya (Primary PI) 1177; Khakhar,Arjun (Co-PI) 1878; McKay,John K (Co-PI) 1177",Unraveling The Adaptive Role Of Cannabinoids In Herbivore Defense In Cannabis,1177-Agricultural Biology,1177,Agricultural Biology,Agricultural Sciences-Academic Units (E1),2023-01-01,2023,2025-12-31,FALSE,42.85,TDC,USDA-NIFA-National Institute of Food and Agriculture,,Federal,,2022-10-13,2022,,FALSE,749992.67,USDA-NIFA-National Institute of Food and Agriculture,Federal,Direct sponsor reported; prime sponsor unavailable,FALSE,Federal,FALSE,FALSE
K000154005,17132155,154005,New,"Coleman,Stephen John","Coleman,Stephen John (Primary PI) 1171",Expression of Repetitive Elements and Maternal Recognition of Pregnancy in Mares,1171-Animal Sciences,1171,Animal Sciences,Agricultural Sciences-Academic Units (E1),2023-04-01,2023,2024-03-31,FALSE,10,TDC,Grayson-Jockey Club Research Foundation,,Domestic Foundations,,2022-10-13,2022,,FALSE,26034.81,Grayson-Jockey Club Research Foundation,Domestic Foundations,Direct sponsor reported; prime sponsor unavailable,FALSE,Foundation/nonprofit,FALSE,FALSE
K000154007,17131825,154007,New,"Dayan,Franck E","Dayan,Franck E (Primary PI) 1177; Gaines,Todd A (Co-PI) 1177",Mechanism of Resistance to Dicamba in Amaranthus Palmeri,1177-Agricultural Biology,1177,Agricultural Biology,Agricultural Sciences-Academic Units (E1),2022-10-01,2022,2023-09-30,FALSE,15,TDC,National Corn Growers Association,,Domestic Non-Profit (other than Domestic Foundations),,2022-10-08,2022,Funded,TRUE,59990.46,National Corn Growers Association,Domestic Non-Profit (other than Domestic Foundations),Direct sponsor reported; prime sponsor unavailable,FALSE,Foundation/nonprofit,FALSE,FALSE
K000153287,17131796,153287,New,"Thompson,Henry J","Thompson,Henry J (Primary PI) 1173; Prenni,Jessica E (Co-PI) 1173; Foster,Michelle Tranace (Co-PI) 1501; Weir,Tiffany L (Co-PI) 1571",Enhanced Human Health through Increased Pulse Consumption: A Proof-In-Principle Investigation using Preclinical Models,1173-Horticulture + Landscape Architecture,1173,Horticulture + Landscape Architecture,Agricultural Sciences-Academic Units (E1),2023-01-01,2023,2025-12-31,FALSE,42.85,TDC,USDA-NIFA-National Institute of Food and Agriculture,,Federal,,2022-10-07,2022,,FALSE,649917.61,USDA-NIFA-National Institute of Food and Agriculture,Federal,Direct sponsor reported; prime sponsor unavailable,FALSE,Federal,FALSE,FALSE
K000153832,17131787,153832,New,"Dayan,Franck E","Dayan,Franck E (Primary PI) 1177; Gaines,Todd A (Co-PI) 1177",Understanding Dicamba Resistance in Palmer amaranth,1177-Agricultural Biology,1177,Agricultural Biology,Agricultural Sciences-Academic Units (E1),2022-10-01,2022,2022-12-31,FALSE,15,TDC,"Cotton, Inc.",,Domestic Commercial,,2022-10-07,2022,Funded,TRUE,19997.14,"Cotton, Inc.",Domestic Commercial,Direct sponsor reported; prime sponsor unavailable,FALSE,Industry,FALSE,FALSE
K000154037,17131783,154037,Supplement/Additional Funding,"Belk,Keith","Belk,Keith (Primary PI) 1171",Maintaining and Refining Animal GRIN,1171-Animal Sciences,1171,Animal Sciences,Agricultural Sciences-Academic Units (E1),2020-08-01,2020,2025-07-31,FALSE,0,No Indirect Cost Allowed,USDA-ARS-Agricultural Research Service,,Federal,,2022-10-07,2022,,FALSE,90000.06,USDA-ARS-Agricultural Research Service,Federal,Direct sponsor reported; prime sponsor unavailable,FALSE,Federal,FALSE,FALSE
K000153678,17131779,153678,New,"Prenni,Jessica E","Prenni,Jessica E (Primary PI) 1173",PTFI Method Development and Technology Transfer,1173-Horticulture + Landscape Architecture,1173,Horticulture + Landscape Architecture,Agricultural Sciences-Academic Units (E1),2022-09-15,2022,2024-09-14,FALSE,11.11,TDC,Rockefeller Foundation,,Domestic Foundations,,2022-10-07,2022,Funded,TRUE,275046.34,Rockefeller Foundation,Domestic Foundations,Direct sponsor reported; prime sponsor unavailable,FALSE,Foundation/nonprofit,FALSE,FALSE
K000153593,17131382,153593,Supplement/Additional Funding,"Mason,Richard Esten","Mason,Richard Esten (Primary PI) 1170",Wheat Breeding,1170-Soil + Crop Sciences,1170,Soil + Crop Sciences,Agricultural Sciences-Academic Units (E1),2022-07-01,2022,2023-06-30,FALSE,0,No Indirect Cost Allowed,Colorado Wheat Administrative Committee,,Domestic Non-Profit (other than Domestic Foundations),,2022-10-04,2022,,FALSE,319999.32,Colorado Wheat Administrative Committee,Domestic Non-Profit (other than Domestic Foundations),Direct sponsor reported; prime sponsor unavailable,FALSE,Foundation/nonprofit,FALSE,FALSE
K000153595,17131378,153595,Supplement/Additional Funding,"Mason,Richard Esten","Mason,Richard Esten (Primary PI) 1170",Wheat Breeding Salary,1170-Soil + Crop Sciences,1170,Soil + Crop Sciences,Agricultural Sciences-Academic Units (E1),2022-07-01,2022,2023-06-30,FALSE,0,No Indirect Cost Allowed,Colorado Wheat Administrative Committee,,Domestic Non-Profit (other than Domestic Foundations),,2022-10-04,2022,,FALSE,51369,Colorado Wheat Administrative Committee,Domestic Non-Profit (other than Domestic Foundations),Direct sponsor reported; prime sponsor unavailable,FALSE,Foundation/nonprofit,FALSE,FALSE
K000153596,17131370,153596,Supplement/Additional Funding,"Nachappa,Punya","Nachappa,Punya (Primary PI) 1177",Wheat Entomology,1177-Agricultural Biology,1177,Agricultural Biology,Agricultural Sciences-Academic Units (E1),2022-07-01,2022,2023-06-30,FALSE,0,No Indirect Cost Allowed,Colorado Wheat Administrative Committee,,Domestic Non-Profit (other than Domestic Foundations),,2022-10-04,2022,,FALSE,84000.27,Colorado Wheat Administrative Committee,Domestic Non-Profit (other than Domestic Foundations),Direct sponsor reported; prime sponsor unavailable,FALSE,Foundation/nonprofit,FALSE,FALSE
K000153597,17131366,153597,Supplement/Additional Funding,"Roberts,Robyn","Roberts,Robyn (Primary PI) 1177",Plant Pathology,1101-Dean of Agricultural Sciences,1101,Dean of Agricultural Sciences,Agricultural Sciences-Academic Units (E1),2022-07-01,2022,2023-06-30,FALSE,0,No Indirect Cost Allowed,Colorado Wheat Administrative Committee,,Domestic Non-Profit (other than Domestic Foundations),,2022-10-04,2022,,FALSE,39999.58,Colorado Wheat Administrative Committee,Domestic Non-Profit (other than Domestic Foundations),Direct sponsor reported; prime sponsor unavailable,FALSE,Foundation/nonprofit,FALSE,FALSE
K000153598,17131362,153598,Supplement/Additional Funding,"Gaines,Todd A","Gaines,Todd A (Primary PI) 1177",Weed Science - Todd Gaines,1177-Agricultural Biology,1177,Agricultural Biology,Agricultural Sciences-Academic Units (E1),2022-07-01,2022,2023-06-30,FALSE,0,No Indirect Cost Allowed,Colorado Wheat Administrative Committee,,Domestic Non-Profit (other than Domestic Foundations),,2022-10-04,2022,,FALSE,29999.76,Colorado Wheat Administrative Committee,Domestic Non-Profit (other than Domestic Foundations),Direct sponsor reported; prime sponsor unavailable,FALSE,Foundation/nonprofit,FALSE,FALSE
K000153599,17131355,153599,Supplement/Additional Funding,"Dayan,Franck E","Dayan,Franck E (Primary PI) 1177",Novel Herbicide Resistance Wheat Project,1177-Agricultural Biology,1177,Agricultural Biology,Agricultural Sciences-Academic Units (E1),2022-07-01,2022,2023-06-30,FALSE,0,No Indirect Cost Allowed,Colorado Wheat Administrative Committee,,Domestic Non-Profit (other than Domestic Foundations),,2022-10-04,2022,,FALSE,20000.33,Colorado Wheat Administrative Committee,Domestic Non-Profit (other than Domestic Foundations),Direct sponsor reported; prime sponsor unavailable,FALSE,Foundation/nonprofit,FALSE,FALSE
K000153601,17131351,153601,Supplement/Additional Funding,"Jones-Diamond,Sally Marie","Jones-Diamond,Sally Marie (Primary PI) 1170",Crop Testing Program,1170-Soil + Crop Sciences,1170,Soil + Crop Sciences,Agricultural Sciences-Academic Units (E1),2022-07-01,2022,2023-06-30,FALSE,0,No Indirect Cost Allowed,Colorado Wheat Administrative Committee,,Domestic Non-Profit (other than Domestic Foundations),,2022-10-04,2022,,FALSE,15000.43,Colorado Wheat Administrative Committee,Domestic Non-Profit (other than Domestic Foundations),Direct sponsor reported; prime sponsor unavailable,FALSE,Foundation/nonprofit,FALSE,FALSE
K000153600,17131342,153600,Supplement/Additional Funding,"Pottorff,Laura Pickett","Pottorff,Laura Pickett (Primary PI) 1170",Foundation Seed,1170-Soil + Crop Sciences,1170,Soil + Crop Sciences,Agricultural Sciences-Academic Units (E1),2022-07-01,2022,2023-06-30,FALSE,0,No Indirect Cost Allowed,Colorado Wheat Administrative Committee,,Domestic Non-Profit (other than Domestic Foundations),,2022-10-04,2022,,FALSE,9999.8,Colorado Wheat Administrative Committee,Domestic Non-Profit (other than Domestic Foundations),Direct sponsor reported; prime sponsor unavailable,FALSE,Foundation/nonprofit,FALSE,FALSE
K000153133,17131223,153133,New,"Burkhardt,Jesse Brodie","Burkhardt,Jesse Brodie (Primary PI) 1172; Carolan,Michael S (Co-PI) 1784; Hale,James W (Co-PI) 1784","Understanding the Social, Economic, and Regulatory Barriers to Large Scale Adoption of Agrivoltaics",1172-Agricultural + Resource Economics,1172,Agricultural + Resource Economics,Agricultural Sciences-Academic Units (E1),2023-08-01,2023,2025-07-31,FALSE,53.5,MTDC,DOE-US Department of Energy,,Federal,,2022-10-03,2022,,FALSE,1372020.91,DOE-US Department of Energy,Federal,Direct sponsor reported; prime sponsor unavailable,FALSE,Federal,TRUE,FALSE
K000153689,17131187,153689,New,"Szczepaniec,Adrianna","Szczepaniec,Adrianna (Primary PI) 1177; Stewart,Jane E (Co-PI) 1177","Development of Integrated Pest Management Against an Emerging Stem-Boring Pest of Quinoa, Amauromyza karli (Diptera: Agromyzidae)",1177-Agricultural Biology,1177,Agricultural Biology,Agricultural Sciences-Academic Units (E1),2023-03-01,2023,2025-02-28,FALSE,42.85,TDC,USDA-NIFA-National Institute of Food and Agriculture,,Federal,,2022-10-03,2022,Funded,TRUE,299952.63,USDA-NIFA-National Institute of Food and Agriculture,Federal,Direct sponsor reported; prime sponsor unavailable,FALSE,Federal,FALSE,FALSE
K000153542,17131179,153542,New,"Bagheri Toulabi,Sahar","Bagheri Toulabi,Sahar (Primary PI) 1173; Weir,Tiffany L (Key Person) 1571; Thompson,Henry J (Key Person) 1173; Prenni,Jessica E (Key Person) 1173; Holm,David G (Key Person) 3043",Potato Carbohydrate and Associated Phytochemicals (PCAP) As A Driver Of Gut Health: A Value-Added Trait of Select Cultivars,1173-Horticulture + Landscape Architecture,1173,Horticulture + Landscape Architecture,Agricultural Sciences-Academic Units (E1),2022-12-01,2022,2024-11-30,FALSE,0,MTDC,USDA-NIFA-National Institute of Food and Agriculture,,Federal,,2022-10-03,2022,,FALSE,214288.8,USDA-NIFA-National Institute of Food and Agriculture,Federal,Direct sponsor reported; prime sponsor unavailable,FALSE,Federal,FALSE,FALSE
K000153900,17131175,153900,New,"Mason,Richard Esten","Mason,Richard Esten (Primary PI) 1170",PARTNERSHIP: Triticale Research and Breeding for Grain Quality and Yield,1170-Soil + Crop Sciences,1170,Soil + Crop Sciences,Agricultural Sciences-Academic Units (E1),2023-01-01,2023,2026-12-31,FALSE,42.85,TDC,"University of California, Davis",USDA-NIFA-National Institute of Food and Agriculture,Other Domestic Higher Education,Federal,2022-10-03,2022,Funded,TRUE,86396.94,USDA-NIFA-National Institute of Food and Agriculture,Federal,Prime sponsor reported; direct sponsor is pass-through,TRUE,Federal,FALSE,FALSE
K000153831,17131171,153831,Supplement/Additional Funding,"Wilkins,Michael James","Wilkins,Michael James (Primary PI) 1170",Microbiome Drivers of Post-Fire Nutrient Cycling in Forest Soils,1170-Soil + Crop Sciences,1170,Soil + Crop Sciences,Agricultural Sciences-Academic Units (E1),2020-08-01,2020,2024-06-30,FALSE,0,No Indirect Cost Allowed,USDA-USFS-Rocky Mtn. Rsrch Station - CO,,Federal,,2022-10-03,2022,,FALSE,40000.1,USDA-USFS-Rocky Mtn. Rsrch Station - CO,Federal,Direct sponsor reported; prime sponsor unavailable,FALSE,Federal,FALSE,FALSE
K000153795,17131150,153795,New,"Morris,Geoffrey Preston","Morris,Geoffrey Preston (Primary PI) 1170",Plant Breeding-CIN: A Sorghum Innovation Network to Accelerate Trait Delivery in a Major Climate-Safe Crop,1170-Soil + Crop Sciences,1170,Soil + Crop Sciences,Agricultural Sciences-Academic Units (E1),2023-01-01,2023,2027-12-31,FALSE,53,MTDC,Kansas State University,USDA-NIFA-National Institute of Food and Agriculture,Other Domestic Higher Education,Federal,2022-10-03,2022,Funded,TRUE,304012.25,USDA-NIFA-National Institute of Food and Agriculture,Federal,Prime sponsor reported; direct sponsor is pass-through,TRUE,Federal,FALSE,FALSE
K000153677,17130928,153677,New,"Stewart,Jane E","Stewart,Jane E (Primary PI) 1177","Molecular Tools for Detection, Identification, and Monitoring of Forest Pathogens",1177-Agricultural Biology,1177,Agricultural Biology,Agricultural Sciences-Academic Units (E1),2022-09-01,2022,2025-07-20,FALSE,0,No Indirect Cost Allowed,USDA-USFS-Rocky Mtn. Rsrch Station - UT,,Federal,,2022-09-29,2022,Funded,TRUE,79973.91,USDA-USFS-Rocky Mtn. Rsrch Station - UT,Federal,Direct sponsor reported; prime sponsor unavailable,FALSE,Federal,FALSE,FALSE
K000153675,17130864,153675,New,"Chouinard,Hayley","Chouinard,Hayley (Primary PI) 1172","Environmental Solutions for the ""Little Guy"": Using Precision Feeding to Improve the Sustainability of Feedlot Finished Beef Cattle",1172-Agricultural + Resource Economics,1172,Agricultural + Resource Economics,Agricultural Sciences-Academic Units (E1),2023-04-01,2023,2026-03-31,FALSE,42.85,TDC,Kansas State University,USDA-NIFA-National Institute of Food and Agriculture,Other Domestic Higher Education,Federal,2022-09-27,2022,Funded,TRUE,61375.67,USDA-NIFA-National Institute of Food and Agriculture,Federal,Prime sponsor reported; direct sponsor is pass-through,TRUE,Federal,TRUE,FALSE
K000153474,17130852,153474,New,"Wrighton,Kelly Catherine","Wrighton,Kelly Catherine (Primary PI) 1170",Chemical and Microbial Indicators of Permafrost Degradation from Changes in Climate,1170-Soil + Crop Sciences,1170,Soil + Crop Sciences,Agricultural Sciences-Academic Units (E1),2023-05-01,2023,2028-04-30,FALSE,53,MTDC,University of Colorado,DOD-US Department of Defense,State of Colorado Higher Education,Federal,2022-09-27,2022,Funded,TRUE,899541.97,DOD-US Department of Defense,Federal,Prime sponsor reported; direct sponsor is pass-through,TRUE,Federal,FALSE,FALSE
K000153909,17130173,153909,New,"Stewart,Jane E","Stewart,Jane E (Primary PI) 1177",Development of a Myrtle Rust Surveillance Network in Hawaii to Distinguish Austropuccinia psidii Biotypes Using a Newly Developed Diagnostic Tool,1177-Agricultural Biology,1177,Agricultural Biology,Agricultural Sciences-Academic Units (E1),2022-09-29,2022,2025-09-30,FALSE,15,TDC,USDA-USFS-Forest Research,,Federal,,2022-09-22,2022,Funded,TRUE,11280.67,USDA-USFS-Forest Research,Federal,Direct sponsor reported; prime sponsor unavailable,FALSE,Federal,FALSE,FALSE
K000153589,17130134,153589,New,"Craver,Joshua Ken","Craver,Joshua Ken (Primary PI) 1173",Tailoring Hydroponic Factors to Controlled-Environment Production of Emerging Food Crops,1173-Horticulture + Landscape Architecture,1173,Horticulture + Landscape Architecture,Agricultural Sciences-Academic Units (E1),2023-07-01,2023,2026-06-30,FALSE,42.85,TDC,University of Delaware,USDA-NIFA-National Institute of Food and Agriculture,Other Domestic Higher Education,Federal,2022-09-20,2022,Funded,TRUE,321994.12,USDA-NIFA-National Institute of Food and Agriculture,Federal,Prime sponsor reported; direct sponsor is pass-through,TRUE,Federal,FALSE,FALSE
K000153611,17129800,153611,Supplement/Additional Funding,"Gutierrez-Rodriguez,Eduardo","Gutierrez-Rodriguez,Eduardo (Primary PI) 1173; Uchanski,Mark E (Co-PI) 1173",Western Regional Center to Enhance Food Safety: Fostering Collaboration through Continued Food Safety Education and Stakeholder Support of FSMA Implementation,1173-Horticulture + Landscape Architecture,1173,Horticulture + Landscape Architecture,Agricultural Sciences-Academic Units (E1),2021-09-01,2021,2024-08-31,FALSE,34,MTDC,Oregon State University,USDA-NIFA-National Institute of Food and Agriculture,Other Domestic Higher Education,Federal,2022-09-16,2022,,FALSE,3000,USDA-NIFA-National Institute of Food and Agriculture,Federal,Prime sponsor reported; direct sponsor is pass-through,TRUE,Federal,FALSE,FALSE
K000153606,17129796,153606,Supplement/Additional Funding,"Pottorff,Laura Pickett","Pottorff,Laura Pickett (Primary PI) 1170",Seed Quality and Germination Tests Of Seeds Stored at NLGRP,1170-Soil + Crop Sciences,1170,Soil + Crop Sciences,Agricultural Sciences-Academic Units (E1),2020-05-01,2020,2025-04-30,FALSE,0,No Indirect Cost Allowed,USDA-ARS-Agricultural Research Service,,Federal,,2022-09-16,2022,,FALSE,35000,USDA-ARS-Agricultural Research Service,Federal,Direct sponsor reported; prime sponsor unavailable,FALSE,Federal,FALSE,FALSE
K000153658,17129792,153658,Supplement/Additional Funding,"Vivanco,Jorge M","Vivanco,Jorge M (Primary PI) 1173",NextGenEEF: Evaluation and Testing of Biodegradable Enhanced Efficiency Fertilizers,1173-Horticulture + Landscape Architecture,1173,Horticulture + Landscape Architecture,Agricultural Sciences-Academic Units (E1),2021-09-01,2021,2024-08-31,FALSE,0,No Indirect Cost Allowed,USDA-ARS-Agricultural Research Service,,Federal,,2022-09-16,2022,,FALSE,40000,USDA-ARS-Agricultural Research Service,Federal,Direct sponsor reported; prime sponsor unavailable,FALSE,Federal,FALSE,FALSE
K000153740,17129788,153740,Supplement/Additional Funding,"Suter,Jordan","Suter,Jordan (Primary PI) 1172",Extending Utilization of the Outputs and Products of National Forest Management to Promote Benefits and Sustainability,1172-Agricultural + Resource Economics,1172,Agricultural + Resource Economics,Agricultural Sciences-Academic Units (E1),2020-06-26,2020,2025-05-15,FALSE,0,No Indirect Cost Allowed,USDA-USFS-Rocky Mtn. Rsrch Station - CO,,Federal,,2022-09-16,2022,,FALSE,124295.83,USDA-USFS-Rocky Mtn. Rsrch Station - CO,Federal,Direct sponsor reported; prime sponsor unavailable,FALSE,Federal,TRUE,FALSE
K000153514,17129782,153514,New,"Andales,Allan A","Andales,Allan A (Primary PI) 1170; Simmons,Lane Howard (Co-PI) 3040",Lysimeter Operations for Development of Colorado Crop Coefficients (FY23 - Year 1 of 5),1170-Soil + Crop Sciences,1170,Soil + Crop Sciences,Agricultural Sciences-Academic Units (E1),2022-07-01,2022,2027-06-30,FALSE,15,TDC,Colorado Division of Water Resources,,State of Colorado,,2022-09-16,2022,Funded,TRUE,50177.7,Colorado Division of Water Resources,State of Colorado,Direct sponsor reported; prime sponsor unavailable,FALSE,State,FALSE,FALSE
K000153683,17129778,153683,New,"Bayham,Jude","Bayham,Jude (Primary PI) 1172",The Effects of Bottlenecks in the Meatpacking Sector on Wholesale and Retail Meat Prices,1172-Agricultural + Resource Economics,1172,Agricultural + Resource Economics,Agricultural Sciences-Academic Units (E1),2022-09-01,2022,2024-08-31,FALSE,0,No Indirect Cost Allowed,USDA-ERS-Economic Research Service,,Federal,,2022-09-16,2022,Funded,TRUE,74998.56,USDA-ERS-Economic Research Service,Federal,Direct sponsor reported; prime sponsor unavailable,FALSE,Federal,TRUE,FALSE
K000153671,17129771,153671,New,"Suter,Jordan","Suter,Jordan (Primary PI) 1172",Assessing Economic Tradeoffs in the Management of Wild Pigs,1172-Agricultural + Resource Economics,1172,Agricultural + Resource Economics,Agricultural Sciences-Academic Units (E1),2022-09-15,2022,2023-09-14,FALSE,10,TDC,USDA-APHIS-National Wildlife Research Center,,Federal,,2022-09-16,2022,Funded,TRUE,113998.6,USDA-APHIS-National Wildlife Research Center,Federal,Direct sponsor reported; prime sponsor unavailable,FALSE,Federal,TRUE,FALSE
K000153286,17129744,153286,New,"Thompson,Henry J","Thompson,Henry J (Primary PI) 1173; Weir,Tiffany L (Co-PI) 1571","Dry Bean Flour Types, the Gut Microbiome, and Human Health",1173-Horticulture + Landscape Architecture,1173,Horticulture + Landscape Architecture,Agricultural Sciences-Academic Units (E1),2023-01-01,2023,2025-12-31,FALSE,42.85,TDC,USDA-NIFA-National Institute of Food and Agriculture,,Federal,,2022-09-16,2022,,FALSE,649982.82,USDA-NIFA-National Institute of Food and Agriculture,Federal,Direct sponsor reported; prime sponsor unavailable,FALSE,Federal,FALSE,FALSE
K000153500,17129689,153500,New,"van der Pol,Laura","van der Pol,Laura (Primary PI) 1499; Schipanski,Meagan Erin (Key Person) 1170; Machmuller,Megan B (Key Person) 1170",A Regional Start for Soil Health: Establishing Natural Benchmarks to Quantify the Soil Health Gap and Understand how Diversity and Perenniality Influence Soil Carbon and Health Over Space vs. Time,1170-Soil + Crop Sciences,1170,Soil + Crop Sciences,Agricultural Sciences-Academic Units (E1),2023-06-01,2023,2025-05-31,FALSE,0,No Indirect Cost Allowed,USDA-NIFA-National Institute of Food and Agriculture,,Federal,,2022-09-16,2022,,FALSE,215468.16,USDA-NIFA-National Institute of Food and Agriculture,Federal,Direct sponsor reported; prime sponsor unavailable,FALSE,Federal,FALSE,FALSE
K000153584,17128884,153584,New,"Roberts,Robyn","Roberts,Robyn (Primary PI) 1177; Gutierrez Castillo,Diego Ernesto (Key Person) 1177",Identifying Genes Involved in Susceptibility of Wheat to a Re-Emerging Bacterial Disease,1177-Agricultural Biology,1177,Agricultural Biology,Agricultural Sciences-Academic Units (E1),2023-02-15,2023,2025-02-14,FALSE,42.85,TDC,USDA-NIFA-National Institute of Food and Agriculture,,Federal,,2022-09-02,2022,,FALSE,298351.58,USDA-NIFA-National Institute of Food and Agriculture,Federal,Direct sponsor reported; prime sponsor unavailable,FALSE,Federal,FALSE,FALSE
K000153371,17128861,153371,Resubmission,"Nalam,Vamsi","Nalam,Vamsi (Primary PI) 1177","Hello, Darkness My Old Friend: Do Aphids Use Nighttime Feeding to Overcome Plant Defenses?",1177-Agricultural Biology,1177,Agricultural Biology,Agricultural Sciences-Academic Units (E1),2023-01-01,2023,2025-12-31,FALSE,34.3,TDC,USDA-NIFA-National Institute of Food and Agriculture,,Federal,,2022-09-02,2022,,FALSE,749072.52,USDA-NIFA-National Institute of Food and Agriculture,Federal,Direct sponsor reported; prime sponsor unavailable,FALSE,Federal,FALSE,FALSE
K000153317,17128857,153317,New,"Stewart,Jane E","Stewart,Jane E (Primary PI) 1177",Characterizing Pathogenicity Factors and Interactions Among Fusarium spp. to Reduce Disease in Conifer Nurseries and Outplanting Sites,1177-Agricultural Biology,1177,Agricultural Biology,Agricultural Sciences-Academic Units (E1),2022-11-01,2022,2027-10-31,FALSE,41.02,TDC,USDA-NIFA-National Institute of Food and Agriculture,,Federal,,2022-09-02,2022,,FALSE,715822.69,USDA-NIFA-National Institute of Food and Agriculture,Federal,Direct sponsor reported; prime sponsor unavailable,FALSE,Federal,FALSE,FALSE
K000153250,17128849,153250,New,"Thompson,Henry J","Thompson,Henry J (Primary PI) 1173; Didinger,Chelsea Marie (Key Person) 1173",Increasing Daily Consumption of Pulses: A Translational Approach to Reduce Chronic Disease Risk,1173-Horticulture + Landscape Architecture,1173,Horticulture + Landscape Architecture,Agricultural Sciences-Academic Units (E1),2023-01-01,2023,2025-12-31,FALSE,42.85,TDC,USDA-NIFA-National Institute of Food and Agriculture,,Federal,,2022-09-02,2022,,FALSE,999976.18,USDA-NIFA-National Institute of Food and Agriculture,Federal,Direct sponsor reported; prime sponsor unavailable,FALSE,Federal,FALSE,FALSE
K000153653,17128845,153653,Supplement/Additional Funding,"Suter,Jordan","Suter,Jordan (Primary PI) 1172",Working with the Wildfire Research Team to Support Community Wildfire Resilience,1172-Agricultural + Resource Economics,1172,Agricultural + Resource Economics,Agricultural Sciences-Academic Units (E1),2022-09-01,2022,2023-08-31,FALSE,15,TDC,USDA-USFS-Rocky Mtn. Rsrch Station - CO,,Federal,,2022-09-02,2022,,FALSE,6999.14,USDA-USFS-Rocky Mtn. Rsrch Station - CO,Federal,Direct sponsor reported; prime sponsor unavailable,FALSE,Federal,TRUE,FALSE
K000153056,17128835,153056,New,"Cramer,Mary Caitlin","Cramer,Mary Caitlin (Primary PI) 1171; Keller,Joshua (Co-PI) 1877; Edwards-Callaway,Lily Nowell (Co-PI) 1171; Roman-Muniz,Ivette Noami (Co-PI) 1171","Developing Best Management Practices for Dairy Calves Before, During and After Transport to Improve Animal Welfare",1171-Animal Sciences,1171,Animal Sciences,Agricultural Sciences-Academic Units (E1),2022-09-01,2022,2025-08-31,FALSE,42.85,TDC,USDA-NIFA-National Institute of Food and Agriculture,,Federal,,2022-09-02,2022,,FALSE,491201.14,USDA-NIFA-National Institute of Food and Agriculture,Federal,Direct sponsor reported; prime sponsor unavailable,FALSE,Federal,FALSE,FALSE
K000152035,17128736,152035,New,"Bousselot,Jennifer M","Bousselot,Jennifer M (Primary PI) 1173; Burkhardt,Jesse Brodie (Co-PI) 1172; Conrad,Steven Allen (Co-PI) 1377; Uchanski,Mark E (Co-PI) 1173","Agrivoltaics Supplying Urban Food Systems, Willingness to Pay, and Food/Energy System Modeling Impacts",1173-Horticulture + Landscape Architecture,1173,Horticulture + Landscape Architecture,Agricultural Sciences-Academic Units (E1),2023-04-01,2023,2026-03-31,FALSE,11.11,TDC,Foundation for Food & Agriculture Research,,Domestic Non-Profit (other than Domestic Foundations),,2022-08-30,2022,,FALSE,423600,Foundation for Food & Agriculture Research,Domestic Non-Profit (other than Domestic Foundations),Direct sponsor reported; prime sponsor unavailable,FALSE,Foundation/nonprofit,FALSE,FALSE
K000153624,17128519,153624,Supplement/Additional Funding,"Graff,Gregory D","Graff,Gregory D (Primary PI) 1172",Research Intergovernmental Personnel Agreement for Greg Graff,1172-Agricultural + Resource Economics,1172,Agricultural + Resource Economics,Agricultural Sciences-Academic Units (E1),2022-07-15,2022,2023-08-31,FALSE,0,No Indirect Cost Allowed,DOC-U.S. Patent and Trademark Office,,Federal,,2022-08-22,2022,,FALSE,7255.6,DOC-U.S. Patent and Trademark Office,Federal,Direct sponsor reported; prime sponsor unavailable,FALSE,Federal,TRUE,FALSE
K000153320,17128357,153320,Supplement/Additional Funding,"Schipanski,Meagan Erin","Schipanski,Meagan Erin (Primary PI) 1170",Understanding Soil and Environmental Effects on Crop Species and Rangeland Ecosystems Under Water Limitation,1170-Soil + Crop Sciences,1170,Soil + Crop Sciences,Agricultural Sciences-Academic Units (E1),2022-07-19,2022,2023-12-31,FALSE,0,No Indirect Cost Allowed,USDA-ARS-Agricultural Research Service,,Federal,,2022-08-18,2022,Funded,TRUE,98228.81,USDA-ARS-Agricultural Research Service,Federal,Direct sponsor reported; prime sponsor unavailable,FALSE,Federal,FALSE,FALSE
K000153460,17128353,153460,New,"Gaines,Todd A","Gaines,Todd A (Primary PI) 1177",RNA-Targeting to Reduce Sucrose Loss Post-Harvest in Sugar Beet,1177-Agricultural Biology,1177,Agricultural Biology,Agricultural Sciences-Academic Units (E1),2022-08-16,2022,2025-08-15,FALSE,0,No Indirect Cost Allowed,Western Sugar Cooperative,,Domestic Commercial,,2022-08-18,2022,Funded,TRUE,300000.21,Western Sugar Cooperative,Domestic Commercial,Direct sponsor reported; prime sponsor unavailable,FALSE,Industry,FALSE,FALSE
K000152938,17128339,152938,New,"Nalam,Vamsi","Nalam,Vamsi (Primary PI) 1177; Holm,David G (Co-PI) 3043; Chikh-Ali,Mohamad (Co-PI) 3043; Chitwood-Brown,Jessica (Co-PI) 1173",Double Whammy: Developing Strategies To Combat The Powdery Scab - Potato Mop Top Virus Disease Complex,1177-Agricultural Biology,1177,Agricultural Biology,Agricultural Sciences-Academic Units (E1),2023-01-01,2023,2025-12-31,FALSE,42.85,TDC,USDA-NIFA-National Institute of Food and Agriculture,,Federal,,2022-08-18,2022,,FALSE,499612.7,USDA-NIFA-National Institute of Food and Agriculture,Federal,Direct sponsor reported; prime sponsor unavailable,FALSE,Federal,FALSE,FALSE
K000153331,17128331,153331,New,"Stackhouse-Lawson,Kimberly Rose","Stackhouse-Lawson,Kimberly Rose (Primary PI) 1171; Dillon,Jasmine Ashley (Co-PI) 1171; Sheehan,John Joseph (Co-PI) 1171","Systems-Based Integrated Approach to Demonstrating, Promoting and Enhancing the Sustainability of Dairy Goat Production in the United States",1171-Animal Sciences,1171,Animal Sciences,Agricultural Sciences-Academic Units (E1),2023-03-01,2023,2028-02-28,FALSE,42.85,TDC,Iowa State University,USDA-NIFA-National Institute of Food and Agriculture,Other Domestic Higher Education,Federal,2022-08-18,2022,,FALSE,1096901.12,USDA-NIFA-National Institute of Food and Agriculture,Federal,Prime sponsor reported; direct sponsor is pass-through,TRUE,Federal,FALSE,FALSE
K000153612,17128280,153612,Supplement/Additional Funding,"Bayham,Jude","Bayham,Jude (Primary PI) 1172",COVID 19: Modeling COVID-19 to Support the State Government,1172-Agricultural + Resource Economics,1172,Agricultural + Resource Economics,Agricultural Sciences-Academic Units (E1),2022-07-01,2022,2022-12-31,FALSE,35,MTDC,University of Colorado at Denver,Colorado Department of Public Health and Environment,State of Colorado Higher Education,State of Colorado,2022-08-17,2022,Funded,TRUE,66999.3,Colorado Department of Public Health and Environment,State of Colorado,Prime sponsor reported; direct sponsor is pass-through,TRUE,State,TRUE,FALSE
K000153511,17128276,153511,New,"Burcham,Daniel C","Burcham,Daniel C (Primary PI) 1173",Enhancing Collections Management at the Colorado State University Heritage Arboretum,1173-Horticulture + Landscape Architecture,1173,Horticulture + Landscape Architecture,Agricultural Sciences-Academic Units (E1),2023-01-01,2023,2023-12-31,FALSE,0,No Indirect Cost Allowed,Stanley Smith Horticultural Trust,,Domestic Foundations,,2022-08-17,2022,,FALSE,19224.88,Stanley Smith Horticultural Trust,Domestic Foundations,Direct sponsor reported; prime sponsor unavailable,FALSE,Foundation/nonprofit,FALSE,FALSE
K000153495,17128270,153495,New,"Suter,Jordan","Suter,Jordan (Primary PI) 1172; Burkhardt,Jesse Brodie (Co-PI) 1172",A Comparative Analysis of Wildfire Impacts on Western Drinking Water Systems,1172-Agricultural + Resource Economics,1172,Agricultural + Resource Economics,Agricultural Sciences-Academic Units (E1),2022-09-01,2022,2025-08-31,FALSE,0,No Indirect Cost Allowed,USDA-USFS-Pacific NW Exp Statn,,Federal,,2022-08-17,2022,Funded,TRUE,106356.33,USDA-USFS-Pacific NW Exp Statn,Federal,Direct sponsor reported; prime sponsor unavailable,FALSE,Federal,TRUE,FALSE
K000153290,17128264,153290,New,"Cadaret,Caitlin","Cadaret,Caitlin (Primary PI) 1171; Coleman,Stephen John (Co-PI) 1171",Preliminary Investigations Of Reproductive Dynamics In Lambs Born From Nutrient Challenged Dams,1171-Animal Sciences,1171,Animal Sciences,Agricultural Sciences-Academic Units (E1),2023-01-01,2023,2024-12-31,FALSE,42.85,TDC,USDA-NIFA-National Institute of Food and Agriculture,,Federal,,2022-08-17,2022,,FALSE,293292.65,USDA-NIFA-National Institute of Food and Agriculture,Federal,Direct sponsor reported; prime sponsor unavailable,FALSE,Federal,FALSE,FALSE
K000153602,17128260,153602,New,"Heuberger,Adam L","Heuberger,Adam L (Primary PI) 1173",Germination with Effects on Malt and Food Quality,1173-Horticulture + Landscape Architecture,1173,Horticulture + Landscape Architecture,Agricultural Sciences-Academic Units (E1),2023-08-01,2023,2026-07-31,FALSE,42.85,TDC,Montana State University,USDA-NIFA-National Institute of Food and Agriculture,Other Domestic Higher Education,Federal,2022-08-17,2022,,FALSE,266616.14,USDA-NIFA-National Institute of Food and Agriculture,Federal,Prime sponsor reported; direct sponsor is pass-through,TRUE,Federal,FALSE,FALSE
K000153249,17128254,153249,New,"Cleary,Rebecca Leigh Osborne","Cleary,Rebecca Leigh Osborne (Primary PI) 1172; Mueller,Megan Paige (Co-PI) 1571",Achieving Racial Equity in Diet Quality and Diet-Related Disease,1172-Agricultural + Resource Economics,1172,Agricultural + Resource Economics,Agricultural Sciences-Academic Units (E1),2022-11-01,2022,2025-02-28,FALSE,12,TDC,Robert Wood Johnson Foundation,,Domestic Foundations,,2022-08-17,2022,Funded,TRUE,99993.13,Robert Wood Johnson Foundation,Domestic Foundations,Direct sponsor reported; prime sponsor unavailable,FALSE,Foundation/nonprofit,TRUE,FALSE
K000152790,17128202,152790,Supplement/Additional Funding,"Heuberger,Adam L","Heuberger,Adam L (Primary PI) 1173; Joshi,Janak Raj (Co-PI) 1173",Development of PVY and Blackleg Resistant Potato Breeding Lines,1173-Horticulture + Landscape Architecture,1173,Horticulture + Landscape Architecture,Agricultural Sciences-Academic Units (E1),2022-06-01,2022,2023-05-31,FALSE,0,No Indirect Cost Allowed,Colorado Potato Administrative Committee,,Domestic Non-Profit (other than Domestic Foundations),,2022-08-17,2022,,FALSE,29999.81,Colorado Potato Administrative Committee,Domestic Non-Profit (other than Domestic Foundations),Direct sponsor reported; prime sponsor unavailable,FALSE,Foundation/nonprofit,FALSE,FALSE
K000152789,17128198,152789,New,"Chitwood-Brown,Jessica","Chitwood-Brown,Jessica (Primary PI) 1173",Breeding for Resistance to PVY & PMTV,1173-Horticulture + Landscape Architecture,1173,Horticulture + Landscape Architecture,Agricultural Sciences-Academic Units (E1),2022-06-01,2022,2023-05-31,FALSE,0,No Indirect Cost Allowed,Colorado Potato Administrative Committee,,Domestic Non-Profit (other than Domestic Foundations),,2022-08-17,2022,Funded,TRUE,28001.58,Colorado Potato Administrative Committee,Domestic Non-Profit (other than Domestic Foundations),Direct sponsor reported; prime sponsor unavailable,FALSE,Foundation/nonprofit,FALSE,FALSE
K000153284,17128051,153284,New,"Zelikova,Tamara J","Zelikova,Tamara J (Primary PI) 1170; McKay,John K (Co-PI) 1177; Conant,Richard T (Co-PI) 1476; Manning,Dale Thomas (Co-PI) 1172; Machmuller,Megan B (Co-PI) 1170; Cotrufo,Maria Francesca (Co-PI) 1170; Paustian,Keith H (Co-PI)","The Soil Carbon Solutions Center: Enhancing Livelihoods and Mitigating Climate Change through Cutting-Edge Research, Tools, and Implementation",1170-Soil + Crop Sciences,1170,Soil + Crop Sciences,Agricultural Sciences-Academic Units (E1),2022-11-01,2022,2024-04-30,FALSE,34,MTDC,DOC-NIST-Nat. Inst. Standards and Tech..,,Federal,,2022-08-12,2022,Funded,TRUE,999999.73,DOC-NIST-Nat. Inst. Standards and Tech..,Federal,Direct sponsor reported; prime sponsor unavailable,FALSE,Federal,FALSE,FALSE
K000153480,17128047,153480,Supplement/Additional Funding,"Stewart,Jane E","Stewart,Jane E (Primary PI) 1177","Development of Novel Approaches to Address Complex Interactions among Host Trees, Pathogens, Other Microorganisms, and Environmental Factors within Forest Ecosystems under Changing Climates",1177-Agricultural Biology,1177,Agricultural Biology,Agricultural Sciences-Academic Units (E1),2022-07-01,2022,2026-06-30,FALSE,0,No Indirect Cost Allowed,USDA-USFS-Pacific NW Exp Statn,,Federal,,2022-08-12,2022,Funded,TRUE,15000.1,USDA-USFS-Pacific NW Exp Statn,Federal,Direct sponsor reported; prime sponsor unavailable,FALSE,Federal,FALSE,FALSE
K000153351,17128041,153351,New,"Edwards-Callaway,Lily Nowell","Edwards-Callaway,Lily Nowell (Primary PI) 1171; Engle,Terry E (Co-PI) 1171",Exploring The Welfare Impact Of Liver Abscesses On Feedlot Cattle,1171-Animal Sciences,1171,Animal Sciences,Agricultural Sciences-Academic Units (E1),2023-03-01,2023,2026-02-28,FALSE,24.14,TDC,USDA-NIFA-National Institute of Food and Agriculture,,Federal,,2022-08-12,2022,,FALSE,649838.47,USDA-NIFA-National Institute of Food and Agriculture,Federal,Direct sponsor reported; prime sponsor unavailable,FALSE,Federal,FALSE,FALSE
K000151769,17128037,151769,New,"Morris,Geoffrey Preston","Morris,Geoffrey Preston (Primary PI) 1170",A Trait Technology Package for Iron Deficiency Chlorosis Tolerance in Sorghum,1170-Soil + Crop Sciences,1170,Soil + Crop Sciences,Agricultural Sciences-Academic Units (E1),2022-09-01,2022,2023-12-31,FALSE,0,No Indirect Cost Allowed,Kansas State University,,Other Domestic Higher Education,,2022-08-12,2022,Funded,TRUE,75000.34,Kansas State University,Other Domestic Higher Education,Direct sponsor reported; prime sponsor unavailable,FALSE,Other,FALSE,FALSE
K000153168,17128030,153168,New,"Morris,Geoffrey Preston","Morris,Geoffrey Preston (Primary PI) 1170",Development of Educational Materials for the Conservation and Use of Plant Genetic Resources,1170-Soil + Crop Sciences,1170,Soil + Crop Sciences,Agricultural Sciences-Academic Units (E1),2022-09-01,2022,2025-08-31,FALSE,0,No Indirect Cost Allowed,USDA-ARS-Agricultural Research Service,,Federal,,2022-08-12,2022,Funded,TRUE,75000.8,USDA-ARS-Agricultural Research Service,Federal,Direct sponsor reported; prime sponsor unavailable,FALSE,Federal,FALSE,FALSE
K000153294,17128000,153294,New,"Ippolito,Jim","Ippolito,Jim (Primary PI) 1170; Borch,Thomas (Co-PI) 1170; Kelly,Eugene F (Co-PI) 3001",A Collaborative Multi-State Research and Technical Assistance Consortium State of Science and Future Opportunities to Address PFAS in Agriculture,1170-Soil + Crop Sciences,1170,Soil + Crop Sciences,Agricultural Sciences-Academic Units (E1),2022-10-01,2022,2025-09-30,FALSE,10,TDC,USDA-NRCS-Natural Resources Consvtn Srv,,Federal,,2022-08-11,2022,Funded,TRUE,1500000.04,USDA-NRCS-Natural Resources Consvtn Srv,Federal,Direct sponsor reported; prime sponsor unavailable,FALSE,Federal,FALSE,FALSE
K000153438,17127996,153438,New,"Pinedo,Pablo J","Pinedo,Pablo J (Primary PI) 1171",A Novel Approach to Manage Digital Dermatitis in Dairy Heifers,1171-Animal Sciences,1171,Animal Sciences,Agricultural Sciences-Academic Units (E1),2023-08-01,2023,2025-07-31,FALSE,42.85,TDC,Texas A and M University,USDA-NIFA-National Institute of Food and Agriculture,Other Domestic Higher Education,Federal,2022-08-11,2022,,FALSE,20580.16,USDA-NIFA-National Institute of Food and Agriculture,Federal,Prime sponsor reported; direct sponsor is pass-through,TRUE,Federal,FALSE,FALSE
K000153302,17127984,153302,New,"Narayanan Nair,Mahesh","Narayanan Nair,Mahesh (Primary PI) 1171",Muscle Proteomic and Metabolomic Response to Managed Growth Rate in Pigs - Linking Growth to Variation in Fresh Pork Quality,1171-Animal Sciences,1171,Animal Sciences,Agricultural Sciences-Academic Units (E1),2023-06-01,2023,2026-05-31,FALSE,53,MTDC,Iowa State University,USDA-NIFA-National Institute of Food and Agriculture,Other Domestic Higher Education,Federal,2022-08-11,2022,,FALSE,208563.12,USDA-NIFA-National Institute of Food and Agriculture,Federal,Prime sponsor reported; direct sponsor is pass-through,TRUE,Federal,FALSE,FALSE
K000153348,17127815,153348,New,"Paustian,Keith H","Paustian,Keith H (Primary PI) 1170","Redesign, Improvements and Upscaling of COMET-Farm Tool",1170-Soil + Crop Sciences,1170,Soil + Crop Sciences,Agricultural Sciences-Academic Units (E1),2022-10-01,2022,2023-09-30,FALSE,10,TDC,USDA-NRCS-Natural Resources Consvtn Srv,,Federal,,2022-08-09,2022,,FALSE,575000.37,USDA-NRCS-Natural Resources Consvtn Srv,Federal,Direct sponsor reported; prime sponsor unavailable,FALSE,Federal,FALSE,FALSE
K000153257,17127811,153257,New,"Narayanan Nair,Mahesh","Narayanan Nair,Mahesh (Primary PI) 1171","Impact of Degree of Donesness, and Aging on Nutrient Bioaccessibility of Beef Products",1171-Animal Sciences,1171,Animal Sciences,Agricultural Sciences-Academic Units (E1),2022-10-15,2022,2023-06-30,FALSE,0,No Indirect Cost Allowed,National Cattlemens Beef Association,,Domestic Non-Profit (other than Domestic Foundations),,2022-08-09,2022,,FALSE,49338.6,National Cattlemens Beef Association,Domestic Non-Profit (other than Domestic Foundations),Direct sponsor reported; prime sponsor unavailable,FALSE,Foundation/nonprofit,FALSE,FALSE
K000152973,17127805,152973,New,"Schipanski,Meagan Erin","Schipanski,Meagan Erin (Primary PI) 1170; Knapp,Alan Keith (Co-PI) 1878",Deploying Agrivoltaics in Solar Development to Maximize Ecosystem Services,1170-Soil + Crop Sciences,1170,Soil + Crop Sciences,Agricultural Sciences-Academic Units (E1),2023-01-01,2023,2025-12-31,FALSE,52,MTDC,SunShare Community Solar,DOE-US Department of Energy,Domestic Commercial,Federal,2022-08-09,2022,,FALSE,608655.99,DOE-US Department of Energy,Federal,Prime sponsor reported; direct sponsor is pass-through,FALSE,Federal,FALSE,FALSE
K000153376,17127796,153376,New,"Melzer,Susan E","Melzer,Susan E (Primary PI) 1170",MLRA Soil Survey Office Support 2023,1170-Soil + Crop Sciences,1170,Soil + Crop Sciences,Agricultural Sciences-Academic Units (E1),2022-11-01,2022,2024-09-30,FALSE,10,TDC,USDA-NRCS-Natural Resources Consvtn Srv,,Federal,,2022-08-09,2022,Funded,TRUE,21328.33,USDA-NRCS-Natural Resources Consvtn Srv,Federal,Direct sponsor reported; prime sponsor unavailable,FALSE,Federal,FALSE,FALSE
K000153155,17127752,153155,New,"Peters,Brittany Caitlin","Peters,Brittany Caitlin (Primary PI) 1171",A Pilot Study of an Equine-Assisted Social Emotional Learning Program for Youth in Thompson School District,1171-Animal Sciences,1171,Animal Sciences,Agricultural Sciences-Academic Units (E1),2022-08-01,2022,2024-07-31,FALSE,0,No Indirect Cost Allowed,Bender West Foundation,,Domestic Foundations,,2022-08-08,2022,Funded,TRUE,49980.7,Bender West Foundation,Domestic Foundations,Direct sponsor reported; prime sponsor unavailable,FALSE,Foundation/nonprofit,FALSE,FALSE
K000152824,17127415,152824,New,"Stackhouse-Lawson,Kimberly Rose","Stackhouse-Lawson,Kimberly Rose (Primary PI) 1171; Engle,Terry E (Co-PI) 1171; Archibeque,Shawn (Co-PI) 1171; Thompson,Logan (Co-PI) 1171",Microalgae: A Novel Methane Mitigation Strategy for the Beef Supply Chain,1171-Animal Sciences,1171,Animal Sciences,Agricultural Sciences-Academic Units (E1),2023-02-01,2023,2025-07-31,FALSE,11.11,TDC,Foundation for Food & Agriculture Research,,Domestic Non-Profit (other than Domestic Foundations),,2022-07-29,2022,,FALSE,542218.14,Foundation for Food & Agriculture Research,Domestic Non-Profit (other than Domestic Foundations),Direct sponsor reported; prime sponsor unavailable,FALSE,Foundation/nonprofit,FALSE,FALSE
K000152806,17127407,152806,New,"Dayan,Franck E","Dayan,Franck E (Primary PI) 1177; Rigon,Carlos Alberto Gonsiorkiewicz (Co-PI) 1177; Gaines,Todd A (Co-PI) 1177",Innovative Gene Silencing Technologies to Reverse Metabolism-Based Herbicide Resistance,1177-Agricultural Biology,1177,Agricultural Biology,Agricultural Sciences-Academic Units (E1),2023-01-01,2023,2025-12-31,FALSE,52,MTDC,USDA-NIFA-National Institute of Food and Agriculture,,Federal,,2022-07-29,2022,,FALSE,299904.19,USDA-NIFA-National Institute of Food and Agriculture,Federal,Direct sponsor reported; prime sponsor unavailable,FALSE,Federal,FALSE,FALSE
K000153220,17127403,153220,Supplement/Additional Funding,"Nalam,Vamsi","Nalam,Vamsi (Primary PI) 1177",Genomics-Assisted Disease Resistance Gene Mining of the Sugar Beet Wild Relative Beta corolliflora,1177-Agricultural Biology,1177,Agricultural Biology,Agricultural Sciences-Academic Units (E1),2021-08-01,2021,2024-02-29,FALSE,0,No Indirect Cost Allowed,USDA-ARS-Agricultural Research Service,,Federal,,2022-07-29,2022,,FALSE,55002.38,USDA-ARS-Agricultural Research Service,Federal,Direct sponsor reported; prime sponsor unavailable,FALSE,Federal,FALSE,FALSE
K000153236,17127393,153236,New,"Kremen,Amy E","Kremen,Amy E (Primary PI) 1170; Schneekloth,Joel (Co-PI) 4020; Manning,Dale Thomas (Co-PI) 1172; Schipanski,Meagan Erin (Co-PI) 1170",Testing Agricultural Performance Solutions to Advance Climate Smart Crop Production in the U.S. Central Plains,1170-Soil + Crop Sciences,1170,Soil + Crop Sciences,Agricultural Sciences-Academic Units (E1),2023-03-01,2023,2028-02-29,FALSE,42.85,TDC,Oklahoma State University,USDA-NIFA-National Institute of Food and Agriculture,Other Domestic Higher Education,Federal,2022-07-29,2022,,FALSE,1820617.98,USDA-NIFA-National Institute of Food and Agriculture,Federal,Prime sponsor reported; direct sponsor is pass-through,TRUE,Federal,FALSE,FALSE
K000152711,17127383,152711,New,"Cotrufo,Maria Francesca","Cotrufo,Maria Francesca (Primary PI) 1170; Ogle,Stephen M (Co-PI) 1476; Zhang,Yao (Co-PI) 1499; Paustian,Keith H (Co-PI) 1170",Developing and Maintaining the MEMS Ecosystem Model,1170-Soil + Crop Sciences,1170,Soil + Crop Sciences,Agricultural Sciences-Academic Units (E1),2022-09-01,2022,2029-08-31,FALSE,52,MTDC,Shell Oil Company,,Domestic Commercial,,2022-07-29,2022,,FALSE,5536297.18,Shell Oil Company,Domestic Commercial,Direct sponsor reported; prime sponsor unavailable,FALSE,Industry,FALSE,FALSE
K000153065,17126735,153065,Resubmission,"Roberts,Robyn","Roberts,Robyn (Primary PI) 1177",Collaborative Research: RESEARCH-PGR: Leveraging Natural Variation and Targeted Gene Activation to Investigate Multiple Disease Resistance in Tomato,1177-Agricultural Biology,1177,Agricultural Biology,Agricultural Sciences-Academic Units (E1),2023-01-15,2023,2027-01-14,FALSE,52,MTDC,NSF-National Science Foundation,,Federal,,2022-07-15,2022,,FALSE,1422769.59,NSF-National Science Foundation,Federal,Direct sponsor reported; prime sponsor unavailable,FALSE,Federal,FALSE,FALSE
K000153118,17126731,153118,New,"Stackhouse-Lawson,Kimberly Rose","Stackhouse-Lawson,Kimberly Rose (Primary PI) 1171",Life Cycle Assessment Workshop for USDA-ARS,1171-Animal Sciences,1171,Animal Sciences,Agricultural Sciences-Academic Units (E1),2022-06-21,2022,2022-08-20,FALSE,10,TDC,University of Arkansas,USDA-ARS-Agricultural Research Service,Other Domestic Higher Education,Federal,2022-07-15,2022,Funded,TRUE,26680.91,USDA-ARS-Agricultural Research Service,Federal,Prime sponsor reported; direct sponsor is pass-through,TRUE,Federal,FALSE,FALSE
K000153090,17126722,153090,New,"Burkhardt,Jesse Brodie","Burkhardt,Jesse Brodie (Primary PI) 1172",Non-Market Valuation of National Parks Cooperative Agreement,1172-Agricultural + Resource Economics,1172,Agricultural + Resource Economics,Agricultural Sciences-Academic Units (E1),2022-08-01,2022,2023-07-31,FALSE,17.5,TDC,DOI-NPS-National Park Service,,Federal,,2022-07-15,2022,Funded,TRUE,63593.49,DOI-NPS-National Park Service,Federal,Direct sponsor reported; prime sponsor unavailable,FALSE,Federal,TRUE,FALSE
K000153037,17126714,153037,New,"Engle,Terry E","Engle,Terry E (Primary PI) 1171; Edwards-Callaway,Lily Nowell (Co-PI) 1171; Stackhouse-Lawson,Kimberly Rose (Co-PI) 1171",Evaluation of Prosper EO to Replace Monensin or Tylosin in the Ration Fed to Growing Beef Steers on Growth Performance,1171-Animal Sciences,1171,Animal Sciences,Agricultural Sciences-Academic Units (E1),2022-10-01,2022,2023-09-30,FALSE,34,MTDC,Ralco,,Domestic Commercial,,2022-07-15,2022,Funded,TRUE,159682.36,Ralco,Domestic Commercial,Direct sponsor reported; prime sponsor unavailable,FALSE,Industry,FALSE,FALSE
K000153170,17126708,153170,New,"Stewart,Jane E","Stewart,Jane E (Primary PI) 1177; Ibarra Caballero,Jorge Rafael (Co-PI) 1177",Developing Tools for Early Detection and Monitoring of High Elevation Pine Rusts,1177-Agricultural Biology,1177,Agricultural Biology,Agricultural Sciences-Academic Units (E1),2022-09-01,2022,2025-08-31,FALSE,15,TDC,USDA-USFS-Forest Research,,Federal,,2022-07-15,2022,Funded,TRUE,46657.19,USDA-USFS-Forest Research,Federal,Direct sponsor reported; prime sponsor unavailable,FALSE,Federal,FALSE,FALSE
K000153148,17126128,153148,Supplement/Additional Funding,"Trivedi,Pankaj","Trivedi,Pankaj (Primary PI) 1177",Providing Practical Solutions for HLB Treatment and Prevention,1177-Agricultural Biology,1177,Agricultural Biology,Agricultural Sciences-Academic Units (E1),2022-09-01,2022,2023-08-31,FALSE,52,MTDC,New Mexico Consortium,USDA-NIFA-National Institute of Food and Agriculture,Domestic Non-Profit (other than Domestic Foundations),Federal,2022-06-29,2022,,FALSE,65152.4,USDA-NIFA-National Institute of Food and Agriculture,Federal,Prime sponsor reported; direct sponsor is pass-through,FALSE,Federal,FALSE,FALSE
K000152536,17126120,152536,New,"Dayan,Franck E","Dayan,Franck E (Primary PI) 1177; Rigon,Carlos Alberto Gonsiorkiewicz (Co-PI) 1177; Gaines,Todd A (Co-PI) 1177",Using Genetic and Chemical Technologies to Target Cytochrome P450 Reductase,1177-Agricultural Biology,1177,Agricultural Biology,Agricultural Sciences-Academic Units (E1),2022-06-01,2022,2022-12-31,FALSE,15,TDC,"Cotton, Inc.",,Domestic Commercial,,2022-06-29,2022,Funded,TRUE,21796.45,"Cotton, Inc.",Domestic Commercial,Direct sponsor reported; prime sponsor unavailable,FALSE,Industry,FALSE,FALSE
K000153059,17126074,153059,New,"Martin,Timothy","Martin,Timothy (Primary PI) 1170; Kremen,Amy E (Co-PI) 1170; Schulte,Darin K (Co-PI) 1499",NASA FARMS: Advancing the Operational Use of Satellite Data for Farm and Ranch Management Support (FARMS) in the United States through a User Driven and Consortium-Based Approach,1170-Soil + Crop Sciences,1170,Soil + Crop Sciences,Agricultural Sciences-Academic Units (E1),2022-10-01,2022,2027-09-30,FALSE,52,MTDC,California State University Monterey Bay,NASA-National Aeronautics and Space Administration,Other Domestic Higher Education,Federal,2022-06-29,2022,,FALSE,741111.45,NASA-National Aeronautics and Space Administration,Federal,Prime sponsor reported; direct sponsor is pass-through,TRUE,Federal,FALSE,FALSE
K000152943,17125919,152943,New,"Morris,Geoffrey Preston","Morris,Geoffrey Preston (Primary PI) 1170; Raymundo Carhuapoma,Rubi Maribel (Co-PI) 1170; Mason,Richard Esten (Co-PI) 1170",Drought Stress Tolerance Trait Discovery in Wheat,1170-Soil + Crop Sciences,1170,Soil + Crop Sciences,Agricultural Sciences-Academic Units (E1),2022-09-01,2022,2024-08-30,FALSE,0,No Indirect Cost Allowed,USDA-ARS-Agricultural Research Service,,Federal,,2022-06-28,2022,Funded,TRUE,200959.13,USDA-ARS-Agricultural Research Service,Federal,Direct sponsor reported; prime sponsor unavailable,FALSE,Federal,FALSE,FALSE
K000153098,17125915,153098,New,"Martin,Jennifer Nicole","Martin,Jennifer Nicole (Primary PI) 1171",State Inspection Feasibility Study,1171-Animal Sciences,1171,Animal Sciences,Agricultural Sciences-Academic Units (E1),2022-06-01,2022,2022-11-01,FALSE,10,TDC,Colorado Department of Agriculture,,State of Colorado,,2022-06-28,2022,Funded,TRUE,16999.54,Colorado Department of Agriculture,State of Colorado,Direct sponsor reported; prime sponsor unavailable,FALSE,State,FALSE,FALSE
K000152753,17125805,152753,New,"Wardle,Erik M","Wardle,Erik M (Primary PI) 1170; Bauder,Troy A (Co-PI) 3001",Training and Education for Agricultural Chemicals and Groundwater Protection - FY22,1170-Soil + Crop Sciences,1170,Soil + Crop Sciences,Agricultural Sciences-Academic Units (E1),2022-07-01,2022,2023-06-30,FALSE,1.54,TDC,Colorado Department of Agriculture,,State of Colorado,,2022-06-27,2022,Funded,TRUE,495007.84,Colorado Department of Agriculture,State of Colorado,Direct sponsor reported; prime sponsor unavailable,FALSE,State,FALSE,FALSE
K000152616,17125797,152616,New,"Speidel,Scott E","Speidel,Scott E (Primary PI) 1171; Thomas,Milton (Co-PI) 1171; Enns,Richard Mark (Co-PI) 1171",AI Institute: Artificial Intelligence Innovations for Sustainable Agricultural Production.,1171-Animal Sciences,1171,Animal Sciences,Agricultural Sciences-Academic Units (E1),2022-07-01,2022,2027-06-30,FALSE,52,MTDC,New Mexico State University,NSF-National Science Foundation,Other Domestic Higher Education,Federal,2022-06-27,2022,,FALSE,267607.66,NSF-National Science Foundation,Federal,Prime sponsor reported; direct sponsor is pass-through,TRUE,Federal,FALSE,FALSE
K000152425,17125787,152425,New,"Jablonski,Rebecca BR","Jablonski,Rebecca BR (Primary PI) 1172; Ritchie,Michele L (Co-PI) 4020; Kelly,Eugene F (Co-PI) 3001; Sullins,Martha J (Co-PI) 4010",Establishing Technical Assistance and Outreach Networks in Colorado to Support Underserved Farmers and Ranchers,1172-Agricultural + Resource Economics,1172,Agricultural + Resource Economics,Agricultural Sciences-Academic Units (E1),2022-09-01,2022,2027-08-31,FALSE,52,MTDC,USDA-NIFA-National Institute of Food and Agriculture,,Federal,,2022-06-27,2022,,FALSE,3499990.16,USDA-NIFA-National Institute of Food and Agriculture,Federal,Direct sponsor reported; prime sponsor unavailable,FALSE,Federal,TRUE,FALSE
K000152605,17125773,152605,New,"Ippolito,Jim","Ippolito,Jim (Primary PI) 1170; Hale,James W (Co-PI) 1784; Carolan,Michael S (Co-PI) 1784; Jacobsen,Jaime L (Co-PI) 1785; Young,Roy Brent (Co-PI) 4020; Beiermann,Jenny (Key Person) 4030; Tranel,Jeffrey E (Key Person) 4020",STAR Soil Health Program,1170-Soil + Crop Sciences,1170,Soil + Crop Sciences,Agricultural Sciences-Academic Units (E1),2022-04-15,2022,2025-12-31,FALSE,0,No Indirect Cost Allowed,Colorado Department of Agriculture,USDA-NRCS-Natural Resources Consvtn Srv,State of Colorado,Federal,2022-06-27,2022,Funded,TRUE,626763.67,USDA-NRCS-Natural Resources Consvtn Srv,Federal,Prime sponsor reported; direct sponsor is pass-through,FALSE,Federal,FALSE,FALSE
K000153021,17125012,153021,New,"Tembrock,Luke R","Tembrock,Luke R (Primary PI) 1177",Diagnostic Tools for Quarantine Significant Bean Beetles (Chrysomelidae: Bruchinae),1177-Agricultural Biology,1177,Agricultural Biology,Agricultural Sciences-Academic Units (E1),2022-09-20,2022,2023-09-19,FALSE,10,TDC,USDA-APHIS-Animal Plant Health Insp Srvc,,Federal,,2022-06-13,2022,Funded,TRUE,46772.06,USDA-APHIS-Animal Plant Health Insp Srvc,Federal,Direct sponsor reported; prime sponsor unavailable,FALSE,Federal,FALSE,FALSE
K000152833,17125002,152833,New,"Dillon,Jasmine Ashley","Dillon,Jasmine Ashley (Primary PI) 1171; Stackhouse-Lawson,Kimberly Rose (Co-PI) 1171",Towards Net-Zero Dairies: Optimizing Regional Approaches for U.S. Dairy Farms- Phase 1,1171-Animal Sciences,1171,Animal Sciences,Agricultural Sciences-Academic Units (E1),2022-06-01,2022,2022-12-31,FALSE,10,TDC,"Dairy Management, Inc.",,Domestic Non-Profit (other than Domestic Foundations),,2022-06-13,2022,Funded,TRUE,120100.95,"Dairy Management, Inc.",Domestic Non-Profit (other than Domestic Foundations),Direct sponsor reported; prime sponsor unavailable,FALSE,Foundation/nonprofit,FALSE,FALSE
K000153043,17124998,153043,Supplement/Additional Funding,"Morris,Geoffrey Preston","Morris,Geoffrey Preston (Primary PI) 1170",Plant Genetic Resources for Tropical Crop Collections,1170-Soil + Crop Sciences,1170,Soil + Crop Sciences,Agricultural Sciences-Academic Units (E1),2022-07-01,2022,2023-06-30,FALSE,0,No Indirect Cost Allowed,USDA-ARS-Agricultural Research Service,,Federal,,2022-06-13,2022,,FALSE,34999.37,USDA-ARS-Agricultural Research Service,Federal,Direct sponsor reported; prime sponsor unavailable,FALSE,Federal,FALSE,FALSE
K000152843,17124793,152843,New,"Jablonski,Kevin E","Jablonski,Kevin E (Primary PI) 1171; Courkamp,Jacob S (Co-PI) 1472",Rangeland Health Assessments for Livestock Allotments at Petrified Forest National Park,1171-Animal Sciences,1171,Animal Sciences,Agricultural Sciences-Academic Units (E1),2022-07-01,2022,2023-01-31,FALSE,17.5,TDC,DOI-NPS-National Park Service,,Federal,,2022-06-09,2022,Funded,TRUE,26335.72,DOI-NPS-National Park Service,Federal,Direct sponsor reported; prime sponsor unavailable,FALSE,Federal,FALSE,FALSE
K000152952,17124785,152952,New,"Tembrock,Luke R","Tembrock,Luke R (Primary PI) 1177; Zink,Frida Anna (Co-PI) 1177; Timm,Alicia Eva (Co-PI) 1177",Molecular Diagnostics Development and Screening,1177-Agricultural Biology,1177,Agricultural Biology,Agricultural Sciences-Academic Units (E1),2022-09-01,2022,2023-08-31,FALSE,10,TDC,USDA-APHIS-Animal Plant Health Insp Srvc,,Federal,,2022-06-09,2022,Funded,TRUE,261407.5,USDA-APHIS-Animal Plant Health Insp Srvc,Federal,Direct sponsor reported; prime sponsor unavailable,FALSE,Federal,FALSE,FALSE
K000152224,17124765,152224,New,"Stackhouse-Lawson,Kimberly Rose","Stackhouse-Lawson,Kimberly Rose (Primary PI) 1171; Edwards-Callaway,Lily Nowell (Co-PI) 1171; Taylor,Travis (Co-PI) 4020; Overlin,Anne (Co-PI) 4020; Sheehan,John Joseph (Co-PI) 1370; Jablonski,Kevin E (Co-PI) 1171; Thompson",Creating a Marketplace for Climate Smart Beef,1171-Animal Sciences,1171,Animal Sciences,Agricultural Sciences-Academic Units (E1),2023-01-01,2023,2027-12-31,FALSE,52,MTDC,Texas Tech University,USDA-NRCS-Natural Resources Consvtn Srv,Other Domestic Higher Education,Federal,2022-06-09,2022,,FALSE,18324818.48,USDA-NRCS-Natural Resources Consvtn Srv,Federal,Prime sponsor reported; direct sponsor is pass-through,TRUE,Federal,FALSE,FALSE
K000152810,17124757,152810,New,"Craver,Joshua Ken","Craver,Joshua Ken (Primary PI) 1173",Improving Vegetable Transplant Quality and Production Efficiency with Combined Lighting and Temperature Control Approaches,1173-Horticulture + Landscape Architecture,1173,Horticulture + Landscape Architecture,Agricultural Sciences-Academic Units (E1),2023-04-01,2023,2024-03-31,FALSE,0,No Indirect Cost Allowed,Texas A and M University,Horticultural Research Institute,Other Domestic Higher Education,Domestic Non-Profit (other than Domestic Foundations),2022-06-09,2022,,FALSE,12496.09,Horticultural Research Institute,Domestic Non-Profit (other than Domestic Foundations),Prime sponsor reported; direct sponsor is pass-through,TRUE,Foundation/nonprofit,FALSE,FALSE
K000152856,17124612,152856,New,"Narayanan Nair,Mahesh","Narayanan Nair,Mahesh (Primary PI) 1171; Geornaras,Ifigenia (Key Person) 1171","Studies to Evaluate the Antimicrobial Effects of EVOQ Nano's Silver Nanoparticle Product, and its Effects on the Color and Microbial Shelf-Life of Beef",1171-Animal Sciences,1171,Animal Sciences,Agricultural Sciences-Academic Units (E1),2022-07-15,2022,2023-03-15,FALSE,52,MTDC,Evoq Nano,,Domestic Commercial,,2022-06-07,2022,Funded,TRUE,111668.48,Evoq Nano,Domestic Commercial,Direct sponsor reported; prime sponsor unavailable,FALSE,Industry,FALSE,FALSE
K000152242,17124606,152242,New,"Metcalf,Jessica Lynne","Metcalf,Jessica Lynne (Primary PI) 1171; Ben-Hur,Asa (Co-PI) 1873",Expanding and Validating Microbiome Database for Estimating the Postmortem Interval,1171-Animal Sciences,1171,Animal Sciences,Agricultural Sciences-Academic Units (E1),2023-01-01,2023,2024-12-31,FALSE,52,MTDC,DOJ-OJP-NIJ-National Inst. of Justice,,Federal,,2022-06-07,2022,Funded,TRUE,836010.89,DOJ-OJP-NIJ-National Inst. of Justice,Federal,Direct sponsor reported; prime sponsor unavailable,FALSE,Federal,FALSE,FALSE
K000152813,17124600,152813,New,"Pinedo,Pablo J","Pinedo,Pablo J (Primary PI) 1171; Metcalf,Jessica Lynne (Co-PI) 1171",Mitigating Enteric Greenhouse Gas Emissions with Dietary Seaweed from the South Pacific in Cattle,1171-Animal Sciences,1171,Animal Sciences,Agricultural Sciences-Academic Units (E1),2023-01-01,2023,2025-12-31,FALSE,52,MTDC,Texas Tech University,NSF-National Science Foundation,Other Domestic Higher Education,Federal,2022-06-07,2022,,FALSE,58991.14,NSF-National Science Foundation,Federal,Prime sponsor reported; direct sponsor is pass-through,TRUE,Federal,FALSE,FALSE
K000152706,17124596,152706,Supplement/Additional Funding,"Jahn,Courtney Elaine","Jahn,Courtney Elaine (Primary PI) 1177",IPA: Courtney Jahn: Program Director in the Plant Genome Research Project Program,1177-Agricultural Biology,1177,Agricultural Biology,Agricultural Sciences-Academic Units (E1),2022-06-07,2022,2023-06-06,FALSE,0,No Indirect Cost Allowed,NSF-National Science Foundation,,Federal,,2022-06-07,2022,Funded,TRUE,150083.25,NSF-National Science Foundation,Federal,Direct sponsor reported; prime sponsor unavailable,FALSE,Federal,FALSE,FALSE
K000152745,17124438,152745,New,"Brummer,Joe E","Brummer,Joe E (Primary PI) 1170","Alfalfa-Grass Systems and Irrigation Strategies for Improving Productivity, Stand Persistence, Profitability, and Soil Health in the West",1170-Soil + Crop Sciences,1170,Soil + Crop Sciences,Agricultural Sciences-Academic Units (E1),2022-10-01,2022,2025-09-30,FALSE,42.85,TDC,University of Idaho,USDA-NIFA-National Institute of Food and Agriculture,Other Domestic Higher Education,Federal,2022-06-03,2022,,FALSE,213153.8,USDA-NIFA-National Institute of Food and Agriculture,Federal,Prime sponsor reported; direct sponsor is pass-through,TRUE,Federal,FALSE,FALSE
K000152770,17124434,152770,New,"Brislen,Lilian","Brislen,Lilian (Primary PI) 1172",Collaborative Models and Standardizing Metrics for Local Purchasing among Rural Institutions Project (CMSM Project),1172-Agricultural + Resource Economics,1172,Agricultural + Resource Economics,Agricultural Sciences-Academic Units (E1),2022-10-01,2022,2025-09-30,FALSE,34,MTDC,Nourish Colorado,USDA-AMS-Agricultural Marketing Service,Domestic Non-Profit (other than Domestic Foundations),Federal,2022-06-03,2022,Funded,TRUE,84980.99,USDA-AMS-Agricultural Marketing Service,Federal,Prime sponsor reported; direct sponsor is pass-through,FALSE,Federal,TRUE,FALSE
K000152644,17124426,152644,New,"Wrighton,Kelly Catherine","Wrighton,Kelly Catherine (Primary PI) 1170",Towards Virus Therapy of a Climate-Critical Ecosystem,1170-Soil + Crop Sciences,1170,Soil + Crop Sciences,Agricultural Sciences-Academic Units (E1),2022-09-01,2022,2024-08-31,FALSE,10,TDC,The Ohio State University,,Other Domestic Higher Education,,2022-06-03,2022,Funded,TRUE,200000,The Ohio State University,Other Domestic Higher Education,Direct sponsor reported; prime sponsor unavailable,FALSE,Other,FALSE,FALSE
K000152767,17124422,152767,New,"Ode,Paul James","Ode,Paul James (Primary PI) 1177",Predicting Success of Biological Control of Weeds by Geographic Mapping of Release Sites,1177-Agricultural Biology,1177,Agricultural Biology,Agricultural Sciences-Academic Units (E1),2022-08-15,2022,2023-08-14,FALSE,17.5,TDC,DOI-USGS-Geological Survey,,Federal,,2022-06-03,2022,Funded,TRUE,49000.31,DOI-USGS-Geological Survey,Federal,Direct sponsor reported; prime sponsor unavailable,FALSE,Federal,FALSE,FALSE
K000152807,17124319,152807,New,"Fulladolsa Palma,Ana Cristina","Fulladolsa Palma,Ana Cristina (Primary PI) 1177",Great Plains Diagnostic Network - Colorado State University Plant Diagnostic Clinic 2022-2026,1177-Agricultural Biology,1177,Agricultural Biology,Agricultural Sciences-Academic Units (E1),2022-09-01,2022,2026-08-31,FALSE,10,TDC,Kansas State University,USDA-NIFA-National Institute of Food and Agriculture,Other Domestic Higher Education,Federal,2022-06-01,2022,Funded,TRUE,119993.75,USDA-NIFA-National Institute of Food and Agriculture,Federal,Prime sponsor reported; direct sponsor is pass-through,TRUE,Federal,FALSE,FALSE
K000150893,17124315,150893,New,"Daurio,Daniel Adam","Daurio,Daniel Adam (Primary PI) 1171",CSU Student Right Horse Training Program,1171-Animal Sciences,1171,Animal Sciences,Agricultural Sciences-Academic Units (E1),2022-04-29,2022,2023-04-30,FALSE,15,TDC,American Society for Prevention of Cruelty to Animals,,Domestic Non-Profit (other than Domestic Foundations),,2022-06-01,2022,Funded,TRUE,71299.89,American Society for Prevention of Cruelty to Animals,Domestic Non-Profit (other than Domestic Foundations),Direct sponsor reported; prime sponsor unavailable,FALSE,Foundation/nonprofit,FALSE,FALSE
K000152206,17124307,152206,New,"Narayanan Nair,Mahesh","Narayanan Nair,Mahesh (Primary PI) 1171; Rhoades,Ryan Douglas (Co-PI) 1171; Morgan,James Brad (Co-PI) 1171",Enhancing the Competitiveness of the US Organic Beef,1171-Animal Sciences,1171,Animal Sciences,Agricultural Sciences-Academic Units (E1),2023-01-01,2023,2026-12-31,FALSE,42.85,TDC,Oklahoma State University,USDA-NIFA-National Institute of Food and Agriculture,Other Domestic Higher Education,Federal,2022-06-01,2022,,FALSE,649289.96,USDA-NIFA-National Institute of Food and Agriculture,Federal,Prime sponsor reported; direct sponsor is pass-through,TRUE,Federal,FALSE,FALSE
K000152427,17124291,152427,New,"Cramer,Mary Caitlin","Cramer,Mary Caitlin (Primary PI) 1171; Stallones,Lorann (Key Person) 1876; Edwards-Callaway,Lily Nowell (Key Person) 1171; Roman-Muniz,Ivette Noami (Key Person) 1171",Improving Human and Animal Wellbeing on Dairy Farms: A One Welfare Approach,1171-Animal Sciences,1171,Animal Sciences,Agricultural Sciences-Academic Units (E1),2022-09-01,2022,2025-08-31,FALSE,11.11,TDC,Foundation for Food & Agriculture Research,,Domestic Non-Profit (other than Domestic Foundations),,2022-06-01,2022,,FALSE,448095.19,Foundation for Food & Agriculture Research,Domestic Non-Profit (other than Domestic Foundations),Direct sponsor reported; prime sponsor unavailable,FALSE,Foundation/nonprofit,FALSE,FALSE
K000152716,17124287,152716,Supplement/Additional Funding,"Suter,Jordan","Suter,Jordan (Primary PI) 1172",Working with the Wildfire Research Team to Support Community Wildfire Resilience,1172-Agricultural + Resource Economics,1172,Agricultural + Resource Economics,Agricultural Sciences-Academic Units (E1),2023-01-01,2023,2023-07-31,FALSE,15,TDC,USDA-USFS-Rocky Mtn. Rsrch Station - CO,,Federal,,2022-06-01,2022,,FALSE,11998.79,USDA-USFS-Rocky Mtn. Rsrch Station - CO,Federal,Direct sponsor reported; prime sponsor unavailable,FALSE,Federal,TRUE,FALSE
K000151878,17124281,151878,New,"Uchanski,Mark E","Uchanski,Mark E (Primary PI) 1173; Davey,Jane (Co-PI) 1173","Specialty Crop Production Research, Technical Support, and Coordination for Colorado Growers: 2023",1173-Horticulture + Landscape Architecture,1173,Horticulture + Landscape Architecture,Agricultural Sciences-Academic Units (E1),2023-01-01,2023,2024-01-31,FALSE,0,No Indirect Cost Allowed,Colorado Department of Agriculture,USDA-AMS-Agricultural Marketing Service,State of Colorado,Federal,2022-06-01,2022,Funded,TRUE,90192.15,USDA-AMS-Agricultural Marketing Service,Federal,Prime sponsor reported; direct sponsor is pass-through,FALSE,Federal,FALSE,FALSE
K000151875,17124276,151875,New,"Minas,Ioannis","Minas,Ioannis (Primary PI) 1173; Sterle,David Gabriel (Key Person) 3046",Web-Based Peach Cold Hardiness Prediction Tool for Grower Frost Control Informed Decision-Making,1173-Horticulture + Landscape Architecture,1173,Horticulture + Landscape Architecture,Agricultural Sciences-Academic Units (E1),2023-01-01,2023,2024-11-15,FALSE,0,No Indirect Cost Allowed,Colorado Department of Agriculture,USDA-AMS-Agricultural Marketing Service,State of Colorado,Federal,2022-06-01,2022,Funded,TRUE,96854.31,USDA-AMS-Agricultural Marketing Service,Federal,Prime sponsor reported; direct sponsor is pass-through,FALSE,Federal,FALSE,FALSE
K000152730,17124262,152730,New,"Stackhouse-Lawson,Kimberly Rose","Stackhouse-Lawson,Kimberly Rose (Primary PI) 1171",Rabo Agrifinance Sustainability Scorecard Proposal,1171-Animal Sciences,1171,Animal Sciences,Agricultural Sciences-Academic Units (E1),2022-05-05,2022,2022-12-01,FALSE,34,MTDC,Rabo AgriFinance,,Domestic Commercial,,2022-06-01,2022,Funded,TRUE,27910.52,Rabo AgriFinance,Domestic Commercial,Direct sponsor reported; prime sponsor unavailable,FALSE,Industry,FALSE,FALSE
K000151709,17124240,151709,New,"Wardle,Erik M","Wardle,Erik M (Primary PI) 1170; Brown,Ansley Joseph (Co-PI) 1170",Nutrient Management on Irrigated Pastures,1170-Soil + Crop Sciences,1170,Soil + Crop Sciences,Agricultural Sciences-Academic Units (E1),2022-02-01,2022,2025-01-31,FALSE,34,MTDC,Colorado Ag Water Alliance,Colorado Department of Public Health and Environment,Domestic Non-Profit (other than Domestic Foundations),State of Colorado,2022-06-01,2022,Funded,TRUE,165746.78,Colorado Department of Public Health and Environment,State of Colorado,Prime sponsor reported; direct sponsor is pass-through,FALSE,State,FALSE,FALSE
K000152515,17123976,152515,New,"Nachappa,Punya","Nachappa,Punya (Primary PI) 1177; Khakhar,Arjun (Co-PI) 1878; McKay,John K (Co-PI) 1177",Examining the Adaptive Roles of Plant Defensive Chemistry on Pest Resistance in Cannabis Sativa,1177-Agricultural Biology,1177,Agricultural Biology,Agricultural Sciences-Academic Units (E1),2022-08-01,2022,2025-07-31,FALSE,15,MTDC,Colorado State University - Pueblo,,State of Colorado Higher Education,,2022-05-24,2022,Funded,TRUE,596637.38,Colorado State University - Pueblo,State of Colorado Higher Education,Direct sponsor reported; prime sponsor unavailable,FALSE,CSU/Internal,FALSE,FALSE
K000152516,17123966,152516,New,"Hill,Alexandra E","Hill,Alexandra E (Primary PI) 1172; Thilmany,Dawn D (Co-PI) 1172","The Eco Fruit Project: Enhancing Profitability, Market Access, and Sustainability for Long-Term Economic Viability of Mid-Sized Eastern Fruit Farms Through Transdisciplinary Research in Three High-Lev",1172-Agricultural + Resource Economics,1172,Agricultural + Resource Economics,Agricultural Sciences-Academic Units (E1),2022-10-01,2022,2026-09-30,FALSE,52,MTDC,Red Tomato,USDA-NIFA-National Institute of Food and Agriculture,Domestic Non-Profit (other than Domestic Foundations),Federal,2022-05-24,2022,,FALSE,498817.63,USDA-NIFA-National Institute of Food and Agriculture,Federal,Prime sponsor reported; direct sponsor is pass-through,FALSE,Federal,TRUE,FALSE
K000152243,17123952,152243,New,"Ippolito,Jim","Ippolito,Jim (Primary PI) 1170; Goldhamer,Daniel Arthur (Co-PI) 4010; Blecker,Steven (Co-PI) 3001; Hale,James W (Co-PI) 1784; Carolan,Michael S (Co-PI) 1784; Machmuller,Megan B (Co-PI) 1170",Colorado STAR Program: Statewide Expansion and Regional Program Development,1170-Soil + Crop Sciences,1170,Soil + Crop Sciences,Agricultural Sciences-Academic Units (E1),2023-01-01,2023,2026-12-31,FALSE,52,MTDC,Colorado Department of Agriculture,USDA-NRCS-Natural Resources Consvtn Srv,State of Colorado,Federal,2022-05-24,2022,Funded,TRUE,6859717.05,USDA-NRCS-Natural Resources Consvtn Srv,Federal,Prime sponsor reported; direct sponsor is pass-through,FALSE,Federal,FALSE,FALSE
K000152654,17123948,152654,Supplement/Additional Funding,"Tembrock,Luke R","Tembrock,Luke R (Primary PI) 1177",Molecular Research to Support the Asian Giant Hornet (AGH) Response,1177-Agricultural Biology,1177,Agricultural Biology,Agricultural Sciences-Academic Units (E1),2022-09-01,2022,2023-08-31,FALSE,10,TDC,USDA-APHIS-Animal Plant Health Insp Srvc,,Federal,,2022-05-24,2022,Funded,TRUE,69783.71,USDA-APHIS-Animal Plant Health Insp Srvc,Federal,Direct sponsor reported; prime sponsor unavailable,FALSE,Federal,FALSE,FALSE
K000152598,17123653,152598,New,"Nalam,Vamsi","Nalam,Vamsi (Primary PI) 1177",G4 Energy - Hemp as a CO2 Sequester,1177-Agricultural Biology,1177,Agricultural Biology,Agricultural Sciences-Academic Units (E1),2023-01-01,2023,2027-12-31,FALSE,52,MTDC,"G4 Energy, LLC",USDA-NRCS-Natural Resources Consvtn Srv,Domestic Commercial,Federal,2022-05-17,2022,,FALSE,1187547.29,USDA-NRCS-Natural Resources Consvtn Srv,Federal,Prime sponsor reported; direct sponsor is pass-through,FALSE,Federal,FALSE,FALSE
K000152597,17123645,152597,New,"Narayanan Nair,Mahesh","Narayanan Nair,Mahesh (Primary PI) 1171; Delmore,Robert J (Co-PI) 1171; Geornaras,Ifigenia (Co-PI) 1171",Improving Value for Frozen Beef Utilizing Dry Aging,1171-Animal Sciences,1171,Animal Sciences,Agricultural Sciences-Academic Units (E1),2022-08-01,2022,2023-10-31,FALSE,0,No Indirect Cost Allowed,National Cattlemens Beef Association,,Domestic Non-Profit (other than Domestic Foundations),,2022-05-17,2022,,FALSE,64458.75,National Cattlemens Beef Association,Domestic Non-Profit (other than Domestic Foundations),Direct sponsor reported; prime sponsor unavailable,FALSE,Foundation/nonprofit,FALSE,FALSE
K000152146,17123631,152146,New,"Zelikova,Tamara J","Zelikova,Tamara J (Primary PI) 1170; Zhang,Yao (Co-PI) 1499; Manning,Dale Thomas (Co-PI) 1172; Machmuller,Megan B (Co-PI) 1170; Paustian,Keith H (Co-PI) 1170; Cotrufo,Maria Francesca (Co-PI) 1170","Multi-Regional Pilots, Incentives and Markets for Climate-Smart Beef and Silvopasture in Support of GHG/Soil Health Investigation in United States Grazing Lands",1170-Soil + Crop Sciences,1170,Soil + Crop Sciences,Agricultural Sciences-Academic Units (E1),2022-10-01,2022,2027-09-30,FALSE,52,MTDC,Noble Research Institute,USDA-NRCS-Natural Resources Consvtn Srv,Domestic Non-Profit (other than Domestic Foundations),Federal,2022-05-17,2022,,FALSE,8145914.93,USDA-NRCS-Natural Resources Consvtn Srv,Federal,Prime sponsor reported; direct sponsor is pass-through,FALSE,Federal,FALSE,FALSE
K000151884,17123536,151884,New,"Wrighton,Kelly Catherine","Wrighton,Kelly Catherine (Primary PI) 1170; Borton,Mikayla Ann (Co-PI) 1170; Wilkins,Michael James (Co-PI) 1170",Decoding the Unifying Microbial Metabolic Controllers on Soil Carbon Cycling Across Freshwater Wetlands,1170-Soil + Crop Sciences,1170,Soil + Crop Sciences,Agricultural Sciences-Academic Units (E1),2022-10-01,2022,2025-09-30,FALSE,52,MTDC,DOE-US Department of Energy,,Federal,,2022-05-16,2022,Funded,TRUE,2844992.55,DOE-US Department of Energy,Federal,Direct sponsor reported; prime sponsor unavailable,FALSE,Federal,FALSE,FALSE
K000152699,17123532,152699,New,"Timm,Alicia Eva","Timm,Alicia Eva (Primary PI) 1177",Diagnostic Tools to Identify Exotic Tortricidae that Threaten U.S. Agriculture,1177-Agricultural Biology,1177,Agricultural Biology,Agricultural Sciences-Academic Units (E1),2022-09-01,2022,2023-08-31,FALSE,10,TDC,USDA-APHIS-Animal Plant Health Insp Srvc,,Federal,,2022-05-16,2022,Funded,TRUE,63674.8,USDA-APHIS-Animal Plant Health Insp Srvc,Federal,Direct sponsor reported; prime sponsor unavailable,FALSE,Federal,FALSE,FALSE
K000152433,17123528,152433,New,"Dayan,Franck E","Dayan,Franck E (Primary PI) 1177",Role of RTA2 Mutation in Imparting Herbicide Resistance in Rice,1177-Agricultural Biology,1177,Agricultural Biology,Agricultural Sciences-Academic Units (E1),2022-06-01,2022,2023-05-31,FALSE,52,MTDC,RiceTec,,Domestic Commercial,,2022-05-16,2022,Funded,TRUE,33739.67,RiceTec,Domestic Commercial,Direct sponsor reported; prime sponsor unavailable,FALSE,Industry,FALSE,FALSE
K000152705,17123387,152705,New,"McKay,John K","McKay,John K (Primary PI) 1177",Cost Share: Root Genetics in the Field to Understand Drought Adaptation,1177-Agricultural Biology,1177,Agricultural Biology,Agricultural Sciences-Academic Units (E1),2022-01-03,2022,2025-01-02,FALSE,0,No Indirect Cost Allowed,Colorado Higher Education Competitive Research Authority,,State of Colorado Higher Education,,2022-05-12,2022,Funded,TRUE,399983.9,Colorado Higher Education Competitive Research Authority,State of Colorado Higher Education,Direct sponsor reported; prime sponsor unavailable,FALSE,State,FALSE,FALSE
K000152544,17123363,152544,New,"Manning,Dale Thomas","Manning,Dale Thomas (Primary PI) 1172",Assessing access of Midwestern Farmers to the US Voluntary Soil Carbon Sequestration Market,1172-Agricultural + Resource Economics,1172,Agricultural + Resource Economics,Agricultural Sciences-Academic Units (E1),2022-07-01,2022,2024-06-30,FALSE,15,TDC,Environmental Defense Fund,,Domestic Non-Profit (other than Domestic Foundations),,2022-05-11,2022,Funded,TRUE,299962.77,Environmental Defense Fund,Domestic Non-Profit (other than Domestic Foundations),Direct sponsor reported; prime sponsor unavailable,FALSE,Foundation/nonprofit,TRUE,FALSE
K000152199,17123333,152199,New,"Zhang,Yao","Zhang,Yao (Primary PI) 1499; Cotrufo,Maria Francesca (Co-PI) 1170; Paustian,Keith H (Co-PI) 1170",Hawaii Climate Smart Commodities: A Portfolio Approach to Equitably Scaling the Agriculture Sector,1170-Soil + Crop Sciences,1170,Soil + Crop Sciences,Agricultural Sciences-Academic Units (E1),2022-09-30,2022,2027-09-29,FALSE,52,MTDC,Lynker Corporation,USDA-NRCS-Natural Resources Consvtn Srv,Domestic Commercial,Federal,2022-05-11,2022,Funded,TRUE,1318810.99,USDA-NRCS-Natural Resources Consvtn Srv,Federal,Prime sponsor reported; direct sponsor is pass-through,FALSE,Federal,FALSE,FALSE
K000152552,17123327,152552,New,"Paustian,Keith H","Paustian,Keith H (Primary PI) 1170; Manning,Dale Thomas (Co-PI) 1172",Incentivizing Climate Smart Commodities with a Robust MMRV Platform,1170-Soil + Crop Sciences,1170,Soil + Crop Sciences,Agricultural Sciences-Academic Units (E1),2022-10-01,2022,2027-09-30,FALSE,52,MTDC,North Carolina State University,USDA-NRCS-Natural Resources Consvtn Srv,Other Domestic Higher Education,Federal,2022-05-11,2022,,FALSE,1495664.63,USDA-NRCS-Natural Resources Consvtn Srv,Federal,Prime sponsor reported; direct sponsor is pass-through,TRUE,Federal,FALSE,FALSE
K000151846,17123315,151846,New,"Nachappa,Punya","Nachappa,Punya (Primary PI) 1177; Trivedi,Chanda (Co-PI) 3001; Uchanski,Mark E (Co-PI) 1173; Prenni,Jessica E (Co-PI) 1173; Szczepaniec,Adrianna (Co-PI) 1177",Building Resilient Pest Management Strategies for Organic Hemp Systems,1177-Agricultural Biology,1177,Agricultural Biology,Agricultural Sciences-Academic Units (E1),2023-01-01,2023,2025-12-31,FALSE,42.85,TDC,USDA-NIFA-National Institute of Food and Agriculture,,Federal,,2022-05-11,2022,Funded,TRUE,749998.48,USDA-NIFA-National Institute of Food and Agriculture,Federal,Direct sponsor reported; prime sponsor unavailable,FALSE,Federal,FALSE,FALSE
K000152557,17122994,152557,New,"Jones-Diamond,Sally Marie","Jones-Diamond,Sally Marie (Primary PI) 1170",CSU Corn Hybrid Performance Testing for 2022,1170-Soil + Crop Sciences,1170,Soil + Crop Sciences,Agricultural Sciences-Academic Units (E1),2022-05-01,2022,2023-04-30,FALSE,0,No Indirect Cost Allowed,Colorado Corn Administrative Committee,,Domestic Non-Profit (other than Domestic Foundations),,2022-05-06,2022,Funded,TRUE,5003.47,Colorado Corn Administrative Committee,Domestic Non-Profit (other than Domestic Foundations),Direct sponsor reported; prime sponsor unavailable,FALSE,Foundation/nonprofit,FALSE,FALSE
K000152495,17122871,152495,New,"Stewart,Jane E","Stewart,Jane E (Primary PI) 1177","Development of Novel Approaches to Address Complex Interactions Among Host Trees, Pathogens, Other Microorganisms, and Environmental Factors within Forest Ecosystems Under Changing Climates",1177-Agricultural Biology,1177,Agricultural Biology,Agricultural Sciences-Academic Units (E1),2022-07-01,2022,2025-06-30,FALSE,0,No Indirect Cost Allowed,USDA-USFS-Pacific NW Exp Statn,,Federal,,2022-05-02,2022,Funded,TRUE,39999.99,USDA-USFS-Pacific NW Exp Statn,Federal,Direct sponsor reported; prime sponsor unavailable,FALSE,Federal,FALSE,FALSE
K000152369,17122867,152369,New,"Uchanski,Mark E","Uchanski,Mark E (Primary PI) 1173",OSPREY: Organic Seed Production Research on Equipment and Yield,1173-Horticulture + Landscape Architecture,1173,Horticulture + Landscape Architecture,Agricultural Sciences-Academic Units (E1),2022-09-30,2022,2026-09-29,FALSE,42.85,TDC,Organic Seed Alliance,USDA-NIFA-National Institute of Food and Agriculture,Domestic Non-Profit (other than Domestic Foundations),Federal,2022-05-02,2022,,FALSE,156833.28,USDA-NIFA-National Institute of Food and Agriculture,Federal,Prime sponsor reported; direct sponsor is pass-through,FALSE,Federal,FALSE,FALSE
K000152563,17122863,152563,New,"Stackhouse-Lawson,Kimberly Rose","Stackhouse-Lawson,Kimberly Rose (Primary PI) 1171",A Retrospective and Current Life-Cycle Assessment of U. S. Wheat Production,1171-Animal Sciences,1171,Animal Sciences,Agricultural Sciences-Academic Units (E1),2022-08-01,2022,2023-07-31,FALSE,10,TDC,Texas A and M University,,Other Domestic Higher Education,,2022-05-02,2022,Funded,TRUE,68432.48,Texas A and M University,Other Domestic Higher Education,Direct sponsor reported; prime sponsor unavailable,FALSE,Other,FALSE,FALSE
K000152090,17122859,152090,New,"Thilmany,Dawn D","Thilmany,Dawn D (Primary PI) 1172",Cultivating Farmers and Ranachers That Thrive: An Innovative Model for Holistic Agri-Business Success in the High Desert West,1172-Agricultural + Resource Economics,1172,Agricultural + Resource Economics,Agricultural Sciences-Academic Units (E1),2021-09-01,2021,2024-08-31,FALSE,11.11,TDC,Valley Food Partnership,USDA-NIFA-National Institute of Food and Agriculture,Domestic Non-Profit (other than Domestic Foundations),Federal,2022-05-02,2022,Funded,TRUE,23802.25,USDA-NIFA-National Institute of Food and Agriculture,Federal,Prime sponsor reported; direct sponsor is pass-through,FALSE,Federal,TRUE,FALSE
K000152086,17122853,152086,New,"Zelikova,Tamara J","Zelikova,Tamara J (Primary PI) 1170; Paustian,Keith H (Co-PI) 1170",Carbon Removal and Reduction to Support Airport Net-zero Goals: A Playbook and Tools,1170-Soil + Crop Sciences,1170,Soil + Crop Sciences,Agricultural Sciences-Academic Units (E1),2022-04-01,2022,2023-03-31,FALSE,52,MTDC,"Mead & Hunt, Inc.","National Academies of Sciences, Engineering, and Medicine",Domestic Commercial,Domestic Non-Profit (other than Domestic Foundations),2022-05-02,2022,Funded,TRUE,73254.03,"National Academies of Sciences, Engineering, and Medicine",Domestic Non-Profit (other than Domestic Foundations),Prime sponsor reported; direct sponsor is pass-through,FALSE,Foundation/nonprofit,FALSE,FALSE
K000152578,17122849,152578,New,"Paustian,Keith H","Paustian,Keith H (Primary PI) 1170","Climate Beneficial Fiber: Building Accessible, Equitable, and Open Source Opportunities for New Climate Smart Cotton & Wool Markets",1170-Soil + Crop Sciences,1170,Soil + Crop Sciences,Agricultural Sciences-Academic Units (E1),2022-10-01,2022,2027-09-30,FALSE,52,MTDC,National Center for Appropriate Technology,,Domestic Non-Profit (other than Domestic Foundations),,2022-05-02,2022,Funded,TRUE,1042848.37,National Center for Appropriate Technology,Domestic Non-Profit (other than Domestic Foundations),Direct sponsor reported; prime sponsor unavailable,FALSE,Foundation/nonprofit,FALSE,FALSE
K000152528,17122633,152528,Supplement/Additional Funding,"Graff,Gregory D","Graff,Gregory D (Primary PI) 1172",Research Intergovernmental Personnel Agreement for Greg Graff,1172-Agricultural + Resource Economics,1172,Agricultural + Resource Economics,Agricultural Sciences-Academic Units (E1),2022-07-15,2022,2023-08-31,FALSE,0,No Indirect Cost Allowed,DOC-U.S. Patent and Trademark Office,,Federal,,2022-04-26,2022,,FALSE,38250.76,DOC-U.S. Patent and Trademark Office,Federal,Direct sponsor reported; prime sponsor unavailable,FALSE,Federal,TRUE,FALSE
K000152201,17122597,152201,New,"Peters,Brittany Caitlin","Peters,Brittany Caitlin (Primary PI) 1171",A Pilot Study of the Ascendigo Summer Adventures Camp,1171-Animal Sciences,1171,Animal Sciences,Agricultural Sciences-Academic Units (E1),2022-04-01,2022,2023-12-31,FALSE,0,No Indirect Cost Allowed,Ascendigo Autism Services,,Domestic Non-Profit (other than Domestic Foundations),,2022-04-25,2022,,FALSE,87955.42,Ascendigo Autism Services,Domestic Non-Profit (other than Domestic Foundations),Direct sponsor reported; prime sponsor unavailable,FALSE,Foundation/nonprofit,FALSE,FALSE
K000152459,17122381,152459,New,"Thilmany,Dawn D","Thilmany,Dawn D (Primary PI) 1172",CSU Contributions to Economic Work on the National Clean Plant Network (NCPN) Program,1172-Agricultural + Resource Economics,1172,Agricultural + Resource Economics,Agricultural Sciences-Academic Units (E1),2022-07-01,2022,2023-06-30,FALSE,17.64,TDC,Cornell University,USDA-APHIS-Animal Plant Health Insp Srvc,Other Domestic Higher Education,Federal,2022-04-18,2022,Funded,TRUE,37733.41,USDA-APHIS-Animal Plant Health Insp Srvc,Federal,Prime sponsor reported; direct sponsor is pass-through,TRUE,Federal,TRUE,FALSE
K000152308,17122372,152308,Supplement/Additional Funding,"Fonte,Steven John","Fonte,Steven John (Primary PI) 1170; Vanek,Steven John (Co-PI) 1170",Building and Assessing Soil Health in Smallholder Systems: Research and Engagement Across the CCRP Phase 2: Year 4,1170-Soil + Crop Sciences,1170,Soil + Crop Sciences,Agricultural Sciences-Academic Units (E1),2022-07-01,2022,2023-06-30,FALSE,10,TDC,McKnight Foundation,,Domestic Foundations,,2022-04-18,2022,Funded,TRUE,155237.99,McKnight Foundation,Domestic Foundations,Direct sponsor reported; prime sponsor unavailable,FALSE,Foundation/nonprofit,FALSE,FALSE
K000152066,17122368,152066,New,"Cleary,Rebecca Leigh Osborne","Cleary,Rebecca Leigh Osborne (Primary PI) 1172",Investigating the Causes and Consequences of Diet Quality Variation Across the Distribution,1172-Agricultural + Resource Economics,1172,Agricultural + Resource Economics,Agricultural Sciences-Academic Units (E1),2022-06-01,2022,2024-05-31,FALSE,0,No Indirect Cost Allowed,Pennsylvania State University,"University of California, Davis",Other Domestic Higher Education,Other Domestic Higher Education,2022-04-18,2022,,FALSE,35000,"University of California, Davis",Other Domestic Higher Education,Prime sponsor reported; direct sponsor is pass-through,TRUE,Other,TRUE,FALSE
K000152380,17122228,152380,New,"Ham,Jay M","Ham,Jay M (Primary PI) 1170",Cost Share: Monitoring Soil Moisture Using Belowground LoRa-Radio Attenuation: Towards Improved Irrigation Management,1170-Soil + Crop Sciences,1170,Soil + Crop Sciences,Agricultural Sciences-Academic Units (E1),2022-03-01,2022,2024-02-29,FALSE,8,TDC,CSURF-CSU Ventures,,Domestic Foundations,,2022-04-14,2022,Funded,TRUE,4320,CSURF-CSU Ventures,Domestic Foundations,Direct sponsor reported; prime sponsor unavailable,FALSE,Foundation/nonprofit,FALSE,FALSE
K000152368,17122224,152368,Supplement/Additional Funding,"Nalam,Vamsi","Nalam,Vamsi (Primary PI) 1177",Genomics-Assisted Disease Resistance Gene Mining of the Sugar Beet Wild Relative Beta Corolliflora,1177-Agricultural Biology,1177,Agricultural Biology,Agricultural Sciences-Academic Units (E1),2021-08-01,2021,2024-02-29,FALSE,0,No Indirect Cost Allowed,USDA-ARS-Agricultural Research Service,,Federal,,2022-04-14,2022,,FALSE,70001.03,USDA-ARS-Agricultural Research Service,Federal,Direct sponsor reported; prime sponsor unavailable,FALSE,Federal,FALSE,FALSE
K000152335,17122216,152335,Supplement/Additional Funding,"Thompson,Henry J","Thompson,Henry J (Primary PI) 1173",Mechanisms of Dry Bean Mediated Anti-Obesogenic Activity,1173-Horticulture + Landscape Architecture,1173,Horticulture + Landscape Architecture,Agricultural Sciences-Academic Units (E1),2018-10-01,2018,2023-08-30,FALSE,0,No Indirect Cost Allowed,USDA-ARS-Agricultural Research Service,,Federal,,2022-04-14,2022,Funded,TRUE,101981.07,USDA-ARS-Agricultural Research Service,Federal,Direct sponsor reported; prime sponsor unavailable,FALSE,Federal,FALSE,FALSE
K000152334,17122212,152334,Supplement/Additional Funding,"Thompson,Henry J","Thompson,Henry J (Primary PI) 1173","Comparative Analysis of Chickpea, Dry Pea, Lentil and Dry Bean for Human Health Traits",1173-Horticulture + Landscape Architecture,1173,Horticulture + Landscape Architecture,Agricultural Sciences-Academic Units (E1),2018-10-01,2018,2023-08-30,FALSE,0,No Indirect Cost Allowed,USDA-ARS-Agricultural Research Service,,Federal,,2022-04-14,2022,,FALSE,102207.13,USDA-ARS-Agricultural Research Service,Federal,Direct sponsor reported; prime sponsor unavailable,FALSE,Federal,FALSE,FALSE
K000152331,17122208,152331,New,"Prenni,Jessica E","Prenni,Jessica E (Primary PI) 1173",From the ground up: Designing Root Exudation in Sorghum to Regulate Soil Carbon Dynamics for Maximum Biomass Production in Marginal Soils,1173-Horticulture + Landscape Architecture,1173,Horticulture + Landscape Architecture,Agricultural Sciences-Academic Units (E1),2022-10-01,2022,2027-09-30,FALSE,52,MTDC,Clemson University,DOE-US Department of Energy,Other Domestic Higher Education,Federal,2022-04-14,2022,,FALSE,2483359.48,DOE-US Department of Energy,Federal,Prime sponsor reported; direct sponsor is pass-through,TRUE,Federal,FALSE,FALSE
K000152168,17122177,152168,New,"Ode,Paul James","Ode,Paul James (Primary PI) 1177",Russian Wheat Aphid Biological Control Work and Financial Plan,1177-Agricultural Biology,1177,Agricultural Biology,Agricultural Sciences-Academic Units (E1),2022-05-01,2022,2023-03-30,FALSE,10,TDC,USDA-ARS-Agricultural Research Service,,Federal,,2022-04-13,2022,Funded,TRUE,19102.72,USDA-ARS-Agricultural Research Service,Federal,Direct sponsor reported; prime sponsor unavailable,FALSE,Federal,FALSE,FALSE
K000152097,17122168,152097,New,"McKay,John K","McKay,John K (Primary PI) 1177; Khakhar,Arjun (Co-PI) 1878; Morris,Geoffrey Preston (Co-PI) 1170; Mullen,Jack Leonard (Key Person) 1177",Novel Systems Biology for Iterative Redesign of Sustainable Biofeedstock Sorghum,1177-Agricultural Biology,1177,Agricultural Biology,Agricultural Sciences-Academic Units (E1),2022-09-01,2022,2027-08-31,FALSE,52,MTDC,DOE-US Department of Energy,,Federal,,2022-04-13,2022,,FALSE,24996858.8,DOE-US Department of Energy,Federal,Direct sponsor reported; prime sponsor unavailable,FALSE,Federal,FALSE,FALSE
K000151456,17122156,151456,New,"Pinedo,Pablo J","Pinedo,Pablo J (Primary PI) 1171",Solutions for Controlling Mastitis and Improving Milk Quality in Organic Dairy Farms: An Integrated Approach,1171-Animal Sciences,1171,Animal Sciences,Agricultural Sciences-Academic Units (E1),2022-09-01,2022,2026-08-31,FALSE,8.89,TDC,USDA-NIFA-National Institute of Food and Agriculture,,Federal,,2022-04-13,2022,Funded,TRUE,2999947.02,USDA-NIFA-National Institute of Food and Agriculture,Federal,Direct sponsor reported; prime sponsor unavailable,FALSE,Federal,FALSE,FALSE
K000152332,17121999,152332,New,"Nachappa,Punya","Nachappa,Punya (Primary PI) 1177",Investigating Neonicotinoid Insecticide Resistance in Populations of Beet Leafhoppers,1177-Agricultural Biology,1177,Agricultural Biology,Agricultural Sciences-Academic Units (E1),2022-04-01,2022,2023-03-31,FALSE,0,No Indirect Cost Allowed,Snake River Sugarbeet Research and Seed Alliance,,Domestic Commercial,,2022-04-11,2022,Funded,TRUE,22715.13,Snake River Sugarbeet Research and Seed Alliance,Domestic Commercial,Direct sponsor reported; prime sponsor unavailable,FALSE,Industry,FALSE,FALSE
K000152255,17121987,152255,New,"Jablonski,Rebecca BR","Jablonski,Rebecca BR (Primary PI) 1172",Leveraging Networks of Food Policy Councils to Inform Metrics of Success,1172-Agricultural + Resource Economics,1172,Agricultural + Resource Economics,Agricultural Sciences-Academic Units (E1),2022-06-01,2022,2024-05-31,FALSE,10,TDC,The Ohio State University,USDA-AMS-Agricultural Marketing Service,Other Domestic Higher Education,Federal,2022-04-08,2022,Funded,TRUE,60170.9,USDA-AMS-Agricultural Marketing Service,Federal,Prime sponsor reported; direct sponsor is pass-through,TRUE,Federal,TRUE,FALSE
K000152178,17121953,152178,New,"Bigler,Elizabeth Jaed","Bigler,Elizabeth Jaed (Primary PI) 1171; Stinnett,Scott Charles (Key Person) 4020; Taylor,Travis (Key Person) 4020; Edwards-Callaway,Lily Nowell (Key Person) 1171; Ahola,Jason Kee (Key Person) 1171",High Plains Stockman School 2022,1171-Animal Sciences,1171,Animal Sciences,Agricultural Sciences-Academic Units (E1),2022-07-01,2022,2023-06-30,FALSE,0,MTDC,Colorado Beef Council,,Domestic Non-Profit (other than Domestic Foundations),,2022-04-08,2022,Funded,TRUE,5000,Colorado Beef Council,Domestic Non-Profit (other than Domestic Foundations),Direct sponsor reported; prime sponsor unavailable,FALSE,Foundation/nonprofit,FALSE,FALSE
K000152157,17121945,152157,New,"Wrighton,Kelly Catherine","Wrighton,Kelly Catherine (Primary PI) 1170",Gatekeepers of Arctic Carbon Loss: Landscape-Scale Metabolites-to-Ecosystems Profiling to Mechanistically Map Climate Feedbacks,1170-Soil + Crop Sciences,1170,Soil + Crop Sciences,Agricultural Sciences-Academic Units (E1),2022-10-01,2022,2025-09-30,FALSE,52,MTDC,University of Arizona,DOE-US Department of Energy,Other Domestic Higher Education,Federal,2022-04-08,2022,,FALSE,448138.32,DOE-US Department of Energy,Federal,Prime sponsor reported; direct sponsor is pass-through,TRUE,Federal,FALSE,FALSE
K000152156,17121764,152156,New,"Wrighton,Kelly Catherine","Wrighton,Kelly Catherine (Primary PI) 1170",Gatekeepers of Arctic Carbon Loss: Landscape-Scale Metabolites-to-Ecosystems Profiling to Mechanistically Map Climate Feedbacks,1170-Soil + Crop Sciences,1170,Soil + Crop Sciences,Agricultural Sciences-Academic Units (E1),2022-10-01,2022,2025-09-30,FALSE,52,MTDC,University of New Hampshire,DOE-US Department of Energy,Other Domestic Higher Education,Federal,2022-04-05,2022,Funded,TRUE,315600.93,DOE-US Department of Energy,Federal,Prime sponsor reported; direct sponsor is pass-through,TRUE,Federal,FALSE,FALSE
K000152176,17121586,152176,New,"Bigler,Elizabeth Jaed","Bigler,Elizabeth Jaed (Primary PI) 1171; Edwards-Callaway,Lily Nowell (Key Person) 1171; Ahola,Jason Kee (Key Person) 1171; Belk,Keith (Key Person) 1171",Colorado BQA Program Funding FY2022-2023,1171-Animal Sciences,1171,Animal Sciences,Agricultural Sciences-Academic Units (E1),2022-07-01,2022,2023-06-30,FALSE,0,No Indirect Cost Allowed,Colorado Beef Council,,Domestic Non-Profit (other than Domestic Foundations),,2022-03-30,2022,Funded,TRUE,60459.21,Colorado Beef Council,Domestic Non-Profit (other than Domestic Foundations),Direct sponsor reported; prime sponsor unavailable,FALSE,Foundation/nonprofit,FALSE,FALSE
K000152152,17121577,152152,New,"Stackhouse-Lawson,Kimberly Rose","Stackhouse-Lawson,Kimberly Rose (Primary PI) 1171; Archibeque,Shawn (Co-PI) 1171; Engle,Terry E (Co-PI) 1171; Thompson,Logan (Key Person) 1171",Enteric Methane Emissions and Nitrogen Balance of Steers Offered a Proprietary Saccharomyces Cerevisiae Fermentation Product Manufactured by Diamond V,1171-Animal Sciences,1171,Animal Sciences,Agricultural Sciences-Academic Units (E1),2022-04-01,2022,2022-12-15,FALSE,52,MTDC,"Diamond V Mills, Inc.",,Domestic Commercial,,2022-03-30,2022,Funded,TRUE,50210.2,"Diamond V Mills, Inc.",Domestic Commercial,Direct sponsor reported; prime sponsor unavailable,FALSE,Industry,FALSE,FALSE
K000152050,17121567,152050,New,"Enns,Richard Mark","Enns,Richard Mark (Primary PI) 1171; Thompson,Logan (Co-PI) 1171; Huffhines,Craig Prewitt (Key Person) 1171; Thomas,Milton (Key Person) 1171; Stackhouse-Lawson,Kimberly Rose (Key Person) 1171; Speidel,Scott E (Key Person) 1171","Evaluating the Genetic Components of Greenhouse Gas Emissions and Reactive Nitrogen Produced by Hereford Seedstock for Deriving Systems, Selection Tools, and Documented Trends to Achieving Carbon Neut",1171-Animal Sciences,1171,Animal Sciences,Agricultural Sciences-Academic Units (E1),2022-04-04,2022,2023-04-03,FALSE,0,No Indirect Cost Allowed,American Hereford Association,,Domestic Non-Profit (other than Domestic Foundations),,2022-03-30,2022,Funded,TRUE,46935.53,American Hereford Association,Domestic Non-Profit (other than Domestic Foundations),Direct sponsor reported; prime sponsor unavailable,FALSE,Foundation/nonprofit,FALSE,FALSE
K000152006,17121551,152006,Supplement/Additional Funding,"Jones-Diamond,Sally Marie","Jones-Diamond,Sally Marie (Primary PI) 1170","Crops Testing, 6 Varieties",1170-Soil + Crop Sciences,1170,Soil + Crop Sciences,Agricultural Sciences-Academic Units (E1),2022-01-01,2022,2022-12-31,FALSE,0,No Indirect Cost Allowed,Colorado Dry Bean Administration Committee,,Domestic Non-Profit (other than Domestic Foundations),,2022-03-30,2022,Funded,TRUE,10199.53,Colorado Dry Bean Administration Committee,Domestic Non-Profit (other than Domestic Foundations),Direct sponsor reported; prime sponsor unavailable,FALSE,Foundation/nonprofit,FALSE,FALSE
K000152005,17121547,152005,Supplement/Additional Funding,"Ogg,James Barry","Ogg,James Barry (Primary PI) 1170",Evaluation of CSUs and UNL Advanced Pinto Lines,1170-Soil + Crop Sciences,1170,Soil + Crop Sciences,Agricultural Sciences-Academic Units (E1),2022-01-01,2022,2022-12-31,FALSE,0,No Indirect Cost Allowed,Colorado Dry Bean Administration Committee,,Domestic Non-Profit (other than Domestic Foundations),,2022-03-30,2022,Funded,TRUE,7500.04,Colorado Dry Bean Administration Committee,Domestic Non-Profit (other than Domestic Foundations),Direct sponsor reported; prime sponsor unavailable,FALSE,Foundation/nonprofit,FALSE,FALSE
K000152002,17121543,152002,Supplement/Additional Funding,"Thompson,Henry J","Thompson,Henry J (Primary PI) 1173",Promoting Colorado Dry Beans,1173-Horticulture + Landscape Architecture,1173,Horticulture + Landscape Architecture,Agricultural Sciences-Academic Units (E1),2022-01-01,2022,2022-12-31,FALSE,0,No Indirect Cost Allowed,Colorado Dry Bean Administration Committee,,Domestic Non-Profit (other than Domestic Foundations),,2022-03-30,2022,Funded,TRUE,14999.5,Colorado Dry Bean Administration Committee,Domestic Non-Profit (other than Domestic Foundations),Direct sponsor reported; prime sponsor unavailable,FALSE,Foundation/nonprofit,FALSE,FALSE
K000151077,17121531,151077,Supplement/Additional Funding,"McKay,John K","McKay,John K (Primary PI) 1177; Cotrufo,Maria Francesca (Co-PI) 1170; Paustian,Keith H (Co-PI) 1170",Root Genetics in the Field to Understand Drought Adaptation and Carbon Sequestration,1177-Agricultural Biology,1177,Agricultural Biology,Agricultural Sciences-Academic Units (E1),2022-01-03,2022,2025-01-02,FALSE,52,MTDC,DOE-Advanced Research Projects Agency-Energy,,Federal,,2022-03-30,2022,,FALSE,1875000,DOE-Advanced Research Projects Agency-Energy,Federal,Direct sponsor reported; prime sponsor unavailable,FALSE,Federal,FALSE,FALSE
K000152261,17121314,152261,New,"Nalam,Vamsi","Nalam,Vamsi (Primary PI) 1177",Potato Tuber Necrotic Viruses: Isolate Characterization and Distribution,1177-Agricultural Biology,1177,Agricultural Biology,Agricultural Sciences-Academic Units (E1),2022-06-01,2022,2023-07-31,FALSE,0,No Indirect Cost Allowed,Colorado Potato Administrative Committee,,Domestic Non-Profit (other than Domestic Foundations),,2022-03-25,2022,Funded,TRUE,33329,Colorado Potato Administrative Committee,Domestic Non-Profit (other than Domestic Foundations),Direct sponsor reported; prime sponsor unavailable,FALSE,Foundation/nonprofit,FALSE,FALSE
K000152259,17121310,152259,New,"Nalam,Vamsi","Nalam,Vamsi (Primary PI) 1177",Synthetic Peptides as Potential Agrochemicals to Block PVY Transmission by Aphid Vectors,1177-Agricultural Biology,1177,Agricultural Biology,Agricultural Sciences-Academic Units (E1),2022-06-01,2022,2023-07-31,FALSE,0,No Indirect Cost Allowed,Colorado Potato Administrative Committee,,Domestic Non-Profit (other than Domestic Foundations),,2022-03-25,2022,,FALSE,31926.86,Colorado Potato Administrative Committee,Domestic Non-Profit (other than Domestic Foundations),Direct sponsor reported; prime sponsor unavailable,FALSE,Foundation/nonprofit,FALSE,FALSE
K000152137,17121304,152137,New,"Stackhouse-Lawson,Kimberly Rose","Stackhouse-Lawson,Kimberly Rose (Primary PI) 1171; Thompson,Logan (Co-PI) 1171",Assess the Impact of Implants and Tannin Supplement on Enteric Methane Emissions and Nitrogen Balance in Grazing Stocker Cattle,1171-Animal Sciences,1171,Animal Sciences,Agricultural Sciences-Academic Units (E1),2022-05-01,2022,2023-12-31,FALSE,52,MTDC,Merck Animal Health,,Domestic Commercial,,2022-03-25,2022,Funded,TRUE,106295.25,Merck Animal Health,Domestic Commercial,Direct sponsor reported; prime sponsor unavailable,FALSE,Industry,FALSE,FALSE
K000152089,17121081,152089,New,"Wilkins,Michael James","Wilkins,Michael James (Primary PI) 1170",Predicting Post-Fire N Cycling through Traits and Cross-Kingdom Interactions,1170-Soil + Crop Sciences,1170,Soil + Crop Sciences,Agricultural Sciences-Academic Units (E1),2022-07-01,2022,2025-06-30,FALSE,52,MTDC,"University of California, Riverside",DOE-US Department of Energy,Other Domestic Higher Education,Federal,2022-03-22,2022,Funded,TRUE,499294.9,DOE-US Department of Energy,Federal,Prime sponsor reported; direct sponsor is pass-through,TRUE,Federal,FALSE,FALSE
K000152076,17121070,152076,New,"Metcalf,Jessica Lynne","Metcalf,Jessica Lynne (Primary PI) 1171; Cramer,Mary Caitlin (Co-PI) 1171",Dairy Cattle as a Model for Studying the Chronobiology of Human Milk and its Microbiome,1171-Animal Sciences,1171,Animal Sciences,Agricultural Sciences-Academic Units (E1),2022-04-01,2022,2023-03-31,FALSE,0,No Indirect Cost Allowed,Canadian Institute for Advanced Research,,Foreign Non-Profit (other than Foreign Foundations),,2022-03-22,2022,Funded,TRUE,11237.53,Canadian Institute for Advanced Research,Foreign Non-Profit (other than Foreign Foundations),Direct sponsor reported; prime sponsor unavailable,FALSE,Foundation/nonprofit,FALSE,FALSE
K000152131,17120829,152131,New,"Minas,Ioannis","Minas,Ioannis (Primary PI) 1173",Cost Share: XLSOR: Accurate and Non-Destructive Sensor of Fruit Internal Quality and Maturity,1173-Horticulture + Landscape Architecture,1173,Horticulture + Landscape Architecture,Agricultural Sciences-Academic Units (E1),2022-03-01,2022,2024-02-29,FALSE,8,TDC,CSURF-CSU Ventures,,Domestic Foundations,,2022-03-16,2022,Funded,TRUE,50000.76,CSURF-CSU Ventures,Domestic Foundations,Direct sponsor reported; prime sponsor unavailable,FALSE,Foundation/nonprofit,FALSE,FALSE
K000152105,17120825,152105,New,"Trivedi,Pankaj","Trivedi,Pankaj (Primary PI) 1177",Effect of Management Practices on Soil Microbiome in Sugar Beet Agroecosystems and its Impact on Soil Health,1177-Agricultural Biology,1177,Agricultural Biology,Agricultural Sciences-Academic Units (E1),2022-03-01,2022,2023-02-28,FALSE,0,No Indirect Cost Allowed,Western Sugar Cooperative,,Domestic Commercial,,2022-03-16,2022,Funded,TRUE,15880.27,Western Sugar Cooperative,Domestic Commercial,Direct sponsor reported; prime sponsor unavailable,FALSE,Industry,FALSE,FALSE
K000152104,17120821,152104,New,"Trivedi,Pankaj","Trivedi,Pankaj (Primary PI) 1177",Impact of Herbicide Application on the Structure and Function of Soil Microbiome,1177-Agricultural Biology,1177,Agricultural Biology,Agricultural Sciences-Academic Units (E1),2022-03-01,2022,2023-02-28,FALSE,0,No Indirect Cost Allowed,Western Sugar Cooperative,,Domestic Commercial,,2022-03-16,2022,Funded,TRUE,19219.78,Western Sugar Cooperative,Domestic Commercial,Direct sponsor reported; prime sponsor unavailable,FALSE,Industry,FALSE,FALSE
K000151959,17120815,151959,New,"Nachappa,Punya","Nachappa,Punya (Primary PI) 1177; MacWilliams,Jacob Robert (Co-PI) 1177","Old Virus, New Host: Epidemiology and Management of Beet Curly Top Virus, An Emerging Vector Borne Virus of Hemp in Western U.S.",1177-Agricultural Biology,1177,Agricultural Biology,Agricultural Sciences-Academic Units (E1),2022-07-01,2022,2024-06-30,FALSE,18.64,TDC,USDA-NIFA-National Institute of Food and Agriculture,,Federal,,2022-03-16,2022,Funded,TRUE,324115.98,USDA-NIFA-National Institute of Food and Agriculture,Federal,Direct sponsor reported; prime sponsor unavailable,FALSE,Federal,FALSE,FALSE
K000151891,17120811,151891,New,"Jones-Diamond,Sally Marie","Jones-Diamond,Sally Marie (Primary PI) 1170",2022 Sorghum Research Activities,1170-Soil + Crop Sciences,1170,Soil + Crop Sciences,Agricultural Sciences-Academic Units (E1),2022-04-01,2022,2022-12-31,FALSE,0,No Indirect Cost Allowed,Colorado Sorghum Producers,,Domestic Non-Profit (other than Domestic Foundations),,2022-03-16,2022,Funded,TRUE,19449.91,Colorado Sorghum Producers,Domestic Non-Profit (other than Domestic Foundations),Direct sponsor reported; prime sponsor unavailable,FALSE,Foundation/nonprofit,FALSE,FALSE
K000151920,17120721,151920,New,"Stackhouse-Lawson,Kimberly Rose","Stackhouse-Lawson,Kimberly Rose (Primary PI) 1171; Kutz,Mesa Bryann (Co-PI) 1171",Mesa Kutz: How Implants and Tannin Supplement Impacts Methane Emissions and Nitrogen Balance of Stocker Cattle,1171-Animal Sciences,1171,Animal Sciences,Agricultural Sciences-Academic Units (E1),2022-08-01,2022,2023-08-31,FALSE,10,TDC,Montana State University,,Other Domestic Higher Education,,2022-03-14,2022,,FALSE,28472.4,Montana State University,Other Domestic Higher Education,Direct sponsor reported; prime sponsor unavailable,FALSE,Other,FALSE,FALSE
K000151935,17120710,151935,New,"Rhoades,Ryan Douglas","Rhoades,Ryan Douglas (Primary PI) 1171; Mcquagge,Matthew R (Key Person) 1171",Matthew McQuagge: Enhancing Ranch Management and Financial Analysis on Western Ranches,1171-Animal Sciences,1171,Animal Sciences,Agricultural Sciences-Academic Units (E1),2022-08-01,2022,2023-07-31,FALSE,10,TDC,Montana State University,USDA-NIFA-National Institute of Food and Agriculture,Other Domestic Higher Education,Federal,2022-03-14,2022,,FALSE,29687.26,USDA-NIFA-National Institute of Food and Agriculture,Federal,Prime sponsor reported; direct sponsor is pass-through,TRUE,Federal,FALSE,FALSE
K000152088,17120632,152088,New,"Ippolito,Jim","Ippolito,Jim (Primary PI) 1170; Machmuller,Megan B (Co-PI) 1170",Colorado Soil Health Program,1170-Soil + Crop Sciences,1170,Soil + Crop Sciences,Agricultural Sciences-Academic Units (E1),2022-01-01,2022,2024-12-31,FALSE,10,TDC,Colorado Department of Agriculture,National Fish and Wildlife Foundation,State of Colorado,Domestic Foundations,2022-03-11,2022,Funded,TRUE,172699.39,National Fish and Wildlife Foundation,Domestic Foundations,Prime sponsor reported; direct sponsor is pass-through,FALSE,Foundation/nonprofit,FALSE,FALSE
K000152061,17120368,152061,Continuation,"King,Alison Elinor","King,Alison Elinor (Primary PI) 1170",Investigating the Roles for Mineral,1170-Soil + Crop Sciences,1170,Soil + Crop Sciences,Agricultural Sciences-Academic Units (E1),2022-02-01,2022,2022-07-31,FALSE,42.85,TDC,USDA-NIFA-National Institute of Food and Agriculture,,Federal,,2022-03-08,2022,Funded,TRUE,56751,USDA-NIFA-National Institute of Food and Agriculture,Federal,Direct sponsor reported; prime sponsor unavailable,FALSE,Federal,FALSE,FALSE
K000151918,17120362,151918,New,"Stackhouse-Lawson,Kimberly Rose","Stackhouse-Lawson,Kimberly Rose (Primary PI) 1171; Clark,Samantha Maye (Co-PI) 1171",Samantha Clark: A Sustainable Practices Survey of Colorado Dairy Producers and Subsequent Development of Resource Portfolios,1171-Animal Sciences,1171,Animal Sciences,Agricultural Sciences-Academic Units (E1),2022-08-01,2022,2023-08-31,FALSE,10,TDC,Montana State University,,Other Domestic Higher Education,,2022-03-08,2022,,FALSE,29970.46,Montana State University,Other Domestic Higher Education,Direct sponsor reported; prime sponsor unavailable,FALSE,Other,FALSE,FALSE
K000151782,17120357,151782,New,"Martell,Kristen Wheeler","Martell,Kristen Wheeler (Primary PI) 1171; Daurio,Daniel Adam (Key Person) 1171",Rescue Horse Program at CSU,1171-Animal Sciences,1171,Animal Sciences,Agricultural Sciences-Academic Units (E1),2021-12-24,2021,2022-12-31,FALSE,15,TDC,American Society for Prevention of Cruelty to Animals,,Domestic Non-Profit (other than Domestic Foundations),,2022-03-08,2022,Funded,TRUE,48999.78,American Society for Prevention of Cruelty to Animals,Domestic Non-Profit (other than Domestic Foundations),Direct sponsor reported; prime sponsor unavailable,FALSE,Foundation/nonprofit,FALSE,FALSE
K000151957,17120209,151957,New,"Szczepaniec,Adrianna","Szczepaniec,Adrianna (Primary PI) 1177; Nachappa,Punya (Co-PI) 1177","Priming, Predators, and Soft Pesticides: Optimizing IPM Tactics for Mite Pests in Organic Hemp Production",1177-Agricultural Biology,1177,Agricultural Biology,Agricultural Sciences-Academic Units (E1),2022-09-01,2022,2024-08-31,FALSE,42.85,TDC,USDA-NIFA-National Institute of Food and Agriculture,,Federal,,2022-03-07,2022,,FALSE,199430.08,USDA-NIFA-National Institute of Food and Agriculture,Federal,Direct sponsor reported; prime sponsor unavailable,FALSE,Federal,FALSE,FALSE
K000152008,17120205,152008,Supplement/Additional Funding,"Paustian,Keith H","Paustian,Keith H (Primary PI) 1170",Soil C Impacts of Cheatgrass Remediation and Grassland Restoration,1170-Soil + Crop Sciences,1170,Soil + Crop Sciences,Agricultural Sciences-Academic Units (E1),2021-11-01,2021,2022-10-31,FALSE,34,MTDC,"Bayer Research and Development Services, LLC",,Domestic Commercial,,2022-03-07,2022,,FALSE,100000.07,"Bayer Research and Development Services, LLC",Domestic Commercial,Direct sponsor reported; prime sponsor unavailable,FALSE,Industry,FALSE,FALSE
K000151985,17120198,151985,New,"Nachappa,Punya","Nachappa,Punya (Primary PI) 1177",Disrupting BCTV Transmission by Targeting the Molecular Interaction between the Virus and its Insect Vector,1177-Agricultural Biology,1177,Agricultural Biology,Agricultural Sciences-Academic Units (E1),2022-03-01,2022,2023-02-28,FALSE,0,No Indirect Cost Allowed,Western Sugar Cooperative,,Domestic Commercial,,2022-03-07,2022,Funded,TRUE,14200.24,Western Sugar Cooperative,Domestic Commercial,Direct sponsor reported; prime sponsor unavailable,FALSE,Industry,FALSE,FALSE
K000151944,17120188,151944,New,"Zhang,Yao","Zhang,Yao (Primary PI) 1499; Cotrufo,Maria Francesca (Co-PI) 1170",Developing the MEMS Ecosystem Model to Represent Soil C and N Stocks and Greenhouse Gas Emissions in Grasslands and Croplands Under Common Conventional and Regenerative Management Practices,1170-Soil + Crop Sciences,1170,Soil + Crop Sciences,Agricultural Sciences-Academic Units (E1),2022-08-15,2022,2025-08-14,FALSE,52,MTDC,Shell Oil Company,,Domestic Commercial,,2022-03-07,2022,,FALSE,1001172.63,Shell Oil Company,Domestic Commercial,Direct sponsor reported; prime sponsor unavailable,FALSE,Industry,FALSE,FALSE
K000151921,17120182,151921,New,"Stackhouse-Lawson,Kimberly Rose","Stackhouse-Lawson,Kimberly Rose (Primary PI) 1171; Schilling,Ashley K (Co-PI) 1171",Ashley Schilling: Impact of Genetics and Grazing Management on Enteric Methane Emissions and Performance,1171-Animal Sciences,1171,Animal Sciences,Agricultural Sciences-Academic Units (E1),2022-08-01,2022,2023-09-30,FALSE,10,TDC,Montana State University,,Other Domestic Higher Education,,2022-03-07,2022,Funded,TRUE,29485,Montana State University,Other Domestic Higher Education,Direct sponsor reported; prime sponsor unavailable,FALSE,Other,FALSE,FALSE
K000151822,17119841,151822,New,"Engle,Terry E","Engle,Terry E (Primary PI) 1171; Edwards-Callaway,Lily Nowell (Co-PI) 1171",Investigating Mineral and Vitamin Requirements for Bison,1171-Animal Sciences,1171,Animal Sciences,Agricultural Sciences-Academic Units (E1),2022-07-01,2022,2024-06-30,FALSE,0,No Indirect Cost Allowed,South Dakota State University,National Buffalo Foundation,Other Domestic Higher Education,Domestic Foundations,2022-02-28,2022,Funded,TRUE,136429.41,National Buffalo Foundation,Domestic Foundations,Prime sponsor reported; direct sponsor is pass-through,TRUE,Foundation/nonprofit,FALSE,FALSE
K000151638,17119754,151638,New,"Wilkins,Michael James","Wilkins,Michael James (Primary PI) 1170; Hart,Sarah Jane (Co-PI) 1472; Covino,Timothy P (Co-PI) 1476; Borch,Thomas (Co-PI) 1170",Ecohydrologic Feedbacks Controlling Watershed Responses to High Elevation Wildfire in the Western US,1170-Soil + Crop Sciences,1170,Soil + Crop Sciences,Agricultural Sciences-Academic Units (E1),2022-09-01,2022,2025-08-31,FALSE,52,MTDC,DOE-US Department of Energy,,Federal,,2022-02-24,2022,,FALSE,840000.74,DOE-US Department of Energy,Federal,Direct sponsor reported; prime sponsor unavailable,FALSE,Federal,FALSE,FALSE
K000151651,17119663,151651,New,"Wardle,Erik M","Wardle,Erik M (Primary PI) 1170; Welch,Christina N (Co-PI) 1170; Deleon,Emmanuel (Co-PI) 1170; Brown,Ansley Joseph (Co-PI) 1170",Scalable Monitoring of Sugar Beet Storage Piles with Low-Cost Internet of Things (IoT) Temperature Sensor and Comparison of Existing Sensors,1170-Soil + Crop Sciences,1170,Soil + Crop Sciences,Agricultural Sciences-Academic Units (E1),2022-02-15,2022,2023-02-14,FALSE,0,No Indirect Cost Allowed,Western Sugar Cooperative,,Domestic Commercial,,2022-02-21,2022,Funded,TRUE,10352.93,Western Sugar Cooperative,Domestic Commercial,Direct sponsor reported; prime sponsor unavailable,FALSE,Industry,FALSE,FALSE
K000151672,17119653,151672,Resubmission,"McKay,John K","McKay,John K (Primary PI) 1177; Mullen,Jack Leonard (Co-PI) 1177",EDGE CMT: Genetic Basis of Plant Root Growth Traits and Their Response to Environment,1177-Agricultural Biology,1177,Agricultural Biology,Agricultural Sciences-Academic Units (E1),2023-01-01,2023,2025-12-31,FALSE,52,MTDC,NSF-National Science Foundation,,Federal,,2022-02-21,2022,Funded,TRUE,2605084.68,NSF-National Science Foundation,Federal,Direct sponsor reported; prime sponsor unavailable,FALSE,Federal,FALSE,FALSE
K000151845,17119193,151845,New,"Uchanski,Mark E","Uchanski,Mark E (Primary PI) 1173",Agrivoltaics: Evaluation of Rolling High Tunnels and Rolling Photovoltaic Systems within a Horticultural Food Crops System,1173-Horticulture + Landscape Architecture,1173,Horticulture + Landscape Architecture,Agricultural Sciences-Academic Units (E1),2022-06-27,2022,2023-06-26,FALSE,52,MTDC,"Sandbox Solar, LLC",DOE-US Department of Energy,Domestic Commercial,Federal,2022-02-09,2022,,FALSE,40523.6,DOE-US Department of Energy,Federal,Prime sponsor reported; direct sponsor is pass-through,FALSE,Federal,FALSE,FALSE
K000151729,17119181,151729,New,"Bigler,Elizabeth Jaed","Bigler,Elizabeth Jaed (Primary PI) 1171; Stinnett,Scott Charles (Key Person) 4020; Edwards-Callaway,Lily Nowell (Key Person) 1171; Ahola,Jason Kee (Key Person) 1171; Taylor,Travis (Key Person) 4020",2022 High Plains Stockmanship and Stewardship,1171-Animal Sciences,1171,Animal Sciences,Agricultural Sciences-Academic Units (E1),2022-02-15,2022,2022-12-31,FALSE,0,MTDC,National Cattlemens Beef Association,,Domestic Non-Profit (other than Domestic Foundations),,2022-02-09,2022,,FALSE,10000,National Cattlemens Beef Association,Domestic Non-Profit (other than Domestic Foundations),Direct sponsor reported; prime sponsor unavailable,FALSE,Foundation/nonprofit,FALSE,FALSE
K000151236,17119104,151236,New,"Jones-Diamond,Sally Marie","Jones-Diamond,Sally Marie (Primary PI) 1170; Schneekloth,Joel (Co-PI) 4020","Testing Dryland Cowpea Variety Performance and Irrigated Management Strategies at Akron, CO",1170-Soil + Crop Sciences,1170,Soil + Crop Sciences,Agricultural Sciences-Academic Units (E1),2022-05-01,2022,2023-04-30,FALSE,0,No Indirect Cost Allowed,Colorado Department of Agriculture,USDA-AMS-Agricultural Marketing Service,State of Colorado,Federal,2022-02-08,2022,Funded,TRUE,19815.92,USDA-AMS-Agricultural Marketing Service,Federal,Prime sponsor reported; direct sponsor is pass-through,FALSE,Federal,FALSE,FALSE
K000151794,17118623,151794,New,"Wardle,Erik M","Wardle,Erik M (Primary PI) 1170; Deleon,Emmanuel (Co-PI) 1170; Brown,Ansley Joseph (Co-PI) 1170",Establishing Pollinator Habitats in Vegetative Filter Strips: A Sustainable Opportunity for Colorado Corn Farmers,1170-Soil + Crop Sciences,1170,Soil + Crop Sciences,Agricultural Sciences-Academic Units (E1),2022-03-01,2022,2023-02-28,FALSE,0,No Indirect Cost Allowed,Colorado Corn Administrative Committee,,Domestic Non-Profit (other than Domestic Foundations),,2022-02-04,2022,Funded,TRUE,15276.45,Colorado Corn Administrative Committee,Domestic Non-Profit (other than Domestic Foundations),Direct sponsor reported; prime sponsor unavailable,FALSE,Foundation/nonprofit,FALSE,FALSE
K000151307,17118617,151307,New,"Gutierrez-Rodriguez,Eduardo","Gutierrez-Rodriguez,Eduardo (Primary PI) 1173; Patton,Toni (Co-PI) 1173",Determining the Microbial Risk Profiles of Onion Production Practices: A Quantitative Approach to Defining Food Safety Risks and Controls within Onion Practices,1173-Horticulture + Landscape Architecture,1173,Horticulture + Landscape Architecture,Agricultural Sciences-Academic Units (E1),2022-04-01,2022,2024-03-31,FALSE,0,No Indirect Cost Allowed,Colorado Department of Agriculture,USDA-AMS-Agricultural Marketing Service,State of Colorado,Federal,2022-02-04,2022,Funded,TRUE,124688.49,USDA-AMS-Agricultural Marketing Service,Federal,Prime sponsor reported; direct sponsor is pass-through,FALSE,Federal,FALSE,FALSE
K000151705,17118324,151705,New,"Zelikova,Tamara J","Zelikova,Tamara J (Primary PI) 1170; Machmuller,Megan B (Co-PI) 1170; Cotrufo,Maria Francesca (Co-PI) 1170","Guiding Methodologies for Soil Sampling, Processing and Analyses to Support Rigorous Soil Carbon Accounting",1170-Soil + Crop Sciences,1170,Soil + Crop Sciences,Agricultural Sciences-Academic Units (E1),2022-05-01,2022,2024-04-30,FALSE,15,TDC,Environmental Defense Fund,,Domestic Non-Profit (other than Domestic Foundations),,2022-01-31,2022,Funded,TRUE,299069.61,Environmental Defense Fund,Domestic Non-Profit (other than Domestic Foundations),Direct sponsor reported; prime sponsor unavailable,FALSE,Foundation/nonprofit,FALSE,FALSE
K000151658,17118198,151658,New,"Morris,Geoffrey Preston","Morris,Geoffrey Preston (Primary PI) 1170",Artemis : Advanced Phenotyping for Sorghum and Grain Legumes,1170-Soil + Crop Sciences,1170,Soil + Crop Sciences,Agricultural Sciences-Academic Units (E1),2022-07-01,2022,2024-06-30,FALSE,10,TDC,Bill and Melinda Gates Foundation,,Domestic Foundations,,2022-01-27,2022,,FALSE,249387.28,Bill and Melinda Gates Foundation,Domestic Foundations,Direct sponsor reported; prime sponsor unavailable,FALSE,Foundation/nonprofit,FALSE,FALSE
K000151716,17118167,151716,New,"Hill,Alexandra E","Hill,Alexandra E (Primary PI) 1172",Western Center for Agricultural Health and Safety - Project 5,1172-Agricultural + Resource Economics,1172,Agricultural + Resource Economics,Agricultural Sciences-Academic Units (E1),2022-10-01,2022,2027-09-30,FALSE,52,MTDC,"University of California, Davis",,Other Domestic Higher Education,,2022-01-26,2022,,FALSE,50000.7,"University of California, Davis",Other Domestic Higher Education,Direct sponsor reported; prime sponsor unavailable,FALSE,Other,TRUE,FALSE
K000151710,17118163,151710,New,"Bauerle,William L","Bauerle,William L (Primary PI) 1173",Enhancing Self-Sustainable Hop Production,1173-Horticulture + Landscape Architecture,1173,Horticulture + Landscape Architecture,Agricultural Sciences-Academic Units (E1),2022-06-01,2022,2024-09-15,FALSE,0,No Indirect Cost Allowed,Colorado Department of Agriculture,USDA-AMS-Agricultural Marketing Service,State of Colorado,Federal,2022-01-26,2022,Funded,TRUE,71843.13,USDA-AMS-Agricultural Marketing Service,Federal,Prime sponsor reported; direct sponsor is pass-through,FALSE,Federal,FALSE,FALSE
K000151714,17118159,151714,New,"Bousselot,Jennifer M","Bousselot,Jennifer M (Primary PI) 1173",Rooftop Agrivoltaics: Leafy Green Yield and Environmental Condition Characterization,1173-Horticulture + Landscape Architecture,1173,Horticulture + Landscape Architecture,Agricultural Sciences-Academic Units (E1),2022-04-01,2022,2024-09-29,FALSE,0,No Indirect Cost Allowed,Colorado Department of Agriculture,,State of Colorado,,2022-01-26,2022,Funded,TRUE,35888.01,Colorado Department of Agriculture,State of Colorado,Direct sponsor reported; prime sponsor unavailable,FALSE,State,FALSE,FALSE
K000151431,17118153,151431,New,"Hill,Rebecca Lynn","Hill,Rebecca Lynn (Primary PI) 1172; Fetsch,Robert J (Co-PI) 1570",Colorado AgrAbility Project,1172-Agricultural + Resource Economics,1172,Agricultural + Resource Economics,Agricultural Sciences-Academic Units (E1),2022-07-30,2022,2026-07-29,FALSE,0,No Indirect Cost Allowed,USDA-NIFA-National Institute of Food and Agriculture,,Federal,,2022-01-26,2022,Funded,TRUE,733863.85,USDA-NIFA-National Institute of Food and Agriculture,Federal,Direct sponsor reported; prime sponsor unavailable,FALSE,Federal,TRUE,FALSE
K000151702,17118141,151702,Supplement/Additional Funding,"Hufbauer,Ruth A","Hufbauer,Ruth A (Primary PI) 1177",Collaborative Research: BEE: Understanding Evolutionary Rescue REU Supplement,1177-Agricultural Biology,1177,Agricultural Biology,Agricultural Sciences-Academic Units (E1),2022-04-01,2022,2022-09-30,FALSE,52,MTDC,NSF-National Science Foundation,,Federal,,2022-01-26,2022,,FALSE,7034,NSF-National Science Foundation,Federal,Direct sponsor reported; prime sponsor unavailable,FALSE,Federal,FALSE,FALSE
K000151719,17118028,151719,New,"Ode,Paul James","Ode,Paul James (Primary PI) 1177; Hardin,Janet G (Co-PI) 1177",Responses of Annual Native Wildflowers and Native Pollinators to Indaziflam (Esplanade)-Treated Natural Areas Infested with Cheatgrass,1177-Agricultural Biology,1177,Agricultural Biology,Agricultural Sciences-Academic Units (E1),2022-07-01,2022,2023-06-30,FALSE,15,TDC,Boulder County Parks and Open Spaces,,State of Colorado Other Local Government,,2022-01-24,2022,,FALSE,9999.99,Boulder County Parks and Open Spaces,State of Colorado Other Local Government,Direct sponsor reported; prime sponsor unavailable,FALSE,State,FALSE,FALSE
K000151695,17118024,151695,New,"Thompson,Henry J","Thompson,Henry J (Primary PI) 1173",Using Dry Bean Agronomic Traits to Identify Nebraska Cultivars Having High Value in Maintaining Human Gut Health,1173-Horticulture + Landscape Architecture,1173,Horticulture + Landscape Architecture,Agricultural Sciences-Academic Units (E1),2022-03-01,2022,2023-02-28,FALSE,0,No Indirect Cost Allowed,Nebraska Dry Bean Commission,,Domestic Non-Profit (other than Domestic Foundations),,2022-01-24,2022,Funded,TRUE,18757.5,Nebraska Dry Bean Commission,Domestic Non-Profit (other than Domestic Foundations),Direct sponsor reported; prime sponsor unavailable,FALSE,Foundation/nonprofit,FALSE,FALSE
K000151690,17118020,151690,New,"Gaines,Todd A","Gaines,Todd A (Primary PI) 1177",Prelaunch Evaluation of Triple Stack Herbicide Resistance Efficacy for Sugar Beets in the Rocky Mountain West,1177-Agricultural Biology,1177,Agricultural Biology,Agricultural Sciences-Academic Units (E1),2022-03-01,2022,2023-02-28,FALSE,0,No Indirect Cost Allowed,Western Sugar Company,,Domestic Commercial,,2022-01-24,2022,Funded,TRUE,25000.37,Western Sugar Company,Domestic Commercial,Direct sponsor reported; prime sponsor unavailable,FALSE,Industry,FALSE,FALSE
K000151234,17117998,151234,New,"Jones-Diamond,Sally Marie","Jones-Diamond,Sally Marie (Primary PI) 1170",Testing Dry Edible Pinto Bean Variety Performance in Northeast Colorado,1170-Soil + Crop Sciences,1170,Soil + Crop Sciences,Agricultural Sciences-Academic Units (E1),2022-05-01,2022,2023-12-31,FALSE,0,No Indirect Cost Allowed,Colorado Department of Agriculture,USDA-AMS-Agricultural Marketing Service,State of Colorado,Federal,2022-01-24,2022,Funded,TRUE,37326.31,USDA-AMS-Agricultural Marketing Service,Federal,Prime sponsor reported; direct sponsor is pass-through,FALSE,Federal,FALSE,FALSE
K000151190,17117946,151190,New,"Stewart,Jane E","Stewart,Jane E (Primary PI) 1177",Assessing Canopy Sprays for Efficacy against Cytospora Canker,1177-Agricultural Biology,1177,Agricultural Biology,Agricultural Sciences-Academic Units (E1),2022-04-01,2022,2024-09-29,FALSE,0,No Indirect Cost Allowed,Colorado Department of Agriculture,USDA-AMS-Agricultural Marketing Service,State of Colorado,Federal,2022-01-24,2022,Funded,TRUE,117336.95,USDA-AMS-Agricultural Marketing Service,Federal,Prime sponsor reported; direct sponsor is pass-through,FALSE,Federal,FALSE,FALSE
K000151591,17117933,151591,New,"Paustian,Keith H","Paustian,Keith H (Primary PI) 1170; Zhang,Yao (Key Person) 1499",National Getting to Neutral Carbon,1170-Soil + Crop Sciences,1170,Soil + Crop Sciences,Agricultural Sciences-Academic Units (E1),2022-02-01,2022,2023-01-31,FALSE,34,MTDC,DOE-NNSA-Lawrence Livermore National Laboratory,,Federal,,2022-01-24,2022,Funded,TRUE,79925.34,DOE-NNSA-Lawrence Livermore National Laboratory,Federal,Direct sponsor reported; prime sponsor unavailable,FALSE,Federal,FALSE,FALSE
K000151671,17117839,151671,Supplement/Additional Funding,"Melzer,Susan E","Melzer,Susan E (Primary PI) 1170",MLRA Soil Survey Office Support 2021,1170-Soil + Crop Sciences,1170,Soil + Crop Sciences,Agricultural Sciences-Academic Units (E1),2021-01-01,2021,2022-08-31,FALSE,10,TDC,USDA-NRCS-Natural Resources Consvtn Srv,,Federal,,2022-01-20,2022,,FALSE,15000.32,USDA-NRCS-Natural Resources Consvtn Srv,Federal,Direct sponsor reported; prime sponsor unavailable,FALSE,Federal,FALSE,FALSE
K000151625,17117826,151625,Supplement/Additional Funding,"Dayan,Franck E","Dayan,Franck E (Primary PI) 1177",Novel Herbicide Resistance Wheat Project,1177-Agricultural Biology,1177,Agricultural Biology,Agricultural Sciences-Academic Units (E1),2021-07-01,2021,2022-06-30,FALSE,0,No Indirect Cost Allowed,Colorado Wheat Administrative Committee,,Domestic Non-Profit (other than Domestic Foundations),,2022-01-20,2022,,FALSE,20000,Colorado Wheat Administrative Committee,Domestic Non-Profit (other than Domestic Foundations),Direct sponsor reported; prime sponsor unavailable,FALSE,Foundation/nonprofit,FALSE,FALSE
K000151582,17117816,151582,New,"Prenni,Jessica E","Prenni,Jessica E (Primary PI) 1173",Periodic Table of Food Central Laboratory (PTFI),1173-Horticulture + Landscape Architecture,1173,Horticulture + Landscape Architecture,Agricultural Sciences-Academic Units (E1),2022-01-01,2022,2022-12-31,FALSE,10,TDC,American Heart Association,,Domestic Non-Profit (other than Domestic Foundations),,2022-01-20,2022,Funded,TRUE,155701.93,American Heart Association,Domestic Non-Profit (other than Domestic Foundations),Direct sponsor reported; prime sponsor unavailable,FALSE,Foundation/nonprofit,FALSE,FALSE
K000151556,17117808,151556,New,"Prenni,Jessica E","Prenni,Jessica E (Primary PI) 1173",MRI: Acquisition of an Ultrahigh Resolution Mass Spectrometry System to Enable Metaproteomics Experiments to Support Microbiome Research,1173-Horticulture + Landscape Architecture,1173,Horticulture + Landscape Architecture,Agricultural Sciences-Academic Units (E1),2022-01-01,2022,2022-12-31,FALSE,52,MTDC,Colorado Higher Education Competitive Research Authority,,State of Colorado Higher Education,,2022-01-20,2022,Funded,TRUE,136499.8,Colorado Higher Education Competitive Research Authority,State of Colorado Higher Education,Direct sponsor reported; prime sponsor unavailable,FALSE,State,FALSE,FALSE
K000151547,17117785,151547,New,"Narayanan Nair,Mahesh","Narayanan Nair,Mahesh (Primary PI) 1171; Edwards-Callaway,Lily Nowell (Co-PI) 1171; Morgan,James Brad (Co-PI) 1171",Evaluate the Effect of Pulsed Alternating Wavelengths System (PAWS) on Broiler Behavior and Performance,1171-Animal Sciences,1171,Animal Sciences,Agricultural Sciences-Academic Units (E1),2022-07-01,2022,2023-03-31,FALSE,15,TDC,U.S. Poultry and Egg Association,,Domestic Non-Profit (other than Domestic Foundations),,2022-01-20,2022,,FALSE,79961.8,U.S. Poultry and Egg Association,Domestic Non-Profit (other than Domestic Foundations),Direct sponsor reported; prime sponsor unavailable,FALSE,Foundation/nonprofit,FALSE,FALSE
K000151484,17117774,151484,New,"Cooke,Crystal Lee","Cooke,Crystal Lee (Primary PI) 1177","Collaborative Research: Digitization TCN: iDigBees Network, Towards Complete Digitization of US Bee Collections to Promote Ecological and Evolutionary Research in a Keystone Clade",1177-Agricultural Biology,1177,Agricultural Biology,Agricultural Sciences-Academic Units (E1),2022-07-01,2022,2026-06-30,FALSE,52,MTDC,NSF-National Science Foundation,,Federal,,2022-01-20,2022,Funded,TRUE,149729.6,NSF-National Science Foundation,Federal,Direct sponsor reported; prime sponsor unavailable,FALSE,Federal,FALSE,FALSE
K000150375,17117744,150375,New,"Morgan,James Brad","Morgan,James Brad (Primary PI) 1171",American Lamb Quality Audit and Assessment Project,1171-Animal Sciences,1171,Animal Sciences,Agricultural Sciences-Academic Units (E1),2021-12-01,2021,2022-08-31,FALSE,0,No Indirect Cost Allowed,American Lamb Board,,Domestic Non-Profit (other than Domestic Foundations),,2022-01-18,2022,Funded,TRUE,106500,American Lamb Board,Domestic Non-Profit (other than Domestic Foundations),Direct sponsor reported; prime sponsor unavailable,FALSE,Foundation/nonprofit,FALSE,FALSE
K000151623,17117558,151623,Supplement/Additional Funding,"Mason,Richard Esten","Mason,Richard Esten (Primary PI) 1170",Wheat Breeding Salary,1170-Soil + Crop Sciences,1170,Soil + Crop Sciences,Agricultural Sciences-Academic Units (E1),2021-07-01,2021,2022-06-30,FALSE,0,No Indirect Cost Allowed,Colorado Wheat Administrative Committee,,Domestic Non-Profit (other than Domestic Foundations),,2022-01-12,2022,,FALSE,140000,Colorado Wheat Administrative Committee,Domestic Non-Profit (other than Domestic Foundations),Direct sponsor reported; prime sponsor unavailable,FALSE,Foundation/nonprofit,FALSE,FALSE
K000151628,17117332,151628,Supplement/Additional Funding,"Hill,Rebecca Lynn","Hill,Rebecca Lynn (Primary PI) 1172",Economic Impacts of the Hemp Industry: Opportunities for Rural Development,1172-Agricultural + Resource Economics,1172,Agricultural + Resource Economics,Agricultural Sciences-Academic Units (E1),2020-05-01,2020,2023-04-30,FALSE,42.85,TDC,University of Vermont,USDA-NIFA-National Institute of Food and Agriculture,Other Domestic Higher Education,Federal,2022-01-05,2022,,FALSE,7478.2,USDA-NIFA-National Institute of Food and Agriculture,Federal,Prime sponsor reported; direct sponsor is pass-through,TRUE,Federal,TRUE,FALSE
K000151527,17116975,151527,New,"Blecker,Lisa Ann","Blecker,Lisa Ann (Primary PI) 1177",The Pesticide Regulatory Education Program (PREP) Network,1177-Agricultural Biology,1177,Agricultural Biology,Agricultural Sciences-Academic Units (E1),2021-09-01,2021,2024-09-30,FALSE,34,MTDC,EPA-Environmental Protection Agency,,Federal,,2021-12-29,2021,Funded,TRUE,2199472.36,EPA-Environmental Protection Agency,Federal,Direct sponsor reported; prime sponsor unavailable,FALSE,Federal,FALSE,FALSE
K000151489,17116971,151489,New,"Roberts,Robyn","Roberts,Robyn (Primary PI) 1177",A Course Scaffold for Integrating Science and Culture: Exploring Faculty Adaptations Across Disciplines and Institutions,1177-Agricultural Biology,1177,Agricultural Biology,Agricultural Sciences-Academic Units (E1),2022-07-01,2022,2025-06-30,FALSE,52,MTDC,Southern Illinois University Edwardsville,NSF-National Science Foundation,Other Domestic Higher Education,Federal,2021-12-29,2021,Funded,TRUE,57270.18,NSF-National Science Foundation,Federal,Prime sponsor reported; direct sponsor is pass-through,TRUE,Federal,FALSE,FALSE
K000151370,17116916,151370,New,"Wrighton,Kelly Catherine","Wrighton,Kelly Catherine (Primary PI) 1170",Cloud Based Containerized Platform for Complex Geodata Analytics,1170-Soil + Crop Sciences,1170,Soil + Crop Sciences,Agricultural Sciences-Academic Units (E1),2022-04-04,2022,2024-04-03,FALSE,52,MTDC,Subsurface Insights,DOE-US Department of Energy,Domestic Commercial,Federal,2021-12-29,2021,,FALSE,297740.52,DOE-US Department of Energy,Federal,Prime sponsor reported; direct sponsor is pass-through,FALSE,Federal,FALSE,FALSE
K000151496,17116754,151496,New,"Thompson,Henry J","Thompson,Henry J (Primary PI) 1173",Increasing Regular Consumption of Pulses: A Translational Approach to Reduce Chronic Disease Risk and Advance Grower Profitability,1173-Horticulture + Landscape Architecture,1173,Horticulture + Landscape Architecture,Agricultural Sciences-Academic Units (E1),2022-05-01,2022,2023-04-30,FALSE,0,No Indirect Cost Allowed,American Pulse Association,,Domestic Non-Profit (other than Domestic Foundations),,2021-12-27,2021,,FALSE,67607.11,American Pulse Association,Domestic Non-Profit (other than Domestic Foundations),Direct sponsor reported; prime sponsor unavailable,FALSE,Foundation/nonprofit,FALSE,FALSE
K000151434,17116748,151434,New,"Jones-Diamond,Sally Marie","Jones-Diamond,Sally Marie (Primary PI) 1170; Asfeld,Edward P (Co-PI) 1170",2021 Sorghum Research Activities,1170-Soil + Crop Sciences,1170,Soil + Crop Sciences,Agricultural Sciences-Academic Units (E1),2021-01-01,2021,2021-12-31,FALSE,0,No Indirect Cost Allowed,Colorado Sorghum Producers,,Domestic Non-Profit (other than Domestic Foundations),,2021-12-27,2021,Funded,TRUE,16100.09,Colorado Sorghum Producers,Domestic Non-Profit (other than Domestic Foundations),Direct sponsor reported; prime sponsor unavailable,FALSE,Foundation/nonprofit,FALSE,FALSE
K000151445,17116701,151445,New,"Heuberger,Adam L","Heuberger,Adam L (Primary PI) 1173; Joshi,Janak Raj (Co-PI) 1173; Charkowski,Amy Olymbia (Co-PI) 1177",Elucidating Interactions of Plant Protease Inhibitors and Bacterial Proteases That Mediate Virulence and Disease,1173-Horticulture + Landscape Architecture,1173,Horticulture + Landscape Architecture,Agricultural Sciences-Academic Units (E1),2022-07-01,2022,2025-06-30,FALSE,52,MTDC,NSF-National Science Foundation,,Federal,,2021-12-17,2021,,FALSE,935481.73,NSF-National Science Foundation,Federal,Direct sponsor reported; prime sponsor unavailable,FALSE,Federal,FALSE,FALSE
K000151194,17116683,151194,New,"Thilmany,Dawn D","Thilmany,Dawn D (Primary PI) 1172; Jablonski,Rebecca BR (Co-PI) 1172; Bauman,Allison Gunter (Co-PI) 1172",Development and Expansion of a State-Specific Economic Impact Calculator for Nutrition Incentive Projects,1172-Agricultural + Resource Economics,1172,Agricultural + Resource Economics,Agricultural Sciences-Academic Units (E1),2021-12-01,2021,2022-11-30,FALSE,52,MTDC,Gretchen Swanson Center for Nutrition,USDA-NIFA-National Institute of Food and Agriculture,Domestic Non-Profit (other than Domestic Foundations),Federal,2021-12-17,2021,Funded,TRUE,82431.17,USDA-NIFA-National Institute of Food and Agriculture,Federal,Prime sponsor reported; direct sponsor is pass-through,FALSE,Federal,TRUE,FALSE
K000150948,17116662,150948,New,"Peters,Brittany Caitlin","Peters,Brittany Caitlin (Primary PI) 1171; Aichele,Stephen (Co-PI) 1570; Schmid,Arlene (Co-PI) 1573; Hepburn,Susan (Co-PI) 1570",Preliminary Efficacy of Occupational Therapy Integrating horses on Self-Regulation in Youth with Autism Spectrum Disorder,1171-Animal Sciences,1171,Animal Sciences,Agricultural Sciences-Academic Units (E1),2022-08-01,2022,2024-07-31,FALSE,52,MTDC,HHS-NIH-Child Health and Human Develop,,Federal,,2021-12-17,2021,Funded,TRUE,425258.36,HHS-NIH-Child Health and Human Develop,Federal,Direct sponsor reported; prime sponsor unavailable,FALSE,Federal,FALSE,FALSE
K000150939,17116631,150939,New,"Pinedo,Pablo J","Pinedo,Pablo J (Primary PI) 1171; Zimmerle,Daniel J (Co-PI) 2026; Paustian,Keith H (Co-PI) 1170; Ippolito,Jim (Co-PI) 1170; Willson,Bryan D (Co-PI) 1374; Stackhouse-Lawson,Kimberly Rose (Co-PI) 1171; Robertson,Christopher Coo","Smart Farm: Optimizing Precision Data Access, Integration, and Translation into Improved Producer Decision Making",1171-Animal Sciences,1171,Animal Sciences,Agricultural Sciences-Academic Units (E1),2022-03-01,2022,2026-02-28,FALSE,42.85,TDC,USDA-NIFA-National Institute of Food and Agriculture,,Federal,,2021-12-17,2021,,FALSE,3930558.4,USDA-NIFA-National Institute of Food and Agriculture,Federal,Direct sponsor reported; prime sponsor unavailable,FALSE,Federal,FALSE,FALSE
K000151368,17116022,151368,New,"Charkowski,Amy Olymbia","Charkowski,Amy Olymbia (Primary PI) 1177; Zeng,Yuan (Co-PI) 1177",Identification of Soil Microbial Taxa Associated with the Suppression of the Soil-Borne Plasmodiophorid Pathogen Spongospora Subterranea in Colorado Potato Growing Regions,1177-Agricultural Biology,1177,Agricultural Biology,Agricultural Sciences-Academic Units (E1),2022-03-01,2022,2023-02-28,FALSE,42.85,TDC,"University of California, Davis",USDA-NIFA-National Institute of Food and Agriculture,Other Domestic Higher Education,Federal,2021-12-07,2021,,FALSE,42084.54,USDA-NIFA-National Institute of Food and Agriculture,Federal,Prime sponsor reported; direct sponsor is pass-through,TRUE,Federal,FALSE,FALSE
K000151429,17116016,151429,New,"Nachappa,Punya","Nachappa,Punya (Primary PI) 1177; MacWilliams,Jacob Robert (Co-PI) 1177",Developing IPM Strategies for Hemp in the West,1177-Agricultural Biology,1177,Agricultural Biology,Agricultural Sciences-Academic Units (E1),2022-03-01,2022,2023-02-28,FALSE,42.85,TDC,"University of California, Riverside",USDA-NIFA-National Institute of Food and Agriculture,Other Domestic Higher Education,Federal,2021-12-07,2021,,FALSE,24952.18,USDA-NIFA-National Institute of Food and Agriculture,Federal,Prime sponsor reported; direct sponsor is pass-through,TRUE,Federal,FALSE,FALSE
K000151364,17116010,151364,New,"Bigler,Elizabeth Jaed","Bigler,Elizabeth Jaed (Primary PI) 1171; Edwards-Callaway,Lily Nowell (Key Person) 1171; Ahola,Jason Kee (Key Person) 1171",Colorado Livestock Auction Market Cow and Bull Quality Audit - Incidence of Quality Defects in Market Beef and Dairy Cows and Bulls Sold through Major Livestock Auction Markets in Colorado,1171-Animal Sciences,1171,Animal Sciences,Agricultural Sciences-Academic Units (E1),2022-01-01,2022,2022-12-31,FALSE,0,No Indirect Cost Allowed,National Cattlemens Beef Association,,Domestic Non-Profit (other than Domestic Foundations),,2021-12-07,2021,Funded,TRUE,11930.4,National Cattlemens Beef Association,Domestic Non-Profit (other than Domestic Foundations),Direct sponsor reported; prime sponsor unavailable,FALSE,Foundation/nonprofit,FALSE,FALSE
K000151362,17116003,151362,New,"Paustian,Keith H","Paustian,Keith H (Primary PI) 1170",Assessing Impact of Regenerative Farming Practices on Soil Carbon and Soil Health Metrics for Biofuel Feedstock Production in E. South Dakota,1170-Soil + Crop Sciences,1170,Soil + Crop Sciences,Agricultural Sciences-Academic Units (E1),2022-05-01,2022,2023-04-30,FALSE,52,MTDC,Gevo,,Domestic Commercial,,2021-12-07,2021,,FALSE,97442.18,Gevo,Domestic Commercial,Direct sponsor reported; prime sponsor unavailable,FALSE,Industry,FALSE,FALSE
K000151176,17115999,151176,New,"Blecker,Lisa Ann","Blecker,Lisa Ann (Primary PI) 1177",Colorado Pesticide Safety Education Funds,1177-Agricultural Biology,1177,Agricultural Biology,Agricultural Sciences-Academic Units (E1),2022-01-01,2022,2022-12-31,FALSE,34,MTDC,eXtension Foundation,EPA-Environmental Protection Agency,Domestic Non-Profit (other than Domestic Foundations),Federal,2021-12-07,2021,Funded,TRUE,17649.01,EPA-Environmental Protection Agency,Federal,Prime sponsor reported; direct sponsor is pass-through,FALSE,Federal,FALSE,FALSE
K000151366,17115995,151366,New,"Martin,Jennifer Nicole","Martin,Jennifer Nicole (Primary PI) 1171",Cattle & Carcass Training Centers: Short-Course and Program Revisions,1171-Animal Sciences,1171,Animal Sciences,Agricultural Sciences-Academic Units (E1),2021-12-01,2021,2022-11-30,FALSE,10,TDC,USDA-AMS-Agricultural Marketing Service,,Federal,,2021-12-07,2021,Funded,TRUE,65000,USDA-AMS-Agricultural Marketing Service,Federal,Direct sponsor reported; prime sponsor unavailable,FALSE,Federal,FALSE,FALSE
K000150668,17115978,150668,New,"Blecker,Lisa Ann","Blecker,Lisa Ann (Primary PI) 1177",The Pesticide Regulatory Education Program (PREP) Network,1177-Agricultural Biology,1177,Agricultural Biology,Agricultural Sciences-Academic Units (E1),2021-09-01,2021,2024-09-30,FALSE,34,MTDC,EPA-Environmental Protection Agency,,Federal,,2021-12-07,2021,,FALSE,1604999.43,EPA-Environmental Protection Agency,Federal,Direct sponsor reported; prime sponsor unavailable,FALSE,Federal,FALSE,FALSE
K000150931,17115859,150931,New,"Charkowski,Amy Olymbia","Charkowski,Amy Olymbia (Primary PI) 1177; Zeng,Yuan (Co-PI) 1177; Dayan,Franck E (Co-PI) 1177",Substrate-Binding Proteins of ATP-Binding Cassette (ABC) Transporters as Co-Sensors for Chemotaxis in Pectobacterium,1177-Agricultural Biology,1177,Agricultural Biology,Agricultural Sciences-Academic Units (E1),2022-11-01,2022,2025-10-31,FALSE,52,MTDC,NSF-National Science Foundation,,Federal,,2021-12-03,2021,,FALSE,495175.56,NSF-National Science Foundation,Federal,Direct sponsor reported; prime sponsor unavailable,FALSE,Federal,FALSE,FALSE
K000151144,17115365,151144,New,"Nalam,Vamsi","Nalam,Vamsi (Primary PI) 1177","Come Together, Right Now: Synchronization of Diurnal Rhythms between Plants and Their Aphid Pests",1177-Agricultural Biology,1177,Agricultural Biology,Agricultural Sciences-Academic Units (E1),2022-08-01,2022,2025-07-31,FALSE,15,TDC,United States - Israel Binational Science Foundation,,Foreign Non-Profit (other than Foreign Foundations),,2021-11-19,2021,Funded,TRUE,113834.23,United States - Israel Binational Science Foundation,Foreign Non-Profit (other than Foreign Foundations),Direct sponsor reported; prime sponsor unavailable,FALSE,Foundation/nonprofit,FALSE,FALSE
K000151123,17115359,151123,New,"Hoag,Dana Loyd Keske","Hoag,Dana Loyd Keske (Primary PI) 1172; Young,Robin Elizabeth (Key Person) 4030; Crooks,Kevin (Key Person) 1474",Rancher Risk Management of Reintroduced Wolves in Colorado,1172-Agricultural + Resource Economics,1172,Agricultural + Resource Economics,Agricultural Sciences-Academic Units (E1),2022-04-01,2022,2023-09-30,FALSE,34,TDC,Washington State University,USDA-NIFA-National Institute of Food and Agriculture,Other Domestic Higher Education,Federal,2021-11-19,2021,Funded,TRUE,49993.47,USDA-NIFA-National Institute of Food and Agriculture,Federal,Prime sponsor reported; direct sponsor is pass-through,TRUE,Federal,TRUE,FALSE
K000149975,17115339,149975,Supplement/Additional Funding,"Charkowski,Amy Olymbia","Charkowski,Amy Olymbia (Primary PI) 1177",Updating Potato Seed Certification Practices to Effectively Manage Emerging Virus Disease Issues,1177-Agricultural Biology,1177,Agricultural Biology,Agricultural Sciences-Academic Units (E1),2021-07-01,2021,2022-06-30,FALSE,0,No Indirect Cost Allowed,USDA-ARS-Agricultural Research Service,,Federal,,2021-11-19,2021,,FALSE,29069.2,USDA-ARS-Agricultural Research Service,Federal,Direct sponsor reported; prime sponsor unavailable,FALSE,Federal,FALSE,FALSE
K000151043,17115196,151043,New,"Carolan,Michael S","Carolan,Michael S (Primary PI) 1784; Jablonski,Rebecca BR (Co-PI) 1172; Brislen,Lilian (Key Person) 1172; Christensen,Elizabeth O'Sullivan (Key Person) 4030; Mills,Paula Frances (Key Person) 1101; Hittle,Jocelyn (Key Person) 0001;",Accelerating Colorado's Regional Food and Agricultural Innovation Cluster,1172-Agricultural + Resource Economics,1172,Agricultural + Resource Economics,Agricultural Sciences-Academic Units (E1),2021-12-08,2021,2022-12-07,FALSE,34,MTDC,DOC-EDA-Economic Development Admin.,,Federal,,2021-11-16,2021,,FALSE,500000.83,DOC-EDA-Economic Development Admin.,Federal,Direct sponsor reported; prime sponsor unavailable,FALSE,Federal,TRUE,FALSE
K000151200,17115153,151200,New,"Coleman,Stephen John","Coleman,Stephen John (Primary PI) 1171",Expression of Repetitive Elements and Maternal Recognition of Pregnancy in Mares,1171-Animal Sciences,1171,Animal Sciences,Agricultural Sciences-Academic Units (E1),2022-10-01,2022,2023-09-30,FALSE,0,No Indirect Cost Allowed,American Quarter Horse Association,,Domestic Non-Profit (other than Domestic Foundations),,2021-11-16,2021,,FALSE,23149.13,American Quarter Horse Association,Domestic Non-Profit (other than Domestic Foundations),Direct sponsor reported; prime sponsor unavailable,FALSE,Foundation/nonprofit,FALSE,FALSE
K000151115,17115063,151115,New,"Klett,James E","Klett,James E (Primary PI) 1173",Fostering Multistate Collaboration in Native Plant Production and Improvement for Arid and Semi-Arid Urban Landscapes,1173-Horticulture + Landscape Architecture,1173,Horticulture + Landscape Architecture,Agricultural Sciences-Academic Units (E1),2022-09-30,2022,2025-09-29,FALSE,5.56,TDC,University of Nevada Reno,USDA-AMS-Agricultural Marketing Service,Other Domestic Higher Education,Federal,2021-11-11,2021,,FALSE,133136.25,USDA-AMS-Agricultural Marketing Service,Federal,Prime sponsor reported; direct sponsor is pass-through,TRUE,Federal,FALSE,FALSE
K000151208,17115020,151208,New,"Gutierrez-Rodriguez,Eduardo","Gutierrez-Rodriguez,Eduardo (Primary PI) 1173",Solar-Powered Refrigeration for Reliable Off-Grid Storage and Distribution of Fresh Produce,1173-Horticulture + Landscape Architecture,1173,Horticulture + Landscape Architecture,Agricultural Sciences-Academic Units (E1),2022-01-15,2022,2022-09-14,FALSE,34,MTDC,"Radiant Innovation, LLC",USDA-NIFA-National Institute of Food and Agriculture,Domestic Commercial,Federal,2021-11-10,2021,Funded,TRUE,55000.25,USDA-NIFA-National Institute of Food and Agriculture,Federal,Prime sponsor reported; direct sponsor is pass-through,FALSE,Federal,FALSE,FALSE
K000151126,17114888,151126,New,"Stackhouse-Lawson,Kimberly Rose","Stackhouse-Lawson,Kimberly Rose (Primary PI) 1171; Thompson,Logan (Co-PI) 1171; Pinedo,Pablo J (Co-PI) 1171",U.S. Dairy Industry Inventory of Sustainable Practices,1171-Animal Sciences,1171,Animal Sciences,Agricultural Sciences-Academic Units (E1),2021-10-25,2021,2022-10-24,FALSE,10,TDC,"Dairy Management, Inc.",,Domestic Non-Profit (other than Domestic Foundations),,2021-11-08,2021,Funded,TRUE,94193.46,"Dairy Management, Inc.",Domestic Non-Profit (other than Domestic Foundations),Direct sponsor reported; prime sponsor unavailable,FALSE,Foundation/nonprofit,FALSE,FALSE
K000151120,17114884,151120,New,"Morris,Geoffrey Preston","Morris,Geoffrey Preston (Primary PI) 1170",International Center of Tropical Agriculture,1170-Soil + Crop Sciences,1170,Soil + Crop Sciences,Agricultural Sciences-Academic Units (E1),2022-07-01,2022,2024-06-30,FALSE,10,TDC,Consultative Group on International Agricultural Research,Bill and Melinda Gates Foundation,Foreign Non-Profit (other than Foreign Foundations),Domestic Foundations,2021-11-08,2021,Funded,TRUE,227964.96,Bill and Melinda Gates Foundation,Domestic Foundations,Prime sponsor reported; direct sponsor is pass-through,FALSE,Foundation/nonprofit,FALSE,FALSE
K000151160,17114674,151160,New,"Metcalf,Jessica Lynne","Metcalf,Jessica Lynne (Primary PI) 1171; Lana,Susan E (Co-PI) 1678",CCTSI: Evaluating Low-Biomass Microbial Communities Associated with Spontaneous Canine Tumors as a Model for Human Disease,1171-Animal Sciences,1171,Animal Sciences,Agricultural Sciences-Academic Units (E1),2022-05-01,2022,2023-04-30,FALSE,52,MTDC,University of Colorado at Denver,HHS-NIH-National Institutes of Health,State of Colorado Higher Education,Federal,2021-11-02,2021,Funded,TRUE,28764.47,HHS-NIH-National Institutes of Health,Federal,Prime sponsor reported; direct sponsor is pass-through,TRUE,Federal,FALSE,FALSE
K000151162,17114561,151162,New,"Paustian,Keith H","Paustian,Keith H (Primary PI) 1170; Zhang,Yao (Key Person) 1499",Assessment of Climate Change Impacts on Soil C and GHG Emissions from California Agricultural Lands,1170-Soil + Crop Sciences,1170,Soil + Crop Sciences,Agricultural Sciences-Academic Units (E1),2022-01-01,2022,2022-12-31,FALSE,34,MTDC,California Air Resources Board,,Other Domestic State Government,,2021-11-01,2021,Funded,TRUE,99981.6,California Air Resources Board,Other Domestic State Government,Direct sponsor reported; prime sponsor unavailable,FALSE,State,FALSE,FALSE
K000151071,17114553,151071,New,"Morgan,James Brad","Morgan,James Brad (Primary PI) 1171; Narayanan Nair,Mahesh (Co-PI) 1171; Belk,Keith (Co-PI) 1171",Increasing U.S. Retail Beef Demand in Mexico Supermarkets,1171-Animal Sciences,1171,Animal Sciences,Agricultural Sciences-Academic Units (E1),2022-01-01,2022,2022-08-31,FALSE,0,No Indirect Cost Allowed,Colorado Beef Council,,Domestic Non-Profit (other than Domestic Foundations),,2021-11-01,2021,Funded,TRUE,15000,Colorado Beef Council,Domestic Non-Profit (other than Domestic Foundations),Direct sponsor reported; prime sponsor unavailable,FALSE,Foundation/nonprofit,FALSE,FALSE
K000150987,17114547,150987,Resubmission,"Narayanan Nair,Mahesh","Narayanan Nair,Mahesh (Primary PI) 1171; Geornaras,Ifigenia (Co-PI) 1171",Stabilizing Meat Color With Natural Agent Delivery Matrices,1171-Animal Sciences,1171,Animal Sciences,Agricultural Sciences-Academic Units (E1),2022-07-01,2022,2023-02-28,FALSE,42.85,TDC,AEMS Corporation,,Domestic Commercial,,2021-11-01,2021,,FALSE,57998.58,AEMS Corporation,Domestic Commercial,Direct sponsor reported; prime sponsor unavailable,FALSE,Industry,FALSE,FALSE
K000150764,17114521,150764,New,"Bousselot,Jennifer M","Bousselot,Jennifer M (Primary PI) 1173; Craver,Joshua Ken (Co-PI) 1173; Barth,Kurt (Key Person) 1374",A Vision for the Future of Farming: Rooftop Agrivoltaics,1173-Horticulture + Landscape Architecture,1173,Horticulture + Landscape Architecture,Agricultural Sciences-Academic Units (E1),2022-04-01,2022,2026-03-31,FALSE,26,MTDC,USDA-NIFA-National Institute of Food and Agriculture,,Federal,,2021-11-01,2021,,FALSE,3466301.67,USDA-NIFA-National Institute of Food and Agriculture,Federal,Direct sponsor reported; prime sponsor unavailable,FALSE,Federal,FALSE,FALSE
K000150935,17114056,150935,New,"Hess,Tanja","Hess,Tanja (Primary PI) 1171; Nout-Lomas,Yvette S (Co-PI) 1678; Coleman,Stephen John (Co-PI) 1171",Colic Risk in Endurance Horses and its Relation to Microbiome,1171-Animal Sciences,1171,Animal Sciences,Agricultural Sciences-Academic Units (E1),2022-01-01,2022,2023-12-31,FALSE,8,TDC,Morris Animal Foundation,,Domestic Foundations,,2021-10-22,2021,,FALSE,56046.9,Morris Animal Foundation,Domestic Foundations,Direct sponsor reported; prime sponsor unavailable,FALSE,Foundation/nonprofit,FALSE,FALSE
K000150934,17113913,150934,New,"Hess,Tanja","Hess,Tanja (Primary PI) 1171; Carvalho Seabra,Jessica (Co-PI) 1171; Matlock,Sarah K (Key Person) 1171",Effects of Different Hay Feeders and Availability of Roughage on Abnormal Behaviors in Horses,1171-Animal Sciences,1171,Animal Sciences,Agricultural Sciences-Academic Units (E1),2021-12-01,2021,2022-03-10,FALSE,0,No Indirect Cost Allowed,Morris Animal Foundation,,Domestic Foundations,,2021-10-19,2021,Funded,TRUE,9118.98,Morris Animal Foundation,Domestic Foundations,Direct sponsor reported; prime sponsor unavailable,FALSE,Foundation/nonprofit,FALSE,FALSE
K000151060,17113909,151060,New,"Wilkins,Michael James","Wilkins,Michael James (Primary PI) 1170",A Trait-Based Approach for Understanding the Role of Fire-Adapted Microbes on Ecosystem Carbon and Nitrogen Cycling Post-Fire,1170-Soil + Crop Sciences,1170,Soil + Crop Sciences,Agricultural Sciences-Academic Units (E1),2022-03-01,2022,2025-04-30,FALSE,52,MTDC,"University of California, Riverside",NSF-National Science Foundation,Other Domestic Higher Education,Federal,2021-10-19,2021,,FALSE,51111.64,NSF-National Science Foundation,Federal,Prime sponsor reported; direct sponsor is pass-through,TRUE,Federal,FALSE,FALSE
K000151021,17113903,151021,New,"Ippolito,Jim","Ippolito,Jim (Primary PI) 1170; Buchanan,Cassidy Michelle (Co-PI) 1170",Biosolids Land Application Research Program 2022,1170-Soil + Crop Sciences,1170,Soil + Crop Sciences,Agricultural Sciences-Academic Units (E1),2022-01-01,2022,2022-12-31,FALSE,26,MTDC,South Platte Water Renewal Partners,,State of Colorado Other Local Government,,2021-10-19,2021,Funded,TRUE,97328.75,South Platte Water Renewal Partners,State of Colorado Other Local Government,Direct sponsor reported; prime sponsor unavailable,FALSE,State,FALSE,FALSE
K000151017,17113899,151017,New,"Minas,Ioannis","Minas,Ioannis (Primary PI) 1173",XLSOR: Accurate and Non-Destructive Sensor of Fruit Internal Quality and Maturity,1173-Horticulture + Landscape Architecture,1173,Horticulture + Landscape Architecture,Agricultural Sciences-Academic Units (E1),2022-03-01,2022,2024-02-29,FALSE,8,TDC,Colorado Office of Economic Development and Intl Trade,,State of Colorado,,2021-10-19,2021,Funded,TRUE,149997.29,Colorado Office of Economic Development and Intl Trade,State of Colorado,Direct sponsor reported; prime sponsor unavailable,FALSE,State,FALSE,FALSE
K000151016,17113645,151016,New,"Ham,Jay M","Ham,Jay M (Primary PI) 1170",Monitoring Soil Moisture Using Belowground LoRa-Radio Attenuation: Towards Improved Irrigation Management,1170-Soil + Crop Sciences,1170,Soil + Crop Sciences,Agricultural Sciences-Academic Units (E1),2022-03-01,2022,2024-02-29,FALSE,8,TDC,Colorado Office of Economic Development and Intl Trade,,State of Colorado,,2021-10-15,2021,Funded,TRUE,106302.9,Colorado Office of Economic Development and Intl Trade,State of Colorado,Direct sponsor reported; prime sponsor unavailable,FALSE,State,FALSE,FALSE
K000150983,17113639,150983,Supplement/Additional Funding,"Edwards-Callaway,Lily Nowell","Edwards-Callaway,Lily Nowell (Primary PI) 1171; Weller,Zachary Dennis (Key Person) 1877; Bigler,Elizabeth Jaed (Key Person) 1171",Benchmarking Study: Animal Handling Outcomes on Cow-Calf Operations,1171-Animal Sciences,1171,Animal Sciences,Agricultural Sciences-Academic Units (E1),2020-10-15,2020,2021-12-31,FALSE,0,No Indirect Cost Allowed,National Cattlemens Beef Association,,Domestic Non-Profit (other than Domestic Foundations),,2021-10-15,2021,,FALSE,4265,National Cattlemens Beef Association,Domestic Non-Profit (other than Domestic Foundations),Direct sponsor reported; prime sponsor unavailable,FALSE,Foundation/nonprofit,FALSE,FALSE
K000150930,17113631,150930,Internal RFP,"Cramer,Mary Caitlin","Cramer,Mary Caitlin (Primary PI) 1171; Edwards-Callaway,Lily Nowell (Co-PI) 1171; Roman-Muniz,Ivette Noami (Co-PI) 1171",Addressing the Multifaceted Effects of Calf Disease on Dairy Caretaker Wellbeing by Fostering Collaborative Relationships on the Dairy,1171-Animal Sciences,1171,Animal Sciences,Agricultural Sciences-Academic Units (E1),2021-11-15,2021,2022-08-14,FALSE,8,TDC,HHS-CDC-Centers for Disease Control,,Federal,,2021-10-15,2021,,FALSE,19632.11,HHS-CDC-Centers for Disease Control,Federal,Direct sponsor reported; prime sponsor unavailable,FALSE,CSU/Internal,FALSE,FALSE
K000150926,17113266,150926,New,"Coleman,Stephen John","Coleman,Stephen John (Primary PI) 1171",Impact of Anthelmintic Drugs Moxidectin and Ivermectin on the Microbiota and Tissues of the Equine Gastrointestinal Tract,1171-Animal Sciences,1171,Animal Sciences,Agricultural Sciences-Academic Units (E1),2022-08-15,2022,2024-08-14,FALSE,8,TDC,Morris Animal Foundation,,Domestic Foundations,,2021-10-08,2021,,FALSE,73595.8,Morris Animal Foundation,Domestic Foundations,Direct sponsor reported; prime sponsor unavailable,FALSE,Foundation/nonprofit,FALSE,FALSE
K000150992,17113243,150992,New,"Borch,Thomas","Borch,Thomas (Primary PI) 1170",Engineered Inorganic-Nitrogen rich Biochar Composites for Enhanced Carbon Capture and Use (CCU) Applications,1170-Soil + Crop Sciences,1170,Soil + Crop Sciences,Agricultural Sciences-Academic Units (E1),2022-02-14,2022,2023-02-13,FALSE,52,MTDC,"Hazen Research, Inc.",DOE-US Department of Energy,Domestic Commercial,Federal,2021-10-08,2021,,FALSE,32999.38,DOE-US Department of Energy,Federal,Prime sponsor reported; direct sponsor is pass-through,FALSE,Federal,FALSE,FALSE
K000150703,17113237,150703,New,"Cadaret,Caitlin","Cadaret,Caitlin (Primary PI) 1171; Archibeque,Shawn (Co-PI) 1171","Investigation of Nutrient Challenge During Pregnancy on Wether Lamb Development, Growth, and Performance from Birth Until Harvest",1171-Animal Sciences,1171,Animal Sciences,Agricultural Sciences-Academic Units (E1),2022-03-01,2022,2023-09-01,FALSE,7.5,TDC,The National Sheep Industry Improvement Center,USDA-AMS-Agricultural Marketing Service,Federal,Federal,2021-10-08,2021,,FALSE,36207.16,USDA-AMS-Agricultural Marketing Service,Federal,Prime sponsor reported; direct sponsor is pass-through,FALSE,Federal,FALSE,FALSE
K000150786,17113230,150786,New,"Andales,Allan A","Andales,Allan A (Primary PI) 1170; Martin,Timothy (Co-PI) 1170; Brown,Ansley Joseph (Key Person) 1170",Accelerating Adoption of Irrigation Scheduling with Satellite-based Precision Evapotranspiration from OpenET,1170-Soil + Crop Sciences,1170,Soil + Crop Sciences,Agricultural Sciences-Academic Units (E1),2022-03-01,2022,2025-02-28,FALSE,52,MTDC,University of Nebraska,NASA-National Aeronautics and Space Administration,Other Domestic Higher Education,Federal,2021-10-08,2021,Funded,TRUE,199979.27,NASA-National Aeronautics and Space Administration,Federal,Prime sponsor reported; direct sponsor is pass-through,TRUE,Federal,FALSE,FALSE
K000150770,17113171,150770,New,"Metcalf,Jessica Lynne","Metcalf,Jessica Lynne (Primary PI) 1171",The Hunger Games: Could Time-Restricted or Caloric-Restricted Feeding Induce Persistent Laying?,1171-Animal Sciences,1171,Animal Sciences,Agricultural Sciences-Academic Units (E1),2021-12-01,2021,2024-11-30,FALSE,20,TDC,Binational Agricultural Research and Development Fund,,Foreign Government,,2021-10-07,2021,,FALSE,150017.45,Binational Agricultural Research and Development Fund,Foreign Government,Direct sponsor reported; prime sponsor unavailable,FALSE,Other,FALSE,FALSE
K000150701,17113053,150701,New,"Mason,Richard Esten","Mason,Richard Esten (Primary PI) 1170",Wheat Breeding,1170-Soil + Crop Sciences,1170,Soil + Crop Sciences,Agricultural Sciences-Academic Units (E1),2021-07-01,2021,2022-06-30,FALSE,0,No Indirect Cost Allowed,Colorado Wheat Administrative Committee,,Domestic Non-Profit (other than Domestic Foundations),,2021-10-05,2021,Funded,TRUE,276000,Colorado Wheat Administrative Committee,Domestic Non-Profit (other than Domestic Foundations),Direct sponsor reported; prime sponsor unavailable,FALSE,Foundation/nonprofit,FALSE,FALSE
K000150897,17113049,150897,New,"Vivanco,Jorge M","Vivanco,Jorge M (Primary PI) 1173",NextGenEEF: Evaluation and Testing of Biodegradable Enhanced Efficiency Fertilizers,1173-Horticulture + Landscape Architecture,1173,Horticulture + Landscape Architecture,Agricultural Sciences-Academic Units (E1),2021-09-01,2021,2024-08-31,FALSE,0,No Indirect Cost Allowed,USDA-ARS-Agricultural Research Service,,Federal,,2021-10-05,2021,Funded,TRUE,49999.99,USDA-ARS-Agricultural Research Service,Federal,Direct sponsor reported; prime sponsor unavailable,FALSE,Federal,FALSE,FALSE
K000150900,17112790,150900,New,"Suter,Jordan","Suter,Jordan (Primary PI) 1172",Determining Methodology to Assess Spatial Impacts of Managing Wild Pigs,1172-Agricultural + Resource Economics,1172,Agricultural + Resource Economics,Agricultural Sciences-Academic Units (E1),2021-10-01,2021,2022-09-30,FALSE,10,TDC,USDA-APHIS-Animal Plant Health Insp Srvc,,Federal,,2021-09-30,2021,Funded,TRUE,94447.42,USDA-APHIS-Animal Plant Health Insp Srvc,Federal,Direct sponsor reported; prime sponsor unavailable,FALSE,Federal,TRUE,FALSE
K000150814,17112767,150814,New,"Blecker,Lisa Ann","Blecker,Lisa Ann (Primary PI) 1177",FY 2022 Pesticides Program,1177-Agricultural Biology,1177,Agricultural Biology,Agricultural Sciences-Academic Units (E1),2021-10-01,2021,2022-09-30,FALSE,10,TDC,Colorado Department of Agriculture,,State of Colorado,,2021-09-30,2021,Funded,TRUE,31300.93,Colorado Department of Agriculture,State of Colorado,Direct sponsor reported; prime sponsor unavailable,FALSE,State,FALSE,FALSE
K000150785,17112755,150785,New,"Zelikova,Tamara J","Zelikova,Tamara J (Primary PI) 1170; Machmuller,Megan B (Co-PI) 1170; Wallenstein,Matthew (Co-PI) 1170; Paustian,Keith H (Co-PI) 1170; Ogle,Stephen M (Co-PI) 1476",Quantitative Comparison of Soil Carbon Credits Generated by Leading Voluntary Carbon Market Protocols,1170-Soil + Crop Sciences,1170,Soil + Crop Sciences,Agricultural Sciences-Academic Units (E1),2022-01-01,2022,2023-06-30,FALSE,15,TDC,Environmental Defense Fund,,Domestic Non-Profit (other than Domestic Foundations),,2021-09-30,2021,,FALSE,300000.41,Environmental Defense Fund,Domestic Non-Profit (other than Domestic Foundations),Direct sponsor reported; prime sponsor unavailable,FALSE,Foundation/nonprofit,FALSE,FALSE
K000150708,17112751,150708,New,"Westra,Philip","Westra,Philip (Primary PI) 1177",Weed Science - Phil Westra,1177-Agricultural Biology,1177,Agricultural Biology,Agricultural Sciences-Academic Units (E1),2021-07-01,2021,2022-06-30,FALSE,0,No Indirect Cost Allowed,Colorado Wheat Administrative Committee,,Domestic Non-Profit (other than Domestic Foundations),,2021-09-30,2021,Funded,TRUE,10000,Colorado Wheat Administrative Committee,Domestic Non-Profit (other than Domestic Foundations),Direct sponsor reported; prime sponsor unavailable,FALSE,Foundation/nonprofit,FALSE,FALSE
K000150898,17112734,150898,Supplement/Additional Funding,"Stewart,Jane E","Stewart,Jane E (Primary PI) 1177","Surveys and Genetic Analyses of Forest Pathogens, Hosts, and Associated Microbes",1177-Agricultural Biology,1177,Agricultural Biology,Agricultural Sciences-Academic Units (E1),2020-07-23,2020,2025-06-15,FALSE,0,TDC,USDA-USFS-Rocky Mtn. Rsrch Station - CO,,Federal,,2021-09-29,2021,,FALSE,99999.46,USDA-USFS-Rocky Mtn. Rsrch Station - CO,Federal,Direct sponsor reported; prime sponsor unavailable,FALSE,Federal,FALSE,FALSE
K000150714,17112730,150714,New,"Johnson,Jerry J","Johnson,Jerry J (Primary PI) 1170",Crop Testing Program,1170-Soil + Crop Sciences,1170,Soil + Crop Sciences,Agricultural Sciences-Academic Units (E1),2021-07-01,2021,2022-06-30,FALSE,0,No Indirect Cost Allowed,Colorado Wheat Administrative Committee,,Domestic Non-Profit (other than Domestic Foundations),,2021-09-29,2021,Funded,TRUE,20000,Colorado Wheat Administrative Committee,Domestic Non-Profit (other than Domestic Foundations),Direct sponsor reported; prime sponsor unavailable,FALSE,Foundation/nonprofit,FALSE,FALSE
K000150711,17112722,150711,New,"Pottorff,Laura Pickett","Pottorff,Laura Pickett (Primary PI) 1170",Foundation Seed,1170-Soil + Crop Sciences,1170,Soil + Crop Sciences,Agricultural Sciences-Academic Units (E1),2021-07-01,2021,2022-06-30,FALSE,0,No Indirect Cost Allowed,Colorado Wheat Administrative Committee,,Domestic Non-Profit (other than Domestic Foundations),,2021-09-29,2021,Funded,TRUE,10000,Colorado Wheat Administrative Committee,Domestic Non-Profit (other than Domestic Foundations),Direct sponsor reported; prime sponsor unavailable,FALSE,Foundation/nonprofit,FALSE,FALSE
K000150710,17112714,150710,New,"Gaines,Todd A","Gaines,Todd A (Primary PI) 1177",Weed Science - Todd Gaines,1177-Agricultural Biology,1177,Agricultural Biology,Agricultural Sciences-Academic Units (E1),2021-07-01,2021,2022-06-30,FALSE,0,No Indirect Cost Allowed,Colorado Wheat Administrative Committee,,Domestic Non-Profit (other than Domestic Foundations),,2021-09-29,2021,Funded,TRUE,45000,Colorado Wheat Administrative Committee,Domestic Non-Profit (other than Domestic Foundations),Direct sponsor reported; prime sponsor unavailable,FALSE,Foundation/nonprofit,FALSE,FALSE
K000150706,17112710,150706,New,"Nachappa,Punya","Nachappa,Punya (Primary PI) 1177",Wheat Entomology,1177-Agricultural Biology,1177,Agricultural Biology,Agricultural Sciences-Academic Units (E1),2021-07-01,2021,2022-06-30,FALSE,0,No Indirect Cost Allowed,Colorado Wheat Administrative Committee,,Domestic Non-Profit (other than Domestic Foundations),,2021-09-29,2021,Funded,TRUE,52000,Colorado Wheat Administrative Committee,Domestic Non-Profit (other than Domestic Foundations),Direct sponsor reported; prime sponsor unavailable,FALSE,Foundation/nonprofit,FALSE,FALSE
K000150133,17112704,150133,New,"Dayan,Franck E","Dayan,Franck E (Primary PI) 1177; Gaines,Todd A (Co-PI) 1177",Understanding the Role of ROS to Enhance Herbicidal Activity,1177-Agricultural Biology,1177,Agricultural Biology,Agricultural Sciences-Academic Units (E1),2021-10-01,2021,2024-09-30,FALSE,52,MTDC,Bayer Corporation / Agriculture Division,,Domestic Commercial,,2021-09-29,2021,Funded,TRUE,378767.79,Bayer Corporation / Agriculture Division,Domestic Commercial,Direct sponsor reported; prime sponsor unavailable,FALSE,Industry,FALSE,FALSE
K000150097,17112697,150097,New,"Wrighton,Kelly Catherine","Wrighton,Kelly Catherine (Primary PI) 1170",Collaborative Research: Updating iVirus -- the CyVerse-Powered Analytical Toolkit for Viruses of Microbes,1170-Soil + Crop Sciences,1170,Soil + Crop Sciences,Agricultural Sciences-Academic Units (E1),2022-02-01,2022,2025-01-31,FALSE,52,MTDC,NSF-National Science Foundation,,Federal,,2021-09-29,2021,Funded,TRUE,330707.58,NSF-National Science Foundation,Federal,Direct sponsor reported; prime sponsor unavailable,FALSE,Federal,FALSE,FALSE
K000150707,17112693,150707,New,"Roberts,Robyn","Roberts,Robyn (Primary PI) 1177",Plant Pathology,1177-Agricultural Biology,1177,Agricultural Biology,Agricultural Sciences-Academic Units (E1),2021-07-01,2021,2022-06-30,FALSE,0,No Indirect Cost Allowed,Colorado Wheat Administrative Committee,,Domestic Non-Profit (other than Domestic Foundations),,2021-09-29,2021,Funded,TRUE,40000,Colorado Wheat Administrative Committee,Domestic Non-Profit (other than Domestic Foundations),Direct sponsor reported; prime sponsor unavailable,FALSE,Foundation/nonprofit,FALSE,FALSE
K000150218,17112667,150218,Resubmission,"Ham,Jay M","Ham,Jay M (Primary PI) 1170; Kelly,Eugene F (Co-PI) 3001; Dunker,Katie Anne (Co-PI) 4040; Andales,Allan A (Co-PI) 1170; Schumacher,Russ Stanley (Co-PI) 1371","Soil Sensing Technology to Improve Water and Nutrient Management: An Open-source, IoT Solution",1170-Soil + Crop Sciences,1170,Soil + Crop Sciences,Agricultural Sciences-Academic Units (E1),2022-02-01,2022,2025-01-31,FALSE,30.56,TDC,USDA-NIFA-National Institute of Food and Agriculture,,Federal,,2021-09-29,2021,,FALSE,637493.72,USDA-NIFA-National Institute of Food and Agriculture,Federal,Direct sponsor reported; prime sponsor unavailable,FALSE,Federal,FALSE,FALSE
K000150865,17112588,150865,Supplement/Additional Funding,"Tembrock,Luke R","Tembrock,Luke R (Primary PI) 1177",Screening OWB Trap Samples (FY21),1177-Agricultural Biology,1177,Agricultural Biology,Agricultural Sciences-Academic Units (E1),2021-09-30,2021,2022-09-29,FALSE,10,TDC,USDA-APHIS-Animal Plant Health Insp Srvc,,Federal,,2021-09-28,2021,,FALSE,50000.93,USDA-APHIS-Animal Plant Health Insp Srvc,Federal,Direct sponsor reported; prime sponsor unavailable,FALSE,Federal,FALSE,FALSE
K000150881,17112560,150881,Supplement/Additional Funding,"Leach,Jan E","Leach,Jan E (Primary PI) 1177",Protection of the USDA/ARS Citrus Collection from Disease through Cryopreservation Technologies,1177-Agricultural Biology,1177,Agricultural Biology,Agricultural Sciences-Academic Units (E1),2016-09-15,2016,2022-08-31,FALSE,0,No Indirect Cost Allowed,USDA-ARS-Agricultural Research Service,,Federal,,2021-09-28,2021,,FALSE,24000.06,USDA-ARS-Agricultural Research Service,Federal,Direct sponsor reported; prime sponsor unavailable,FALSE,Federal,FALSE,FALSE
K000150704,17112427,150704,New,"Borch,Thomas","Borch,Thomas (Primary PI) 1170",CHECRA Cost Share: NAWI Roadmapping,1170-Soil + Crop Sciences,1170,Soil + Crop Sciences,Agricultural Sciences-Academic Units (E1),2020-06-10,2020,2021-12-31,FALSE,52,MTDC,State of Colorado,,State of Colorado,,2021-09-22,2021,Funded,TRUE,38466.5,State of Colorado,State of Colorado,Direct sponsor reported; prime sponsor unavailable,FALSE,State,FALSE,FALSE
K000150697,17112423,150697,New,"Szczepaniec,Adrianna","Szczepaniec,Adrianna (Primary PI) 1177",IR-4 Minor Crop Pest Management,1177-Agricultural Biology,1177,Agricultural Biology,Agricultural Sciences-Academic Units (E1),2021-08-01,2021,2022-07-31,FALSE,0,No Indirect Cost Allowed,"University of California, Davis",USDA-NIFA-National Institute of Food and Agriculture,Other Domestic Higher Education,Federal,2021-09-22,2021,Funded,TRUE,12496,USDA-NIFA-National Institute of Food and Agriculture,Federal,Prime sponsor reported; direct sponsor is pass-through,TRUE,Federal,FALSE,FALSE
K000150632,17112419,150632,New,"Nachappa,Punya","Nachappa,Punya (Primary PI) 1177",Biosensors as a Potential Tool for Real-Time and Sensitive Detection of Pest-Related Biomarkers in Hemp,1177-Agricultural Biology,1177,Agricultural Biology,Agricultural Sciences-Academic Units (E1),2021-12-01,2021,2024-11-30,FALSE,20,TDC,Binational Agricultural Research and Development Fund,,Foreign Government,,2021-09-22,2021,,FALSE,142974.46,Binational Agricultural Research and Development Fund,Foreign Government,Direct sponsor reported; prime sponsor unavailable,FALSE,Other,FALSE,FALSE
K000150516,17112413,150516,New,"Borch,Thomas","Borch,Thomas (Primary PI) 1170; Ippolito,Jim (Co-PI) 1170",PS: Sustainable Sorbent Materials for Selective Removal and Recycling of Nutrients from Agricultural and Municipal Wastewater,1170-Soil + Crop Sciences,1170,Soil + Crop Sciences,Agricultural Sciences-Academic Units (E1),2022-02-01,2022,2024-01-31,FALSE,52,MTDC,University of California-Lawrence Berkeley National Lab,DOE-US Department of Energy,Federal,Federal,2021-09-22,2021,,FALSE,299711.91,DOE-US Department of Energy,Federal,Prime sponsor reported; direct sponsor is pass-through,FALSE,Federal,FALSE,FALSE
K000150705,17112409,150705,New,"Mason,Richard Esten","Mason,Richard Esten (Primary PI) 1170",Wheat Breeding Salary,1170-Soil + Crop Sciences,1170,Soil + Crop Sciences,Agricultural Sciences-Academic Units (E1),2021-07-01,2021,2022-06-30,FALSE,0,No Indirect Cost Allowed,Colorado Wheat Administrative Committee,,Domestic Non-Profit (other than Domestic Foundations),,2021-09-22,2021,Funded,TRUE,49374,Colorado Wheat Administrative Committee,Domestic Non-Profit (other than Domestic Foundations),Direct sponsor reported; prime sponsor unavailable,FALSE,Foundation/nonprofit,FALSE,FALSE
K000150763,17112401,150763,New,"Bousselot,Jennifer M","Bousselot,Jennifer M (Primary PI) 1173",Evaluating Crops for Use in Rooftop Agrivoltaics in Mediterranean and High Elevation Temperate Climates,1173-Horticulture + Landscape Architecture,1173,Horticulture + Landscape Architecture,Agricultural Sciences-Academic Units (E1),2022-09-01,2022,2025-08-31,FALSE,20,TDC,Binational Agricultural Research and Development Fund,,Foreign Government,,2021-09-22,2021,,FALSE,121393.07,Binational Agricultural Research and Development Fund,Foreign Government,Direct sponsor reported; prime sponsor unavailable,FALSE,Other,FALSE,FALSE
K000150630,17112389,150630,New,"Thilmany,Dawn D","Thilmany,Dawn D (Primary PI) 1172; Jablonski,Rebecca BR (Co-PI) 1172",Local and Regional Food Systems Recovery and Resilience (2.0),1172-Agricultural + Resource Economics,1172,Agricultural + Resource Economics,Agricultural Sciences-Academic Units (E1),2021-09-01,2021,2022-11-30,FALSE,7.5,TDC,USDA-AMS-Agricultural Marketing Service,,Federal,,2021-09-22,2021,Funded,TRUE,595156.06,USDA-AMS-Agricultural Marketing Service,Federal,Direct sponsor reported; prime sponsor unavailable,FALSE,Federal,TRUE,FALSE
K000150485,17112383,150485,New,"Heuberger,Adam L","Heuberger,Adam L (Primary PI) 1173; Prenni,Jessica E (Co-PI) 1173",Chemical and Sensory Variation Attributed to Storage and Shelf-Life of Malt,1173-Horticulture + Landscape Architecture,1173,Horticulture + Landscape Architecture,Agricultural Sciences-Academic Units (E1),2021-07-01,2021,2022-06-30,FALSE,0,TDC,"American Malting Barley Association, Inc.",,Domestic Non-Profit (other than Domestic Foundations),,2021-09-22,2021,Funded,TRUE,12582.84,"American Malting Barley Association, Inc.",Domestic Non-Profit (other than Domestic Foundations),Direct sponsor reported; prime sponsor unavailable,FALSE,Foundation/nonprofit,FALSE,FALSE
K000150445,17112379,150445,New,"Haefele,Michelle A","Haefele,Michelle A (Primary PI) 1172",Vulnerability Assessment of US Water Resources,1172-Agricultural + Resource Economics,1172,Agricultural + Resource Economics,Agricultural Sciences-Academic Units (E1),2021-09-01,2021,2024-08-31,FALSE,15,TDC,USDA-USFS-Rocky Mtn. Rsrch Station - CO,,Federal,,2021-09-22,2021,,FALSE,6999.2,USDA-USFS-Rocky Mtn. Rsrch Station - CO,Federal,Direct sponsor reported; prime sponsor unavailable,FALSE,Federal,TRUE,FALSE
K000150474,17112328,150474,New,"Jablonski,Rebecca BR","Jablonski,Rebecca BR (Primary PI) 1172; Thilmany,Dawn D (Co-PI) 1172","Exploring the Scale, Scope and New Supply Chain Linkages in the Local Food Sector",1172-Agricultural + Resource Economics,1172,Agricultural + Resource Economics,Agricultural Sciences-Academic Units (E1),2021-10-01,2021,2024-09-30,FALSE,0,No Indirect Cost Allowed,USDA-ERS-Economic Research Service,,Federal,,2021-09-21,2021,Funded,TRUE,165999.55,USDA-ERS-Economic Research Service,Federal,Direct sponsor reported; prime sponsor unavailable,FALSE,Federal,TRUE,FALSE
K000150730,17112286,150730,Supplement/Additional Funding,"Stewart,Jane E","Stewart,Jane E (Primary PI) 1177",Distribution and pathogenicity of a hybrid rust in the Rocky Mountains,1177-Agricultural Biology,1177,Agricultural Biology,Agricultural Sciences-Academic Units (E1),2019-07-31,2019,2024-07-30,FALSE,0,No Indirect Cost Allowed,USDA-USFS-Rocky Mtn. Rsrch Station - CO,,Federal,,2021-09-21,2021,,FALSE,15000,USDA-USFS-Rocky Mtn. Rsrch Station - CO,Federal,Direct sponsor reported; prime sponsor unavailable,FALSE,Federal,FALSE,FALSE
K000150372,17112277,150372,New,"Paustian,Keith H","Paustian,Keith H (Primary PI) 1170; Ellis,Elizabeth Marie (Key Person) 1170","Elizabeth Ellis: Can Regenerative Agriculture Sustainably Produce Food, Sequester Carbon, and Increase Farm Financial and Ecological Resilience?",1170-Soil + Crop Sciences,1170,Soil + Crop Sciences,Agricultural Sciences-Academic Units (E1),2021-08-16,2021,2024-08-15,FALSE,11.11,TDC,North Carolina State University,Foundation for Food & Agriculture Research,Other Domestic Higher Education,Domestic Non-Profit (other than Domestic Foundations),2021-09-21,2021,Funded,TRUE,165000,Foundation for Food & Agriculture Research,Domestic Non-Profit (other than Domestic Foundations),Prime sponsor reported; direct sponsor is pass-through,TRUE,Foundation/nonprofit,FALSE,FALSE
K000150543,17112273,150543,New,"Haefele,Michelle A","Haefele,Michelle A (Primary PI) 1172",Evaluating Impacts on People from Conservation Interventions,1172-Agricultural + Resource Economics,1172,Agricultural + Resource Economics,Agricultural Sciences-Academic Units (E1),2021-10-15,2021,2022-12-31,FALSE,10,S&W,University of Tennessee,PEW Charitable Trusts,Other Domestic Higher Education,Domestic Non-Profit (other than Domestic Foundations),2021-09-21,2021,Funded,TRUE,48353.85,PEW Charitable Trusts,Domestic Non-Profit (other than Domestic Foundations),Prime sponsor reported; direct sponsor is pass-through,TRUE,Foundation/nonprofit,TRUE,FALSE
K000150639,17112263,150639,New,"Charkowski,Amy Olymbia","Charkowski,Amy Olymbia (Primary PI) 1177",Characterization of ABC Transporters as Potential Targets for Virulence Inhibition in Soft Rot Bacteria,1177-Agricultural Biology,1177,Agricultural Biology,Agricultural Sciences-Academic Units (E1),2022-11-01,2022,2025-10-31,FALSE,20,TDC,Binational Agricultural Research and Development Fund,,Foreign Government,,2021-09-21,2021,Funded,TRUE,129981.26,Binational Agricultural Research and Development Fund,Foreign Government,Direct sponsor reported; prime sponsor unavailable,FALSE,Other,FALSE,FALSE
K000150689,17112131,150689,New,"Yang,Hua","Yang,Hua (Primary PI) 1171; Frazier,Anthony Nathan (Key Person) 1171; Geornaras,Ifigenia (Key Person) 1171; Belk,Keith (Key Person) 1171",CRISPR in Livestock and Food Safety: Beyond Genome Editing,1171-Animal Sciences,1171,Animal Sciences,Agricultural Sciences-Academic Units (E1),2021-09-15,2021,2022-03-15,FALSE,0,No Indirect Cost Allowed,National Cattlemens Beef Association,,Domestic Non-Profit (other than Domestic Foundations),,2021-09-20,2021,Funded,TRUE,8998.69,National Cattlemens Beef Association,Domestic Non-Profit (other than Domestic Foundations),Direct sponsor reported; prime sponsor unavailable,FALSE,Foundation/nonprofit,FALSE,FALSE
K000150672,17112071,150672,Supplement/Additional Funding,"Stewart,Jane E","Stewart,Jane E (Primary PI) 1177","Surveys and Genetic Analyses of Forest Pathogens, Hosts, and Associated Microbes",1177-Agricultural Biology,1177,Agricultural Biology,Agricultural Sciences-Academic Units (E1),2021-06-15,2021,2025-06-14,FALSE,0,No Indirect Cost Allowed,USDA-USFS-Rocky Mtn. Rsrch Station - CO,,Federal,,2021-09-18,2021,,FALSE,125663.07,USDA-USFS-Rocky Mtn. Rsrch Station - CO,Federal,Direct sponsor reported; prime sponsor unavailable,FALSE,Federal,FALSE,FALSE
K000150476,17112063,150476,New,"Thilmany,Dawn D","Thilmany,Dawn D (Primary PI) 1172; Jablonski,Rebecca BR (Co-PI) 1172; Bauman,Allison Gunter (Co-PI) 1172",School Food Procurement: Comparing Costs across Procurement Programs,1172-Agricultural + Resource Economics,1172,Agricultural + Resource Economics,Agricultural Sciences-Academic Units (E1),2021-09-01,2021,2022-08-31,FALSE,15,TDC,Urban School Food Alliance,,Domestic Non-Profit (other than Domestic Foundations),,2021-09-18,2021,Funded,TRUE,65714.95,Urban School Food Alliance,Domestic Non-Profit (other than Domestic Foundations),Direct sponsor reported; prime sponsor unavailable,FALSE,Foundation/nonprofit,TRUE,FALSE
K000149553,17112057,149553,New,"Gaines,Todd A","Gaines,Todd A (Primary PI) 1177; Dayan,Franck E (Co-PI) 1177",Understanding Auxin Herbicide Resistant Weeds and Synergy with Mecoprop and Dichlorprop,1177-Agricultural Biology,1177,Agricultural Biology,Agricultural Sciences-Academic Units (E1),2021-10-01,2021,2024-09-30,FALSE,52,MTDC,Nufarm,,Foreign Commercial,,2021-09-18,2021,Funded,TRUE,255377.56,Nufarm,Foreign Commercial,Direct sponsor reported; prime sponsor unavailable,FALSE,Industry,FALSE,FALSE
K000150548,17112037,150548,New,"Engle,Terry E","Engle,Terry E (Primary PI) 1171",Characterizing the Influence of Trace Mineral Source and Diet Type on Nutrient Digestion and Mineral Availability in Beef,1171-Animal Sciences,1171,Animal Sciences,Agricultural Sciences-Academic Units (E1),2021-09-01,2021,2022-01-31,FALSE,10,TDC,"Micronutrients, LLC",,Domestic Commercial,,2021-09-18,2021,Funded,TRUE,40063.45,"Micronutrients, LLC",Domestic Commercial,Direct sponsor reported; prime sponsor unavailable,FALSE,Industry,FALSE,FALSE
K000150469,17112027,150469,New,"Martin,Jennifer Nicole","Martin,Jennifer Nicole (Primary PI) 1171; Zarestky,Jill (Co-PI) 1588; Namuth-Covert,Deana Michelle (Co-PI) 1171; Enns,Kellie J (Co-PI) 1172",The Linked Education: Providing a Continuum of Experiences in Agricultural Industries and the Food System,1171-Animal Sciences,1171,Animal Sciences,Agricultural Sciences-Academic Units (E1),2021-10-01,2021,2023-03-31,FALSE,15,TDC,Zoma Foundation,,Domestic Foundations,,2021-09-18,2021,Funded,TRUE,349990.64,Zoma Foundation,Domestic Foundations,Direct sponsor reported; prime sponsor unavailable,FALSE,Foundation/nonprofit,FALSE,FALSE
K000150421,17112021,150421,New,"Narayanan Nair,Mahesh","Narayanan Nair,Mahesh (Primary PI) 1171; Morgan,James Brad (Key Person) 1171; Weir,Tiffany L (Key Person) 1571",Iron Bioavailability of Animal and Plant Based Proteins,1171-Animal Sciences,1171,Animal Sciences,Agricultural Sciences-Academic Units (E1),2022-01-01,2022,2023-03-31,FALSE,0,TDC,National Cattlemens Beef Association,,Domestic Non-Profit (other than Domestic Foundations),,2021-09-18,2021,Funded,TRUE,46898.43,National Cattlemens Beef Association,Domestic Non-Profit (other than Domestic Foundations),Direct sponsor reported; prime sponsor unavailable,FALSE,Foundation/nonprofit,FALSE,FALSE
K000150453,17112017,150453,New,"Engle,Terry E","Engle,Terry E (Primary PI) 1171",Effects of Trace Mineral Source on Digestion Characteristics in Fistulated Beef Steers,1171-Animal Sciences,1171,Animal Sciences,Agricultural Sciences-Academic Units (E1),2021-10-01,2021,2022-09-30,FALSE,10,TDC,"Micronutrients, LLC",,Domestic Commercial,,2021-09-18,2021,Funded,TRUE,30000.54,"Micronutrients, LLC",Domestic Commercial,Direct sponsor reported; prime sponsor unavailable,FALSE,Industry,FALSE,FALSE
K000150370,17112013,150370,New,"Jablonski,Rebecca BR","Jablonski,Rebecca BR (Primary PI) 1172","Colorado Food Summit 2.0: Moving Towards Increasing Diversity, Equity and Inclusion",1172-Agricultural + Resource Economics,1172,Agricultural + Resource Economics,Agricultural Sciences-Academic Units (E1),2021-08-01,2021,2022-03-31,FALSE,34,MTDC,The Beacon Fund,,Domestic Commercial,,2021-09-17,2021,Funded,TRUE,98637.92,The Beacon Fund,Domestic Commercial,Direct sponsor reported; prime sponsor unavailable,FALSE,Industry,TRUE,FALSE
K000150298,17112007,150298,New,"Minas,Ioannis","Minas,Ioannis (Primary PI) 1173; Sharp,Julia L (Co-PI) 1877","Accurate Non-Destructive Sensor To Assess Peach Fruit Maturity, Internal Quality And Storage Related Disorders",1173-Horticulture + Landscape Architecture,1173,Horticulture + Landscape Architecture,Agricultural Sciences-Academic Units (E1),2022-01-01,2022,2025-12-31,FALSE,42.85,TDC,USDA-NIFA-National Institute of Food and Agriculture,,Federal,,2021-09-17,2021,,FALSE,649937.61,USDA-NIFA-National Institute of Food and Agriculture,Federal,Direct sponsor reported; prime sponsor unavailable,FALSE,Federal,FALSE,FALSE
K000150452,17111900,150452,New,"Gaines,Todd A","Gaines,Todd A (Primary PI) 1177","Comparison of Inzen, igrowth and Double Team Sorghum Technologies",1177-Agricultural Biology,1177,Agricultural Biology,Agricultural Sciences-Academic Units (E1),2021-07-01,2021,2022-06-30,FALSE,0,No Indirect Cost Allowed,United Sorghum Checkoff Program,,Domestic Non-Profit (other than Domestic Foundations),,2021-09-16,2021,Funded,TRUE,9999.54,United Sorghum Checkoff Program,Domestic Non-Profit (other than Domestic Foundations),Direct sponsor reported; prime sponsor unavailable,FALSE,Foundation/nonprofit,FALSE,FALSE
K000150610,17111864,150610,New,"Cotrufo,Maria Francesca","Cotrufo,Maria Francesca (Primary PI) 1170",Soil C Cycling in Irrigated Agroecosystems,1170-Soil + Crop Sciences,1170,Soil + Crop Sciences,Agricultural Sciences-Academic Units (E1),2021-07-15,2021,2024-07-14,FALSE,0,TDC,USDA-ARS-Agricultural Research Service,,Federal,,2021-09-16,2021,Funded,TRUE,29999.98,USDA-ARS-Agricultural Research Service,Federal,Direct sponsor reported; prime sponsor unavailable,FALSE,Federal,FALSE,FALSE
K000150409,17110951,150409,Supplement/Additional Funding,"Andales,Allan A","Andales,Allan A (Primary PI) 1170",Determination of Consumptive Water Use of Winter Wheat in the Arkansas Valley - FY22,1170-Soil + Crop Sciences,1170,Soil + Crop Sciences,Agricultural Sciences-Academic Units (E1),2021-07-01,2021,2022-06-30,FALSE,15,TDC,Colorado Water Conservation Board,,State of Colorado,,2021-08-25,2021,Funded,TRUE,50179.79,Colorado Water Conservation Board,State of Colorado,Direct sponsor reported; prime sponsor unavailable,FALSE,State,FALSE,FALSE
K000150492,17110922,150492,New,"Klett,James E","Klett,James E (Primary PI) 1173",IR-4 Minor Crop Pest Management (2021),1173-Horticulture + Landscape Architecture,1173,Horticulture + Landscape Architecture,Agricultural Sciences-Academic Units (E1),2021-08-01,2021,2022-07-31,FALSE,0,No Indirect Cost Allowed,"University of California, Davis",USDA-NIFA-National Institute of Food and Agriculture,Other Domestic Higher Education,Federal,2021-08-24,2021,Funded,TRUE,17999.27,USDA-NIFA-National Institute of Food and Agriculture,Federal,Prime sponsor reported; direct sponsor is pass-through,TRUE,Federal,FALSE,FALSE
K000150466,17110918,150466,Supplement/Additional Funding,"Melzer,Susan E","Melzer,Susan E (Primary PI) 1170",MLRA Soil Survey Office Support 2021,1170-Soil + Crop Sciences,1170,Soil + Crop Sciences,Agricultural Sciences-Academic Units (E1),2021-01-01,2021,2021-12-31,FALSE,10,TDC,USDA-NRCS-Natural Resources Consvtn Srv,,Federal,,2021-08-24,2021,,FALSE,4999.2,USDA-NRCS-Natural Resources Consvtn Srv,Federal,Direct sponsor reported; prime sponsor unavailable,FALSE,Federal,FALSE,FALSE
K000150094,17110910,150094,New,"Stewart,Jane E","Stewart,Jane E (Primary PI) 1177",Identification of a New Biscogniauxia Species on Oaks in the Southwest,1177-Agricultural Biology,1177,Agricultural Biology,Agricultural Sciences-Academic Units (E1),2022-03-26,2022,2025-03-25,FALSE,15,TDC,USDA-USFS-Pacific SW,,Federal,,2021-08-24,2021,Funded,TRUE,7400.1,USDA-USFS-Pacific SW,Federal,Direct sponsor reported; prime sponsor unavailable,FALSE,Federal,FALSE,FALSE
K000150463,17110629,150463,Supplement/Additional Funding,"Pottorff,Laura Pickett","Pottorff,Laura Pickett (Primary PI) 1170",Colorado Seed Growers Association FY22,1170-Soil + Crop Sciences,1170,Soil + Crop Sciences,Agricultural Sciences-Academic Units (E1),2021-07-01,2021,2022-06-30,FALSE,0,No Indirect Cost Allowed,Colorado Seed Growers Association,,Domestic Non-Profit (other than Domestic Foundations),,2021-08-19,2021,Funded,TRUE,235899.82,Colorado Seed Growers Association,Domestic Non-Profit (other than Domestic Foundations),Direct sponsor reported; prime sponsor unavailable,FALSE,Foundation/nonprofit,FALSE,FALSE
K000150415,17110172,150415,New,"Leach,Jan E","Leach,Jan E (Primary PI) 1177",Plant-Pathogen Transcriptomics Approaches to Understand the Effect of High Temperature on Bacterial Diseases of Rice,1177-Agricultural Biology,1177,Agricultural Biology,Agricultural Sciences-Academic Units (E1),2022-01-01,2022,2026-12-31,FALSE,52,MTDC,University of Arkansas for Medical Sciences,NSF-National Science Foundation,Other Domestic Higher Education,Federal,2021-08-12,2021,,FALSE,1191411.7,NSF-National Science Foundation,Federal,Prime sponsor reported; direct sponsor is pass-through,TRUE,Federal,FALSE,FALSE
K000150268,17110163,150268,New,"Nalam,Vamsi","Nalam,Vamsi (Primary PI) 1177","Hello Darkness, My Old Friend: Do Aphids Use Night-Time Feeding to Overcome Plant Defenses?",1177-Agricultural Biology,1177,Agricultural Biology,Agricultural Sciences-Academic Units (E1),2022-01-03,2022,2027-01-02,FALSE,52,MTDC,NSF-National Science Foundation,,Federal,,2021-08-12,2021,,FALSE,1614821.53,NSF-National Science Foundation,Federal,Direct sponsor reported; prime sponsor unavailable,FALSE,Federal,FALSE,FALSE
K000150190,17110159,150190,Supplement/Additional Funding,"Bayham,Jude","Bayham,Jude (Primary PI) 1172",COVID 19: Modeling COVID-19 to Support the State Government FY22,1172-Agricultural + Resource Economics,1172,Agricultural + Resource Economics,Agricultural Sciences-Academic Units (E1),2021-07-01,2021,2022-06-30,FALSE,34,MTDC,Colorado School of Public Health Center for Global Health,Colorado Department of Public Health and Environment,State of Colorado Higher Education,State of Colorado,2021-08-12,2021,Funded,TRUE,127039.86,Colorado Department of Public Health and Environment,State of Colorado,Prime sponsor reported; direct sponsor is pass-through,TRUE,State,TRUE,FALSE
K000150422,17109844,150422,Continuation,"Dalsted,Norman L","Dalsted,Norman L (Primary PI) 1172; Fetsch,Robert J (Co-PI) 1570",Colorado AgrAbility Project - FY22,1172-Agricultural + Resource Economics,1172,Agricultural + Resource Economics,Agricultural Sciences-Academic Units (E1),2021-09-01,2021,2022-08-31,FALSE,0,No Indirect Cost Allowed,USDA-NIFA-National Institute of Food and Agriculture,,Federal,,2021-08-06,2021,,FALSE,183840.23,USDA-NIFA-National Institute of Food and Agriculture,Federal,Direct sponsor reported; prime sponsor unavailable,FALSE,Federal,TRUE,FALSE
K000150096,17109833,150096,New,"Paustian,Keith H","Paustian,Keith H (Primary PI) 1170; Zhang,Yao (Co-PI) 1499; Ogle,Stephen M (Co-PI) 1476",Measuring and Modeling C Stock Changes and GHG Emission/Removal on Grass and Tree Cover CRP in the US,1170-Soil + Crop Sciences,1170,Soil + Crop Sciences,Agricultural Sciences-Academic Units (E1),2021-09-30,2021,2025-09-29,FALSE,10,TDC,USDA-FSA-Farm Service Agency,,Federal,,2021-08-06,2021,,FALSE,8383688.63,USDA-FSA-Farm Service Agency,Federal,Direct sponsor reported; prime sponsor unavailable,FALSE,Federal,FALSE,FALSE
K000150136,17109648,150136,New,"Ippolito,Jim","Ippolito,Jim (Primary PI) 1170",Investigating Naturally Revegetated Chat-Contaminated Soils-Assisted Revegetation,1170-Soil + Crop Sciences,1170,Soil + Crop Sciences,Agricultural Sciences-Academic Units (E1),2021-04-01,2021,2022-03-31,FALSE,10,TDC,USDA-ARS-Agricultural Research Service,,Federal,,2021-08-02,2021,Funded,TRUE,60000.4,USDA-ARS-Agricultural Research Service,Federal,Direct sponsor reported; prime sponsor unavailable,FALSE,Federal,FALSE,FALSE
K000149266,17109606,149266,New,"Morris,Geoffrey Preston","Morris,Geoffrey Preston (Primary PI) 1170",Bridging the Genome-to-Phenome Breeding Gap for Water-Efficient Crop Yields (G2P Bridge),1170-Soil + Crop Sciences,1170,Soil + Crop Sciences,Agricultural Sciences-Academic Units (E1),2020-08-15,2020,2022-12-31,FALSE,11.11,TDC,Foundation for Food & Agriculture Research,,Domestic Non-Profit (other than Domestic Foundations),,2021-08-02,2021,Funded,TRUE,789633.74,Foundation for Food & Agriculture Research,Domestic Non-Profit (other than Domestic Foundations),Direct sponsor reported; prime sponsor unavailable,FALSE,Foundation/nonprofit,FALSE,FALSE
K000150398,17109552,150398,Supplement/Additional Funding,"Paustian,Keith H","Paustian,Keith H (Primary PI) 1170; Easter,Mark J (Co-PI) 1499",Enhancing Functionality and Use of COMET Greenhouse Gas Assessment and Water Quality Tools - Amendment #2,1170-Soil + Crop Sciences,1170,Soil + Crop Sciences,Agricultural Sciences-Academic Units (E1),2021-10-01,2021,2022-09-30,FALSE,10,TDC,USDA-NRCS-Natural Resources Consvtn Srv,,Federal,,2021-07-30,2021,,FALSE,89999.13,USDA-NRCS-Natural Resources Consvtn Srv,Federal,Direct sponsor reported; prime sponsor unavailable,FALSE,Federal,FALSE,FALSE
K000150401,17109532,150401,Supplement/Additional Funding,"Paustian,Keith H","Paustian,Keith H (Primary PI) 1170; Easter,Mark J (Co-PI) 1499",Enhancing Functionality and Use of COMET Greenhouse Gas Assessment and Water Quality tools - Amendment #3,1170-Soil + Crop Sciences,1170,Soil + Crop Sciences,Agricultural Sciences-Academic Units (E1),2021-10-01,2021,2024-09-30,FALSE,10,TDC,USDA-NRCS-Natural Resources Consvtn Srv,,Federal,,2021-07-30,2021,,FALSE,314972.71,USDA-NRCS-Natural Resources Consvtn Srv,Federal,Direct sponsor reported; prime sponsor unavailable,FALSE,Federal,FALSE,FALSE
K000150363,17109526,150363,Supplement/Additional Funding,"Paustian,Keith H","Paustian,Keith H (Primary PI) 1170; Easter,Mark J (Co-PI) 1499",Enhancing Functionality and Use of COMET Greenhouse Gas Assessment and Water Quality tools - Amendment #1,1170-Soil + Crop Sciences,1170,Soil + Crop Sciences,Agricultural Sciences-Academic Units (E1),2021-10-01,2021,2022-09-30,FALSE,10,TDC,USDA-NRCS-Natural Resources Consvtn Srv,,Federal,,2021-07-30,2021,,FALSE,499999.44,USDA-NRCS-Natural Resources Consvtn Srv,Federal,Direct sponsor reported; prime sponsor unavailable,FALSE,Federal,FALSE,FALSE
K000150086,17109494,150086,New,"Countryman,Amanda Marie","Countryman,Amanda Marie (Primary PI) 1172","Implications of a U.S.-Southeast Asia (ASEAN) Trade Agreement: A Focus on Trade, Macroeconomic, and Sector-Specific Outcomes",1172-Agricultural + Resource Economics,1172,Agricultural + Resource Economics,Agricultural Sciences-Academic Units (E1),2021-09-01,2021,2022-08-31,FALSE,10,TDC,University of Tennessee,USDA-Foreign Agricultural Service,Other Domestic Higher Education,Federal,2021-07-30,2021,Funded,TRUE,32899.99,USDA-Foreign Agricultural Service,Federal,Prime sponsor reported; direct sponsor is pass-through,TRUE,Federal,TRUE,FALSE
K000149750,17109484,149750,New,"McKay,John K","McKay,John K (Primary PI) 1177; Mooney,Daniel F (Co-PI) 1172; Graff,Gregory D (Co-PI) 1172; Cotrufo,Maria Francesca (Co-PI) 1170",Integrating Novel Maize Root Genetics with High Throughput Soil Analyses to Bring Carbon Farming to Scale,1177-Agricultural Biology,1177,Agricultural Biology,Agricultural Sciences-Academic Units (E1),2022-02-01,2022,2025-01-31,FALSE,11.11,TDC,Foundation for Food & Agriculture Research,,Domestic Non-Profit (other than Domestic Foundations),,2021-07-30,2021,,FALSE,997987.28,Foundation for Food & Agriculture Research,Domestic Non-Profit (other than Domestic Foundations),Direct sponsor reported; prime sponsor unavailable,FALSE,Foundation/nonprofit,FALSE,FALSE
K000150299,17109471,150299,Supplement/Additional Funding,"Stewart,Jane E","Stewart,Jane E (Primary PI) 1177",Drought Responses of Walnut Inoculated with Geosmithia Morbida,1177-Agricultural Biology,1177,Agricultural Biology,Agricultural Sciences-Academic Units (E1),2021-07-01,2021,2022-06-30,FALSE,0,No Indirect Cost Allowed,USDA-USFS-Rocky Mtn. Rsrch Station - CO,,Federal,,2021-07-30,2021,,FALSE,30000,USDA-USFS-Rocky Mtn. Rsrch Station - CO,Federal,Direct sponsor reported; prime sponsor unavailable,FALSE,Federal,FALSE,FALSE
K000150300,17109386,150300,New,"Trivedi,Pankaj","Trivedi,Pankaj (Primary PI) 1177; Suter,Jordan (Co-PI) 1172; Wallenstein,Matthew (Co-PI) 1170",Microbial Game of Thrones: Mechanisms Governing the Colonization and Vanquishment of Aliens in Plant Environments,1177-Agricultural Biology,1177,Agricultural Biology,Agricultural Sciences-Academic Units (E1),2021-10-15,2021,2024-10-14,FALSE,42.85,TDC,USDA-NIFA-National Institute of Food and Agriculture,,Federal,,2021-07-29,2021,,FALSE,847334.5,USDA-NIFA-National Institute of Food and Agriculture,Federal,Direct sponsor reported; prime sponsor unavailable,FALSE,Federal,FALSE,FALSE
K000150345,17109352,150345,New,"Ippolito,Jim","Ippolito,Jim (Primary PI) 1170",Expansion of the PDI Data Management Tools Suites and Systems to Directly Support APHIS PPQ Funding Citrus Programs,1170-Soil + Crop Sciences,1170,Soil + Crop Sciences,Agricultural Sciences-Academic Units (E1),2021-10-01,2021,2023-09-30,FALSE,10,TDC,USDA-APHIS-Animal Plant Health Insp Srvc,,Federal,,2021-07-28,2021,Funded,TRUE,405803.52,USDA-APHIS-Animal Plant Health Insp Srvc,Federal,Direct sponsor reported; prime sponsor unavailable,FALSE,Federal,FALSE,FALSE
K000150154,17109034,150154,New,"Ippolito,Jim","Ippolito,Jim (Primary PI) 1170; Ham,Jay M (Co-PI) 1170",Developing a Sustainable Water Conservation Management Program through the Implementation of Innovative Soil Health Management Practices in the Colorado River Basin,1170-Soil + Crop Sciences,1170,Soil + Crop Sciences,Agricultural Sciences-Academic Units (E1),2022-01-01,2022,2025-12-31,FALSE,11.11,TDC,EcoGem,Foundation for Food & Agriculture Research,Domestic Commercial,Domestic Non-Profit (other than Domestic Foundations),2021-07-26,2021,,FALSE,388868.02,Foundation for Food & Agriculture Research,Domestic Non-Profit (other than Domestic Foundations),Prime sponsor reported; direct sponsor is pass-through,FALSE,Foundation/nonprofit,FALSE,FALSE
K000150091,17109026,150091,New,"Gutierrez-Rodriguez,Eduardo","Gutierrez-Rodriguez,Eduardo (Primary PI) 1173; Uchanski,Mark E (Co-PI) 1173; Prenni,Jessica E (Co-PI) 1173","Development of Novel Irrigation Water Sanitation Treatments and Their Impact on Ground Water, Soil Health, Plant Productivity and Rhizosphere Microbial Communities",1173-Horticulture + Landscape Architecture,1173,Horticulture + Landscape Architecture,Agricultural Sciences-Academic Units (E1),2022-01-06,2022,2025-01-05,FALSE,11.11,TDC,Foundation for Food & Agriculture Research,,Domestic Non-Profit (other than Domestic Foundations),,2021-07-26,2021,,FALSE,732875.52,Foundation for Food & Agriculture Research,Domestic Non-Profit (other than Domestic Foundations),Direct sponsor reported; prime sponsor unavailable,FALSE,Foundation/nonprofit,FALSE,FALSE
K000150042,17109020,150042,New,"Heuberger,Adam L","Heuberger,Adam L (Primary PI) 1173; Joshi,Janak Raj (Co-PI) 1173",Development of PVY and Blackleg Resistant Potato Breeding Lines,1173-Horticulture + Landscape Architecture,1173,Horticulture + Landscape Architecture,Agricultural Sciences-Academic Units (E1),2021-07-01,2021,2022-06-30,FALSE,0,No Indirect Cost Allowed,Colorado Potato Administrative Committee,,Domestic Non-Profit (other than Domestic Foundations),,2021-07-26,2021,Funded,TRUE,30000.27,Colorado Potato Administrative Committee,Domestic Non-Profit (other than Domestic Foundations),Direct sponsor reported; prime sponsor unavailable,FALSE,Foundation/nonprofit,FALSE,FALSE
K000149964,17108892,149964,New,"Wardle,Erik M","Wardle,Erik M (Primary PI) 1170; Bauder,Troy A (Co-PI) 3001",Training and Education for Agricultural Chemicals and Groundwater Protection - FY22,1170-Soil + Crop Sciences,1170,Soil + Crop Sciences,Agricultural Sciences-Academic Units (E1),2021-07-01,2021,2022-06-30,FALSE,1.6,TDC,Colorado Department of Agriculture,,State of Colorado,,2021-07-23,2021,Funded,TRUE,474973.98,Colorado Department of Agriculture,State of Colorado,Direct sponsor reported; prime sponsor unavailable,FALSE,State,FALSE,FALSE
K000150072,17108885,150072,New,"Hill,Alexandra E","Hill,Alexandra E (Primary PI) 1172",Haste Makes Waste: Measuring the Economic Costs of Speed and Quality Trade-Offs in Fresh Fruit Production,1172-Agricultural + Resource Economics,1172,Agricultural + Resource Economics,Agricultural Sciences-Academic Units (E1),2022-01-01,2022,2024-12-31,FALSE,25.56,TDC,USDA-NIFA-National Institute of Food and Agriculture,,Federal,,2021-07-23,2021,Funded,TRUE,647352.67,USDA-NIFA-National Institute of Food and Agriculture,Federal,Direct sponsor reported; prime sponsor unavailable,FALSE,Federal,TRUE,FALSE
K000150288,17108881,150288,New,"Tembrock,Luke R","Tembrock,Luke R (Primary PI) 1177",Screening OWB trap samples (FY21),1177-Agricultural Biology,1177,Agricultural Biology,Agricultural Sciences-Academic Units (E1),2021-09-30,2021,2022-09-29,FALSE,10,TDC,USDA-APHIS-Animal Plant Health Insp Srvc,,Federal,,2021-07-23,2021,Funded,TRUE,50000.77,USDA-APHIS-Animal Plant Health Insp Srvc,Federal,Direct sponsor reported; prime sponsor unavailable,FALSE,Federal,FALSE,FALSE
K000149953,17108869,149953,New,"Ham,Jay M","Ham,Jay M (Primary PI) 1170; Clark,Nathan (Co-PI) 1172; Andales,Allan A (Co-PI) 1170; Namuth-Covert,Deana Michelle (Co-PI) 1171; Enns,Kellie J (Co-PI) 1172",Student Driven Precision Tools for Sustaining Crop Water Resources and Soil Health,1170-Soil + Crop Sciences,1170,Soil + Crop Sciences,Agricultural Sciences-Academic Units (E1),2022-01-01,2022,2022-12-31,FALSE,11.11,TDC,CHS Foundation,,Domestic Foundations,,2021-07-23,2021,Funded,TRUE,256724.88,CHS Foundation,Domestic Foundations,Direct sponsor reported; prime sponsor unavailable,FALSE,Foundation/nonprofit,FALSE,FALSE
K000150293,17108865,150293,New,"Thilmany,Dawn D","Thilmany,Dawn D (Primary PI) 1172",Assessing Sustainable Development Goals: Six Cross-Nationally Comparable Agri-Food Pilot Studies,1172-Agricultural + Resource Economics,1172,Agricultural + Resource Economics,Agricultural Sciences-Academic Units (E1),2021-08-01,2021,2023-07-31,FALSE,0,No Indirect Cost Allowed,USDA-ERS-Economic Research Service,,Federal,,2021-07-23,2021,Funded,TRUE,240000.66,USDA-ERS-Economic Research Service,Federal,Direct sponsor reported; prime sponsor unavailable,FALSE,Federal,TRUE,FALSE
K000150148,17108796,150148,New,"Nalam,Vamsi","Nalam,Vamsi (Primary PI) 1177",Genomics-Assisted Disease Resistance Gene Mining of the Sugar Beet Wild Relative Beta Corolliflora,1177-Agricultural Biology,1177,Agricultural Biology,Agricultural Sciences-Academic Units (E1),2021-07-01,2021,2023-12-31,FALSE,0,No Indirect Cost Allowed,USDA-ARS-Agricultural Research Service,,Federal,,2021-07-21,2021,Funded,TRUE,55000,USDA-ARS-Agricultural Research Service,Federal,Direct sponsor reported; prime sponsor unavailable,FALSE,Federal,FALSE,FALSE
K000150037,17108788,150037,New,"Hill,Rebecca Lynn","Hill,Rebecca Lynn (Primary PI) 1172; Jablonski,Rebecca BR (Co-PI) 1172; Ishiwata,Eric (Co-PI) 1790",Expanding a Successful Extension Internship Program to Support Workforce Development among Underrepresented and Economically Disadvantaged Students,1172-Agricultural + Resource Economics,1172,Agricultural + Resource Economics,Agricultural Sciences-Academic Units (E1),2021-09-15,2021,2026-09-14,FALSE,52,MTDC,USDA-NIFA-National Institute of Food and Agriculture,,Federal,,2021-07-21,2021,,FALSE,749979.56,USDA-NIFA-National Institute of Food and Agriculture,Federal,Direct sponsor reported; prime sponsor unavailable,FALSE,Federal,TRUE,FALSE
K000150070,17108784,150070,New,"Hill,Alexandra E","Hill,Alexandra E (Primary PI) 1172",Labor Markets and the Impacts of Environmental Stresses and Conservation Policies on US Agriculture,1172-Agricultural + Resource Economics,1172,Agricultural + Resource Economics,Agricultural Sciences-Academic Units (E1),2022-01-01,2022,2025-12-31,FALSE,42.85,TDC,Purdue University,USDA-NIFA-National Institute of Food and Agriculture,Other Domestic Higher Education,Federal,2021-07-21,2021,Funded,TRUE,92882.34,USDA-NIFA-National Institute of Food and Agriculture,Federal,Prime sponsor reported; direct sponsor is pass-through,TRUE,Federal,TRUE,FALSE
K000147467,17107860,147467,New,"Stewart,Jane E","Stewart,Jane E (Primary PI) 1177",Annotation of Passalora sequoiae genome,1177-Agricultural Biology,1177,Agricultural Biology,Agricultural Sciences-Academic Units (E1),2020-11-09,2020,2023-12-31,FALSE,0,No Indirect Cost Allowed,USDA-ARS-Agricultural Research Service,,Federal,,2021-07-15,2021,Funded,TRUE,15000.16,USDA-ARS-Agricultural Research Service,Federal,Direct sponsor reported; prime sponsor unavailable,FALSE,Federal,FALSE,FALSE
K000149585,17107613,149585,Supplement/Additional Funding,"Wallenstein,Matthew","Wallenstein,Matthew (Primary PI) 1170",Plant Genetic Resources for Tropical Crop Collections,1170-Soil + Crop Sciences,1170,Soil + Crop Sciences,Agricultural Sciences-Academic Units (E1),2021-09-01,2021,2022-08-31,FALSE,0,No Indirect Cost Allowed,USDA-ARS-Agricultural Research Service,,Federal,,2021-07-13,2021,,FALSE,11999.87,USDA-ARS-Agricultural Research Service,Federal,Direct sponsor reported; prime sponsor unavailable,FALSE,Federal,FALSE,FALSE
K000150155,17107607,150155,New,"Trivedi,Pankaj","Trivedi,Pankaj (Primary PI) 1177; Wallenstein,Matthew (Co-PI) 1170",Biostabilization of Soils and Sediments: Microbial-Environmental Controls on Erodibility (BLISS),1177-Agricultural Biology,1177,Agricultural Biology,Agricultural Sciences-Academic Units (E1),2021-09-15,2021,2024-09-14,FALSE,52,MTDC,NSF-National Science Foundation,,Federal,,2021-07-13,2021,,FALSE,448152.32,NSF-National Science Foundation,Federal,Direct sponsor reported; prime sponsor unavailable,FALSE,Federal,FALSE,FALSE
K000150183,17107584,150183,New,"Jablonski,Kevin E","Jablonski,Kevin E (Primary PI) 1171","Development, Validation, and Implementation of a Novel Unified Technology Platform for Use in Livestock Production Systems",1171-Animal Sciences,1171,Animal Sciences,Agricultural Sciences-Academic Units (E1),2021-10-01,2021,2024-09-30,FALSE,52,MTDC,Texas A and M University,USDA-NIFA-National Institute of Food and Agriculture,Other Domestic Higher Education,Federal,2021-07-13,2021,,FALSE,174586.45,USDA-NIFA-National Institute of Food and Agriculture,Federal,Prime sponsor reported; direct sponsor is pass-through,TRUE,Federal,FALSE,FALSE
K000150212,17106786,150212,New,"Andales,Allan A","Andales,Allan A (Primary PI) 1170","Developing Irrigation Infrastructure at CSU-ARDEC to Support Innovative Research in Irrigation Efficiency, Water Use, and Re-use",1170-Soil + Crop Sciences,1170,Soil + Crop Sciences,Agricultural Sciences-Academic Units (E1),2021-11-01,2021,2023-10-31,FALSE,15,TDC,Colorado Water Conservation Board,,State of Colorado,,2021-07-06,2021,,FALSE,588249.54,Colorado Water Conservation Board,State of Colorado,Direct sponsor reported; prime sponsor unavailable,FALSE,State,FALSE,FALSE
K000148066,17106769,148066,New,"Trivedi,Pankaj","Trivedi,Pankaj (Primary PI) 1177; Leach,Jan E (Co-PI) 1177",Drought-Quenching Probiotics (DROPS): Engineering the Evolutionary and Functional Potential of Microbiomes for Plant Health,1177-Agricultural Biology,1177,Agricultural Biology,Agricultural Sciences-Academic Units (E1),2021-09-15,2021,2025-09-14,FALSE,52,MTDC,NSF-National Science Foundation,,Federal,,2021-07-06,2021,,FALSE,1214214.13,NSF-National Science Foundation,Federal,Direct sponsor reported; prime sponsor unavailable,FALSE,Federal,FALSE,FALSE
K000150014,17106525,150014,Supplement/Additional Funding,"Pearce,Stephen P","Pearce,Stephen P (Primary PI) 1170; Mason,Richard Esten (Co-PI) 1170","Validation, Characterization and Deployment of QTL for Grain Yield Components in Wheat",1170-Soil + Crop Sciences,1170,Soil + Crop Sciences,Agricultural Sciences-Academic Units (E1),2021-05-15,2021,2021-11-14,FALSE,42.85,TDC,"University of California, Davis",USDA-NIFA-National Institute of Food and Agriculture,Other Domestic Higher Education,Federal,2021-06-30,2021,,FALSE,57883.32,USDA-NIFA-National Institute of Food and Agriculture,Federal,Prime sponsor reported; direct sponsor is pass-through,TRUE,Federal,FALSE,FALSE
K000149946,17106521,149946,New,"Paustian,Keith H","Paustian,Keith H (Primary PI) 1170",Determining the Greenhouse Gas Mitigation Potential of High-Density Apple Orchards in the Great Lakes Region,1170-Soil + Crop Sciences,1170,Soil + Crop Sciences,Agricultural Sciences-Academic Units (E1),2021-09-01,2021,2025-08-31,FALSE,42.85,TDC,Michigan State University,USDA-NIFA-National Institute of Food and Agriculture,Other Domestic Higher Education,Federal,2021-06-30,2021,,FALSE,28522.25,USDA-NIFA-National Institute of Food and Agriculture,Federal,Prime sponsor reported; direct sponsor is pass-through,TRUE,Federal,FALSE,FALSE
K000150011,17106510,150011,New,"Johnson,Jerry J","Johnson,Jerry J (Primary PI) 1170; Jones-Diamond,Sally Marie (Co-PI) 1170",CSU Corn Hybrid Testing,1170-Soil + Crop Sciences,1170,Soil + Crop Sciences,Agricultural Sciences-Academic Units (E1),2021-07-01,2021,2022-06-30,FALSE,0,No Indirect Cost Allowed,Colorado Corn Administrative Committee,,Domestic Non-Profit (other than Domestic Foundations),,2021-06-30,2021,Funded,TRUE,5000.14,Colorado Corn Administrative Committee,Domestic Non-Profit (other than Domestic Foundations),Direct sponsor reported; prime sponsor unavailable,FALSE,Foundation/nonprofit,FALSE,FALSE
K000149782,17106494,149782,New,"Fulladolsa Palma,Ana Cristina","Fulladolsa Palma,Ana Cristina (Primary PI) 1177",Great Plains Diagnostic Network: Colorado State University Laboratory 2021-2022,1177-Agricultural Biology,1177,Agricultural Biology,Agricultural Sciences-Academic Units (E1),2021-09-01,2021,2022-08-31,FALSE,10,TDC,Kansas State University,USDA-NIFA-National Institute of Food and Agriculture,Other Domestic Higher Education,Federal,2021-06-30,2021,Funded,TRUE,29997.77,USDA-NIFA-National Institute of Food and Agriculture,Federal,Prime sponsor reported; direct sponsor is pass-through,TRUE,Federal,FALSE,FALSE
K000149965,17106476,149965,New,"Engle,Terry E","Engle,Terry E (Primary PI) 1171; Wagner,John Joseph (Co-PI) 1171","Influence of DFM on Growth Performance, Carcass Data, Estimated Dry Matter Digestibility, and Immune Function in Finishing Beef Steers",1171-Animal Sciences,1171,Animal Sciences,Agricultural Sciences-Academic Units (E1),2021-07-01,2021,2022-12-30,FALSE,34,MTDC,"Chr. Hansen, Inc.",,Domestic Commercial,,2021-06-30,2021,Funded,TRUE,230439.39,"Chr. Hansen, Inc.",Domestic Commercial,Direct sponsor reported; prime sponsor unavailable,FALSE,Industry,FALSE,FALSE
K000149969,17106422,149969,New,"Narayanan Nair,Mahesh","Narayanan Nair,Mahesh (Primary PI) 1171",Advancing Innovations in Value-Addition of Meat Byproducts,1171-Animal Sciences,1171,Animal Sciences,Agricultural Sciences-Academic Units (E1),2022-08-01,2022,2026-07-31,FALSE,42.85,TDC,University of Georgia,USDA-NIFA-National Institute of Food and Agriculture,Other Domestic Higher Education,Federal,2021-06-30,2021,,FALSE,138244.17,USDA-NIFA-National Institute of Food and Agriculture,Federal,Prime sponsor reported; direct sponsor is pass-through,TRUE,Federal,FALSE,FALSE
K000149736,17106413,149736,New,"Mueller,Nathaniel Dean","Mueller,Nathaniel Dean (Primary PI) 1476; King,Alison Elinor (Co-PI) 1170; Cotrufo,Maria Francesca (Co-PI) 1170",Is there a Non-Provisioning Role for Soil Organic Matter in Reducing Crop Exposure to Hydrologic Hazards?,1170-Soil + Crop Sciences,1170,Soil + Crop Sciences,Agricultural Sciences-Academic Units (E1),2022-07-01,2022,2025-06-30,FALSE,42.85,TDC,USDA-NIFA-National Institute of Food and Agriculture,,Federal,,2021-06-30,2021,,FALSE,649994.36,USDA-NIFA-National Institute of Food and Agriculture,Federal,Direct sponsor reported; prime sponsor unavailable,FALSE,Federal,FALSE,FALSE
K000149725,17106408,149725,New,"Jablonski,Kevin E","Jablonski,Kevin E (Primary PI) 1171",Rangeland Health Condition Assessments for Livestock Allotments at Black Canyon of the Gunnison National Park and Curecanti National Recreation Area,1171-Animal Sciences,1171,Animal Sciences,Agricultural Sciences-Academic Units (E1),2021-06-01,2021,2022-01-31,FALSE,17.5,TDC,DOI-NPS-National Park Service,,Federal,,2021-06-30,2021,Funded,TRUE,20929.9,DOI-NPS-National Park Service,Federal,Direct sponsor reported; prime sponsor unavailable,FALSE,Federal,FALSE,FALSE
K000148840,17106404,148840,New,"Minas,Ioannis","Minas,Ioannis (Primary PI) 1173","Developing Accurate Non-Destructive Technology Using Vis-NIRS to Access Peach Fruit Maturity, Internal Quality and Storage Related Disorders",1173-Horticulture + Landscape Architecture,1173,Horticulture + Landscape Architecture,Agricultural Sciences-Academic Units (E1),2022-01-01,2022,2023-11-01,FALSE,0,No Indirect Cost Allowed,Colorado Department of Agriculture,USDA-AMS-Agricultural Marketing Service,State of Colorado,Federal,2021-06-30,2021,Funded,TRUE,59757.85,USDA-AMS-Agricultural Marketing Service,Federal,Prime sponsor reported; direct sponsor is pass-through,FALSE,Federal,FALSE,FALSE
K000148633,17106396,148633,New,"Gutierrez-Rodriguez,Eduardo","Gutierrez-Rodriguez,Eduardo (Primary PI) 1173; Uchanski,Mark E (Co-PI) 1173; Prenni,Jessica E (Co-PI) 1173",Develop and Assess Current and Novel Irrigation Water Sanitation Treatments to Assist Growers in Controlling Human Pathogen Cross-Contamination of Irrigation Water Used in Leafy Green Production and M,1173-Horticulture + Landscape Architecture,1173,Horticulture + Landscape Architecture,Agricultural Sciences-Academic Units (E1),2022-01-01,2022,2025-12-31,FALSE,31,TDC,USDA-NIFA-National Institute of Food and Agriculture,,Federal,,2021-06-30,2021,,FALSE,1856171.51,USDA-NIFA-National Institute of Food and Agriculture,Federal,Direct sponsor reported; prime sponsor unavailable,FALSE,Federal,FALSE,FALSE
K000149640,17106388,149640,New,"Nachappa,Punya","Nachappa,Punya (Primary PI) 1177; Mason,Richard Esten (Co-PI) 1170; Peirce,Erika Sasha (Co-PI) 1177",Identification and Characterization of New Sources of Genetic Resistance to Wheat Stem Sawfly in Wild Wheat Species,1177-Agricultural Biology,1177,Agricultural Biology,Agricultural Sciences-Academic Units (E1),2021-08-01,2021,2023-07-31,FALSE,10,TDC,Kansas State University,NSF-National Science Foundation,Other Domestic Higher Education,Federal,2021-06-30,2021,Funded,TRUE,153942.43,NSF-National Science Foundation,Federal,Prime sponsor reported; direct sponsor is pass-through,TRUE,Federal,FALSE,FALSE
K000149932,17106383,149932,New,"Morris,Geoffrey Preston","Morris,Geoffrey Preston (Primary PI) 1170; Eluri,Tarik A (Key Person) 1170",Mining Useful Alleles for Climate Change Adaptation from CGIAR Gene Banks,1170-Soil + Crop Sciences,1170,Soil + Crop Sciences,Agricultural Sciences-Academic Units (E1),2021-10-15,2021,2026-10-14,FALSE,10,TDC,The International Maize and Wheat Improvement Center,Bill and Melinda Gates Foundation,Foreign Non-Profit (other than Foreign Foundations),Domestic Foundations,2021-06-30,2021,Funded,TRUE,3998198.9,Bill and Melinda Gates Foundation,Domestic Foundations,Prime sponsor reported; direct sponsor is pass-through,FALSE,Foundation/nonprofit,FALSE,FALSE
K000150092,17106296,150092,New,"Kelly,Eugene F","Kelly,Eugene F (Primary PI) 3001",Evaluation of Industrial Hemp Fiber & Grain Cultivars to Avoid Pre-Mature Flowering for Southerly U.S. Adaptation,1170-Soil + Crop Sciences,1170,Soil + Crop Sciences,Agricultural Sciences-Academic Units (E1),2022-01-01,2022,2023-12-31,FALSE,42.85,TDC,Texas A and M University,USDA-NIFA-National Institute of Food and Agriculture,Other Domestic Higher Education,Federal,2021-06-29,2021,,FALSE,48001.67,USDA-NIFA-National Institute of Food and Agriculture,Federal,Prime sponsor reported; direct sponsor is pass-through,TRUE,Federal,FALSE,FALSE
K000150053,17106290,150053,New,"Melzer,Susan E","Melzer,Susan E (Primary PI) 1170; Kelly,Eugene F (Co-PI) 3001",Quantifying the Interaction Between Fire Severity and Dynamic Soil Properties Across Forest Soils of Northern Colorado,1170-Soil + Crop Sciences,1170,Soil + Crop Sciences,Agricultural Sciences-Academic Units (E1),2021-08-01,2021,2024-07-31,FALSE,10,TDC,USDA-NRCS-Natural Resources Consvtn Srv,,Federal,,2021-06-29,2021,,FALSE,229745.65,USDA-NRCS-Natural Resources Consvtn Srv,Federal,Direct sponsor reported; prime sponsor unavailable,FALSE,Federal,FALSE,FALSE
K000149915,17106276,149915,Supplement/Additional Funding,"Vivanco,Jorge M","Vivanco,Jorge M (Primary PI) 1173; Essah,Samuel YC (Co-PI) 3043","New Approaches to Facilitate Non-Chemical Control of Plant Pathogenic Nematodes in Potato Systems, and Improvement of Nitrogen Management",1173-Horticulture + Landscape Architecture,1173,Horticulture + Landscape Architecture,Agricultural Sciences-Academic Units (E1),2021-08-14,2021,2022-08-13,FALSE,0,No Indirect Cost Allowed,USDA-ARS-Agricultural Research Service,,Federal,,2021-06-29,2021,,FALSE,15000.24,USDA-ARS-Agricultural Research Service,Federal,Direct sponsor reported; prime sponsor unavailable,FALSE,Federal,FALSE,FALSE
K000149738,17106254,149738,New,"Heuberger,Adam L","Heuberger,Adam L (Primary PI) 1173; Trivedi,Chanda (Co-PI) 3001; Joshi,Janak Raj (Co-PI) 1173; Charkowski,Amy Olymbia (Co-PI) 1177; Holm,David G (Co-PI) 3043",Synthesis and Regulation of Potato Protein and Protease Inhibitors,1173-Horticulture + Landscape Architecture,1173,Horticulture + Landscape Architecture,Agricultural Sciences-Academic Units (E1),2022-01-01,2022,2024-12-31,FALSE,42.85,TDC,USDA-NIFA-National Institute of Food and Agriculture,,Federal,,2021-06-29,2021,,FALSE,649828.87,USDA-NIFA-National Institute of Food and Agriculture,Federal,Direct sponsor reported; prime sponsor unavailable,FALSE,Federal,FALSE,FALSE
K000148838,17106057,148838,New,"Nalam,Vamsi","Nalam,Vamsi (Primary PI) 1177; Holm,David G (Co-PI) 3043",Molecular Tools for Early Detection and High-Throughput Screening for Resistance to Tuber Necrotic Viruses in Potato,1177-Agricultural Biology,1177,Agricultural Biology,Agricultural Sciences-Academic Units (E1),2022-01-01,2022,2023-10-31,FALSE,0,No Indirect Cost Allowed,Colorado Department of Agriculture,USDA-AMS-Agricultural Marketing Service,State of Colorado,Federal,2021-06-29,2021,Funded,TRUE,52301.18,USDA-AMS-Agricultural Marketing Service,Federal,Prime sponsor reported; direct sponsor is pass-through,FALSE,Federal,FALSE,FALSE
K000149816,17105882,149816,New,"Thompson,Henry J","Thompson,Henry J (Primary PI) 1173; Weir,Tiffany L (Co-PI) 1571",Enhanced Human Health Through Increased Pulse Consumption: A Stealth Health Approach,1173-Horticulture + Landscape Architecture,1173,Horticulture + Landscape Architecture,Agricultural Sciences-Academic Units (E1),2022-01-01,2022,2024-12-31,FALSE,23.65,TDC,USDA-NIFA-National Institute of Food and Agriculture,,Federal,,2021-06-24,2021,,FALSE,649382.59,USDA-NIFA-National Institute of Food and Agriculture,Federal,Direct sponsor reported; prime sponsor unavailable,FALSE,Federal,FALSE,FALSE
K000149756,17105866,149756,New,"Metcalf,Jessica Lynne","Metcalf,Jessica Lynne (Primary PI) 1171; Emmons,Alexandra L (Co-PI) 1171; Burcham,Zachary M (Co-PI) 1171; Hess,Ann Marie (Co-PI) 1877",Estimating the Effect Size of Extrinsic and Intrinsic Variables on Postmortem Microbial Succession,1171-Animal Sciences,1171,Animal Sciences,Agricultural Sciences-Academic Units (E1),2022-01-01,2022,2023-12-31,FALSE,52,MTDC,DOJ-OJP-NIJ-National Inst. of Justice,,Federal,,2021-06-24,2021,,FALSE,382154.9,DOJ-OJP-NIJ-National Inst. of Justice,Federal,Direct sponsor reported; prime sponsor unavailable,FALSE,Federal,FALSE,FALSE
K000149742,17105851,149742,New,"Schipanski,Meagan Erin","Schipanski,Meagan Erin (Primary PI) 1170; Fonte,Steven John (Co-PI) 1170",Establishing a Soil Health Framework for Water-Limited Regions,1170-Soil + Crop Sciences,1170,Soil + Crop Sciences,Agricultural Sciences-Academic Units (E1),2022-01-01,2022,2024-12-31,FALSE,42.85,TDC,New Mexico State University,USDA-NIFA-National Institute of Food and Agriculture,Other Domestic Higher Education,Federal,2021-06-24,2021,Funded,TRUE,187334.13,USDA-NIFA-National Institute of Food and Agriculture,Federal,Prime sponsor reported; direct sponsor is pass-through,TRUE,Federal,FALSE,FALSE
K000149761,17105785,149761,Supplement/Additional Funding,"Cotrufo,Maria Francesca","Cotrufo,Maria Francesca (Primary PI) 1170; Zhang,Yao (Co-PI) 1499; Lavallee,Jocelyn M (Co-PI) 1170",A Novel Theoretical and Quantitative Framework to Understand and Predict Soil Carbon Storage and Nitrogen Recycling,1170-Soil + Crop Sciences,1170,Soil + Crop Sciences,Agricultural Sciences-Academic Units (E1),2021-09-01,2021,2022-08-31,FALSE,52,MTDC,NSF-National Science Foundation,,Federal,,2021-06-24,2021,,FALSE,12084,NSF-National Science Foundation,Federal,Direct sponsor reported; prime sponsor unavailable,FALSE,Federal,FALSE,FALSE
K000149981,17105777,149981,New,"Borch,Thomas","Borch,Thomas (Primary PI) 1170",Treatment and Reuse of Irrigation Return Flow With Nutrient Recovery for Sustainable Agroecosystems,1170-Soil + Crop Sciences,1170,Soil + Crop Sciences,Agricultural Sciences-Academic Units (E1),2022-01-01,2022,2024-12-31,FALSE,42.85,TDC,University of Cincinnati,USDA-NIFA-National Institute of Food and Agriculture,Other Domestic Higher Education,Federal,2021-06-24,2021,,FALSE,301207.38,USDA-NIFA-National Institute of Food and Agriculture,Federal,Prime sponsor reported; direct sponsor is pass-through,TRUE,Federal,FALSE,FALSE
K000149760,17105638,149760,New,"Nachappa,Punya","Nachappa,Punya (Primary PI) 1177; Stenglein,Mark Daniel (Co-PI) 1682",Exploring Virus-Vector Interactions In Hemp Using Vector-Enabled Metagenomics,1177-Agricultural Biology,1177,Agricultural Biology,Agricultural Sciences-Academic Units (E1),2022-01-01,2022,2024-12-31,FALSE,42.85,TDC,USDA-NIFA-National Institute of Food and Agriculture,,Federal,,2021-06-24,2021,,FALSE,749903.81,USDA-NIFA-National Institute of Food and Agriculture,Federal,Direct sponsor reported; prime sponsor unavailable,FALSE,Federal,FALSE,FALSE
K000149647,17105569,149647,New,"Narayanan Nair,Mahesh","Narayanan Nair,Mahesh (Primary PI) 1171; Metcalf,Jessica Lynne (Co-PI) 1171; Morgan,James Brad (Co-PI) 1171; Geornaras,Ifigenia (Co-PI) 1171",Microbiome Approach to Identify Pathways for Improving the Shelf-Life of Meat,1171-Animal Sciences,1171,Animal Sciences,Agricultural Sciences-Academic Units (E1),2022-08-01,2022,2024-07-31,FALSE,32.27,TDC,USDA-NIFA-National Institute of Food and Agriculture,,Federal,,2021-06-22,2021,,FALSE,282094.8,USDA-NIFA-National Institute of Food and Agriculture,Federal,Direct sponsor reported; prime sponsor unavailable,FALSE,Federal,FALSE,FALSE
K000149796,17105565,149796,New,"Nalam,Vamsi","Nalam,Vamsi (Primary PI) 1177",Circadian Clock Synchronization between Insects and their Host Plants: New Dimensions in Plant-Aphid Interactions,1177-Agricultural Biology,1177,Agricultural Biology,Agricultural Sciences-Academic Units (E1),2022-01-01,2022,2024-12-31,FALSE,33.65,TDC,USDA-NIFA-National Institute of Food and Agriculture,,Federal,,2021-06-22,2021,,FALSE,749996.78,USDA-NIFA-National Institute of Food and Agriculture,Federal,Direct sponsor reported; prime sponsor unavailable,FALSE,Federal,FALSE,FALSE
K000149734,17105561,149734,New,"Roberts,Robyn","Roberts,Robyn (Primary PI) 1177",Identifying Wheat Genes Involved In Wheat Streak Mosaic Virus Resistance And Susceptibility Using Two Independent But Complimentary Screens,1177-Agricultural Biology,1177,Agricultural Biology,Agricultural Sciences-Academic Units (E1),2021-12-01,2021,2023-11-30,FALSE,42.85,TDC,USDA-NIFA-National Institute of Food and Agriculture,,Federal,,2021-06-22,2021,,FALSE,298881.93,USDA-NIFA-National Institute of Food and Agriculture,Federal,Direct sponsor reported; prime sponsor unavailable,FALSE,Federal,FALSE,FALSE
K000149648,17105557,149648,New,"Jahn,Courtney Elaine","Jahn,Courtney Elaine (Primary PI) 1177",IPA: Courtney Jahn: Program Director in the Plant Genome Research Project Program,1177-Agricultural Biology,1177,Agricultural Biology,Agricultural Sciences-Academic Units (E1),2021-06-07,2021,2022-06-06,FALSE,0,TDC,NSF-National Science Foundation,,Federal,,2021-06-22,2021,Funded,TRUE,144939.73,NSF-National Science Foundation,Federal,Direct sponsor reported; prime sponsor unavailable,FALSE,Federal,FALSE,FALSE
K000149645,17105551,149645,New,"Gaines,Todd A","Gaines,Todd A (Primary PI) 1177; Nachappa,Punya (Co-PI) 1177",Evolutionary Dynamics and Transmission of Insect-Vectored eccDNA Encoded Traits in Plants,1177-Agricultural Biology,1177,Agricultural Biology,Agricultural Sciences-Academic Units (E1),2022-01-01,2022,2024-12-31,FALSE,18,TDC,USDA-NIFA-National Institute of Food and Agriculture,,Federal,,2021-06-22,2021,,FALSE,749574.2,USDA-NIFA-National Institute of Food and Agriculture,Federal,Direct sponsor reported; prime sponsor unavailable,FALSE,Federal,FALSE,FALSE
K000149600,17105467,149600,Resubmission,"McKay,John K","McKay,John K (Primary PI) 1177; Woods,Patrick (Co-PI) 1177",Patrick Woods: Identification and Validation of Novel Genes Controlling Root System Architecture in Maize,1177-Agricultural Biology,1177,Agricultural Biology,Agricultural Sciences-Academic Units (E1),2022-06-01,2022,2025-05-31,FALSE,0,No Indirect Cost Allowed,USDA-NIFA-National Institute of Food and Agriculture,,Federal,,2021-06-21,2021,Funded,TRUE,180000,USDA-NIFA-National Institute of Food and Agriculture,Federal,Direct sponsor reported; prime sponsor unavailable,FALSE,Federal,FALSE,FALSE
K000149442,17105458,149442,New,"Rhodes,Davina Hope","Rhodes,Davina Hope (Primary PI) 1173","Dissecting the Genetics of Carotenoid Synthesis, Storage, and Bioaccessibility to Improve the Nutritional Quality of Sorghum",1173-Horticulture + Landscape Architecture,1173,Horticulture + Landscape Architecture,Agricultural Sciences-Academic Units (E1),2021-09-01,2021,2025-08-31,FALSE,16.39,TDC,USDA-NIFA-National Institute of Food and Agriculture,,Federal,,2021-06-21,2021,Funded,TRUE,649998.11,USDA-NIFA-National Institute of Food and Agriculture,Federal,Direct sponsor reported; prime sponsor unavailable,FALSE,Federal,FALSE,FALSE
K000148820,17105417,148820,New,"Bousselot,Jennifer M","Bousselot,Jennifer M (Primary PI) 1173",Evaluate Native Plants As Alternative Food Sources for Crop Pollinators On Urban Ecological Islands,1173-Horticulture + Landscape Architecture,1173,Horticulture + Landscape Architecture,Agricultural Sciences-Academic Units (E1),2022-01-01,2022,2025-12-31,FALSE,26,MTDC,USDA-NIFA-National Institute of Food and Agriculture,,Federal,,2021-06-21,2021,,FALSE,399086.53,USDA-NIFA-National Institute of Food and Agriculture,Federal,Direct sponsor reported; prime sponsor unavailable,FALSE,Federal,FALSE,FALSE
K000148795,17105408,148795,New,"Klett,James E","Klett,James E (Primary PI) 1173",Stock Plant Management Techniques to Optimize Vegetative Cutting Production,1173-Horticulture + Landscape Architecture,1173,Horticulture + Landscape Architecture,Agricultural Sciences-Academic Units (E1),2022-01-01,2022,2023-10-31,FALSE,0,No Indirect Cost Allowed,Colorado Department of Agriculture,USDA-AMS-Agricultural Marketing Service,State of Colorado,Federal,2021-06-21,2021,Funded,TRUE,38564.18,USDA-AMS-Agricultural Marketing Service,Federal,Prime sponsor reported; direct sponsor is pass-through,FALSE,Federal,FALSE,FALSE
K000149711,17103690,149711,New,"Metcalf,Jessica Lynne","Metcalf,Jessica Lynne (Primary PI) 1171; Martin,Jennifer Nicole (Co-PI) 1171; Belk,Aeriel D (Co-PI) 1171; Geornaras,Ifigenia (Co-PI) 1171",Microbial Ecologies Associated With Foodborne Pathogens In Small to Mid-Sized Meat Processing Facilities,1171-Animal Sciences,1171,Animal Sciences,Agricultural Sciences-Academic Units (E1),2022-01-01,2022,2025-12-31,FALSE,42.85,TDC,USDA-NIFA-National Institute of Food and Agriculture,,Federal,,2021-06-09,2021,,FALSE,558536.82,USDA-NIFA-National Institute of Food and Agriculture,Federal,Direct sponsor reported; prime sponsor unavailable,FALSE,Federal,FALSE,FALSE
K000149198,17103677,149198,New,"Hufbauer,Ruth A","Hufbauer,Ruth A (Primary PI) 1177; Clark,Eliza I (Key Person) 1177",Eliza Clark: Investigating the Influence of Expansion Load and Trade-Offs on the Range Expansion of a Biological Control Agent of a Rangeland Weed,1177-Agricultural Biology,1177,Agricultural Biology,Agricultural Sciences-Academic Units (E1),2022-06-01,2022,2024-05-31,FALSE,0,MTDC,USDA-NIFA-National Institute of Food and Agriculture,,Federal,,2021-06-09,2021,Funded,TRUE,119985.04,USDA-NIFA-National Institute of Food and Agriculture,Federal,Direct sponsor reported; prime sponsor unavailable,FALSE,Federal,FALSE,FALSE
K000148801,17103671,148801,New,"Nachappa,Punya","Nachappa,Punya (Primary PI) 1177; Szczepaniec,Adrianna (Co-PI) 1177",Developing IPM Strategies for Alfalfa Mosaic Virus and Aphid Vector Control in Peppers,1177-Agricultural Biology,1177,Agricultural Biology,Agricultural Sciences-Academic Units (E1),2022-01-01,2022,2023-11-01,FALSE,0,No Indirect Cost Allowed,Colorado Department of Agriculture,USDA-AMS-Agricultural Marketing Service,State of Colorado,Federal,2021-06-09,2021,Funded,TRUE,66204.28,USDA-AMS-Agricultural Marketing Service,Federal,Prime sponsor reported; direct sponsor is pass-through,FALSE,Federal,FALSE,FALSE
K000149916,17102791,149916,Supplement/Additional Funding,"Thomas,Milton","Thomas,Milton (Primary PI) 1171",Maintaining and Refining Animal GRIN,1171-Animal Sciences,1171,Animal Sciences,Agricultural Sciences-Academic Units (E1),2021-08-01,2021,2022-07-31,FALSE,0,No Indirect Cost Allowed,USDA-ARS-Agricultural Research Service,,Federal,,2021-06-04,2021,,FALSE,71999.32,USDA-ARS-Agricultural Research Service,Federal,Direct sponsor reported; prime sponsor unavailable,FALSE,Federal,FALSE,FALSE
K000149786,17102742,149786,New,"Morgan,James Brad","Morgan,James Brad (Primary PI) 1171; Belk,Keith (Key Person) 1171","In-Plant Survey of Transportation, Mobility, Live Cattle, Harvest-Floor Assessments, and Carcass Characteristics of Fed Steers and Heifers and Market Cows and Bulls",1171-Animal Sciences,1171,Animal Sciences,Agricultural Sciences-Academic Units (E1),2021-05-01,2021,2022-06-01,FALSE,0,TDC,National Cattlemens Beef Association,,Domestic Non-Profit (other than Domestic Foundations),,2021-06-04,2021,Funded,TRUE,24500,National Cattlemens Beef Association,Domestic Non-Profit (other than Domestic Foundations),Direct sponsor reported; prime sponsor unavailable,FALSE,Foundation/nonprofit,FALSE,FALSE
K000149762,17102734,149762,New,"Heuberger,Adam L","Heuberger,Adam L (Primary PI) 1173",Genotype-Dependent Physiology and Metabolism of Malting with Effects on Quality,1173-Horticulture + Landscape Architecture,1173,Horticulture + Landscape Architecture,Agricultural Sciences-Academic Units (E1),2022-01-01,2022,2024-12-31,FALSE,42.85,TDC,Montana State University,USDA-NIFA-National Institute of Food and Agriculture,Other Domestic Higher Education,Federal,2021-06-04,2021,,FALSE,322166.34,USDA-NIFA-National Institute of Food and Agriculture,Federal,Prime sponsor reported; direct sponsor is pass-through,TRUE,Federal,FALSE,FALSE
K000149753,17102724,149753,Resubmission,"Minas,Ioannis","Minas,Ioannis (Primary PI) 1173; Sharp,Julia L (Co-PI) 1877; Heuberger,Adam L (Co-PI) 1173; Prenni,Jessica E (Co-PI) 1173",Dissecting Peach Cold Hardiness Eco-Physiology And Metabolism For Improved Frost Control,1173-Horticulture + Landscape Architecture,1173,Horticulture + Landscape Architecture,Agricultural Sciences-Academic Units (E1),2022-01-01,2022,2025-12-31,FALSE,42.85,TDC,USDA-NIFA-National Institute of Food and Agriculture,,Federal,,2021-06-04,2021,,FALSE,647613.57,USDA-NIFA-National Institute of Food and Agriculture,Federal,Direct sponsor reported; prime sponsor unavailable,FALSE,Federal,FALSE,FALSE
K000149729,17102558,149729,New,"Kelly,Courtland","Kelly,Courtland (Primary PI) 1170; Schipanski,Meagan Erin (Key Person) 1170",Evaluating Cropping System Integration of Cowpea for Fallow Replacement in the High Plains,1170-Soil + Crop Sciences,1170,Soil + Crop Sciences,Agricultural Sciences-Academic Units (E1),2022-05-01,2022,2024-04-30,FALSE,0,No Indirect Cost Allowed,USDA-NIFA-National Institute of Food and Agriculture,,Federal,,2021-06-04,2021,,FALSE,213030.43,USDA-NIFA-National Institute of Food and Agriculture,Federal,Direct sponsor reported; prime sponsor unavailable,FALSE,Federal,FALSE,FALSE
K000149724,17102528,149724,New,"Nachappa,Punya","Nachappa,Punya (Primary PI) 1177",Triticale and Rye as a Source for Novel Mosaic Virus and Vector Resistance in Wheat,1177-Agricultural Biology,1177,Agricultural Biology,Agricultural Sciences-Academic Units (E1),2022-10-01,2022,2023-09-30,FALSE,10,TDC,University of Nebraska,Kansas State University,Other Domestic Higher Education,Other Domestic Higher Education,2021-06-04,2021,,FALSE,62902.1,Kansas State University,Other Domestic Higher Education,Prime sponsor reported; direct sponsor is pass-through,TRUE,Other,FALSE,FALSE
K000149709,17102505,149709,New,"Stackhouse-Lawson,Kimberly Rose","Stackhouse-Lawson,Kimberly Rose (Primary PI) 1171; Thompson,Logan (Co-PI) 1171",National Beef Packing Sustainability Program,1171-Animal Sciences,1171,Animal Sciences,Agricultural Sciences-Academic Units (E1),2021-06-01,2021,2023-05-31,FALSE,34,MTDC,"National Beef Packing Company, LLC",,Domestic Commercial,,2021-06-04,2021,Funded,TRUE,232856.03,"National Beef Packing Company, LLC",Domestic Commercial,Direct sponsor reported; prime sponsor unavailable,FALSE,Industry,FALSE,FALSE
K000149703,17102500,149703,New,"Peirce,Erika Sasha","Peirce,Erika Sasha (Primary PI) 1177; Nachappa,Punya (Key Person) 1177",Identifying Novel Sources and Mechanisms of Genetic Resistance to Wheat Stem Sawfly in Wild Wheat Species,1177-Agricultural Biology,1177,Agricultural Biology,Agricultural Sciences-Academic Units (E1),2022-08-16,2022,2024-08-15,FALSE,0,No Indirect Cost Allowed,USDA-NIFA-National Institute of Food and Agriculture,,Federal,,2021-06-04,2021,,FALSE,192431.32,USDA-NIFA-National Institute of Food and Agriculture,Federal,Direct sponsor reported; prime sponsor unavailable,FALSE,Federal,FALSE,FALSE
K000149684,17102490,149684,Continuation,"Thompson,Henry J","Thompson,Henry J (Primary PI) 1173","Comparative Analysis of Chickpea, Dry Pea, Lentil and Dry Bean for Human Health Traits",1173-Horticulture + Landscape Architecture,1173,Horticulture + Landscape Architecture,Agricultural Sciences-Academic Units (E1),2021-10-01,2021,2023-09-30,FALSE,0,No Indirect Cost Allowed,USDA-ARS-Agricultural Research Service,,Federal,,2021-06-04,2021,,FALSE,99642.7,USDA-ARS-Agricultural Research Service,Federal,Direct sponsor reported; prime sponsor unavailable,FALSE,Federal,FALSE,FALSE
K000149675,17102477,149675,Continuation,"Thompson,Henry J","Thompson,Henry J (Primary PI) 1173",Mechanisms of Dry Bean Mediated Anti-Obesogenic Activity,1173-Horticulture + Landscape Architecture,1173,Horticulture + Landscape Architecture,Agricultural Sciences-Academic Units (E1),2021-10-01,2021,2023-09-30,FALSE,0,No Indirect Cost Allowed,USDA-ARS-Agricultural Research Service,,Federal,,2021-06-04,2021,,FALSE,98868.86,USDA-ARS-Agricultural Research Service,Federal,Direct sponsor reported; prime sponsor unavailable,FALSE,Federal,FALSE,FALSE
K000149650,17102449,149650,New,"Thompson,Henry J","Thompson,Henry J (Primary PI) 1173",Understanding How Dry Bean Agronomic Traits Impact the Ecology of the Gut Microbiome in a Mouse Model of Obesity,1173-Horticulture + Landscape Architecture,1173,Horticulture + Landscape Architecture,Agricultural Sciences-Academic Units (E1),2021-10-01,2021,2023-09-30,FALSE,0,TDC,University of Nebraska,USDA-ARS-Agricultural Research Service,Other Domestic Higher Education,Federal,2021-06-03,2021,,FALSE,174424.49,USDA-ARS-Agricultural Research Service,Federal,Prime sponsor reported; direct sponsor is pass-through,TRUE,Federal,FALSE,FALSE
K000149646,17102444,149646,New,"Avera,Bethany","Avera,Bethany (Primary PI) 1170; Schipanski,Meagan Erin (Key Person) 1170",Getting to the Root of Plant-Mediated Soil Nitrogen Cycling,1170-Soil + Crop Sciences,1170,Soil + Crop Sciences,Agricultural Sciences-Academic Units (E1),2022-01-02,2022,2024-01-01,FALSE,0,MTDC,USDA-NIFA-National Institute of Food and Agriculture,,Federal,,2021-06-03,2021,,FALSE,224962.6,USDA-NIFA-National Institute of Food and Agriculture,Federal,Direct sponsor reported; prime sponsor unavailable,FALSE,Federal,FALSE,FALSE
K000149583,17102424,149583,New,"Stackhouse-Lawson,Kimberly Rose","Stackhouse-Lawson,Kimberly Rose (Primary PI) 1171; Thompson,Logan (Co-PI) 1171; de Almeida Guimaraes Bisneto,Octavio (Co-PI) 1171; Wagner,John Joseph (Co-PI) 1171; Engle,Terry E (Co-PI) 1171; Archibeque,Shawn (Co-PI) 1171",Influence of Propionibacteria Acidilactici on Short Chain Fatty Acid and Methane Production in Fistulated Beef Steers,1171-Animal Sciences,1171,Animal Sciences,Agricultural Sciences-Academic Units (E1),2021-06-01,2021,2022-05-31,FALSE,34,MTDC,"MicroBios, Inc.",,Domestic Commercial,,2021-06-03,2021,Funded,TRUE,62371.91,"MicroBios, Inc.",Domestic Commercial,Direct sponsor reported; prime sponsor unavailable,FALSE,Industry,FALSE,FALSE
K000149443,17102414,149443,New,"Rhodes,Davina Hope","Rhodes,Davina Hope (Primary PI) 1173; Holm,David G (Co-PI) 3043",Genomics-Enabled Breeding Tools for Increased Carotenoids in Potato,1173-Horticulture + Landscape Architecture,1173,Horticulture + Landscape Architecture,Agricultural Sciences-Academic Units (E1),2021-09-01,2021,2025-08-31,FALSE,42.85,TDC,USDA-NIFA-National Institute of Food and Agriculture,,Federal,,2021-06-03,2021,,FALSE,548446.7,USDA-NIFA-National Institute of Food and Agriculture,Federal,Direct sponsor reported; prime sponsor unavailable,FALSE,Federal,FALSE,FALSE
K000148836,17102406,148836,New,"Uchanski,Mark E","Uchanski,Mark E (Primary PI) 1173",Specialty Crop Production Research and Technical Support for Colorado Growers: 2022,1173-Horticulture + Landscape Architecture,1173,Horticulture + Landscape Architecture,Agricultural Sciences-Academic Units (E1),2022-01-01,2022,2023-01-31,FALSE,0,No Indirect Cost Allowed,Colorado Department of Agriculture,USDA-AMS-Agricultural Marketing Service,State of Colorado,Federal,2021-06-03,2021,Funded,TRUE,81751.7,USDA-AMS-Agricultural Marketing Service,Federal,Prime sponsor reported; direct sponsor is pass-through,FALSE,Federal,FALSE,FALSE
K000148772,17102402,148772,New,"Thompson,Henry J","Thompson,Henry J (Primary PI) 1173",Increasing Regular Consumption of Colorado Pinto Bean: A Translational Approach to Advance Grower Profitability and Public Well-Being,1173-Horticulture + Landscape Architecture,1173,Horticulture + Landscape Architecture,Agricultural Sciences-Academic Units (E1),2022-01-01,2022,2023-10-31,FALSE,0,No Indirect Cost Allowed,Colorado Department of Agriculture,USDA-AMS-Agricultural Marketing Service,State of Colorado,Federal,2021-06-03,2021,Funded,TRUE,78044.22,USDA-AMS-Agricultural Marketing Service,Federal,Prime sponsor reported; direct sponsor is pass-through,FALSE,Federal,FALSE,FALSE
K000149746,17101828,149746,Supplement/Additional Funding,"Schipanski,Meagan Erin","Schipanski,Meagan Erin (Primary PI) 1170",Understanding Soil and Environmental Effects on Crop Species and Rangeland Ecosystems Under Water Limitation,1170-Soil + Crop Sciences,1170,Soil + Crop Sciences,Agricultural Sciences-Academic Units (E1),2021-07-19,2021,2022-07-18,FALSE,0,No Indirect Cost Allowed,USDA-ARS-Agricultural Research Service,,Federal,,2021-06-02,2021,Funded,TRUE,88464.92,USDA-ARS-Agricultural Research Service,Federal,Direct sponsor reported; prime sponsor unavailable,FALSE,Federal,FALSE,FALSE
K000149687,17101385,149687,New,"Mason,Richard Esten","Mason,Richard Esten (Primary PI) 1170","UAV-Borne Imagery to Develop Multi-Dimensional Phenomics Tool to Differentiate Strategically Important Useful and Non-Useful Biomass Related Traits to Improve Harvest Index, Grain Yield and Grain Numb",1170-Soil + Crop Sciences,1170,Soil + Crop Sciences,Agricultural Sciences-Academic Units (E1),2021-12-01,2021,2023-11-30,FALSE,52,MTDC,University of Florida,USDA-NIFA-National Institute of Food and Agriculture,Other Domestic Higher Education,Federal,2021-05-28,2021,,FALSE,79666.74,USDA-NIFA-National Institute of Food and Agriculture,Federal,Prime sponsor reported; direct sponsor is pass-through,TRUE,Federal,FALSE,FALSE
K000149398,17101379,149398,New,"Wardle,Erik M","Wardle,Erik M (Primary PI) 1170; Welch,Christina N (Co-PI) 1170",Best Management Practices for Manure Utilization Bulletin 568A,1170-Soil + Crop Sciences,1170,Soil + Crop Sciences,Agricultural Sciences-Academic Units (E1),2021-04-01,2021,2022-03-31,FALSE,34,MTDC,Colorado Department of Public Health and Environment,,State of Colorado,,2021-05-28,2021,Funded,TRUE,6904.48,Colorado Department of Public Health and Environment,State of Colorado,Direct sponsor reported; prime sponsor unavailable,FALSE,State,FALSE,FALSE
K000149081,17101371,149081,New,"Timm,Alicia Eva","Timm,Alicia Eva (Primary PI) 1177",Identification Resources for Plusiinae Pests (Lepidoptera),1177-Agricultural Biology,1177,Agricultural Biology,Agricultural Sciences-Academic Units (E1),2021-09-01,2021,2022-08-31,FALSE,10,TDC,USDA-APHIS-Animal Plant Health Insp Srvc,,Federal,,2021-05-28,2021,Funded,TRUE,41336.84,USDA-APHIS-Animal Plant Health Insp Srvc,Federal,Direct sponsor reported; prime sponsor unavailable,FALSE,Federal,FALSE,FALSE
K000149080,17101367,149080,New,"Timm,Alicia Eva","Timm,Alicia Eva (Primary PI) 1177",Diagnostic tools to Identify Exotic Tortricidae that Threaten U.S. Agriculture,1177-Agricultural Biology,1177,Agricultural Biology,Agricultural Sciences-Academic Units (E1),2021-09-01,2021,2022-08-31,FALSE,10,TDC,USDA-APHIS-Animal Plant Health Insp Srvc,,Federal,,2021-05-28,2021,Funded,TRUE,59870.57,USDA-APHIS-Animal Plant Health Insp Srvc,Federal,Direct sponsor reported; prime sponsor unavailable,FALSE,Federal,FALSE,FALSE
K000148704,17100991,148704,New,"Metcalf,Jessica Lynne","Metcalf,Jessica Lynne (Primary PI) 1171",One Health and the Microbiome of North American Livestock Workers,1171-Animal Sciences,1171,Animal Sciences,Agricultural Sciences-Academic Units (E1),2021-01-01,2021,2021-12-31,FALSE,0,No Indirect Cost Allowed,Canadian Institute for Advanced Research,,Foreign Non-Profit (other than Foreign Foundations),,2021-05-27,2021,Funded,TRUE,17527.48,Canadian Institute for Advanced Research,Foreign Non-Profit (other than Foreign Foundations),Direct sponsor reported; prime sponsor unavailable,FALSE,Foundation/nonprofit,FALSE,FALSE
K000149309,17100193,149309,New,"Gutierrez-Rodriguez,Eduardo","Gutierrez-Rodriguez,Eduardo (Primary PI) 1173; Dice,Cristy Lynn (Co-PI) 4010; Ritchie,Michele L (Key Person) 4010; Sullins,Martha J (Key Person) 4010","FDA, CDA and CSU Partnership in Food Safety",1173-Horticulture + Landscape Architecture,1173,Horticulture + Landscape Architecture,Agricultural Sciences-Academic Units (E1),2021-07-01,2021,2026-06-30,FALSE,10,MTDC,Colorado Department of Agriculture,HHS-FDA-Food and Drug Administration,State of Colorado,Federal,2021-05-26,2021,Funded,TRUE,825817.98,HHS-FDA-Food and Drug Administration,Federal,Prime sponsor reported; direct sponsor is pass-through,FALSE,Federal,FALSE,FALSE
K000149649,17099210,149649,New,"Munoz Amatriain,Maria","Munoz Amatriain,Maria (Primary PI) 1170",Cowpea Improvement,1170-Soil + Crop Sciences,1170,Soil + Crop Sciences,Agricultural Sciences-Academic Units (E1),2021-06-01,2021,2022-05-31,FALSE,52,MTDC,Trinidad Benham Corporation,,Domestic Commercial,,2021-05-20,2021,,FALSE,96424.6,Trinidad Benham Corporation,Domestic Commercial,Direct sponsor reported; prime sponsor unavailable,FALSE,Industry,FALSE,FALSE
K000149350,17099204,149350,New,"Martin,Jennifer Nicole","Martin,Jennifer Nicole (Primary PI) 1171; Enns,Kellie J (Co-PI) 1172",Hayden School District RISE Fund,1171-Animal Sciences,1171,Animal Sciences,Agricultural Sciences-Academic Units (E1),2021-01-01,2021,2022-09-30,FALSE,0,No Indirect Cost Allowed,Hayden School District,State of Colorado-Governor's Office,State of Colorado Other Local Government,State of Colorado,2021-05-20,2021,Funded,TRUE,90000.99,State of Colorado-Governor's Office,State of Colorado,Prime sponsor reported; direct sponsor is pass-through,FALSE,State,FALSE,FALSE
K000149434,17099200,149434,New,"Pinedo,Pablo J","Pinedo,Pablo J (Primary PI) 1171",The Effect of Metabolic Overacidification of Anionic Diets on Urine and Blood Metabolomic and Productive Performance of Transition Cows and their Offspring,1171-Animal Sciences,1171,Animal Sciences,Agricultural Sciences-Academic Units (E1),2021-12-01,2021,2024-11-30,FALSE,42.85,TDC,USDA-NIFA-National Institute of Food and Agriculture,,Federal,,2021-05-20,2021,,FALSE,24308.67,USDA-NIFA-National Institute of Food and Agriculture,Federal,Direct sponsor reported; prime sponsor unavailable,FALSE,Federal,FALSE,FALSE
K000148943,17099188,148943,New,"Bousselot,Jennifer M","Bousselot,Jennifer M (Primary PI) 1173; Rojas Rueda,David (Co-PI) 1681",Urban Food Systems: Using Rooftops to Ensure a Resilient and Healthy Future,1173-Horticulture + Landscape Architecture,1173,Horticulture + Landscape Architecture,Agricultural Sciences-Academic Units (E1),2021-09-01,2021,2024-08-31,FALSE,11.11,TDC,Foundation for Food & Agriculture Research,,Domestic Non-Profit (other than Domestic Foundations),,2021-05-20,2021,,FALSE,449995.49,Foundation for Food & Agriculture Research,Domestic Non-Profit (other than Domestic Foundations),Direct sponsor reported; prime sponsor unavailable,FALSE,Foundation/nonprofit,FALSE,FALSE
K000149380,17099184,149380,New,"Bayham,Jude","Bayham,Jude (Primary PI) 1172",Working with the Wildfire Research Team to Support Community Wildfire Resilience,1172-Agricultural + Resource Economics,1172,Agricultural + Resource Economics,Agricultural Sciences-Academic Units (E1),2021-08-01,2021,2023-07-31,FALSE,15,TDC,USDA-USFS-Rocky Mtn. Rsrch Station - CO,,Federal,,2021-05-20,2021,Funded,TRUE,24996.46,USDA-USFS-Rocky Mtn. Rsrch Station - CO,Federal,Direct sponsor reported; prime sponsor unavailable,FALSE,Federal,TRUE,FALSE
K000149216,17099174,149216,New,"Edwards-Callaway,Lily Nowell","Edwards-Callaway,Lily Nowell (Primary PI) 1171; Cramer,Mary Caitlin (Co-PI) 1171; Roman-Muniz,Ivette Noami (Co-PI) 1171; Weller,Zachary Dennis (Key Person) 1877; Stallones,Lorann (Key Person) 1876",Using a Social Ecological Model to Unravel the Complexity of End-of-Life Decision-Making to Improve Dairy Cow and Calf Welfare,1171-Animal Sciences,1171,Animal Sciences,Agricultural Sciences-Academic Units (E1),2022-06-01,2022,2025-05-31,FALSE,42.85,TDC,USDA-NIFA-National Institute of Food and Agriculture,,Federal,,2021-05-20,2021,,FALSE,350552.61,USDA-NIFA-National Institute of Food and Agriculture,Federal,Direct sponsor reported; prime sponsor unavailable,FALSE,Federal,FALSE,FALSE
K000149577,17099170,149577,New,"Cadaret,Caitlin","Cadaret,Caitlin (Primary PI) 1171",Preliminary Investigations Of Stress Factor Influence On Heifer Efficiency,1171-Animal Sciences,1171,Animal Sciences,Agricultural Sciences-Academic Units (E1),2022-01-01,2022,2023-12-31,FALSE,42.85,TDC,USDA-NIFA-National Institute of Food and Agriculture,,Federal,,2021-05-20,2021,,FALSE,275733.81,USDA-NIFA-National Institute of Food and Agriculture,Federal,Direct sponsor reported; prime sponsor unavailable,FALSE,Federal,FALSE,FALSE
K000149546,17099155,149546,New,"Narayanan Nair,Mahesh","Narayanan Nair,Mahesh (Primary PI) 1171; Morgan,James Brad (Key Person) 1171; Delmore,Robert J (Key Person) 1171; Belk,Keith (Key Person) 1171",Understanding the Influence of Beef x Dairy Crossbred Calves on Subprimal Yields and Three-Dimensional Shape of Various Beef Muscles,1171-Animal Sciences,1171,Animal Sciences,Agricultural Sciences-Academic Units (E1),2021-07-01,2021,2022-06-30,FALSE,0,TDC,National Cattlemens Beef Association,,Domestic Non-Profit (other than Domestic Foundations),,2021-05-20,2021,Funded,TRUE,87634,National Cattlemens Beef Association,Domestic Non-Profit (other than Domestic Foundations),Direct sponsor reported; prime sponsor unavailable,FALSE,Foundation/nonprofit,FALSE,FALSE
K000149328,17099151,149328,New,"Mason,Richard Esten","Mason,Richard Esten (Primary PI) 1170",Leveraging High-Throughput Genotyping and Phenotyping Technologies to Accelerate Wheat Improvement,1170-Soil + Crop Sciences,1170,Soil + Crop Sciences,Agricultural Sciences-Academic Units (E1),2022-01-01,2022,2026-12-31,FALSE,42.85,TDC,"University of California, Davis",USDA-NIFA-National Institute of Food and Agriculture,Other Domestic Higher Education,Federal,2021-05-20,2021,Funded,TRUE,542838.95,USDA-NIFA-National Institute of Food and Agriculture,Federal,Prime sponsor reported; direct sponsor is pass-through,TRUE,Federal,FALSE,FALSE
K000148598,17099117,148598,New,"Fonte,Steven John","Fonte,Steven John (Primary PI) 1170; Vanek,Steven John (Co-PI) 1170",Examining Sustainable Soil and Landscape Management Options in the Peruvian Andes,1170-Soil + Crop Sciences,1170,Soil + Crop Sciences,Agricultural Sciences-Academic Units (E1),2021-08-01,2021,2023-05-31,FALSE,10,TDC,McKnight Foundation,,Domestic Foundations,,2021-05-20,2021,Funded,TRUE,79996.23,McKnight Foundation,Domestic Foundations,Direct sponsor reported; prime sponsor unavailable,FALSE,Foundation/nonprofit,FALSE,FALSE
K000149428,17098381,149428,New,"Trivedi,Pankaj","Trivedi,Pankaj (Primary PI) 1177",Impact of Herbicide Application on the Structure and Function of Soil Microbiome,1177-Agricultural Biology,1177,Agricultural Biology,Agricultural Sciences-Academic Units (E1),2021-04-15,2021,2022-04-14,FALSE,0,No Indirect Cost Allowed,Western Sugar Cooperative,,Domestic Commercial,,2021-05-07,2021,Funded,TRUE,9233.56,Western Sugar Cooperative,Domestic Commercial,Direct sponsor reported; prime sponsor unavailable,FALSE,Industry,FALSE,FALSE
K000149565,17098362,149565,New,"Bayham,Jude","Bayham,Jude (Primary PI) 1172","Cost Drivers, Effectiveness of Wildfire Suppression Operations, and Investments in Preparedness",1172-Agricultural + Resource Economics,1172,Agricultural + Resource Economics,Agricultural Sciences-Academic Units (E1),2021-07-01,2021,2025-06-30,FALSE,15,TDC,USDA-USFS-Rocky Mtn. Rsrch Station - CO,,Federal,,2021-05-07,2021,Funded,TRUE,276801.56,USDA-USFS-Rocky Mtn. Rsrch Station - CO,Federal,Direct sponsor reported; prime sponsor unavailable,FALSE,Federal,TRUE,FALSE
K000149613,17098172,149613,New,"Prenni,Jessica E","Prenni,Jessica E (Primary PI) 1173",Evaluation of the Impact of Wildland Fire on Hops: Development of an Analytical Method to Detect Volatile Phenol Contamination,1173-Horticulture + Landscape Architecture,1173,Horticulture + Landscape Architecture,Agricultural Sciences-Academic Units (E1),2021-09-01,2021,2022-08-31,FALSE,0,No Indirect Cost Allowed,American Society of Brewing Chemists,,Domestic Non-Profit (other than Domestic Foundations),,2021-05-04,2021,Funded,TRUE,10737.05,American Society of Brewing Chemists,Domestic Non-Profit (other than Domestic Foundations),Direct sponsor reported; prime sponsor unavailable,FALSE,Foundation/nonprofit,FALSE,FALSE
K000149561,17098160,149561,New,"Morgan,Brad Brad","Morgan,Brad Brad (Primary PI) 1171; Belk,Keith (Key Person) 1171; Narayanan Nair,Mahesh (Key Person) 1171; Delmore,Bob J (Key Person) 1171; Pinedo,Pablo J (Key Person) 1171",Pulsed Alternating Wavelengths System (PAWS): A Novel Approach to Improving Quality and Consistency of Beef x Dairy Crossbred Steers while Possibility Eliminating Growth Enhancement Technologies,1171-Animal Sciences,1171,Animal Sciences,Agricultural Sciences-Academic Units (E1),2021-07-01,2021,2022-06-30,FALSE,0,No Indirect Cost Allowed,National Cattlemens Beef Association,,Domestic Non-Profit (other than Domestic Foundations),,2021-05-04,2021,,FALSE,74914,National Cattlemens Beef Association,Domestic Non-Profit (other than Domestic Foundations),Direct sponsor reported; prime sponsor unavailable,FALSE,Foundation/nonprofit,FALSE,FALSE
K000149543,17098156,149543,New,"Narayanan Nair,Mahesh","Narayanan Nair,Mahesh (Primary PI) 1171",Early Postmortem Temperature Variations on Beef Muscle Tenderness and Color Development,1171-Animal Sciences,1171,Animal Sciences,Agricultural Sciences-Academic Units (E1),2021-07-01,2021,2022-06-30,FALSE,0,TDC,Texas Tech University,National Cattlemens Beef Association,Other Domestic Higher Education,Domestic Non-Profit (other than Domestic Foundations),2021-05-04,2021,Funded,TRUE,26587,National Cattlemens Beef Association,Domestic Non-Profit (other than Domestic Foundations),Prime sponsor reported; direct sponsor is pass-through,TRUE,Foundation/nonprofit,FALSE,FALSE
K000149480,17098149,149480,New,"Ippolito,Jim","Ippolito,Jim (Primary PI) 1170",Rethinking Phosphorus Fertilizer Applications for Potato Production Profitability,1170-Soil + Crop Sciences,1170,Soil + Crop Sciences,Agricultural Sciences-Academic Units (E1),2021-05-01,2021,2023-04-30,FALSE,0,No Indirect Cost Allowed,Colorado Potato Administrative Committee,,Domestic Non-Profit (other than Domestic Foundations),,2021-05-04,2021,Funded,TRUE,39757.3,Colorado Potato Administrative Committee,Domestic Non-Profit (other than Domestic Foundations),Direct sponsor reported; prime sponsor unavailable,FALSE,Foundation/nonprofit,FALSE,FALSE
K000149369,17098145,149369,New,"Tembrock,Luke R","Tembrock,Luke R (Primary PI) 1177",Molecular Research to Support the Asian Giant Hornet (AGH) Response,1177-Agricultural Biology,1177,Agricultural Biology,Agricultural Sciences-Academic Units (E1),2021-09-01,2021,2022-08-31,FALSE,10,TDC,USDA-APHIS-Animal Plant Health Insp Srvc,,Federal,,2021-05-04,2021,Funded,TRUE,54347.3,USDA-APHIS-Animal Plant Health Insp Srvc,Federal,Direct sponsor reported; prime sponsor unavailable,FALSE,Federal,FALSE,FALSE
K000149348,17098141,149348,New,"Roberts,Robyn","Roberts,Robyn (Primary PI) 1177",Research-PGR: Leveraging Natural Variation and Targeted Gene Activation to Investigate Multiple Disease Resistance in Tomato,1177-Agricultural Biology,1177,Agricultural Biology,Agricultural Sciences-Academic Units (E1),2021-11-15,2021,2025-11-14,FALSE,52,MTDC,NSF-National Science Foundation,,Federal,,2021-05-04,2021,,FALSE,1382559.53,NSF-National Science Foundation,Federal,Direct sponsor reported; prime sponsor unavailable,FALSE,Federal,FALSE,FALSE
K000149506,17097805,149506,Supplement/Additional Funding,"Bayham,Jude","Bayham,Jude (Primary PI) 1172",COVID 19: Modeling COVID-19 to Support the State Government,1172-Agricultural + Resource Economics,1172,Agricultural + Resource Economics,Agricultural Sciences-Academic Units (E1),2021-05-01,2021,2021-06-30,FALSE,52,MTDC,Colorado School of Public Health Center for Global Health,Colorado Department of Public Health and Environment,State of Colorado Higher Education,State of Colorado,2021-04-27,2021,,FALSE,37288.24,Colorado Department of Public Health and Environment,State of Colorado,Prime sponsor reported; direct sponsor is pass-through,TRUE,State,TRUE,FALSE
K000149440,17097795,149440,New,"Mooney,Daniel F","Mooney,Daniel F (Primary PI) 1172; Rhoades,Ryan Douglas (Co-PI) 1171; Jablonski,Kevin E (Co-PI) 1472; Hoag,Dana Loyd Keske (Key Person) 1172; Garry,Franklyn B (Key Person) 1678",Profitability Assessment of Grazing Management Practices to Achieve Resilient Working Landscapes and Enhanced Bird Habitat in Eastern Colorado,1172-Agricultural + Resource Economics,1172,Agricultural + Resource Economics,Agricultural Sciences-Academic Units (E1),2021-05-01,2021,2021-12-31,FALSE,10,TDC,Bird Conservancy of the Rockies,Knobloch Family Foundation,Domestic Non-Profit (other than Domestic Foundations),Domestic Foundations,2021-04-27,2021,Funded,TRUE,25649.39,Knobloch Family Foundation,Domestic Foundations,Prime sponsor reported; direct sponsor is pass-through,FALSE,Foundation/nonprofit,TRUE,FALSE
K000149367,17097791,149367,Supplement/Additional Funding,"McKay,John K","McKay,John K (Primary PI) 1177",Root Genetics in the Field to Understand Drought Adaptation and Carbon Sequestration,1177-Agricultural Biology,1177,Agricultural Biology,Agricultural Sciences-Academic Units (E1),2021-05-02,2021,2022-01-02,FALSE,52,MTDC,DOE-Advanced Research Projects Agency-Energy,,Federal,,2021-04-27,2021,,FALSE,175000.33,DOE-Advanced Research Projects Agency-Energy,Federal,Direct sponsor reported; prime sponsor unavailable,FALSE,Federal,FALSE,FALSE
K000149354,17097781,149354,New,"Nalam,Vamsi","Nalam,Vamsi (Primary PI) 1177; Holm,David G (Co-PI) 3043","Potato Tuber Necrotic Viruses: Isolate Characterization, and Development of Molecular Tools to Aid in Rapid and Early Detection of Resistance in the Colorado Potato Breeding Program",1177-Agricultural Biology,1177,Agricultural Biology,Agricultural Sciences-Academic Units (E1),2021-07-01,2021,2022-06-30,FALSE,0,No Indirect Cost Allowed,Colorado Potato Administrative Committee,,Domestic Non-Profit (other than Domestic Foundations),,2021-04-27,2021,Funded,TRUE,28722.56,Colorado Potato Administrative Committee,Domestic Non-Profit (other than Domestic Foundations),Direct sponsor reported; prime sponsor unavailable,FALSE,Foundation/nonprofit,FALSE,FALSE
K000149351,17097777,149351,New,"Nalam,Vamsi","Nalam,Vamsi (Primary PI) 1177",Synthetic Peptides as Potential Agrochemicals to Block PVY Transmission by Aphid Vectors,1177-Agricultural Biology,1177,Agricultural Biology,Agricultural Sciences-Academic Units (E1),2021-07-01,2021,2022-06-30,FALSE,0,No Indirect Cost Allowed,Colorado Potato Administrative Committee,,Domestic Non-Profit (other than Domestic Foundations),,2021-04-27,2021,Funded,TRUE,26526.34,Colorado Potato Administrative Committee,Domestic Non-Profit (other than Domestic Foundations),Direct sponsor reported; prime sponsor unavailable,FALSE,Foundation/nonprofit,FALSE,FALSE
K000149128,17097760,149128,New,"Nalam,Vamsi","Nalam,Vamsi (Primary PI) 1177; Holm,David G (Co-PI) 3043; Charkowski,Amy Olymbia (Co-PI) 1177; Houser,Andrew J (Co-PI) 3043",Diversity and Host Resistance to Novel Potato Virus Y Isolates in Colorado,1177-Agricultural Biology,1177,Agricultural Biology,Agricultural Sciences-Academic Units (E1),2021-08-01,2021,2023-07-31,FALSE,42.85,TDC,USDA-NIFA-National Institute of Food and Agriculture,,Federal,,2021-04-27,2021,Funded,TRUE,138486.56,USDA-NIFA-National Institute of Food and Agriculture,Federal,Direct sponsor reported; prime sponsor unavailable,FALSE,Federal,FALSE,FALSE
K000148125,17097634,148125,New,"Bousselot,Jennifer M","Bousselot,Jennifer M (Primary PI) 1173; Barth,Kurt (Co-PI) 1374; Card,Adrian B (Co-PI) 4010; Rojas,David (Co-PI) 1681; Berning,Joshua (Co-PI) 1172; McQuade,Amanda Ford (Co-PI) 3046; Bauder,Troy A (Key Person) 3001; Crave",Systems for Optimizing Agriculture for People (SOAP): Utilizing Technology and Innovation for Bridging Urban-Rural Foodsheds,1173-Horticulture + Landscape Architecture,1173,Horticulture + Landscape Architecture,Agricultural Sciences-Academic Units (E1),2022-01-01,2022,2026-12-31,FALSE,26,MTDC,USDA-NIFA-National Institute of Food and Agriculture,,Federal,,2021-04-23,2021,,FALSE,9989765.94,USDA-NIFA-National Institute of Food and Agriculture,Federal,Direct sponsor reported; prime sponsor unavailable,FALSE,Federal,FALSE,FALSE
K000148097,17097626,148097,New,"Speidel,Scott E","Speidel,Scott E (Primary PI) 1171; Thomas,Milt (Co-PI) 1171; Enns,Mark Mark (Co-PI) 1171",Development of Metrics to Identify Cattle Predisposed to Feedlot Heart Failure,1171-Animal Sciences,1171,Animal Sciences,Agricultural Sciences-Academic Units (E1),2021-06-01,2021,2024-05-31,FALSE,11.11,TDC,Foundation for Food & Agriculture Research,,Domestic Non-Profit (other than Domestic Foundations),,2021-04-23,2021,Funded,TRUE,433720.63,Foundation for Food & Agriculture Research,Domestic Non-Profit (other than Domestic Foundations),Direct sponsor reported; prime sponsor unavailable,FALSE,Foundation/nonprofit,FALSE,FALSE
K000149407,17097602,149407,New,"Nachappa,Punya","Nachappa,Punya (Primary PI) 1177",Investigating Neonicotinoid Insecticide Resistance in Populations of Beet Leafhoppers,1177-Agricultural Biology,1177,Agricultural Biology,Agricultural Sciences-Academic Units (E1),2021-04-01,2021,2022-03-31,FALSE,0,No Indirect Cost Allowed,Snake River Sugarbeet Research and Seed Alliance,,Domestic Commercial,,2021-04-23,2021,Funded,TRUE,19662.93,Snake River Sugarbeet Research and Seed Alliance,Domestic Commercial,Direct sponsor reported; prime sponsor unavailable,FALSE,Industry,FALSE,FALSE
K000149429,17097588,149429,Supplement/Additional Funding,"Stewart,Jane E","Stewart,Jane E (Primary PI) 1177","Development of Tools for Early Detection, Monitoring, and Management of Forest Pathogens and Microbes Asociated with Diverse Forest Ecosystems and Tree Nurseries",1177-Agricultural Biology,1177,Agricultural Biology,Agricultural Sciences-Academic Units (E1),2021-07-01,2021,2023-06-30,FALSE,0,No Indirect Cost Allowed,USDA-USFS-Pacific NW Exp Statn,,Federal,,2021-04-23,2021,,FALSE,84999.32,USDA-USFS-Pacific NW Exp Statn,Federal,Direct sponsor reported; prime sponsor unavailable,FALSE,Federal,FALSE,FALSE
K000149431,17097578,149431,New,"Ahola,Jason Kee","Ahola,Jason Kee (Primary PI) 1171; Bigler,Libby Jaed (Co-PI) 1171",Colorado Beef Quality Assurance Program,1171-Animal Sciences,1171,Animal Sciences,Agricultural Sciences-Academic Units (E1),2021-07-01,2021,2022-06-30,FALSE,0,MTDC,Colorado Beef Council,,Domestic Non-Profit (other than Domestic Foundations),,2021-04-23,2021,Funded,TRUE,58256.7,Colorado Beef Council,Domestic Non-Profit (other than Domestic Foundations),Direct sponsor reported; prime sponsor unavailable,FALSE,Foundation/nonprofit,FALSE,FALSE
K000149338,17097430,149338,New,"Prenni,Jessica E","Prenni,Jessica E (Primary PI) 1173",Central Lab Services for Phase II PTFI Analysis Platform Development,1173-Horticulture + Landscape Architecture,1173,Horticulture + Landscape Architecture,Agricultural Sciences-Academic Units (E1),2021-04-01,2021,2021-12-31,FALSE,15,TDC,Rockefeller Foundation,,Domestic Foundations,,2021-04-22,2021,Funded,TRUE,114818.7,Rockefeller Foundation,Domestic Foundations,Direct sponsor reported; prime sponsor unavailable,FALSE,Foundation/nonprofit,FALSE,FALSE
K000149342,17097048,149342,New,"Trivedi,Pankaj","Trivedi,Pankaj (Primary PI) 1177",Development of Microbial Based Bioinoculants to Tackle Fungal Diseases of Sugar Beet in Greenhouse and Fields,1177-Agricultural Biology,1177,Agricultural Biology,Agricultural Sciences-Academic Units (E1),2021-04-15,2021,2022-04-14,FALSE,0,No Indirect Cost Allowed,Western Sugar Cooperative,,Domestic Commercial,,2021-04-14,2021,Funded,TRUE,10360.77,Western Sugar Cooperative,Domestic Commercial,Direct sponsor reported; prime sponsor unavailable,FALSE,Industry,FALSE,FALSE
K000149122,17097038,149122,New,"Morgan,Brad Brad","Morgan,Brad Brad (Primary PI) 1171; Delmore,Bob J (Key Person) 1171; Belk,Keith (Key Person) 1171; Edwards-Callaway,Lily Nowell (Key Person) 1171; Bigler,Libby Jaed (Key Person) 1171; Martin,Jennifer Nicole (Key Person) 1171; </br",National Beef Quality Audit 2021 (PHASE I: Face-to-Face Interviews),1171-Animal Sciences,1171,Animal Sciences,Agricultural Sciences-Academic Units (E1),2021-04-01,2021,2022-12-31,FALSE,0,No Indirect Cost Allowed,National Cattlemens Beef Association,,Domestic Non-Profit (other than Domestic Foundations),,2021-04-14,2021,Funded,TRUE,61331.22,National Cattlemens Beef Association,Domestic Non-Profit (other than Domestic Foundations),Direct sponsor reported; prime sponsor unavailable,FALSE,Foundation/nonprofit,FALSE,FALSE
K000149331,17097032,149331,New,"Nachappa,Punya","Nachappa,Punya (Primary PI) 1177; Pitt,Jacob Jacob (Co-PI) 1177",Assessing Impacts of Landscape Composition on Aphid Vectors and PVY Prevalence in San Luis Valley,1177-Agricultural Biology,1177,Agricultural Biology,Agricultural Sciences-Academic Units (E1),2021-05-01,2021,2022-04-30,FALSE,0,No Indirect Cost Allowed,Colorado Potato Administrative Committee,,Domestic Non-Profit (other than Domestic Foundations),,2021-04-14,2021,Funded,TRUE,31167.93,Colorado Potato Administrative Committee,Domestic Non-Profit (other than Domestic Foundations),Direct sponsor reported; prime sponsor unavailable,FALSE,Foundation/nonprofit,FALSE,FALSE
K000149268,17097028,149268,New,"Morris,Geoffrey Preston","Morris,Geoffrey Preston (Primary PI) 1170","Genetic Enhancement of Pearl Millet for Yield, Biotic and Abiotic Stress Tolerance in West Africa",1170-Soil + Crop Sciences,1170,Soil + Crop Sciences,Agricultural Sciences-Academic Units (E1),2021-05-01,2021,2025-04-30,FALSE,52,MTDC,Kansas State University,DOS-AID-Agency for Inter. Development,Other Domestic Higher Education,Federal,2021-04-14,2021,Funded,TRUE,363937.21,DOS-AID-Agency for Inter. Development,Federal,Prime sponsor reported; direct sponsor is pass-through,TRUE,Federal,FALSE,FALSE
K000149245,17097024,149245,New,"Jablonski,Becca BR","Jablonski,Becca BR (Primary PI) 1172",Helping Beginning Growers Analyze Market Channels to Improve Profits,1172-Agricultural + Resource Economics,1172,Agricultural + Resource Economics,Agricultural Sciences-Academic Units (E1),2021-09-15,2021,2024-09-14,FALSE,11.11,TDC,University of Minnesota,USDA-NIFA-National Institute of Food and Agriculture,Other Domestic Higher Education,Federal,2021-04-14,2021,Funded,TRUE,74918.7,USDA-NIFA-National Institute of Food and Agriculture,Federal,Prime sponsor reported; direct sponsor is pass-through,TRUE,Federal,TRUE,FALSE
K000149228,17097020,149228,New,"Ham,Jay M","Ham,Jay M (Primary PI) 1170","A Systems Approach to Supporting Beekeepers with Education, Regenerative Agriculture Methods, and Scientific Testing to Increase Market Share",1170-Soil + Crop Sciences,1170,Soil + Crop Sciences,Agricultural Sciences-Academic Units (E1),2021-10-01,2021,2025-09-30,FALSE,42.85,TDC,University of Missouri,USDA-NIFA-National Institute of Food and Agriculture,Other Domestic Higher Education,Federal,2021-04-14,2021,,FALSE,554225.68,USDA-NIFA-National Institute of Food and Agriculture,Federal,Prime sponsor reported; direct sponsor is pass-through,TRUE,Federal,FALSE,FALSE
K000149211,17097010,149211,New,"McKay,John K","McKay,John K (Primary PI) 1177",Hemp Research Consortium,1177-Agricultural Biology,1177,Agricultural Biology,Agricultural Sciences-Academic Units (E1),2022-01-01,2022,2026-12-31,FALSE,42.85,TDC,Cornell University,USDA-NIFA-National Institute of Food and Agriculture,Other Domestic Higher Education,Federal,2021-04-14,2021,,FALSE,660355.12,USDA-NIFA-National Institute of Food and Agriculture,Federal,Prime sponsor reported; direct sponsor is pass-through,TRUE,Federal,FALSE,FALSE
K000149078,17097004,149078,New,"Nachappa,Punya","Nachappa,Punya (Primary PI) 1177; Szczepaniec,Ada (Co-PI) 1177",Developing IPM Tactics For Key Pests In Hemp: Economic Injury Level And Host Plant Resistance,1177-Agricultural Biology,1177,Agricultural Biology,Agricultural Sciences-Academic Units (E1),2021-08-01,2021,2023-07-31,FALSE,34.5,TDC,USDA-NIFA-National Institute of Food and Agriculture,,Federal,,2021-04-14,2021,,FALSE,324987.23,USDA-NIFA-National Institute of Food and Agriculture,Federal,Direct sponsor reported; prime sponsor unavailable,FALSE,Federal,FALSE,FALSE
K000149343,17096906,149343,New,"Trivedi,Pankaj","Trivedi,Pankaj (Primary PI) 1177",Effect of Management Practices on Soil Microbiome in Sugar Beet Agroecosystems and its Impact on Soil Health,1177-Agricultural Biology,1177,Agricultural Biology,Agricultural Sciences-Academic Units (E1),2021-04-15,2021,2022-04-14,FALSE,0,No Indirect Cost Allowed,Western Sugar Cooperative,,Domestic Commercial,,2021-04-13,2021,Funded,TRUE,13185.99,Western Sugar Cooperative,Domestic Commercial,Direct sponsor reported; prime sponsor unavailable,FALSE,Industry,FALSE,FALSE
K000149050,17096888,149050,New,"Paustian,Keith H","Paustian,Keith H (Primary PI) 1170",Developing Remote Sensing and LCA Capabilities for the Greenhouse Gas Inventory Tool,1170-Soil + Crop Sciences,1170,Soil + Crop Sciences,Agricultural Sciences-Academic Units (E1),2021-05-01,2021,2023-04-30,FALSE,8,TDC,Soil Metrics,,Domestic Commercial,,2021-04-12,2021,Funded,TRUE,41688.05,Soil Metrics,Domestic Commercial,Direct sponsor reported; prime sponsor unavailable,FALSE,Industry,FALSE,FALSE
K000149016,17096870,149016,New,"Stackhouse-Lawson,Kim Rose","Stackhouse-Lawson,Kim Rose (Primary PI) 1171; Engle,Terry E (Co-PI) 1171; Sharvelle,Sybil E (Co-PI) 1372; Dillon,Jasmine Ashley (Co-PI) 1171; Wagner,John Joseph (Co-PI) 1171; Sheehan,John Joseph (Co-PI) 1370; Lavallee,Jocelyn",Towards Net Zero Emissions through Re-Optimized Systems (TNetZEROS),1171-Animal Sciences,1171,Animal Sciences,Agricultural Sciences-Academic Units (E1),2021-09-01,2021,2026-08-31,FALSE,52,MTDC,Pennsylvania State University,USDA-NIFA-National Institute of Food and Agriculture,Other Domestic Higher Education,Federal,2021-04-12,2021,,FALSE,1847056.75,USDA-NIFA-National Institute of Food and Agriculture,Federal,Prime sponsor reported; direct sponsor is pass-through,TRUE,Federal,FALSE,FALSE
K000148958,17096840,148958,New,"Wallenstein,Matthew","Wallenstein,Matthew (Primary PI) 1170; Machmuller,Megan B (Co-PI) 1170; Cotrufo,Francesca Francesca (Co-PI) 1170; Hoag,Dana Loyd Keske (Co-PI) 1172; Stackhouse-Lawson,Kim Rose (Co-PI) 1171; Manning,Dale Thomas (Co-PI) 1172; P","Optimizing Carbon Management for Regenerative Crop and Livestock Systems through Integrated Biogeochemical, Social, and Economic Analyses",1170-Soil + Crop Sciences,1170,Soil + Crop Sciences,Agricultural Sciences-Academic Units (E1),2021-09-30,2021,2026-09-29,FALSE,52,MTDC,USDA-NIFA-National Institute of Food and Agriculture,,Federal,,2021-04-12,2021,,FALSE,10000000.43,USDA-NIFA-National Institute of Food and Agriculture,Federal,Direct sponsor reported; prime sponsor unavailable,FALSE,Federal,FALSE,FALSE
K000148957,17096828,148957,New,"Jablonski,Becca BR","Jablonski,Becca BR (Primary PI) 1172; Bruegger,Retta A (Co-PI) 4030; Rhoades,Ryan Douglas (Key Person) 1171; Dillon,Jasmine Ashley (Key Person) 1171; Stackhouse-Lawson,Kim Rose (Key Person) 1171; Jablonski,Kevin E (Key Person) 147",Improving US Beef Industry Resilience through True Cost Accounting,1172-Agricultural + Resource Economics,1172,Agricultural + Resource Economics,Agricultural Sciences-Academic Units (E1),2021-09-01,2021,2026-08-31,FALSE,42.85,TDC,Arizona State University,USDA-NIFA-National Institute of Food and Agriculture,Other Domestic Higher Education,Federal,2021-04-12,2021,,FALSE,1936726.38,USDA-NIFA-National Institute of Food and Agriculture,Federal,Prime sponsor reported; direct sponsor is pass-through,TRUE,Federal,TRUE,FALSE
K000148883,17096824,148883,New,"Morris,Geoffrey Preston","Morris,Geoffrey Preston (Primary PI) 1170",Durable Adaptation to Aphid and Drought for Smallholder Sorghum in the Americas,1170-Soil + Crop Sciences,1170,Soil + Crop Sciences,Agricultural Sciences-Academic Units (E1),2021-04-01,2021,2023-07-23,FALSE,52,MTDC,Kansas State University,DOS-AID-Agency for Inter. Development,Other Domestic Higher Education,Federal,2021-04-12,2021,Funded,TRUE,595917.88,DOS-AID-Agency for Inter. Development,Federal,Prime sponsor reported; direct sponsor is pass-through,TRUE,Federal,FALSE,FALSE
K000149210,17096642,149210,New,"Mooney,Daniel F","Mooney,Daniel F (Primary PI) 1172; Hill,Rebecca Lynn (Co-PI) 1172",A Systems Approach to Catalyze the Potential of Hemp as a Conduit to Sustainable Rural Development,1172-Agricultural + Resource Economics,1172,Agricultural + Resource Economics,Agricultural Sciences-Academic Units (E1),2022-01-01,2022,2026-12-31,FALSE,42.85,TDC,University of Vermont,USDA-NIFA-National Institute of Food and Agriculture,Other Domestic Higher Education,Federal,2021-04-09,2021,,FALSE,743507.96,USDA-NIFA-National Institute of Food and Agriculture,Federal,Prime sponsor reported; direct sponsor is pass-through,TRUE,Federal,TRUE,FALSE
K000149246,17096405,149246,New,"Gutierrez-Rodriguez,Eduardo","Gutierrez-Rodriguez,Eduardo (Primary PI) 1173; Uchanski,Mark E (Co-PI) 1173",Western Regional Center to Enhance Food Safety: Fostering Collaboration through Continued Food Safety Education and Stakeholder Support of FSMA Implementation,1173-Horticulture + Landscape Architecture,1173,Horticulture + Landscape Architecture,Agricultural Sciences-Academic Units (E1),2021-09-01,2021,2024-08-31,FALSE,34,MTDC,Oregon State University,USDA-NIFA-National Institute of Food and Agriculture,Other Domestic Higher Education,Federal,2021-04-06,2021,Funded,TRUE,9000,USDA-NIFA-National Institute of Food and Agriculture,Federal,Prime sponsor reported; direct sponsor is pass-through,TRUE,Federal,FALSE,FALSE
K000148946,17096387,148946,New,"Stackhouse-Lawson,Kimberly Rose","Stackhouse-Lawson,Kimberly Rose (Primary PI) 1171; Dillon,Jasmine Ashley (Co-PI) 1171; Rhoades,Ryan Douglas (Co-PI) 1171; Jablonski,Kevin E (Co-PI) 1472; Sheehan,John Joseph (Co-PI) 1370; Garry,Franklyn B (Co-PI) 1678; Thilma",Reimagining Sustainability for Ranching and Rural Communities in Western Great Plains,1171-Animal Sciences,1171,Animal Sciences,Agricultural Sciences-Academic Units (E1),2022-01-01,2022,2026-12-31,FALSE,52,MTDC,USDA-NIFA-National Institute of Food and Agriculture,,Federal,,2021-04-06,2021,,FALSE,9999992.71,USDA-NIFA-National Institute of Food and Agriculture,Federal,Direct sponsor reported; prime sponsor unavailable,FALSE,Federal,FALSE,FALSE
K000148835,17096375,148835,New,"Morgan,James Brad","Morgan,James Brad (Primary PI) 1171; Narayanan Nair,Mahesh (Co-PI) 1171; Geornaras,Ifigenia (Co-PI) 1171; Delmore,Robert J (Co-PI) 1171; Belk,Keith (Co-PI) 1171","The Deep Chill Process: A Novel Approach for Increasing Yield, Enhancing Tenderness, Stabilizing Microbial Soundness of Fresh Bison Cuts",1171-Animal Sciences,1171,Animal Sciences,Agricultural Sciences-Academic Units (E1),2021-05-01,2021,2022-04-30,FALSE,0,No Indirect Cost Allowed,South Dakota State University,USDA-NIFA-National Institute of Food and Agriculture,Other Domestic Higher Education,Federal,2021-04-06,2021,,FALSE,69999.52,USDA-NIFA-National Institute of Food and Agriculture,Federal,Prime sponsor reported; direct sponsor is pass-through,TRUE,Federal,FALSE,FALSE
K000148613,17096371,148613,New,"Wrighton,Kelly Catherine","Wrighton,Kelly Catherine (Primary PI) 1170",Metabolic Modeling and Genetic Engineering of Enhanced Anaerobic Microbial Ethylene Synthesis,1170-Soil + Crop Sciences,1170,Soil + Crop Sciences,Agricultural Sciences-Academic Units (E1),2021-09-15,2021,2024-09-14,FALSE,52,MTDC,The Ohio State University,DOE-US Department of Energy,Other Domestic Higher Education,Federal,2021-04-06,2021,Funded,TRUE,188673.03,DOE-US Department of Energy,Federal,Prime sponsor reported; direct sponsor is pass-through,TRUE,Federal,FALSE,FALSE
K000149067,17096238,149067,New,"Jablonski,Rebecca BR","Jablonski,Rebecca BR (Primary PI) 1172; Boone,Randall B (Co-PI) 1476; Quinn,Jason Charles (Co-PI) 1374; David,Olaf (Key Person) 1372",Systems Change to Achieve Resiliency: A Farm to Fork Approach,1172-Agricultural + Resource Economics,1172,Agricultural + Resource Economics,Agricultural Sciences-Academic Units (E1),2021-09-01,2021,2026-08-31,FALSE,42.85,TDC,North Carolina State University,USDA-NIFA-National Institute of Food and Agriculture,Other Domestic Higher Education,Federal,2021-04-02,2021,,FALSE,1703474.29,USDA-NIFA-National Institute of Food and Agriculture,Federal,Prime sponsor reported; direct sponsor is pass-through,TRUE,Federal,TRUE,FALSE
K000149209,17095980,149209,New,"Johnson,Jerry J","Johnson,Jerry J (Primary PI) 1170",Development and Management of Canola in the Great Plains Region,1170-Soil + Crop Sciences,1170,Soil + Crop Sciences,Agricultural Sciences-Academic Units (E1),2021-09-01,2021,2025-08-31,FALSE,42.85,TDC,Kansas State University,USDA-NIFA-National Institute of Food and Agriculture,Other Domestic Higher Education,Federal,2021-03-29,2021,Funded,TRUE,83432.82,USDA-NIFA-National Institute of Food and Agriculture,Federal,Prime sponsor reported; direct sponsor is pass-through,TRUE,Federal,FALSE,FALSE
K000149077,17095965,149077,New,"Szczepaniec,Adrianna","Szczepaniec,Adrianna (Primary PI) 1177; Roberts,Robyn (Co-PI) 1177; Nachappa,Punya (Co-PI) 1177; Jones,Kurt M (Co-PI) 4020; Gaines,Todd A (Co-PI) 1177",Colorado Extension Implementation Program,1177-Agricultural Biology,1177,Agricultural Biology,Agricultural Sciences-Academic Units (E1),2021-09-01,2021,2024-08-31,FALSE,0,No Indirect Cost Allowed,USDA-NIFA-National Institute of Food and Agriculture,,Federal,,2021-03-29,2021,Funded,TRUE,894618.45,USDA-NIFA-National Institute of Food and Agriculture,Federal,Direct sponsor reported; prime sponsor unavailable,FALSE,Federal,FALSE,FALSE
K000149079,17095696,149079,New,"Vivanco,Jorge M","Vivanco,Jorge M (Primary PI) 1173",Designing A New Course-Based Undergraduate Research Experience For The Plant Science Curriculum,1173-Horticulture + Landscape Architecture,1173,Horticulture + Landscape Architecture,Agricultural Sciences-Academic Units (E1),2022-01-01,2022,2024-12-31,FALSE,42.85,TDC,University of Northern Colorado,USDA-NIFA-National Institute of Food and Agriculture,State of Colorado Higher Education,Federal,2021-03-24,2021,,FALSE,112770.16,USDA-NIFA-National Institute of Food and Agriculture,Federal,Prime sponsor reported; direct sponsor is pass-through,TRUE,Federal,FALSE,FALSE
K000149063,17095692,149063,Supplement/Additional Funding,"Fulladolsa Palma,Ana Cristina","Fulladolsa Palma,Ana Cristina (Primary PI) 1177",Great Plains Plant Diagnostic Network 2020-2021,1177-Agricultural Biology,1177,Agricultural Biology,Agricultural Sciences-Academic Units (E1),2020-07-01,2020,2021-06-30,FALSE,10,TDC,Kansas State University,USDA-NIFA-National Institute of Food and Agriculture,Other Domestic Higher Education,Federal,2021-03-24,2021,,FALSE,3630,USDA-NIFA-National Institute of Food and Agriculture,Federal,Prime sponsor reported; direct sponsor is pass-through,TRUE,Federal,FALSE,FALSE
K000149027,17095686,149027,New,"Koontz,Stephen R","Koontz,Stephen R (Primary PI) 1172; Dillon,Jasmine Ashley (Co-PI) 1171",Smart Foodscapes to Enhance the Sustainability of Western Beef Production,1172-Agricultural + Resource Economics,1172,Agricultural + Resource Economics,Agricultural Sciences-Academic Units (E1),2021-10-01,2021,2026-09-30,FALSE,52,MTDC,Utah State University,USDA-NIFA-National Institute of Food and Agriculture,Other Domestic Higher Education,Federal,2021-03-24,2021,Funded,TRUE,457037.14,USDA-NIFA-National Institute of Food and Agriculture,Federal,Prime sponsor reported; direct sponsor is pass-through,TRUE,Federal,TRUE,FALSE
K000147462,17095658,147462,New,"Heuberger,Adam L","Heuberger,Adam L (Primary PI) 1173; Joshi,Janak Raj (Co-PI) 1173; Charkowski,Amy Olymbia (Co-PI) 1177; Pearce,Stephen P (Co-PI) 1170",Plant Protease Inhibitor and Bacterial Protease Interactions,1173-Horticulture + Landscape Architecture,1173,Horticulture + Landscape Architecture,Agricultural Sciences-Academic Units (E1),2021-09-01,2021,2024-08-31,FALSE,52,MTDC,NSF-National Science Foundation,,Federal,,2021-03-24,2021,,FALSE,989865.16,NSF-National Science Foundation,Federal,Direct sponsor reported; prime sponsor unavailable,FALSE,Federal,FALSE,FALSE
K000148657,17095587,148657,New,"de Almeida Guimaraes Bisneto,Octavio","de Almeida Guimaraes Bisneto,Octavio (Primary PI) 1171; Thorndyke,Meghan Paige (Key Person) 1171; Couch,Doug Wayne (Key Person) 3041; Engle,Terry E (Key Person) 1171",Effects of Copper Supply on Gut Barrier Function and Hepatic Health: Are Some Cu Sources Better Tolerated?,1171-Animal Sciences,1171,Animal Sciences,Agricultural Sciences-Academic Units (E1),2021-08-01,2021,2022-07-31,FALSE,52,MTDC,Nutreco Nederland B.V.,,Foreign Commercial,,2021-03-23,2021,,FALSE,53580,Nutreco Nederland B.V.,Foreign Commercial,Direct sponsor reported; prime sponsor unavailable,FALSE,Industry,FALSE,FALSE
K000148555,17095577,148555,New,"Cotrufo,Maria Francesca","Cotrufo,Maria Francesca (Primary PI) 1170; Paustian,Keith H (Co-PI) 1170; Zhang,Yao (Key Person) 1499; Lavallee,Jocelyn M (Key Person) 1170; Fletcher,Steven James (Key Person) 1375; Jones,Andrew S (Key Person) 1375",Developing the MEMS Ecosystem Model to Represent Soil C and N Stocks and Greenhouse Gas Emissions in Grasslands and Croplands under Common Conventional and Regenerative Management Practices,1170-Soil + Crop Sciences,1170,Soil + Crop Sciences,Agricultural Sciences-Academic Units (E1),2021-04-01,2021,2025-03-31,FALSE,52,MTDC,Shell Oil Company,,Domestic Commercial,,2021-03-23,2021,Funded,TRUE,2045512.49,Shell Oil Company,Domestic Commercial,Direct sponsor reported; prime sponsor unavailable,FALSE,Industry,FALSE,FALSE
K000148612,17095422,148612,New,"Wilkins,Michael James","Wilkins,Michael James (Primary PI) 1170; Hart,Sarah Jane (Co-PI) 1472; Covino,Timothy P (Co-PI) 1476; Borch,Thomas (Co-PI) 1170; Young,Robert Bruce (Key Person) 1170",Towards an Integrated Understanding of Controls on Nutrient Export in High-Elevation Watersheds Impacted by Wildfire Disturbance,1170-Soil + Crop Sciences,1170,Soil + Crop Sciences,Agricultural Sciences-Academic Units (E1),2021-07-01,2021,2024-06-30,FALSE,52,MTDC,DOE-US Department of Energy,,Federal,,2021-03-19,2021,,FALSE,839999.91,DOE-US Department of Energy,Federal,Direct sponsor reported; prime sponsor unavailable,FALSE,Federal,FALSE,FALSE
K000148889,17095416,148889,New,"McKay,John K","McKay,John K (Primary PI) 1177; Mullen,Jack Leonard (Co-PI) 1177",EDGE CMT: Genetic Basis and Prediction of GxExTime in Root Systems,1177-Agricultural Biology,1177,Agricultural Biology,Agricultural Sciences-Academic Units (E1),2021-12-01,2021,2024-11-30,FALSE,52,MTDC,NSF-National Science Foundation,,Federal,,2021-03-19,2021,,FALSE,2292384.03,NSF-National Science Foundation,Federal,Direct sponsor reported; prime sponsor unavailable,FALSE,Federal,FALSE,FALSE
K000148971,17095402,148971,Resubmission,"Cotrufo,Maria Francesca","Cotrufo,Maria Francesca (Primary PI) 1170; Fonte,Steven John (Co-PI) 1170; Schipanski,Meagan Erin (Co-PI) 1170; Machmuller,Megan B (Co-PI) 1170; Wallenstein,Matthew (Co-PI) 1170; Paustian,Keith H (Co-PI) 1170",Building Isotope Analytical Capacity to Inform Agreocosystem Sustainability,1170-Soil + Crop Sciences,1170,Soil + Crop Sciences,Agricultural Sciences-Academic Units (E1),2021-10-01,2021,2022-09-30,FALSE,0,No Indirect Cost Allowed,USDA-NIFA-National Institute of Food and Agriculture,,Federal,,2021-03-19,2021,,FALSE,422692,USDA-NIFA-National Institute of Food and Agriculture,Federal,Direct sponsor reported; prime sponsor unavailable,FALSE,Federal,FALSE,FALSE
K000148887,17095231,148887,New,"Hufbauer,Ruth A","Hufbauer,Ruth A (Primary PI) 1177; Buenrostro,Jacqueline Hope (Key Person) 1177",Predicting Damage by the Elm Leaf Beetle and Elm Flea Weevil in the Urban Forest,1177-Agricultural Biology,1177,Agricultural Biology,Agricultural Sciences-Academic Units (E1),2021-04-01,2021,2021-12-31,FALSE,11.11,TDC,City of Longmont,,State of Colorado Other Local Government,,2021-03-16,2021,,FALSE,7620.03,City of Longmont,State of Colorado Other Local Government,Direct sponsor reported; prime sponsor unavailable,FALSE,State,FALSE,FALSE
K000148647,17095219,148647,New,"Edwards-Callaway,Lily Nowell","Edwards-Callaway,Lily Nowell (Primary PI) 1171; Narayanan Nair,Mahesh (Co-PI) 1171; Weller,Zachary Dennis (Co-PI) 1877",Benchmarking Live Animal & Carcass Quality Outcomes at Slaughter to Identify Factors Impacting Carcass Value,1171-Animal Sciences,1171,Animal Sciences,Agricultural Sciences-Academic Units (E1),2021-06-01,2021,2023-05-31,FALSE,0,No Indirect Cost Allowed,South Dakota State University,USDA-NIFA-National Institute of Food and Agriculture,Other Domestic Higher Education,Federal,2021-03-16,2021,Funded,TRUE,89720.3,USDA-NIFA-National Institute of Food and Agriculture,Federal,Prime sponsor reported; direct sponsor is pass-through,TRUE,Federal,FALSE,FALSE
K000148579,17095211,148579,New,"Melzer,Susan E","Melzer,Susan E (Primary PI) 1170; Zarestky,Jill (Co-PI) 1588; Wallenstein,Matthew (Co-PI) 1170",Agro-EcosySTEM Undergraduate Performance Re-Envisioned for Workforce Readiness (SUPR-Work),1170-Soil + Crop Sciences,1170,Soil + Crop Sciences,Agricultural Sciences-Academic Units (E1),2021-08-01,2021,2024-07-31,FALSE,52,MTDC,NSF-National Science Foundation,,Federal,,2021-03-16,2021,,FALSE,297787.62,NSF-National Science Foundation,Federal,Direct sponsor reported; prime sponsor unavailable,FALSE,Federal,FALSE,FALSE
K000147241,17095207,147241,New,"Charkowski,Amy Olymbia","Charkowski,Amy Olymbia (Primary PI) 1177",Curation of Insects from PPQ and State Cooperative Pest Surveys,1177-Agricultural Biology,1177,Agricultural Biology,Agricultural Sciences-Academic Units (E1),2020-10-01,2020,2021-09-30,FALSE,17.64,TDC,USDA-APHIS-Animal Plant Health Insp Srvc,,Federal,,2021-03-16,2021,Funded,TRUE,10938.17,USDA-APHIS-Animal Plant Health Insp Srvc,Federal,Direct sponsor reported; prime sponsor unavailable,FALSE,Federal,FALSE,FALSE
K000148892,17095173,148892,New,"Dillon,Jasmine Ashley","Dillon,Jasmine Ashley (Primary PI) 1171",Taking Stock of Social Sustainability Research in the Beef Industry,1171-Animal Sciences,1171,Animal Sciences,Agricultural Sciences-Academic Units (E1),2021-03-01,2021,2021-05-31,FALSE,0,No Indirect Cost Allowed,National Cattlemens Beef Association,,Domestic Non-Profit (other than Domestic Foundations),,2021-03-16,2021,Funded,TRUE,8999.65,National Cattlemens Beef Association,Domestic Non-Profit (other than Domestic Foundations),Direct sponsor reported; prime sponsor unavailable,FALSE,Foundation/nonprofit,FALSE,FALSE
K000148617,17094804,148617,New,"Hufbauer,Ruth A","Hufbauer,Ruth A (Primary PI) 1177; Fischer,Emily V (Co-PI) 1371; Balgopal,Meena M (Co-PI) 1878; Dean,Gregg Alan (Co-PI) 1682; James,Susan Patricia (Co-PI) 1049; Archibeque-Engle,Shannon L (Co-PI) 0135; Sample McMeeking,Laura",ADVANCE Adaptation: CSU STEPS for Gender Equity: Advancing Structures through Evidence-Based Practices for Gender Equity,1177-Agricultural Biology,1177,Agricultural Biology,Agricultural Sciences-Academic Units (E1),2021-08-15,2021,2024-08-14,FALSE,52,MTDC,NSF-National Science Foundation,,Federal,,2021-03-09,2021,Funded,TRUE,999312.13,NSF-National Science Foundation,Federal,Direct sponsor reported; prime sponsor unavailable,FALSE,Federal,FALSE,FALSE
K000148886,17094699,148886,New,"Narayanan Nair,Mahesh","Narayanan Nair,Mahesh (Primary PI) 1171; Morgan,James Brad (Co-PI) 1171",Enhancing the Efficiencies and Robustness of Beef Production Systems,1171-Animal Sciences,1171,Animal Sciences,Agricultural Sciences-Academic Units (E1),2022-01-06,2022,2027-01-05,FALSE,42.85,TDC,Oklahoma State University,USDA-NIFA-National Institute of Food and Agriculture,Other Domestic Higher Education,Federal,2021-03-08,2021,,FALSE,476670.19,USDA-NIFA-National Institute of Food and Agriculture,Federal,Prime sponsor reported; direct sponsor is pass-through,TRUE,Federal,FALSE,FALSE
K000148631,17094682,148631,New,"Gutierrez-Rodriguez,Eduardo","Gutierrez-Rodriguez,Eduardo (Primary PI) 1173; Urbanowitz,Seth Charles (Co-PI) 4030; Uchanski,Mark E (Co-PI) 1173; Prenni,Jessica E (Co-PI) 1173; Sullins,Martha J (Co-PI) 4010",Determining the Microbial Risk Profiles of Onion Production Practices in CA and CO: A Quantitative Approach to Defining Food Safety Risks and Controls within Onion Practices,1173-Horticulture + Landscape Architecture,1173,Horticulture + Landscape Architecture,Agricultural Sciences-Academic Units (E1),2022-01-01,2022,2024-12-31,FALSE,8,S&W,The Center for Produce Safety,,Domestic Non-Profit (other than Domestic Foundations),,2021-03-08,2021,,FALSE,399521.8,The Center for Produce Safety,Domestic Non-Profit (other than Domestic Foundations),Direct sponsor reported; prime sponsor unavailable,FALSE,Foundation/nonprofit,FALSE,FALSE
K000148694,17094614,148694,New,"Engle,Terry E","Engle,Terry E (Primary PI) 1171; de Almeida Guimaraes Bisneto,Octavio (Key Person) 1171","Replacement Steers - Inoculum (rumen fluid) Donor, In Situ Fermentation, and Ingested Feed Sampling of Fistulated Bovine",1171-Animal Sciences,1171,Animal Sciences,Agricultural Sciences-Academic Units (E1),2021-01-01,2021,2021-06-30,FALSE,34,MTDC,"Life Products, Inc.",,Domestic Commercial,,2021-03-05,2021,,FALSE,3517.18,"Life Products, Inc.",Domestic Commercial,Direct sponsor reported; prime sponsor unavailable,FALSE,Industry,FALSE,FALSE
K000148047,17094610,148047,New,"Paustian,Keith H","Paustian,Keith H (Primary PI) 1170",Developing Remote Sensing and LCA Capabilities for the Greenhouse Gas Inventory Tool,1170-Soil + Crop Sciences,1170,Soil + Crop Sciences,Agricultural Sciences-Academic Units (E1),2021-05-01,2021,2023-04-30,FALSE,8,TDC,Colorado Office of Economic Development and Intl Trade,,State of Colorado,,2021-03-05,2021,Funded,TRUE,125003.38,Colorado Office of Economic Development and Intl Trade,State of Colorado,Direct sponsor reported; prime sponsor unavailable,FALSE,State,FALSE,FALSE
K000148022,17094604,148022,New,"Cotrufo,Maria Francesca","Cotrufo,Maria Francesca (Primary PI) 1170; Paustian,Keith H (Co-PI) 1170","Metrics, Management, and Monitoring: An Investigation in Rangeland and Pasture Soil Health and their Drivers",1170-Soil + Crop Sciences,1170,Soil + Crop Sciences,Agricultural Sciences-Academic Units (E1),2021-07-01,2021,2026-06-30,FALSE,11.11,TDC,Noble Research Institute,Foundation for Food and Agriculture Research,Domestic Non-Profit (other than Domestic Foundations),Domestic Non-Profit (other than Domestic Foundations),2021-03-05,2021,Funded,TRUE,3575326.1,Foundation for Food and Agriculture Research,Domestic Non-Profit (other than Domestic Foundations),Prime sponsor reported; direct sponsor is pass-through,FALSE,Foundation/nonprofit,FALSE,FALSE
K000148611,17094454,148611,New,"Wilkins,Michael James","Wilkins,Michael James (Primary PI) 1170",Ecosystem Engineers at the Terrestrial-Aquatic Interface: How do Floodplain Beaver Wetlands Alter Upland River Corridor Hydrobiogeochemistry?,1170-Soil + Crop Sciences,1170,Soil + Crop Sciences,Agricultural Sciences-Academic Units (E1),2021-08-15,2021,2024-08-14,FALSE,52,MTDC,DOE-US Department of Energy,,Federal,,2021-03-03,2021,,FALSE,299958.63,DOE-US Department of Energy,Federal,Direct sponsor reported; prime sponsor unavailable,FALSE,Federal,FALSE,FALSE
K000148948,17094380,148948,New,"Johnson,Jerry J","Johnson,Jerry J (Primary PI) 1170; Jones-Diamond,Sally Marie (Co-PI) 1170",Testing Commercial and Experimental Varieties of Dry Bean 2021,1170-Soil + Crop Sciences,1170,Soil + Crop Sciences,Agricultural Sciences-Academic Units (E1),2021-01-01,2021,2021-12-31,FALSE,0,No Indirect Cost Allowed,Colorado Dry Bean Administration Committee,,Domestic Non-Profit (other than Domestic Foundations),,2021-03-02,2021,Funded,TRUE,9000.38,Colorado Dry Bean Administration Committee,Domestic Non-Profit (other than Domestic Foundations),Direct sponsor reported; prime sponsor unavailable,FALSE,Foundation/nonprofit,FALSE,FALSE
K000148618,17094364,148618,New,"Metcalf,Jessica Lynne","Metcalf,Jessica Lynne (Primary PI) 1171; Burcham,Zachary M (Co-PI) 1171; Chan,Siu Hung Joshua (Co-PI) 1370; Prenni,Jessica E (Co-PI) 1173; Wrighton,Kelly Catherine (Co-PI) 1170","MIM: Elucidating the Rules of Terrestrial Decomposition: Microbial Community Assembly, Mechanisms, and Interactions",1171-Animal Sciences,1171,Animal Sciences,Agricultural Sciences-Academic Units (E1),2022-01-01,2022,2026-12-31,FALSE,52,MTDC,NSF-National Science Foundation,,Federal,,2021-03-02,2021,,FALSE,2999999.35,NSF-National Science Foundation,Federal,Direct sponsor reported; prime sponsor unavailable,FALSE,Federal,FALSE,FALSE
K000148977,17094171,148977,New,"Nalam,Vamsi","Nalam,Vamsi (Primary PI) 1177",Development of CRISPR/Cas9 Mediated Viral Resistance in Sugarbeet,1177-Agricultural Biology,1177,Agricultural Biology,Agricultural Sciences-Academic Units (E1),2021-03-01,2021,2022-02-28,FALSE,0,No Indirect Cost Allowed,Western Sugar Cooperative,,Domestic Commercial,,2021-02-26,2021,Funded,TRUE,34200.13,Western Sugar Cooperative,Domestic Commercial,Direct sponsor reported; prime sponsor unavailable,FALSE,Industry,FALSE,FALSE
K000148794,17094161,148794,New,"Narayanan Nair,Mahesh","Narayanan Nair,Mahesh (Primary PI) 1171; Morgan,James Brad (Co-PI) 1171; Delmore,Robert J (Co-PI) 1171; Belk,Keith (Co-PI) 1171",TBN GRA: Transforming a Graduate Student to a Career-Ready Employee for the Pork Industry,1171-Animal Sciences,1171,Animal Sciences,Agricultural Sciences-Academic Units (E1),2021-08-01,2021,2023-07-31,FALSE,0,No Indirect Cost Allowed,National Pork Board,,Domestic Non-Profit (other than Domestic Foundations),,2021-02-26,2021,,FALSE,60000,National Pork Board,Domestic Non-Profit (other than Domestic Foundations),Direct sponsor reported; prime sponsor unavailable,FALSE,Foundation/nonprofit,FALSE,FALSE
K000148615,17094155,148615,New,"Dayan,Franck E","Dayan,Franck E (Primary PI) 1177; Gaines,Todd A (Co-PI) 1177",Understanding Resistance to Auxinic Herbicides in Palmer Amaranth (FY21),1177-Agricultural Biology,1177,Agricultural Biology,Agricultural Sciences-Academic Units (E1),2021-01-01,2021,2021-12-31,FALSE,15,TDC,"Cotton, Inc.",,Domestic Commercial,,2021-02-26,2021,Funded,TRUE,45000.14,"Cotton, Inc.",Domestic Commercial,Direct sponsor reported; prime sponsor unavailable,FALSE,Industry,FALSE,FALSE
K000148878,17094112,148878,New,"Trivedi,Pankaj","Trivedi,Pankaj (Primary PI) 1177; Suter,Jordan (Co-PI) 1172; Wallenstein,Matthew (Co-PI) 1170",MIM: Microbial Game of Thrones: Mechanisms Governing the Colonization and Vanquishment of Aliens in Plant Environments,1177-Agricultural Biology,1177,Agricultural Biology,Agricultural Sciences-Academic Units (E1),2021-09-15,2021,2025-09-14,FALSE,52,MTDC,NSF-National Science Foundation,,Federal,,2021-02-25,2021,,FALSE,2920128.34,NSF-National Science Foundation,Federal,Direct sponsor reported; prime sponsor unavailable,FALSE,Federal,FALSE,FALSE
K000148837,17094074,148837,New,"Uchanski,Mark E","Uchanski,Mark E (Primary PI) 1173",Integrating Photovoltaics and Semi-Controlled Environment Agriculture,1173-Horticulture + Landscape Architecture,1173,Horticulture + Landscape Architecture,Agricultural Sciences-Academic Units (E1),2021-06-28,2021,2022-06-27,FALSE,52,MTDC,"Sandbox Solar, LLC",DOE-US Department of Energy,Domestic Commercial,Federal,2021-02-25,2021,,FALSE,33448.94,DOE-US Department of Energy,Federal,Prime sponsor reported; direct sponsor is pass-through,FALSE,Federal,FALSE,FALSE
K000148216,17094070,148216,New,"Bousselot,Jennifer M","Bousselot,Jennifer M (Primary PI) 1173",Compact Intensive Farming,1173-Horticulture + Landscape Architecture,1173,Horticulture + Landscape Architecture,Agricultural Sciences-Academic Units (E1),2021-05-01,2021,2022-04-30,FALSE,10,TDC,"Agriburbia, LLC",Bill and Melinda Gates Foundation,Domestic Commercial,Domestic Foundations,2021-02-25,2021,,FALSE,34999.69,Bill and Melinda Gates Foundation,Domestic Foundations,Prime sponsor reported; direct sponsor is pass-through,FALSE,Foundation/nonprofit,FALSE,FALSE
K000148903,17094023,148903,New,"Nachappa,Punya","Nachappa,Punya (Primary PI) 1177",Disrupting BCTV Transmission by Targeting the Molecular Interaction between the Virus and its Insect Vector,1177-Agricultural Biology,1177,Agricultural Biology,Agricultural Sciences-Academic Units (E1),2021-03-01,2021,2022-02-28,FALSE,0,No Indirect Cost Allowed,Western Sugar Cooperative,,Domestic Commercial,,2021-02-23,2021,Funded,TRUE,19199.8,Western Sugar Cooperative,Domestic Commercial,Direct sponsor reported; prime sponsor unavailable,FALSE,Industry,FALSE,FALSE
K000148634,17094019,148634,New,"Wilkins,Michael James","Wilkins,Michael James (Primary PI) 1170",Collaborative Research: MIM: Trait-Based Rules of Microbial Response to Fire Across Domains and Ecosystems,1170-Soil + Crop Sciences,1170,Soil + Crop Sciences,Agricultural Sciences-Academic Units (E1),2021-09-01,2021,2026-08-31,FALSE,52,MTDC,NSF-National Science Foundation,,Federal,,2021-02-23,2021,,FALSE,398999.83,NSF-National Science Foundation,Federal,Direct sponsor reported; prime sponsor unavailable,FALSE,Federal,FALSE,FALSE
K000148776,17093766,148776,New,"Minas,Ioannis","Minas,Ioannis (Primary PI) 1173",Brendon Anthony: Optimizing Peach Orchard Design and Density to Promote Sustainable and Efficient Production of High-Quality Fruit,1173-Horticulture + Landscape Architecture,1173,Horticulture + Landscape Architecture,Agricultural Sciences-Academic Units (E1),2021-08-01,2021,2023-07-31,FALSE,11.11,TDC,Montana State University,USDA-NIFA-National Institute of Food and Agriculture,Other Domestic Higher Education,Federal,2021-02-17,2021,,FALSE,29949.26,USDA-NIFA-National Institute of Food and Agriculture,Federal,Prime sponsor reported; direct sponsor is pass-through,TRUE,Federal,FALSE,FALSE
K000148614,17093754,148614,New,"Ravet,Karl","Ravet,Karl (Primary PI) 1170; Pearce,Stephen P (Co-PI) 1170",Transforming Cannabis: A Quick Path to Domestication and Specialization,1170-Soil + Crop Sciences,1170,Soil + Crop Sciences,Agricultural Sciences-Academic Units (E1),2021-07-01,2021,2023-06-30,FALSE,15,MTDC,Colorado State University - Pueblo,,State of Colorado Higher Education,,2021-02-17,2021,,FALSE,135006.59,Colorado State University - Pueblo,State of Colorado Higher Education,Direct sponsor reported; prime sponsor unavailable,FALSE,CSU/Internal,FALSE,FALSE
K000148456,17093620,148456,New,"Prenni,Jessica E","Prenni,Jessica E (Primary PI) 1173; Wrighton,Kelly Catherine (Co-PI) 1170; Weir,Tiffany L (Co-PI) 1571",Multi-Omics Profiling of Microbial Metabolism of Phytocannabinoids in the Human Gut,1173-Horticulture + Landscape Architecture,1173,Horticulture + Landscape Architecture,Agricultural Sciences-Academic Units (E1),2021-07-01,2021,2024-06-30,FALSE,15,MTDC,Colorado State University - Pueblo,,State of Colorado Higher Education,,2021-02-16,2021,,FALSE,249977.37,Colorado State University - Pueblo,State of Colorado Higher Education,Direct sponsor reported; prime sponsor unavailable,FALSE,CSU/Internal,FALSE,FALSE
K000148454,17093440,148454,Resubmission,"Prenni,Jessica E","Prenni,Jessica E (Primary PI) 1173; Wilkins,Michael James (Co-PI) 1170; De Long,Susan K (Co-PI) 1372; Wrighton,Kelly Catherine (Co-PI) 1170; Broeckling,Corey D (Co-PI) 2019",MRI: Acquisition of an Ultrahigh Resolution Mass Spectrometry System to Enable Metaproteomics Experiments to Support Microbiome Research,1173-Horticulture + Landscape Architecture,1173,Horticulture + Landscape Architecture,Agricultural Sciences-Academic Units (E1),2022-01-01,2022,2024-12-31,FALSE,52,MTDC,NSF-National Science Foundation,,Federal,,2021-02-12,2021,Funded,TRUE,1167241,NSF-National Science Foundation,Federal,Direct sponsor reported; prime sponsor unavailable,FALSE,Federal,FALSE,FALSE
K000148706,17093264,148706,New,"Minas,Ioannis","Minas,Ioannis (Primary PI) 1173; Uchanski,Mark E (Co-PI) 1173; Prenni,Jessica E (Co-PI) 1173",Understanding the Impact of Late Season Frost on High CBD Hemp Crop Yield and Quality,1173-Horticulture + Landscape Architecture,1173,Horticulture + Landscape Architecture,Agricultural Sciences-Academic Units (E1),2021-07-01,2021,2024-06-30,FALSE,15,MTDC,Colorado State University - Pueblo,,State of Colorado Higher Education,,2021-02-08,2021,,FALSE,234224.04,Colorado State University - Pueblo,State of Colorado Higher Education,Direct sponsor reported; prime sponsor unavailable,FALSE,CSU/Internal,FALSE,FALSE
K000148628,17093260,148628,New,"Uchanski,Mark E","Uchanski,Mark E (Primary PI) 1173",Organic CBD Production on the Front Range: Plant Nutrition and Open-Access Educational Resources for Hemp,1173-Horticulture + Landscape Architecture,1173,Horticulture + Landscape Architecture,Agricultural Sciences-Academic Units (E1),2021-07-01,2021,2022-06-30,FALSE,15,MTDC,Colorado State University - Pueblo,,State of Colorado Higher Education,,2021-02-08,2021,,FALSE,60483.76,Colorado State University - Pueblo,State of Colorado Higher Education,Direct sponsor reported; prime sponsor unavailable,FALSE,CSU/Internal,FALSE,FALSE
K000148616,17093254,148616,New,"Dayan,Franck E","Dayan,Franck E (Primary PI) 1177; Gaines,Todd A (Co-PI) 1177",Using Genetic and Chemical Technologies to Target Cytochrome P450 Reductase (FY21),1177-Agricultural Biology,1177,Agricultural Biology,Agricultural Sciences-Academic Units (E1),2021-01-01,2021,2021-12-31,FALSE,15,TDC,"Cotton, Inc.",,Domestic Commercial,,2021-02-08,2021,Funded,TRUE,24999.98,"Cotton, Inc.",Domestic Commercial,Direct sponsor reported; prime sponsor unavailable,FALSE,Industry,FALSE,FALSE
K000148654,17092992,148654,Resubmission,"Gaines,Todd A","Gaines,Todd A (Primary PI) 1177; Nachappa,Punya (Co-PI) 1177; Jahn,Courtney Elaine (Co-PI) 1177",Workforce Development and Diversification in Agricultural Biosecurity through Experiential Training in Pest Management,1177-Agricultural Biology,1177,Agricultural Biology,Agricultural Sciences-Academic Units (E1),2021-09-01,2021,2025-08-31,FALSE,0,No Indirect Cost Allowed,USDA-NIFA-National Institute of Food and Agriculture,,Federal,,2021-02-03,2021,Funded,TRUE,246000,USDA-NIFA-National Institute of Food and Agriculture,Federal,Direct sponsor reported; prime sponsor unavailable,FALSE,Federal,FALSE,FALSE
K000148525,17092903,148525,New,"Bauerle,William L","Bauerle,William L (Primary PI) 1173",Cannabis Water and Nutrient Consumption: Developing Best Practices to Optimize Irrigation and Nutrient Use Efficiency,1173-Horticulture + Landscape Architecture,1173,Horticulture + Landscape Architecture,Agricultural Sciences-Academic Units (E1),2021-07-01,2021,2023-06-30,FALSE,15,MTDC,Colorado State University - Pueblo,,State of Colorado Higher Education,,2021-02-02,2021,,FALSE,178116.2,Colorado State University - Pueblo,State of Colorado Higher Education,Direct sponsor reported; prime sponsor unavailable,FALSE,CSU/Internal,FALSE,FALSE
K000148656,17092627,148656,Continuation,"Munoz Amatriain,Maria","Munoz Amatriain,Maria (Primary PI) 1170",Improved White Mold Resistance in Dry and Snap Beans through Multi-Site Screening and Pathogen Characterization throughout Major Production Areas,1170-Soil + Crop Sciences,1170,Soil + Crop Sciences,Agricultural Sciences-Academic Units (E1),2021-07-01,2021,2022-12-31,FALSE,0,No Indirect Cost Allowed,University of Nebraska,USDA-ARS-Agricultural Research Service,Other Domestic Higher Education,Federal,2021-01-27,2021,,FALSE,1855.46,USDA-ARS-Agricultural Research Service,Federal,Prime sponsor reported; direct sponsor is pass-through,TRUE,Federal,FALSE,FALSE
K000148642,17092622,148642,New,"Narayanan Nair,Mahesh","Narayanan Nair,Mahesh (Primary PI) 1171; Morgan,James Brad (Key Person) 1171",Beef Flavor Research,1171-Animal Sciences,1171,Animal Sciences,Agricultural Sciences-Academic Units (E1),2021-02-01,2021,2021-12-31,FALSE,0,No Indirect Cost Allowed,National Cattlemens Beef Association,,Domestic Non-Profit (other than Domestic Foundations),,2021-01-27,2021,Funded,TRUE,38865.36,National Cattlemens Beef Association,Domestic Non-Profit (other than Domestic Foundations),Direct sponsor reported; prime sponsor unavailable,FALSE,Foundation/nonprofit,FALSE,FALSE
K000148586,17092616,148586,New,"Wood,Wendy Hower","Wood,Wendy Hower (Primary PI) 1171; Peters,Brittany Caitlin (Co-PI) 1171",Physiological Mechanisms of Action Relating to Immediate and Long-Term Therapeutic Horseback Riding Intervention Effects in a Psychiatric Population of Youth with Autism Spectrum Disorder,1171-Animal Sciences,1171,Animal Sciences,Agricultural Sciences-Academic Units (E1),2021-01-01,2021,2021-12-31,FALSE,34,MTDC,University of Colorado at Denver,HHS-NIH-National Institutes of Health,State of Colorado Higher Education,Federal,2021-01-27,2021,Funded,TRUE,4000.01,HHS-NIH-National Institutes of Health,Federal,Prime sponsor reported; direct sponsor is pass-through,TRUE,Federal,FALSE,FALSE
K000148421,17092608,148421,New,"Narayanan Nair,Mahesh","Narayanan Nair,Mahesh (Primary PI) 1171; Rhoades,Ryan Douglas (Co-PI) 1171; Morgan,James Brad (Co-PI) 1171",Enhancing the Competitiveness of the US Organic Beef,1171-Animal Sciences,1171,Animal Sciences,Agricultural Sciences-Academic Units (E1),2022-01-01,2022,2025-12-31,FALSE,42.85,TDC,Oklahoma State University,USDA-NIFA-National Institute of Food and Agriculture,Other Domestic Higher Education,Federal,2021-01-27,2021,,FALSE,659968.74,USDA-NIFA-National Institute of Food and Agriculture,Federal,Prime sponsor reported; direct sponsor is pass-through,TRUE,Federal,FALSE,FALSE
K000148414,17092596,148414,New,"Ham,Jay M","Ham,Jay M (Primary PI) 1170; Wardle,Erik M (Co-PI) 1170",Designing a Low-Cost Internet of Things (IoT) Temperature and Humidity Sensor for a Sugarbeet Cercospora Leaf Spot Alert System,1170-Soil + Crop Sciences,1170,Soil + Crop Sciences,Agricultural Sciences-Academic Units (E1),2021-03-01,2021,2022-02-28,FALSE,0,No Indirect Cost Allowed,Western Sugar Cooperative,,Domestic Commercial,,2021-01-27,2021,Funded,TRUE,21385.28,Western Sugar Cooperative,Domestic Commercial,Direct sponsor reported; prime sponsor unavailable,FALSE,Industry,FALSE,FALSE
K000148390,17092586,148390,New,"Ham,Jay M","Ham,Jay M (Primary PI) 1170; Wardle,Erik M (Co-PI) 1170",Monitoring Sugar Beet Storage Piles with Low-Cost Internet of Things (IoT) Temperature Sensor,1170-Soil + Crop Sciences,1170,Soil + Crop Sciences,Agricultural Sciences-Academic Units (E1),2021-03-01,2021,2022-02-28,FALSE,0,No Indirect Cost Allowed,Western Sugar Cooperative,,Domestic Commercial,,2021-01-27,2021,Funded,TRUE,8991.93,Western Sugar Cooperative,Domestic Commercial,Direct sponsor reported; prime sponsor unavailable,FALSE,Industry,FALSE,FALSE
K000148397,17092580,148397,New,"Machmuller,Megan B","Machmuller,Megan B (Primary PI) 1170; Cotrufo,Maria Francesca (Co-PI) 1170","Robust Monitoring, Reporting and Verification for Rangelands",1170-Soil + Crop Sciences,1170,Soil + Crop Sciences,Agricultural Sciences-Academic Units (E1),2021-01-01,2021,2022-12-31,FALSE,15,TDC,Woods Hole Research Center,,Domestic Non-Profit (other than Domestic Foundations),,2021-01-27,2021,Funded,TRUE,306325.18,Woods Hole Research Center,Domestic Non-Profit (other than Domestic Foundations),Direct sponsor reported; prime sponsor unavailable,FALSE,Foundation/nonprofit,FALSE,FALSE
K000148268,17092576,148268,New,"Gaines,Todd A","Gaines,Todd A (Primary PI) 1177",International Weed Genomics Consortium,1177-Agricultural Biology,1177,Agricultural Biology,Agricultural Sciences-Academic Units (E1),2021-01-01,2021,2023-12-31,FALSE,11.11,TDC,Foundation for Food and Agriculture Research,,Domestic Non-Profit (other than Domestic Foundations),,2021-01-27,2021,Funded,TRUE,1500000.24,Foundation for Food and Agriculture Research,Domestic Non-Profit (other than Domestic Foundations),Direct sponsor reported; prime sponsor unavailable,FALSE,Foundation/nonprofit,FALSE,FALSE
K000148388,17092568,148388,New,"Ham,Jay M","Ham,Jay M (Primary PI) 1170; Wardle,Erik M (Co-PI) 1170; Deleon,Emmanuel (Key Person) 1170; Bauder,Troy A (Key Person) 3001",Monitoring Edge-of-Field (EOF) Water Quality in Surface-Irrigated Sugarbeets: Identifying BMPs for Reducing Nutrient Runoff,1170-Soil + Crop Sciences,1170,Soil + Crop Sciences,Agricultural Sciences-Academic Units (E1),2021-03-01,2021,2022-02-28,FALSE,0,No Indirect Cost Allowed,Western Sugar Cooperative,,Domestic Commercial,,2021-01-27,2021,Funded,TRUE,14100,Western Sugar Cooperative,Domestic Commercial,Direct sponsor reported; prime sponsor unavailable,FALSE,Industry,FALSE,FALSE
K000148490,17092279,148490,New,"Gaines,Todd A","Gaines,Todd A (Primary PI) 1177",RNA-Targeting to Control Invasive Plant Species,1177-Agricultural Biology,1177,Agricultural Biology,Agricultural Sciences-Academic Units (E1),2021-07-01,2021,2024-06-30,FALSE,52,MTDC,DOD-US Department of Defense,,Federal,,2021-01-22,2021,Funded,TRUE,745053.59,DOD-US Department of Defense,Federal,Direct sponsor reported; prime sponsor unavailable,FALSE,Federal,FALSE,FALSE
K000148302,17092037,148302,New,"Thompson,Henry J","Thompson,Henry J (Primary PI) 1173",Promoting Colorado Dry Beans,1173-Horticulture + Landscape Architecture,1173,Horticulture + Landscape Architecture,Agricultural Sciences-Academic Units (E1),2021-01-01,2021,2021-12-31,FALSE,0,No Indirect Cost Allowed,Colorado Dry Bean Administration Committee,,Domestic Non-Profit (other than Domestic Foundations),,2021-01-15,2021,Funded,TRUE,10000,Colorado Dry Bean Administration Committee,Domestic Non-Profit (other than Domestic Foundations),Direct sponsor reported; prime sponsor unavailable,FALSE,Foundation/nonprofit,FALSE,FALSE
K000148564,17091909,148564,New,"Kroll,Stephan","Kroll,Stephan (Primary PI) 1172",Implications of Solar Radiation Management for Strategic Behavior and Climate Governance,1172-Agricultural + Resource Economics,1172,Agricultural + Resource Economics,Agricultural Sciences-Academic Units (E1),2020-09-01,2020,2023-08-31,FALSE,52,MTDC,University of Wyoming,NSF-National Science Foundation,Other Domestic Higher Education,Federal,2021-01-13,2021,Funded,TRUE,75080.14,NSF-National Science Foundation,Federal,Prime sponsor reported; direct sponsor is pass-through,TRUE,Federal,TRUE,FALSE
K000148301,17091905,148301,New,"Pinedo,Pablo J","Pinedo,Pablo J (Primary PI) 1171",Solutions for Controlling Mastitis and Improving Milk Quality in Organic Dairy Farms: An Integrated Approach,1171-Animal Sciences,1171,Animal Sciences,Agricultural Sciences-Academic Units (E1),2021-09-01,2021,2025-08-31,FALSE,10.2,TDC,USDA-NIFA-National Institute of Food and Agriculture,,Federal,,2021-01-13,2021,,FALSE,2999805.46,USDA-NIFA-National Institute of Food and Agriculture,Federal,Direct sponsor reported; prime sponsor unavailable,FALSE,Federal,FALSE,FALSE
K000148348,17091858,148348,New,"Blunt,Tamla Diann","Blunt,Tamla Diann (Primary PI) 1177; Zarestky,Jill (Co-PI) 1588; Martin,Jennifer Nicole (Co-PI) 1171; Countryman,Amanda Marie (Co-PI) 1172; Ham,Jay M (Co-PI) 1170; Clark,Nathan (Co-PI) 1172; Bousselot,Jennifer M (Co-PI) 1173;",Integrated Education: Northeast Colorado Community Recovery to Resiliency in Rural Agriculture and Food Systems,1177-Agricultural Biology,1177,Agricultural Biology,Agricultural Sciences-Academic Units (E1),2021-01-01,2021,2022-09-30,FALSE,0,No Indirect Cost Allowed,State of Colorado-Governor's Office,,State of Colorado,,2021-01-13,2021,,FALSE,1176727.01,State of Colorado-Governor's Office,State of Colorado,Direct sponsor reported; prime sponsor unavailable,FALSE,State,FALSE,FALSE
K000148513,17091760,148513,New,"Ahola,Jason Kee","Ahola,Jason Kee (Primary PI) 1171; Edwards-Callaway,Lily Nowell (Co-PI) 1171; Bigler,Elizabeth Jaed (Co-PI) 1171",Comprehensive Survey of the Colorado Beef Quality Assurance (BQA) Program,1171-Animal Sciences,1171,Animal Sciences,Agricultural Sciences-Academic Units (E1),2021-01-01,2021,2021-12-31,FALSE,0,No Indirect Cost Allowed,Colorado Beef Council,,Domestic Non-Profit (other than Domestic Foundations),,2021-01-12,2021,Funded,TRUE,5000,Colorado Beef Council,Domestic Non-Profit (other than Domestic Foundations),Direct sponsor reported; prime sponsor unavailable,FALSE,Foundation/nonprofit,FALSE,FALSE
K000148298,17091628,148298,New,"Morris,Geoffrey Preston","Morris,Geoffrey Preston (Primary PI) 1170",Leveraging Quantitative Trait Genomics to Reintegrate Statistical and Biological Perspectives on Epistasis,1170-Soil + Crop Sciences,1170,Soil + Crop Sciences,Agricultural Sciences-Academic Units (E1),2021-10-01,2021,2025-09-30,FALSE,52,MTDC,University of Illinois,NSF-National Science Foundation,Other Domestic Higher Education,Federal,2021-01-08,2021,,FALSE,483153.7,NSF-National Science Foundation,Federal,Prime sponsor reported; direct sponsor is pass-through,TRUE,Federal,FALSE,FALSE
K000148479,17091588,148479,New,"Wilkins,Michael James","Wilkins,Michael James (Primary PI) 1170",A Trait-Based Approach for Understanding the Role of Fire-Adapted Microbes on Ecosystem Carbon and Nitrogen Cycling Post-Fire,1170-Soil + Crop Sciences,1170,Soil + Crop Sciences,Agricultural Sciences-Academic Units (E1),2021-07-01,2021,2024-06-30,FALSE,52,MTDC,"University of California, Riverside",NSF-National Science Foundation,Other Domestic Higher Education,Federal,2021-01-07,2021,,FALSE,51127.89,NSF-National Science Foundation,Federal,Prime sponsor reported; direct sponsor is pass-through,TRUE,Federal,FALSE,FALSE
K000148107,17091568,148107,New,"Wilkins,Michael James","Wilkins,Michael James (Primary PI) 1170; Borch,Thomas (Co-PI) 1170",Collaborative Research: Role of Soil Microbiome Resilience in Ecosystem Recovery Following Severe Wildfire,1170-Soil + Crop Sciences,1170,Soil + Crop Sciences,Agricultural Sciences-Academic Units (E1),2021-08-01,2021,2024-07-31,FALSE,52,MTDC,NSF-National Science Foundation,,Federal,,2021-01-07,2021,Funded,TRUE,571256.72,NSF-National Science Foundation,Federal,Direct sponsor reported; prime sponsor unavailable,FALSE,Federal,FALSE,FALSE
