key_id,year,lead_group,lead_unit_code,lead_unit_name,fa_sponsor_category,fa_rate,fa_type,direct_sponsor,direct_sponsor_type,originating_sponsor,originating_sponsor_type,university_direct_with_prime,amount
K000166061,2026,DARE-led,1172,Agricultural + Resource Economics,Federal,0,No Indirect Cost Allowed,USDA-USFS-Pacific NW Exp Statn,Federal,USDA-USFS-Pacific NW Exp Statn,Federal,FALSE,99999.49
K000163058,2025,DARE-led,1172,Agricultural + Resource Economics,Federal,0,No Indirect Cost Allowed,USDA-NIFA-National Institute of Food and Agriculture,Federal,USDA-NIFA-National Institute of Food and Agriculture,Federal,FALSE,254980.9
K000160430,2024,DARE-led,1172,Agricultural + Resource Economics,Federal,0,No Indirect Cost Allowed,USDA-USFS-Rocky Mtn. Rsrch Station - CO,Federal,USDA-USFS-Rocky Mtn. Rsrch Station - CO,Federal,FALSE,91999.52
K000159381,2024,DARE-led,1172,Agricultural + Resource Economics,Federal,0,No Indirect Cost Allowed,USDA-USFS-Pacific NW Exp Statn,Federal,USDA-USFS-Pacific NW Exp Statn,Federal,FALSE,10001.66
K000158560,2024,DARE-led,1172,Agricultural + Resource Economics,Federal,0,No Indirect Cost Allowed,USDA-ERS-Economic Research Service,Federal,USDA-ERS-Economic Research Service,Federal,FALSE,54500.74
K000157901,2024,DARE-led,1172,Agricultural + Resource Economics,Federal,0,No Indirect Cost Allowed,USDA-ERS-Economic Research Service,Federal,USDA-ERS-Economic Research Service,Federal,FALSE,120000.7
K000157902,2024,DARE-led,1172,Agricultural + Resource Economics,Federal,0,No Indirect Cost Allowed,USDA-ERS-Economic Research Service,Federal,USDA-ERS-Economic Research Service,Federal,FALSE,15185.7
K000154606,2022,DARE-led,1172,Agricultural + Resource Economics,Federal,0,No Indirect Cost Allowed,USDA-ERS-Economic Research Service,Federal,USDA-ERS-Economic Research Service,Federal,FALSE,4600
K000153683,2022,DARE-led,1172,Agricultural + Resource Economics,Federal,0,No Indirect Cost Allowed,USDA-ERS-Economic Research Service,Federal,USDA-ERS-Economic Research Service,Federal,FALSE,74998.56
K000153495,2022,DARE-led,1172,Agricultural + Resource Economics,Federal,0,No Indirect Cost Allowed,USDA-USFS-Pacific NW Exp Statn,Federal,USDA-USFS-Pacific NW Exp Statn,Federal,FALSE,106356.33
K000151431,2022,DARE-led,1172,Agricultural + Resource Economics,Federal,0,No Indirect Cost Allowed,USDA-NIFA-National Institute of Food and Agriculture,Federal,USDA-NIFA-National Institute of Food and Agriculture,Federal,FALSE,733863.85
K000150474,2021,DARE-led,1172,Agricultural + Resource Economics,Federal,0,No Indirect Cost Allowed,USDA-ERS-Economic Research Service,Federal,USDA-ERS-Economic Research Service,Federal,FALSE,165999.55
K000150293,2021,DARE-led,1172,Agricultural + Resource Economics,Federal,0,No Indirect Cost Allowed,USDA-ERS-Economic Research Service,Federal,USDA-ERS-Economic Research Service,Federal,FALSE,240000.66
K000150630,2021,DARE-led,1172,Agricultural + Resource Economics,Federal,7.5,TDC,USDA-AMS-Agricultural Marketing Service,Federal,USDA-AMS-Agricultural Marketing Service,Federal,FALSE,595156.06
K000163646,2025,DARE-led,1172,Agricultural + Resource Economics,Federal,10,TDC,USDA-AMS-Agricultural Marketing Service,Federal,USDA-AMS-Agricultural Marketing Service,Federal,FALSE,126635.5
K000160048,2024,DARE-led,1172,Agricultural + Resource Economics,Federal,10,TDC,USDA-APHIS-Animal Plant Health Insp Srvc,Federal,USDA-APHIS-Animal Plant Health Insp Srvc,Federal,FALSE,14999.6
K000156614,2023,DARE-led,1172,Agricultural + Resource Economics,Federal,10,TDC,USDA-APHIS-Animal Plant Health Insp Srvc,Federal,USDA-APHIS-Animal Plant Health Insp Srvc,Federal,FALSE,200163.13
K000152489,2023,DARE-led,1172,Agricultural + Resource Economics,Federal,10,TDC,USDA-APHIS-Animal Plant Health Insp Srvc,Federal,USDA-APHIS-Animal Plant Health Insp Srvc,Federal,FALSE,340001.59
K000154231,2023,DARE-led,1172,Agricultural + Resource Economics,Federal,10,MTDC,USDA-AMS-Agricultural Marketing Service,Federal,USDA-AMS-Agricultural Marketing Service,Federal,FALSE,49999996.39
K000153671,2022,DARE-led,1172,Agricultural + Resource Economics,Federal,10,TDC,USDA-APHIS-National Wildlife Research Center,Federal,USDA-APHIS-National Wildlife Research Center,Federal,FALSE,113998.6
K000150900,2021,DARE-led,1172,Agricultural + Resource Economics,Federal,10,TDC,USDA-APHIS-Animal Plant Health Insp Srvc,Federal,USDA-APHIS-Animal Plant Health Insp Srvc,Federal,FALSE,94447.42
K000163258,2025,DARE-led,1172,Agricultural + Resource Economics,Federal,15,TDC,USDA-USFS-Rocky Mtn. Rsrch Station - CO,Federal,USDA-USFS-Rocky Mtn. Rsrch Station - CO,Federal,FALSE,480498.93
K000158507,2024,DARE-led,1172,Agricultural + Resource Economics,Federal,15,TDC,USDA-USFS-Rocky Mtn. Rsrch Station - CO,Federal,USDA-USFS-Rocky Mtn. Rsrch Station - CO,Federal,FALSE,169488.6
K000155305,2023,DARE-led,1172,Agricultural + Resource Economics,Federal,15,TDC,USDA-USFS-Rocky Mtn. Rsrch Station - CO,Federal,USDA-USFS-Rocky Mtn. Rsrch Station - CO,Federal,FALSE,229044.61
K000149380,2021,DARE-led,1172,Agricultural + Resource Economics,Federal,15,TDC,USDA-USFS-Rocky Mtn. Rsrch Station - CO,Federal,USDA-USFS-Rocky Mtn. Rsrch Station - CO,Federal,FALSE,24996.46
K000149565,2021,DARE-led,1172,Agricultural + Resource Economics,Federal,15,TDC,USDA-USFS-Rocky Mtn. Rsrch Station - CO,Federal,USDA-USFS-Rocky Mtn. Rsrch Station - CO,Federal,FALSE,276801.56
K000159234,2024,DARE-led,1172,Agricultural + Resource Economics,Federal,17.5,TDC,DOI-NPS-National Park Service,Federal,DOI-NPS-National Park Service,Federal,FALSE,117945.4
K000154352,2022,DARE-led,1172,Agricultural + Resource Economics,Federal,17.5,TDC,DOI-BLM-Bureau of Land Management,Federal,DOI-BLM-Bureau of Land Management,Federal,FALSE,21955.94
K000153090,2022,DARE-led,1172,Agricultural + Resource Economics,Federal,17.5,TDC,DOI-NPS-National Park Service,Federal,DOI-NPS-National Park Service,Federal,FALSE,63593.49
K000150072,2021,DARE-led,1172,Agricultural + Resource Economics,Federal,25.56,TDC,USDA-NIFA-National Institute of Food and Agriculture,Federal,USDA-NIFA-National Institute of Food and Agriculture,Federal,FALSE,647352.67
K000153995,2022,DARE-led,1172,Agricultural + Resource Economics,Federal,26.5,TDC,USDA-NIFA-National Institute of Food and Agriculture,Federal,USDA-NIFA-National Institute of Food and Agriculture,Federal,FALSE,598972.71
K000158608,2024,DARE-led,1172,Agricultural + Resource Economics,Federal,35,MTDC,USDA-NIFA-National Institute of Food and Agriculture,Federal,USDA-NIFA-National Institute of Food and Agriculture,Federal,FALSE,149997.02
K000153959,2022,DARE-led,1172,Agricultural + Resource Economics,Federal,42.85,TDC,USDA-NIFA-National Institute of Food and Agriculture,Federal,USDA-NIFA-National Institute of Food and Agriculture,Federal,FALSE,481673.06
K000153886,2022,DARE-led,1172,Agricultural + Resource Economics,Federal,53,MTDC,USDA-NRCS-Natural Resources Consvtn Srv,Federal,USDA-NRCS-Natural Resources Consvtn Srv,Federal,FALSE,1032843.68
K000156018,2023,DARE-led,1172,Agricultural + Resource Economics,Federal,53.5,MTDC,DOC-NOAA-Natl Oceanic and Atmospheric Admn,Federal,DOC-NOAA-Natl Oceanic and Atmospheric Admn,Federal,FALSE,499999.42
K000161967,2025,DARE-led,1172,Agricultural + Resource Economics,Federal,54,MTDC,NASA-National Aeronautics and Space Administration,Federal,NASA-National Aeronautics and Space Administration,Federal,FALSE,134524
K000156391,2023,DARE-led,1172,Agricultural + Resource Economics,Foundation/nonprofit,0,No Indirect Cost Allowed,National Cattlemens Beef Association,Domestic Non-Profit (other than Domestic Foundations),National Cattlemens Beef Association,Domestic Non-Profit (other than Domestic Foundations),FALSE,96601.12
K000149440,2021,DARE-led,1172,Agricultural + Resource Economics,Foundation/nonprofit,10,TDC,Bird Conservancy of the Rockies,Domestic Non-Profit (other than Domestic Foundations),Knobloch Family Foundation,Domestic Foundations,FALSE,25649.39
K000163118,2025,DARE-led,1172,Agricultural + Resource Economics,Foundation/nonprofit,11.11,TDC,The Nature Conservancy,Domestic Non-Profit (other than Domestic Foundations),Foundation for Food & Agriculture Research,Domestic Non-Profit (other than Domestic Foundations),FALSE,20615.5
K000155088,2023,DARE-led,1172,Agricultural + Resource Economics,Foundation/nonprofit,11.11,TDC,Rockefeller Foundation,Domestic Foundations,Rockefeller Foundation,Domestic Foundations,FALSE,499997.86
K000152488,2022,DARE-led,1172,Agricultural + Resource Economics,Foundation/nonprofit,11.11,TDC,Foundation for Food & Agriculture Research,Domestic Non-Profit (other than Domestic Foundations),Foundation for Food & Agriculture Research,Domestic Non-Profit (other than Domestic Foundations),FALSE,954544.57
K000152090,2022,DARE-led,1172,Agricultural + Resource Economics,Foundation/nonprofit,11.11,TDC,Valley Food Partnership,Domestic Non-Profit (other than Domestic Foundations),USDA-NIFA-National Institute of Food and Agriculture,Federal,FALSE,23802.25
K000153249,2022,DARE-led,1172,Agricultural + Resource Economics,Foundation/nonprofit,12,TDC,Robert Wood Johnson Foundation,Domestic Foundations,Robert Wood Johnson Foundation,Domestic Foundations,FALSE,99993.13
K000152544,2022,DARE-led,1172,Agricultural + Resource Economics,Foundation/nonprofit,15,TDC,Environmental Defense Fund,Domestic Non-Profit (other than Domestic Foundations),Environmental Defense Fund,Domestic Non-Profit (other than Domestic Foundations),FALSE,299962.77
K000150476,2021,DARE-led,1172,Agricultural + Resource Economics,Foundation/nonprofit,15,TDC,Urban School Food Alliance,Domestic Non-Profit (other than Domestic Foundations),Urban School Food Alliance,Domestic Non-Profit (other than Domestic Foundations),FALSE,65714.95
K000165564,2026,DARE-led,1172,Agricultural + Resource Economics,Foundation/nonprofit,20,TDC,Resources for the Future,Domestic Non-Profit (other than Domestic Foundations),Potsdam Institute for Climate impact Research,Foreign Non-Profit (other than Foreign Foundations),FALSE,24000.92
K000161064,2024,DARE-led,1172,Agricultural + Resource Economics,Foundation/nonprofit,20,TDC,Resources for the Future,Domestic Non-Profit (other than Domestic Foundations),Resources for the Future,Domestic Non-Profit (other than Domestic Foundations),FALSE,18001.12
K000152770,2022,DARE-led,1172,Agricultural + Resource Economics,Foundation/nonprofit,34,MTDC,Nourish Colorado,Domestic Non-Profit (other than Domestic Foundations),USDA-AMS-Agricultural Marketing Service,Federal,FALSE,84980.99
K000151194,2021,DARE-led,1172,Agricultural + Resource Economics,Foundation/nonprofit,52,MTDC,Gretchen Swanson Center for Nutrition,Domestic Non-Profit (other than Domestic Foundations),USDA-NIFA-National Institute of Food and Agriculture,Federal,FALSE,82431.17
K000158950,2024,DARE-led,1172,Agricultural + Resource Economics,Industry,15,TDC,Conscience Bay Research,Domestic Commercial,Conscience Bay Research,Domestic Commercial,FALSE,73859.15
K000155589,2023,DARE-led,1172,Agricultural + Resource Economics,Industry,15,TDC,Conscience Bay Research,Domestic Commercial,Conscience Bay Research,Domestic Commercial,FALSE,449169.62
K000150370,2021,DARE-led,1172,Agricultural + Resource Economics,Industry,34,MTDC,The Beacon Fund,Domestic Commercial,The Beacon Fund,Domestic Commercial,FALSE,98637.92
K000164036,2025,DARE-led,1172,Agricultural + Resource Economics,Other,0,No Indirect Cost Allowed,University of Idaho,Other Domestic Higher Education,University of Idaho,Other Domestic Higher Education,FALSE,17999.1
K000157599,2023,DARE-led,1172,Agricultural + Resource Economics,Pass-through institution,0,No Indirect Cost Allowed,New York University,Other Domestic Higher Education,USDA-ERS-Economic Research Service,Federal,TRUE,25000.16
K000154446,2022,DARE-led,1172,Agricultural + Resource Economics,Pass-through institution,0,No Indirect Cost Allowed,University of Idaho,Other Domestic Higher Education,National Cattlemens Beef Association,Domestic Non-Profit (other than Domestic Foundations),TRUE,57000
K000159108,2024,DARE-led,1172,Agricultural + Resource Economics,Pass-through institution,10,TDC,University of Minnesota,Other Domestic Higher Education,USDA-Foreign Agricultural Service,Federal,TRUE,34996.21
K000155306,2023,DARE-led,1172,Agricultural + Resource Economics,Pass-through institution,10,TDC,University of Minnesota,Other Domestic Higher Education,USDA-Foreign Agricultural Service,Federal,TRUE,34998.75
K000152255,2022,DARE-led,1172,Agricultural + Resource Economics,Pass-through institution,10,TDC,The Ohio State University,Other Domestic Higher Education,USDA-AMS-Agricultural Marketing Service,Federal,TRUE,60170.9
K000150543,2021,DARE-led,1172,Agricultural + Resource Economics,Pass-through institution,10,S&W,University of Tennessee,Other Domestic Higher Education,PEW Charitable Trusts,Domestic Non-Profit (other than Domestic Foundations),TRUE,48353.85
K000150086,2021,DARE-led,1172,Agricultural + Resource Economics,Pass-through institution,10,TDC,University of Tennessee,Other Domestic Higher Education,USDA-Foreign Agricultural Service,Federal,TRUE,32899.99
K000149245,2021,DARE-led,1172,Agricultural + Resource Economics,Pass-through institution,11.11,TDC,University of Minnesota,Other Domestic Higher Education,USDA-NIFA-National Institute of Food and Agriculture,Federal,TRUE,74918.7
K000160266,2024,DARE-led,1172,Agricultural + Resource Economics,Pass-through institution,15,TDC,University of Kentucky,Other Domestic Higher Education,USDA-NIFA-National Institute of Food and Agriculture,Federal,TRUE,79906.37
K000152459,2022,DARE-led,1172,Agricultural + Resource Economics,Pass-through institution,17.64,TDC,Cornell University,Other Domestic Higher Education,USDA-APHIS-Animal Plant Health Insp Srvc,Federal,TRUE,37733.41
K000158442,2024,DARE-led,1172,Agricultural + Resource Economics,Pass-through institution,26,MTDC,Washington University in St. Louis,Other Domestic Higher Education,Tufts University,Other Domestic Higher Education,TRUE,54994.77
K000154310,2022,DARE-led,1172,Agricultural + Resource Economics,Pass-through institution,34,TDC,Washington State University,Other Domestic Higher Education,USDA-NIFA-National Institute of Food and Agriculture,Federal,TRUE,99974.34
K000151123,2021,DARE-led,1172,Agricultural + Resource Economics,Pass-through institution,34,TDC,Washington State University,Other Domestic Higher Education,USDA-NIFA-National Institute of Food and Agriculture,Federal,TRUE,49993.47
K000150190,2021,DARE-led,1172,Agricultural + Resource Economics,Pass-through institution,34,MTDC,Colorado School of Public Health Center for Global Health,State of Colorado Higher Education,Colorado Department of Public Health and Environment,State of Colorado,TRUE,127039.86
K000159842,2024,DARE-led,1172,Agricultural + Resource Economics,Pass-through institution,35,MTDC,University of Colorado at Denver,State of Colorado Higher Education,Colorado Department of Public Health and Environment,State of Colorado,TRUE,22072.55
K000157610,2023,DARE-led,1172,Agricultural + Resource Economics,Pass-through institution,35,MTDC,Washington State University,Other Domestic Higher Education,USDA-NIFA-National Institute of Food and Agriculture,Federal,TRUE,99993.49
K000155087,2023,DARE-led,1172,Agricultural + Resource Economics,Pass-through institution,35,MTDC,University of Colorado at Denver,State of Colorado Higher Education,Colorado Department of Public Health and Environment,State of Colorado,TRUE,33750
K000153612,2022,DARE-led,1172,Agricultural + Resource Economics,Pass-through institution,35,MTDC,University of Colorado at Denver,State of Colorado Higher Education,Colorado Department of Public Health and Environment,State of Colorado,TRUE,66999.3
K000157472,2023,DARE-led,1172,Agricultural + Resource Economics,Pass-through institution,42.85,TDC,Arizona State University,Other Domestic Higher Education,USDA-NIFA-National Institute of Food and Agriculture,Federal,TRUE,16719.63
K000156534,2023,DARE-led,1172,Agricultural + Resource Economics,Pass-through institution,42.85,TDC,University of Maryland,Other Domestic Higher Education,USDA-NIFA-National Institute of Food and Agriculture,Federal,TRUE,107550.99
K000154544,2022,DARE-led,1172,Agricultural + Resource Economics,Pass-through institution,42.85,TDC,University of Nevada Reno,Other Domestic Higher Education,USDA-NIFA-National Institute of Food and Agriculture,Federal,TRUE,28051.24
K000153675,2022,DARE-led,1172,Agricultural + Resource Economics,Pass-through institution,42.85,TDC,Kansas State University,Other Domestic Higher Education,USDA-NIFA-National Institute of Food and Agriculture,Federal,TRUE,61375.67
K000150070,2021,DARE-led,1172,Agricultural + Resource Economics,Pass-through institution,42.85,TDC,Purdue University,Other Domestic Higher Education,USDA-NIFA-National Institute of Food and Agriculture,Federal,TRUE,92882.34
K000149027,2021,DARE-led,1172,Agricultural + Resource Economics,Pass-through institution,52,MTDC,Utah State University,Other Domestic Higher Education,USDA-NIFA-National Institute of Food and Agriculture,Federal,TRUE,457037.14
K000148564,2021,DARE-led,1172,Agricultural + Resource Economics,Pass-through institution,52,MTDC,University of Wyoming,Other Domestic Higher Education,NSF-National Science Foundation,Federal,TRUE,75080.14
K000153930,2022,DARE-led,1172,Agricultural + Resource Economics,Pass-through institution,53,MTDC,Texas A and M University,Other Domestic Higher Education,DHS-US Department of Homeland Security,Federal,TRUE,61364.38
K000159297,2024,DARE-led,1172,Agricultural + Resource Economics,Pass-through institution,53.5,MTDC,Texas A and M University,Other Domestic Higher Education,DHS-US Department of Homeland Security,Federal,TRUE,3638
K000157468,2023,DARE-led,1172,Agricultural + Resource Economics,Pass-through institution,53.5,MTDC,Arizona State University,Other Domestic Higher Education,USDA-NIFA-National Institute of Food and Agriculture,Federal,TRUE,24000.68
K000163347,2025,DARE-led,1172,Agricultural + Resource Economics,Pass-through institution,54,MTDC,University of Wyoming,Other Domestic Higher Education,USDA-NIFA-National Institute of Food and Agriculture,Federal,TRUE,37013.53
K000161323,2025,DARE-led,1172,Agricultural + Resource Economics,Pass-through institution,54,MTDC,Texas A and M University,Other Domestic Higher Education,DHS-US Department of Homeland Security,Federal,TRUE,10650.5
K000157554,2023,DARE-led,1172,Agricultural + Resource Economics,State,5.26,TDC,Colorado Department of Agriculture,State of Colorado,Colorado Department of Agriculture,State of Colorado,FALSE,58697.21
K000155731,2023,DARE-led,1172,Agricultural + Resource Economics,State,10,TDC,Colorado Department of Agriculture,State of Colorado,Colorado Department of Agriculture,State of Colorado,FALSE,24733.5
K000161165,2024,Other CAS departments,1177,Agricultural Biology,CSU/Internal,0,No Indirect Cost Allowed,Colorado State University - Pueblo,State of Colorado Higher Education,Colorado State University - Pueblo,State of Colorado Higher Education,FALSE,9999.57
K000166131,2026,Other CAS departments,1177,Agricultural Biology,CSU/Internal,15,MTDC,Colorado State University - Pueblo,State of Colorado Higher Education,Colorado State University - Pueblo,State of Colorado Higher Education,FALSE,28750.03
K000163066,2025,Other CAS departments,1173,Horticulture + Landscape Architecture,CSU/Internal,15,MTDC,Colorado State University - Pueblo,State of Colorado Higher Education,Colorado State University - Pueblo,State of Colorado Higher Education,FALSE,80060.86
K000163090,2025,Other CAS departments,1177,Agricultural Biology,CSU/Internal,15,MTDC,Colorado State University - Pueblo,State of Colorado Higher Education,Colorado State University - Pueblo,State of Colorado Higher Education,FALSE,477677.42
K000158761,2024,Other CAS departments,1177,Agricultural Biology,CSU/Internal,15,MTDC,Colorado State University - Pueblo,State of Colorado Higher Education,Colorado State University - Pueblo,State of Colorado Higher Education,FALSE,750000
K000155656,2023,Other CAS departments,1173,Horticulture + Landscape Architecture,CSU/Internal,15,MTDC,Colorado State University - Pueblo,State of Colorado Higher Education,Colorado State University - Pueblo,State of Colorado Higher Education,FALSE,268962.07
K000155655,2023,Other CAS departments,1173,Horticulture + Landscape Architecture,CSU/Internal,15,MTDC,Colorado State University - Pueblo,State of Colorado Higher Education,Colorado State University - Pueblo,State of Colorado Higher Education,FALSE,191487.63
K000152515,2022,Other CAS departments,1177,Agricultural Biology,CSU/Internal,15,MTDC,Colorado State University - Pueblo,State of Colorado Higher Education,Colorado State University - Pueblo,State of Colorado Higher Education,FALSE,596637.38
K000166400,2026,Other CAS departments,1170,Soil + Crop Sciences,Federal,0,No Indirect Cost Allowed,USDA-ARS-Agricultural Research Service,Federal,USDA-ARS-Agricultural Research Service,Federal,FALSE,92333.39
K000165709,2026,Other CAS departments,1177,Agricultural Biology,Federal,0,No Indirect Cost Allowed,USDA-USFS-Rocky Mountain Region,Federal,USDA-USFS-Rocky Mountain Region,Federal,FALSE,40000.65
K000165340,2026,Other CAS departments,1170,Soil + Crop Sciences,Federal,0,No Indirect Cost Allowed,USDA-ARS-Agricultural Research Service,Federal,USDA-ARS-Agricultural Research Service,Federal,FALSE,42476.26
K000165269,2026,Other CAS departments,1177,Agricultural Biology,Federal,0,No Indirect Cost Allowed,USDA-ARS-Agricultural Research Service,Federal,USDA-ARS-Agricultural Research Service,Federal,FALSE,24597.4
K000164122,2025,Other CAS departments,1170,Soil + Crop Sciences,Federal,0,No Indirect Cost Allowed,USDA-ARS-Agricultural Research Service,Federal,USDA-ARS-Agricultural Research Service,Federal,FALSE,108383.97
K000164155,2025,Other CAS departments,1170,Soil + Crop Sciences,Federal,0,No Indirect Cost Allowed,USDA-ARS-Agricultural Research Service,Federal,USDA-ARS-Agricultural Research Service,Federal,FALSE,25999.56
K000163889,2025,Other CAS departments,1170,Soil + Crop Sciences,Federal,0,No Indirect Cost Allowed,USDA-USFS-Rocky Mtn. Rsrch Station - CO,Federal,USDA-USFS-Rocky Mtn. Rsrch Station - CO,Federal,FALSE,499999.55
K000163494,2025,Other CAS departments,1170,Soil + Crop Sciences,Federal,0,TDC,USDA-ARS-Agricultural Research Service,Federal,USDA-ARS-Agricultural Research Service,Federal,FALSE,40999.68
K000163434,2025,Other CAS departments,1177,Agricultural Biology,Federal,0,No Indirect Cost Allowed,USDA-ARS-Agricultural Research Service,Federal,USDA-ARS-Agricultural Research Service,Federal,FALSE,60897.72
K000163264,2025,Other CAS departments,1177,Agricultural Biology,Federal,0,No Indirect Cost Allowed,USDA-ARS-Agricultural Research Service,Federal,USDA-ARS-Agricultural Research Service,Federal,FALSE,30000.1
K000162990,2025,Other CAS departments,1170,Soil + Crop Sciences,Federal,0,No Indirect Cost Allowed,USDA-ARS-Agricultural Research Service,Federal,USDA-ARS-Agricultural Research Service,Federal,FALSE,16000.39
K000161683,2025,Other CAS departments,1170,Soil + Crop Sciences,Federal,0,No Indirect Cost Allowed,USDA-ARS-Agricultural Research Service,Federal,USDA-NRCS-Natural Resources Consvtn Srv,Federal,FALSE,293577.97
K000162002,2025,Other CAS departments,1177,Agricultural Biology,Federal,0,No Indirect Cost Allowed,USDA-USFS-Pacific NW Exp Statn,Federal,USDA-USFS-Pacific NW Exp Statn,Federal,FALSE,54999.94
K000162479,2025,Other CAS departments,1177,Agricultural Biology,Federal,0,No Indirect Cost Allowed,USDA-ARS-Agricultural Research Service,Federal,USDA-ARS-Agricultural Research Service,Federal,FALSE,184491.39
K000162544,2025,Other CAS departments,1177,Agricultural Biology,Federal,0,No Indirect Cost Allowed,USDA-ARS-Agricultural Research Service,Federal,USDA-ARS-Agricultural Research Service,Federal,FALSE,119692.27
K000162481,2025,Other CAS departments,1173,Horticulture + Landscape Architecture,Federal,0,No Indirect Cost Allowed,USDA-ARS-Agricultural Research Service,Federal,USDA-ARS-Agricultural Research Service,Federal,FALSE,115502.52
K000161935,2025,Other CAS departments,1177,Agricultural Biology,Federal,0,No Indirect Cost Allowed,USDA-ARS-Agricultural Research Service,Federal,USDA-ARS-Agricultural Research Service,Federal,FALSE,20000.4
K000161560,2025,Other CAS departments,1177,Agricultural Biology,Federal,0,No Indirect Cost Allowed,USDA-USFS-Pacific NW Exp Statn,Federal,USDA-USFS-Pacific NW Exp Statn,Federal,FALSE,30000
K000161558,2025,Other CAS departments,1177,Agricultural Biology,Federal,0,No Indirect Cost Allowed,USDA-USFS-Pacific NW Exp Statn,Federal,USDA-USFS-Pacific NW Exp Statn,Federal,FALSE,30000
K000160499,2024,Other CAS departments,1170,Soil + Crop Sciences,Federal,0,No Indirect Cost Allowed,USDA-NIFA-National Institute of Food and Agriculture,Federal,USDA-NIFA-National Institute of Food and Agriculture,Federal,FALSE,225000.33
K000160338,2024,Other CAS departments,1177,Agricultural Biology,Federal,0,No Indirect Cost Allowed,USDA-ARS-Agricultural Research Service,Federal,USDA-ARS-Agricultural Research Service,Federal,FALSE,35000.26
K000160297,2024,Other CAS departments,1177,Agricultural Biology,Federal,0,No Indirect Cost Allowed,USDA-USFS-Forest Health Protection,Federal,USDA-USFS-Forest Health Protection,Federal,FALSE,71999.65
K000160128,2024,Other CAS departments,1170,Soil + Crop Sciences,Federal,0,No Indirect Cost Allowed,USDA-ARS-Agricultural Research Service,Federal,USDA-ARS-Agricultural Research Service,Federal,FALSE,60002.55
K000159961,2024,Other CAS departments,1170,Soil + Crop Sciences,Federal,0,No Indirect Cost Allowed,USDA-ARS-Agricultural Research Service,Federal,USDA-ARS-Agricultural Research Service,Federal,FALSE,30000
K000159829,2024,Other CAS departments,1177,Agricultural Biology,Federal,0,No Indirect Cost Allowed,USDA-ARS-Agricultural Research Service,Federal,USDA-ARS-Agricultural Research Service,Federal,FALSE,74999.72
K000159838,2024,Other CAS departments,1170,Soil + Crop Sciences,Federal,0,No Indirect Cost Allowed,USDA-NRCS-Natural Resources Consvtn Srv,Federal,USDA-NRCS-Natural Resources Consvtn Srv,Federal,FALSE,301224.31
K000159803,2024,Other CAS departments,1177,Agricultural Biology,Federal,0,No Indirect Cost Allowed,USDA-ARS-Agricultural Research Service,Federal,USDA-ARS-Agricultural Research Service,Federal,FALSE,30859.03
K000159737,2024,Other CAS departments,1177,Agricultural Biology,Federal,0,No Indirect Cost Allowed,USDA-ARS-Agricultural Research Service,Federal,USDA-ARS-Agricultural Research Service,Federal,FALSE,18799.92
K000159096,2024,Other CAS departments,1170,Soil + Crop Sciences,Federal,0,No Indirect Cost Allowed,USDA-ARS-Agricultural Research Service,Federal,USDA-ARS-Agricultural Research Service,Federal,FALSE,123610.49
K000158771,2024,Other CAS departments,1177,Agricultural Biology,Federal,0,No Indirect Cost Allowed,USDA-NIFA-National Institute of Food and Agriculture,Federal,USDA-NIFA-National Institute of Food and Agriculture,Federal,FALSE,500000
K000158374,2024,Other CAS departments,1171,Animal Sciences,Federal,0,No Indirect Cost Allowed,USDA-NIFA-National Institute of Food and Agriculture,Federal,USDA-NIFA-National Institute of Food and Agriculture,Federal,FALSE,49200
K000158246,2024,Other CAS departments,1177,Agricultural Biology,Federal,0,No Indirect Cost Allowed,USDA-NIFA-National Institute of Food and Agriculture,Federal,USDA-NIFA-National Institute of Food and Agriculture,Federal,FALSE,899938.11
K000158252,2024,Other CAS departments,1171,Animal Sciences,Federal,0,No Indirect Cost Allowed,USDA-ARS-Agricultural Research Service,Federal,USDA-ARS-Agricultural Research Service,Federal,FALSE,18001.7
K000158065,2024,Other CAS departments,1177,Agricultural Biology,Federal,0,No Indirect Cost Allowed,USDA-AMS-Agricultural Marketing Service,Federal,USDA-AMS-Agricultural Marketing Service,Federal,FALSE,19999.57
K000157555,2023,Other CAS departments,1170,Soil + Crop Sciences,Federal,0,No Indirect Cost Allowed,USDA-NIFA-National Institute of Food and Agriculture,Federal,USDA-NIFA-National Institute of Food and Agriculture,Federal,FALSE,50000.36
K000157256,2023,Other CAS departments,1177,Agricultural Biology,Federal,0,No Indirect Cost Allowed,USDA-NIFA-National Institute of Food and Agriculture,Federal,USDA-NIFA-National Institute of Food and Agriculture,Federal,FALSE,179115.32
K000155886,2023,Other CAS departments,1170,Soil + Crop Sciences,Federal,0,No Indirect Cost Allowed,USDA-ARS-Agricultural Research Service,Federal,USDA-NRCS-Natural Resources Consvtn Srv,Federal,FALSE,137750.28
K000157333,2023,Other CAS departments,1177,Agricultural Biology,Federal,0,No Indirect Cost Allowed,USDA-NIFA-National Institute of Food and Agriculture,Federal,USDA-NIFA-National Institute of Food and Agriculture,Federal,FALSE,116811.66
K000157359,2023,Other CAS departments,1177,Agricultural Biology,Federal,0,No Indirect Cost Allowed,NSF-National Science Foundation,Federal,NSF-National Science Foundation,Federal,FALSE,164342.78
K000157271,2023,Other CAS departments,1173,Horticulture + Landscape Architecture,Federal,0,No Indirect Cost Allowed,USDA-ARS-Agricultural Research Service,Federal,USDA-ARS-Agricultural Research Service,Federal,FALSE,8682.67
K000156943,2023,Other CAS departments,1173,Horticulture + Landscape Architecture,Federal,0,No Indirect Cost Allowed,USDA-NIFA-National Institute of Food and Agriculture,Federal,USDA-NIFA-National Institute of Food and Agriculture,Federal,FALSE,224542.6
K000156761,2023,Other CAS departments,1170,Soil + Crop Sciences,Federal,0,No Indirect Cost Allowed,USDA-NIFA-National Institute of Food and Agriculture,Federal,USDA-NIFA-National Institute of Food and Agriculture,Federal,FALSE,224817.95
K000157056,2023,Other CAS departments,1170,Soil + Crop Sciences,Federal,0,No Indirect Cost Allowed,USDA-ARS-Agricultural Research Service,Federal,USDA-ARS-Agricultural Research Service,Federal,FALSE,56502.88
K000156684,2023,Other CAS departments,1170,Soil + Crop Sciences,Federal,0,No Indirect Cost Allowed,USDA-USFS-Rocky Mtn. Rsrch Station - CO,Federal,USDA-USFS-Rocky Mtn. Rsrch Station - CO,Federal,FALSE,354356.27
K000156554,2023,Other CAS departments,1177,Agricultural Biology,Federal,0,No Indirect Cost Allowed,USDA-USFS-Pacific NW Exp Statn,Federal,USDA-USFS-Pacific NW Exp Statn,Federal,FALSE,209999.98
K000156065,2023,Other CAS departments,1177,Agricultural Biology,Federal,0,No Indirect Cost Allowed,USDA-USFS-Forest Health Protection,Federal,USDA-USFS-Forest Health Protection,Federal,FALSE,116250.35
K000156553,2023,Other CAS departments,1177,Agricultural Biology,Federal,0,No Indirect Cost Allowed,USDA-USFS-Pacific NW Exp Statn,Federal,USDA-USFS-Pacific NW Exp Statn,Federal,FALSE,259999.75
K000156638,2023,Other CAS departments,1170,Soil + Crop Sciences,Federal,0,No Indirect Cost Allowed,USDA-ARS-Agricultural Research Service,Federal,USDA-ARS-Agricultural Research Service,Federal,FALSE,50000.29
K000156506,2023,Other CAS departments,1170,Soil + Crop Sciences,Federal,0,No Indirect Cost Allowed,USDA-ARS-Agricultural Research Service,Federal,USDA-ARS-Agricultural Research Service,Federal,FALSE,108384.58
K000155735,2023,Other CAS departments,1177,Agricultural Biology,Federal,0,No Indirect Cost Allowed,USDA-USFS-Southern Research Station,Federal,USDA-USFS-Southern Research Station,Federal,FALSE,92000
K000155904,2023,Other CAS departments,1177,Agricultural Biology,Federal,0,No Indirect Cost Allowed,USDA-ARS-Agricultural Research Service,Federal,USDA-ARS-Agricultural Research Service,Federal,FALSE,199999.55
K000155331,2023,Other CAS departments,1170,Soil + Crop Sciences,Federal,0,MTDC,USDA-NIFA-National Institute of Food and Agriculture,Federal,USDA-NIFA-National Institute of Food and Agriculture,Federal,FALSE,50000
K000155984,2023,Other CAS departments,1177,Agricultural Biology,Federal,0,No Indirect Cost Allowed,USDA-ARS-Agricultural Research Service,Federal,USDA-ARS-Agricultural Research Service,Federal,FALSE,350708
K000155829,2023,Other CAS departments,1177,Agricultural Biology,Federal,0,No Indirect Cost Allowed,USDA-ARS-Agricultural Research Service,Federal,USDA-ARS-Agricultural Research Service,Federal,FALSE,5000
K000155609,2023,Other CAS departments,1173,Horticulture + Landscape Architecture,Federal,0,No Indirect Cost Allowed,USDA-ARS-Agricultural Research Service,Federal,USDA-ARS-Agricultural Research Service,Federal,FALSE,438377.15
K000155639,2023,Other CAS departments,1173,Horticulture + Landscape Architecture,Federal,0,No Indirect Cost Allowed,USDA-ARS-Agricultural Research Service,Federal,USDA-ARS-Agricultural Research Service,Federal,FALSE,117775.51
K000155527,2023,Other CAS departments,1177,Agricultural Biology,Federal,0,No Indirect Cost Allowed,USDA-ARS-Agricultural Research Service,Federal,USDA-ARS-Agricultural Research Service,Federal,FALSE,14999.28
K000155328,2023,Other CAS departments,1177,Agricultural Biology,Federal,0,No Indirect Cost Allowed,USDA-ARS-Agricultural Research Service,Federal,USDA-ARS-Agricultural Research Service,Federal,FALSE,37539.17
K000155148,2023,Other CAS departments,1177,Agricultural Biology,Federal,0,No Indirect Cost Allowed,USDA-ARS-Agricultural Research Service,Federal,USDA-ARS-Agricultural Research Service,Federal,FALSE,30856.08
K000154096,2022,Other CAS departments,1177,Agricultural Biology,Federal,0,No Indirect Cost Allowed,USDA-NIFA-National Institute of Food and Agriculture,Federal,USDA-NIFA-National Institute of Food and Agriculture,Federal,FALSE,179999.18
K000154185,2022,Other CAS departments,1177,Agricultural Biology,Federal,0,No Indirect Cost Allowed,USDA-NIFA-National Institute of Food and Agriculture,Federal,USDA-NIFA-National Institute of Food and Agriculture,Federal,FALSE,179372.93
K000154232,2022,Other CAS departments,1170,Soil + Crop Sciences,Federal,0,No Indirect Cost Allowed,USDA-NIFA-National Institute of Food and Agriculture,Federal,USDA-NIFA-National Institute of Food and Agriculture,Federal,FALSE,119960.56
K000153677,2022,Other CAS departments,1177,Agricultural Biology,Federal,0,No Indirect Cost Allowed,USDA-USFS-Rocky Mtn. Rsrch Station - UT,Federal,USDA-USFS-Rocky Mtn. Rsrch Station - UT,Federal,FALSE,79973.91
K000153320,2022,Other CAS departments,1170,Soil + Crop Sciences,Federal,0,No Indirect Cost Allowed,USDA-ARS-Agricultural Research Service,Federal,USDA-ARS-Agricultural Research Service,Federal,FALSE,98228.81
K000153480,2022,Other CAS departments,1177,Agricultural Biology,Federal,0,No Indirect Cost Allowed,USDA-USFS-Pacific NW Exp Statn,Federal,USDA-USFS-Pacific NW Exp Statn,Federal,FALSE,15000.1
K000153168,2022,Other CAS departments,1170,Soil + Crop Sciences,Federal,0,No Indirect Cost Allowed,USDA-ARS-Agricultural Research Service,Federal,USDA-ARS-Agricultural Research Service,Federal,FALSE,75000.8
K000152943,2022,Other CAS departments,1170,Soil + Crop Sciences,Federal,0,No Indirect Cost Allowed,USDA-ARS-Agricultural Research Service,Federal,USDA-ARS-Agricultural Research Service,Federal,FALSE,200959.13
K000152706,2022,Other CAS departments,1177,Agricultural Biology,Federal,0,No Indirect Cost Allowed,NSF-National Science Foundation,Federal,NSF-National Science Foundation,Federal,FALSE,150083.25
K000152495,2022,Other CAS departments,1177,Agricultural Biology,Federal,0,No Indirect Cost Allowed,USDA-USFS-Pacific NW Exp Statn,Federal,USDA-USFS-Pacific NW Exp Statn,Federal,FALSE,39999.99
K000152335,2022,Other CAS departments,1173,Horticulture + Landscape Architecture,Federal,0,No Indirect Cost Allowed,USDA-ARS-Agricultural Research Service,Federal,USDA-ARS-Agricultural Research Service,Federal,FALSE,101981.07
K000150897,2021,Other CAS departments,1173,Horticulture + Landscape Architecture,Federal,0,No Indirect Cost Allowed,USDA-ARS-Agricultural Research Service,Federal,USDA-ARS-Agricultural Research Service,Federal,FALSE,49999.99
K000150610,2021,Other CAS departments,1170,Soil + Crop Sciences,Federal,0,TDC,USDA-ARS-Agricultural Research Service,Federal,USDA-ARS-Agricultural Research Service,Federal,FALSE,29999.98
K000150148,2021,Other CAS departments,1177,Agricultural Biology,Federal,0,No Indirect Cost Allowed,USDA-ARS-Agricultural Research Service,Federal,USDA-ARS-Agricultural Research Service,Federal,FALSE,55000
K000147467,2021,Other CAS departments,1177,Agricultural Biology,Federal,0,No Indirect Cost Allowed,USDA-ARS-Agricultural Research Service,Federal,USDA-ARS-Agricultural Research Service,Federal,FALSE,15000.16
K000149648,2021,Other CAS departments,1177,Agricultural Biology,Federal,0,TDC,NSF-National Science Foundation,Federal,NSF-National Science Foundation,Federal,FALSE,144939.73
K000149600,2021,Other CAS departments,1177,Agricultural Biology,Federal,0,No Indirect Cost Allowed,USDA-NIFA-National Institute of Food and Agriculture,Federal,USDA-NIFA-National Institute of Food and Agriculture,Federal,FALSE,180000
K000149198,2021,Other CAS departments,1177,Agricultural Biology,Federal,0,MTDC,USDA-NIFA-National Institute of Food and Agriculture,Federal,USDA-NIFA-National Institute of Food and Agriculture,Federal,FALSE,119985.04
K000149746,2021,Other CAS departments,1170,Soil + Crop Sciences,Federal,0,No Indirect Cost Allowed,USDA-ARS-Agricultural Research Service,Federal,USDA-ARS-Agricultural Research Service,Federal,FALSE,88464.92
K000149077,2021,Other CAS departments,1177,Agricultural Biology,Federal,0,No Indirect Cost Allowed,USDA-NIFA-National Institute of Food and Agriculture,Federal,USDA-NIFA-National Institute of Food and Agriculture,Federal,FALSE,894618.45
K000148654,2021,Other CAS departments,1177,Agricultural Biology,Federal,0,No Indirect Cost Allowed,USDA-NIFA-National Institute of Food and Agriculture,Federal,USDA-NIFA-National Institute of Food and Agriculture,Federal,FALSE,246000
K000155332,2023,Other CAS departments,1177,Agricultural Biology,Federal,6.87,TDC,USDA-NIFA-National Institute of Food and Agriculture,Federal,USDA-NIFA-National Institute of Food and Agriculture,Federal,FALSE,262737.48
K000153759,2022,Other CAS departments,1171,Animal Sciences,Federal,8.1,TDC,The National Sheep Industry Improvement Center,Federal,The National Sheep Industry Improvement Center,Federal,FALSE,24005.71
K000151456,2022,Other CAS departments,1171,Animal Sciences,Federal,8.89,TDC,USDA-NIFA-National Institute of Food and Agriculture,Federal,USDA-NIFA-National Institute of Food and Agriculture,Federal,FALSE,2999947.02
K000166252,2026,Other CAS departments,1177,Agricultural Biology,Federal,10,TDC,USDA-US Department of Agriculture,Federal,USDA-US Department of Agriculture,Federal,FALSE,93909.48
K000165587,2026,Other CAS departments,1177,Agricultural Biology,Federal,10,TDC,USDA-APHIS-Animal Plant Health Insp Srvc,Federal,USDA-APHIS-Animal Plant Health Insp Srvc,Federal,FALSE,398296.97
K000165580,2026,Other CAS departments,1170,Soil + Crop Sciences,Federal,10,TDC,USDA-OCE-Office of the Chief Economist,Federal,USDA-OCE-Office of the Chief Economist,Federal,FALSE,2849998.66
K000163396,2025,Other CAS departments,1177,Agricultural Biology,Federal,10,TDC,USDA-APHIS-Animal Plant Health Insp Srvc,Federal,USDA-APHIS-Animal Plant Health Insp Srvc,Federal,FALSE,63286.46
K000162821,2025,Other CAS departments,1177,Agricultural Biology,Federal,10,TDC,USDA-APHIS-Animal Plant Health Insp Srvc,Federal,USDA-APHIS-Animal Plant Health Insp Srvc,Federal,FALSE,389801.49
K000162579,2025,Other CAS departments,1177,Agricultural Biology,Federal,10,TDC,USDA-APHIS-Animal Plant Health Insp Srvc,Federal,USDA-APHIS-Animal Plant Health Insp Srvc,Federal,FALSE,110735
K000160846,2024,Other CAS departments,1177,Agricultural Biology,Federal,10,TDC,USDA-APHIS-Animal Plant Health Insp Srvc,Federal,USDA-APHIS-Animal Plant Health Insp Srvc,Federal,FALSE,24999.7
K000160138,2024,Other CAS departments,1170,Soil + Crop Sciences,Federal,10,TDC,USDA-ARS-Agricultural Research Service,Federal,USDA-ARS-Agricultural Research Service,Federal,FALSE,99856.08
K000160406,2024,Other CAS departments,1177,Agricultural Biology,Federal,10,TDC,USDA-APHIS-Animal Plant Health Insp Srvc,Federal,USDA-APHIS-Animal Plant Health Insp Srvc,Federal,FALSE,516408.03
K000159997,2024,Other CAS departments,1170,Soil + Crop Sciences,Federal,10,TDC,USDA-NRCS-Natural Resources Consvtn Srv,Federal,USDA-NRCS-Natural Resources Consvtn Srv,Federal,FALSE,299836.38
K000157217,2023,Other CAS departments,1170,Soil + Crop Sciences,Federal,10,TDC,USDA-Foreign Agricultural Service,Federal,USDA-Foreign Agricultural Service,Federal,FALSE,619999.62
K000157006,2023,Other CAS departments,1177,Agricultural Biology,Federal,10,TDC,USDA-APHIS-Animal Plant Health Insp Srvc,Federal,USDA-APHIS-Animal Plant Health Insp Srvc,Federal,FALSE,299985.8
K000157099,2023,Other CAS departments,1170,Soil + Crop Sciences,Federal,10,TDC,USDA-ARS-Agricultural Research Service,Federal,USDA-ARS-Agricultural Research Service,Federal,FALSE,78995.97
K000156833,2023,Other CAS departments,1171,Animal Sciences,Federal,10,TDC,USDA-AMS-Agricultural Marketing Service,Federal,USDA-AMS-Agricultural Marketing Service,Federal,FALSE,50000.13
K000156601,2023,Other CAS departments,1170,Soil + Crop Sciences,Federal,10,TDC,USDA-NRCS-Natural Resources Consvtn Srv,Federal,USDA-NRCS-Natural Resources Consvtn Srv,Federal,FALSE,500000.31
K000156508,2023,Other CAS departments,1170,Soil + Crop Sciences,Federal,10,TDC,USDA-NRCS-Natural Resources Consvtn Srv,Federal,USDA-NRCS-Natural Resources Consvtn Srv,Federal,FALSE,40000.63
K000156366,2023,Other CAS departments,1170,Soil + Crop Sciences,Federal,10,TDC,USDA-NRCS-Natural Resources Consvtn Srv,Federal,USDA-NRCS-Natural Resources Consvtn Srv,Federal,FALSE,250000.83
K000155674,2023,Other CAS departments,1177,Agricultural Biology,Federal,10,TDC,USDA-APHIS-Animal Plant Health Insp Srvc,Federal,USDA-APHIS-Animal Plant Health Insp Srvc,Federal,FALSE,98446.91
K000155223,2023,Other CAS departments,1170,Soil + Crop Sciences,Federal,10,TDC,USDA-Foreign Agricultural Service,Federal,USDA-Foreign Agricultural Service,Federal,FALSE,50000.56
K000153294,2022,Other CAS departments,1170,Soil + Crop Sciences,Federal,10,TDC,USDA-NRCS-Natural Resources Consvtn Srv,Federal,USDA-NRCS-Natural Resources Consvtn Srv,Federal,FALSE,1500000.04
K000153376,2022,Other CAS departments,1170,Soil + Crop Sciences,Federal,10,TDC,USDA-NRCS-Natural Resources Consvtn Srv,Federal,USDA-NRCS-Natural Resources Consvtn Srv,Federal,FALSE,21328.33
K000153021,2022,Other CAS departments,1177,Agricultural Biology,Federal,10,TDC,USDA-APHIS-Animal Plant Health Insp Srvc,Federal,USDA-APHIS-Animal Plant Health Insp Srvc,Federal,FALSE,46772.06
K000152952,2022,Other CAS departments,1177,Agricultural Biology,Federal,10,TDC,USDA-APHIS-Animal Plant Health Insp Srvc,Federal,USDA-APHIS-Animal Plant Health Insp Srvc,Federal,FALSE,261407.5
K000152654,2022,Other CAS departments,1177,Agricultural Biology,Federal,10,TDC,USDA-APHIS-Animal Plant Health Insp Srvc,Federal,USDA-APHIS-Animal Plant Health Insp Srvc,Federal,FALSE,69783.71
K000152699,2022,Other CAS departments,1177,Agricultural Biology,Federal,10,TDC,USDA-APHIS-Animal Plant Health Insp Srvc,Federal,USDA-APHIS-Animal Plant Health Insp Srvc,Federal,FALSE,63674.8
K000152168,2022,Other CAS departments,1177,Agricultural Biology,Federal,10,TDC,USDA-ARS-Agricultural Research Service,Federal,USDA-ARS-Agricultural Research Service,Federal,FALSE,19102.72
K000151366,2021,Other CAS departments,1171,Animal Sciences,Federal,10,TDC,USDA-AMS-Agricultural Marketing Service,Federal,USDA-AMS-Agricultural Marketing Service,Federal,FALSE,65000
K000150136,2021,Other CAS departments,1170,Soil + Crop Sciences,Federal,10,TDC,USDA-ARS-Agricultural Research Service,Federal,USDA-ARS-Agricultural Research Service,Federal,FALSE,60000.4
K000150345,2021,Other CAS departments,1170,Soil + Crop Sciences,Federal,10,TDC,USDA-APHIS-Animal Plant Health Insp Srvc,Federal,USDA-APHIS-Animal Plant Health Insp Srvc,Federal,FALSE,405803.52
K000150288,2021,Other CAS departments,1177,Agricultural Biology,Federal,10,TDC,USDA-APHIS-Animal Plant Health Insp Srvc,Federal,USDA-APHIS-Animal Plant Health Insp Srvc,Federal,FALSE,50000.77
K000149081,2021,Other CAS departments,1177,Agricultural Biology,Federal,10,TDC,USDA-APHIS-Animal Plant Health Insp Srvc,Federal,USDA-APHIS-Animal Plant Health Insp Srvc,Federal,FALSE,41336.84
K000149080,2021,Other CAS departments,1177,Agricultural Biology,Federal,10,TDC,USDA-APHIS-Animal Plant Health Insp Srvc,Federal,USDA-APHIS-Animal Plant Health Insp Srvc,Federal,FALSE,59870.57
K000149369,2021,Other CAS departments,1177,Agricultural Biology,Federal,10,TDC,USDA-APHIS-Animal Plant Health Insp Srvc,Federal,USDA-APHIS-Animal Plant Health Insp Srvc,Federal,FALSE,54347.3
K000165799,2026,Other CAS departments,1170,Soil + Crop Sciences,Federal,11.11,TDC,USDA-ARS-Agricultural Research Service,Federal,USDA-ARS-Agricultural Research Service,Federal,FALSE,57887.17
K000158425,2024,Other CAS departments,1170,Soil + Crop Sciences,Federal,11.11,TDC,USDA-ARS-Agricultural Research Service,Federal,USDA-ARS-Agricultural Research Service,Federal,FALSE,68538.3
K000163899,2025,Other CAS departments,1170,Soil + Crop Sciences,Federal,15,TDC,USDA-USFS-Rocky Mtn. Rsrch Station - CO,Federal,USDA-USFS-Rocky Mtn. Rsrch Station - CO,Federal,FALSE,75890.63
K000163779,2025,Other CAS departments,1177,Agricultural Biology,Federal,15,TDC,USDA-USFS-Rocky Mountain Region,Federal,USDA-USFS-Rocky Mountain Region,Federal,FALSE,43199.62
K000160610,2024,Other CAS departments,1177,Agricultural Biology,Federal,15,TDC,USDA-USFS-Rocky Mtn. Rsrch Station - CO,Federal,USDA-USFS-Rocky Mtn. Rsrch Station - CO,Federal,FALSE,43200.89
K000160609,2024,Other CAS departments,1177,Agricultural Biology,Federal,15,TDC,USDA-USFS-Rocky Mtn. Rsrch Station - CO,Federal,USDA-USFS-Rocky Mtn. Rsrch Station - CO,Federal,FALSE,47599.34
K000160361,2024,Other CAS departments,1177,Agricultural Biology,Federal,15,TDC,USDA-USFS-Forest Research,Federal,USDA-USFS-Forest Research,Federal,FALSE,14000.77
K000159801,2024,Other CAS departments,1177,Agricultural Biology,Federal,15,TDC,USDA-APHIS-Animal Plant Health Insp Srvc,Federal,USDA-APHIS-Animal Plant Health Insp Srvc,Federal,FALSE,46376.47
K000159196,2024,Other CAS departments,1170,Soil + Crop Sciences,Federal,15,TDC,USDA-USFS-Forest Research,Federal,USDA-USFS-Forest Research,Federal,FALSE,249101.92
K000155874,2023,Other CAS departments,1177,Agricultural Biology,Federal,15,TDC,USDA-USFS-Forest Research,Federal,USDA-USFS-Forest Research,Federal,FALSE,11283.69
K000155738,2023,Other CAS departments,1177,Agricultural Biology,Federal,15,TDC,USDA-USFS-Rocky Mtn. Rsrch Station - CO,Federal,USDA-USFS-Rocky Mtn. Rsrch Station - CO,Federal,FALSE,77256.17
K000155747,2023,Other CAS departments,1177,Agricultural Biology,Federal,15,TDC,USDA-USFS-Rocky Mtn. Rsrch Station - CO,Federal,USDA-USFS-Rocky Mtn. Rsrch Station - CO,Federal,FALSE,44904.02
K000155748,2023,Other CAS departments,1177,Agricultural Biology,Federal,15,TDC,USDA-USFS-Southwestern Region,Federal,USDA-USFS-Southwestern Region,Federal,FALSE,26111.77
K000155878,2023,Other CAS departments,1177,Agricultural Biology,Federal,15,TDC,USDA-USFS-Forest Research,Federal,USDA-USFS-Forest Research,Federal,FALSE,91046.51
K000155401,2023,Other CAS departments,1177,Agricultural Biology,Federal,15,TDC,USDA-APHIS-Animal Plant Health Insp Srvc,Federal,USDA-APHIS-Animal Plant Health Insp Srvc,Federal,FALSE,46376.05
K000153909,2022,Other CAS departments,1177,Agricultural Biology,Federal,15,TDC,USDA-USFS-Forest Research,Federal,USDA-USFS-Forest Research,Federal,FALSE,11280.67
K000153170,2022,Other CAS departments,1177,Agricultural Biology,Federal,15,TDC,USDA-USFS-Forest Research,Federal,USDA-USFS-Forest Research,Federal,FALSE,46657.19
K000150094,2021,Other CAS departments,1177,Agricultural Biology,Federal,15,TDC,USDA-USFS-Pacific SW,Federal,USDA-USFS-Pacific SW,Federal,FALSE,7400.1
K000149442,2021,Other CAS departments,1173,Horticulture + Landscape Architecture,Federal,16.39,TDC,USDA-NIFA-National Institute of Food and Agriculture,Federal,USDA-NIFA-National Institute of Food and Agriculture,Federal,FALSE,649998.11
K000162242,2025,Other CAS departments,1177,Agricultural Biology,Federal,17.5,MTDC,DOI-USGS-Geological Survey,Federal,DOI-USGS-Geological Survey,Federal,FALSE,398999.54
K000156804,2023,Other CAS departments,1173,Horticulture + Landscape Architecture,Federal,17.5,TDC,DOI-NPS-National Park Service,Federal,DOI-NPS-National Park Service,Federal,FALSE,77146.98
K000152843,2022,Other CAS departments,1171,Animal Sciences,Federal,17.5,TDC,DOI-NPS-National Park Service,Federal,DOI-NPS-National Park Service,Federal,FALSE,26335.72
K000152767,2022,Other CAS departments,1177,Agricultural Biology,Federal,17.5,TDC,DOI-USGS-Geological Survey,Federal,DOI-USGS-Geological Survey,Federal,FALSE,49000.31
K000149725,2021,Other CAS departments,1171,Animal Sciences,Federal,17.5,TDC,DOI-NPS-National Park Service,Federal,DOI-NPS-National Park Service,Federal,FALSE,20929.9
K000160212,2025,Other CAS departments,1177,Agricultural Biology,Federal,17.64,TDC,USDA-APHIS-Animal Plant Health Insp Srvc,Federal,USDA-APHIS-Animal Plant Health Insp Srvc,Federal,FALSE,120428
K000159804,2024,Other CAS departments,1177,Agricultural Biology,Federal,17.64,TDC,USDA-APHIS-Animal Plant Health Insp Srvc,Federal,USDA-APHIS-Animal Plant Health Insp Srvc,Federal,FALSE,45718.7
K000159183,2024,Other CAS departments,1177,Agricultural Biology,Federal,17.64,TDC,USDA-APHIS-Animal Plant Health Insp Srvc,Federal,USDA-APHIS-Animal Plant Health Insp Srvc,Federal,FALSE,2888.06
K000147241,2021,Other CAS departments,1177,Agricultural Biology,Federal,17.64,TDC,USDA-APHIS-Animal Plant Health Insp Srvc,Federal,USDA-APHIS-Animal Plant Health Insp Srvc,Federal,FALSE,10938.17
K000151959,2022,Other CAS departments,1177,Agricultural Biology,Federal,18.64,TDC,USDA-NIFA-National Institute of Food and Agriculture,Federal,USDA-NIFA-National Institute of Food and Agriculture,Federal,FALSE,324115.98
K000157722,2024,Other CAS departments,1170,Soil + Crop Sciences,Federal,24,MTDC,USDA-NIFA-National Institute of Food and Agriculture,Federal,USDA-NIFA-National Institute of Food and Agriculture,Federal,FALSE,749863.79
K000159984,2024,Other CAS departments,1171,Animal Sciences,Federal,28.75,TDC,USDA-NIFA-National Institute of Food and Agriculture,Federal,USDA-NIFA-National Institute of Food and Agriculture,Federal,FALSE,648183.1
K000154945,2023,Other CAS departments,1177,Agricultural Biology,Federal,34,MTDC,EPA-Environmental Protection Agency,Federal,EPA-Environmental Protection Agency,Federal,FALSE,534999.85
K000153284,2022,Other CAS departments,1170,Soil + Crop Sciences,Federal,34,MTDC,DOC-NIST-Nat. Inst. Standards and Tech..,Federal,DOC-NIST-Nat. Inst. Standards and Tech..,Federal,FALSE,999999.73
K000151591,2022,Other CAS departments,1170,Soil + Crop Sciences,Federal,34,MTDC,DOE-NNSA-Lawrence Livermore National Laboratory,Federal,DOE-NNSA-Lawrence Livermore National Laboratory,Federal,FALSE,79925.34
K000151527,2021,Other CAS departments,1177,Agricultural Biology,Federal,34,MTDC,EPA-Environmental Protection Agency,Federal,EPA-Environmental Protection Agency,Federal,FALSE,2199472.36
K000165142,2026,Other CAS departments,1177,Agricultural Biology,Federal,35,MTDC,USDA-USFS-Rocky Mtn. Rsrch Station - CO,Federal,USDA-USFS-Rocky Mtn. Rsrch Station - CO,Federal,FALSE,129998.28
K000161556,2024,Other CAS departments,1170,Soil + Crop Sciences,Federal,35,MTDC,USDA-NRCS-Natural Resources Consvtn Srv,Federal,USDA-NRCS-Natural Resources Consvtn Srv,Federal,FALSE,4239968.14
K000160799,2024,Other CAS departments,1177,Agricultural Biology,Federal,35,MTDC,EPA-Environmental Protection Agency,Federal,EPA-Environmental Protection Agency,Federal,FALSE,2804746.43
K000159845,2024,Other CAS departments,1170,Soil + Crop Sciences,Federal,35,MTDC,USDA-NRCS-Natural Resources Consvtn Srv,Federal,USDA-NRCS-Natural Resources Consvtn Srv,Federal,FALSE,1249999.55
K000158526,2024,Other CAS departments,1173,Horticulture + Landscape Architecture,Federal,35,MTDC,USDA-NIFA-National Institute of Food and Agriculture,Federal,USDA-NIFA-National Institute of Food and Agriculture,Federal,FALSE,200000.81
K000158384,2024,Other CAS departments,1173,Horticulture + Landscape Architecture,Federal,35,MTDC,USDA-NIFA-National Institute of Food and Agriculture,Federal,USDA-NIFA-National Institute of Food and Agriculture,Federal,FALSE,399721.52
K000156424,2023,Other CAS departments,1170,Soil + Crop Sciences,Federal,35,MTDC,USDA-NRCS-Natural Resources Consvtn Srv,Federal,USDA-NRCS-Natural Resources Consvtn Srv,Federal,FALSE,1515141.04
K000160098,2024,Other CAS departments,1170,Soil + Crop Sciences,Federal,42.85,TDC,USDA-NIFA-National Institute of Food and Agriculture,Federal,USDA-NIFA-National Institute of Food and Agriculture,Federal,FALSE,849985.98
K000160505,2024,Other CAS departments,1170,Soil + Crop Sciences,Federal,42.85,TDC,USDA-NIFA-National Institute of Food and Agriculture,Federal,USDA-NIFA-National Institute of Food and Agriculture,Federal,FALSE,750000.35
K000157081,2023,Other CAS departments,1177,Agricultural Biology,Federal,42.85,TDC,USDA-NIFA-National Institute of Food and Agriculture,Federal,USDA-NIFA-National Institute of Food and Agriculture,Federal,FALSE,299992.43
K000156752,2023,Other CAS departments,1171,Animal Sciences,Federal,42.85,TDC,USDA-NIFA-National Institute of Food and Agriculture,Federal,USDA-NIFA-National Institute of Food and Agriculture,Federal,FALSE,299999.11
K000153692,2022,Other CAS departments,1171,Animal Sciences,Federal,42.85,TDC,USDA-NIFA-National Institute of Food and Agriculture,Federal,USDA-NIFA-National Institute of Food and Agriculture,Federal,FALSE,998587.31
K000153689,2022,Other CAS departments,1177,Agricultural Biology,Federal,42.85,TDC,USDA-NIFA-National Institute of Food and Agriculture,Federal,USDA-NIFA-National Institute of Food and Agriculture,Federal,FALSE,299952.63
K000151846,2022,Other CAS departments,1177,Agricultural Biology,Federal,42.85,TDC,USDA-NIFA-National Institute of Food and Agriculture,Federal,USDA-NIFA-National Institute of Food and Agriculture,Federal,FALSE,749998.48
K000152061,2022,Other CAS departments,1170,Soil + Crop Sciences,Federal,42.85,TDC,USDA-NIFA-National Institute of Food and Agriculture,Federal,USDA-NIFA-National Institute of Food and Agriculture,Federal,FALSE,56751
K000149128,2021,Other CAS departments,1177,Agricultural Biology,Federal,42.85,TDC,USDA-NIFA-National Institute of Food and Agriculture,Federal,USDA-NIFA-National Institute of Food and Agriculture,Federal,FALSE,138486.56
K000160055,2024,Other CAS departments,1177,Agricultural Biology,Federal,52,MTDC,NSF-National Science Foundation,Federal,NSF-National Science Foundation,Federal,FALSE,36000.41
K000152242,2022,Other CAS departments,1171,Animal Sciences,Federal,52,MTDC,DOJ-OJP-NIJ-National Inst. of Justice,Federal,DOJ-OJP-NIJ-National Inst. of Justice,Federal,FALSE,836010.89
K000151884,2022,Other CAS departments,1170,Soil + Crop Sciences,Federal,52,MTDC,DOE-US Department of Energy,Federal,DOE-US Department of Energy,Federal,FALSE,2844992.55
K000151672,2022,Other CAS departments,1177,Agricultural Biology,Federal,52,MTDC,NSF-National Science Foundation,Federal,NSF-National Science Foundation,Federal,FALSE,2605084.68
K000151484,2022,Other CAS departments,1177,Agricultural Biology,Federal,52,MTDC,NSF-National Science Foundation,Federal,NSF-National Science Foundation,Federal,FALSE,149729.6
K000150948,2021,Other CAS departments,1171,Animal Sciences,Federal,52,MTDC,HHS-NIH-Child Health and Human Develop,Federal,HHS-NIH-Child Health and Human Develop,Federal,FALSE,425258.36
K000150097,2021,Other CAS departments,1170,Soil + Crop Sciences,Federal,52,MTDC,NSF-National Science Foundation,Federal,NSF-National Science Foundation,Federal,FALSE,330707.58
K000148617,2021,Other CAS departments,1177,Agricultural Biology,Federal,52,MTDC,NSF-National Science Foundation,Federal,NSF-National Science Foundation,Federal,FALSE,999312.13
K000148454,2021,Other CAS departments,1173,Horticulture + Landscape Architecture,Federal,52,MTDC,NSF-National Science Foundation,Federal,NSF-National Science Foundation,Federal,FALSE,1167241
K000148490,2021,Other CAS departments,1177,Agricultural Biology,Federal,52,MTDC,DOD-US Department of Defense,Federal,DOD-US Department of Defense,Federal,FALSE,745053.59
K000148107,2021,Other CAS departments,1170,Soil + Crop Sciences,Federal,52,MTDC,NSF-National Science Foundation,Federal,NSF-National Science Foundation,Federal,FALSE,571256.72
K000159210,2024,Other CAS departments,1177,Agricultural Biology,Federal,53.5,MTDC,NSF-National Science Foundation,Federal,NSF-National Science Foundation,Federal,FALSE,77129.68
K000158527,2024,Other CAS departments,1170,Soil + Crop Sciences,Federal,53.5,MTDC,FFRDC-Lawrence Livermore National Laboratory,Federal,FFRDC-Lawrence Livermore National Laboratory,Federal,FALSE,390004.51
K000156682,2023,Other CAS departments,1177,Agricultural Biology,Federal,53.5,MTDC,USDA-NIFA-National Institute of Food and Agriculture,Federal,USDA-NIFA-National Institute of Food and Agriculture,Federal,FALSE,849994.84
K000156633,2023,Other CAS departments,1177,Agricultural Biology,Federal,53.5,MTDC,USDA-NIFA-National Institute of Food and Agriculture,Federal,USDA-NIFA-National Institute of Food and Agriculture,Federal,FALSE,749275.62
K000156159,2023,Other CAS departments,1170,Soil + Crop Sciences,Federal,53.5,MTDC,FFRDC-Lawrence Berkeley National Lab,Federal,FFRDC-Lawrence Berkeley National Lab,Federal,FALSE,339514.35
K000161050,2024,Other CAS departments,1170,Soil + Crop Sciences,Federal,54,MTDC,DOE-US Department of Energy,Federal,DOE-US Department of Energy,Federal,FALSE,8644961.64
K000160497,2024,Other CAS departments,1170,Soil + Crop Sciences,Federal,54,MTDC,USDA-NIFA-National Institute of Food and Agriculture,Federal,USDA-NIFA-National Institute of Food and Agriculture,Federal,FALSE,849997.42
K000160578,2024,Other CAS departments,1170,Soil + Crop Sciences,Federal,54,TDC,USDA-NRCS-Natural Resources Consvtn Srv,Federal,USDA-NRCS-Natural Resources Consvtn Srv,Federal,FALSE,700000.68
K000160489,2024,Other CAS departments,1177,Agricultural Biology,Federal,54,MTDC,USDA-NIFA-National Institute of Food and Agriculture,Federal,USDA-NIFA-National Institute of Food and Agriculture,Federal,FALSE,199999.82
K000160013,2024,Other CAS departments,1173,Horticulture + Landscape Architecture,Federal,54,MTDC,USDA-NIFA-National Institute of Food and Agriculture,Federal,USDA-NIFA-National Institute of Food and Agriculture,Federal,FALSE,648154.48
K000158961,2024,Other CAS departments,1171,Animal Sciences,Federal,54,MTDC,DOJ-OJP-NIJ-National Inst. of Justice,Federal,DOJ-OJP-NIJ-National Inst. of Justice,Federal,FALSE,481617.64
K000158290,2024,Other CAS departments,1171,Animal Sciences,Federal,54,MTDC,NSF-National Science Foundation,Federal,NSF-National Science Foundation,Federal,FALSE,327217.63
K000157840,2024,Other CAS departments,1170,Soil + Crop Sciences,Federal,54,MTDC,NSF-National Science Foundation,Federal,NSF-National Science Foundation,Federal,FALSE,572216.35
K000157485,2023,Other CAS departments,1177,Agricultural Biology,Federal,54,MTDC,USDA-USFS-Forest Health Protection,Federal,USDA-USFS-Forest Health Protection,Federal,FALSE,121693.89
K000156658,2023,Other CAS departments,1177,Agricultural Biology,Federal,54,MTDC,USDA-NIFA-National Institute of Food and Agriculture,Federal,USDA-NIFA-National Institute of Food and Agriculture,Federal,FALSE,299220.68
K000166318,2026,Other CAS departments,1171,Animal Sciences,Foundation/nonprofit,0,No Indirect Cost Allowed,National Cattlemens Beef Association,Domestic Non-Profit (other than Domestic Foundations),National Cattlemens Beef Association,Domestic Non-Profit (other than Domestic Foundations),FALSE,50144.76
K000165652,2026,Other CAS departments,1173,Horticulture + Landscape Architecture,Foundation/nonprofit,0,No Indirect Cost Allowed,Colorado Horticulture Research & Education Foundation,Domestic Foundations,Colorado Horticulture Research & Education Foundation,Domestic Foundations,FALSE,20000.28
K000165394,2026,Other CAS departments,1173,Horticulture + Landscape Architecture,Foundation/nonprofit,0,No Indirect Cost Allowed,Colorado Horticulture Research & Education Foundation,Domestic Foundations,Colorado Horticulture Research & Education Foundation,Domestic Foundations,FALSE,30000.9
K000165103,2026,Other CAS departments,1173,Horticulture + Landscape Architecture,Foundation/nonprofit,0,No Indirect Cost Allowed,Colorado Horticulture Research & Education Foundation,Domestic Foundations,Colorado Horticulture Research & Education Foundation,Domestic Foundations,FALSE,16548.06
K000164675,2025,Other CAS departments,1170,Soil + Crop Sciences,Foundation/nonprofit,0,No Indirect Cost Allowed,Colorado Dry Bean Administration Committee,Domestic Non-Profit (other than Domestic Foundations),Colorado Dry Bean Administration Committee,Domestic Non-Profit (other than Domestic Foundations),FALSE,32578.82
K000164244,2025,Other CAS departments,1173,Horticulture + Landscape Architecture,Foundation/nonprofit,0,No Indirect Cost Allowed,Colorado Garden Foundation,Domestic Non-Profit (other than Domestic Foundations),Colorado Garden Foundation,Domestic Non-Profit (other than Domestic Foundations),FALSE,9440
K000164710,2025,Other CAS departments,1170,Soil + Crop Sciences,Foundation/nonprofit,0,No Indirect Cost Allowed,Colorado Dry Bean Administration Committee,Domestic Non-Profit (other than Domestic Foundations),Colorado Dry Bean Administration Committee,Domestic Non-Profit (other than Domestic Foundations),FALSE,6412.71
K000163664,2025,Other CAS departments,1170,Soil + Crop Sciences,Foundation/nonprofit,0,No Indirect Cost Allowed,Colorado Sorghum Producers,Domestic Non-Profit (other than Domestic Foundations),Colorado Sorghum Producers,Domestic Non-Profit (other than Domestic Foundations),FALSE,14500
K000163477,2025,Other CAS departments,1171,Animal Sciences,Foundation/nonprofit,0,No Indirect Cost Allowed,National Cattlemens Beef Association,Domestic Non-Profit (other than Domestic Foundations),National Cattlemens Beef Association,Domestic Non-Profit (other than Domestic Foundations),FALSE,47454.14
K000163608,2025,Other CAS departments,1173,Horticulture + Landscape Architecture,Foundation/nonprofit,0,No Indirect Cost Allowed,Colorado Horticulture Research & Education Foundation,Domestic Foundations,Colorado Horticulture Research & Education Foundation,Domestic Foundations,FALSE,10000.39
K000163513,2025,Other CAS departments,1170,Soil + Crop Sciences,Foundation/nonprofit,0,No Indirect Cost Allowed,Colorado Wheat Administrative Committee,Domestic Non-Profit (other than Domestic Foundations),Colorado Wheat Administrative Committee,Domestic Non-Profit (other than Domestic Foundations),FALSE,61500.72
K000163514,2025,Other CAS departments,1177,Agricultural Biology,Foundation/nonprofit,0,No Indirect Cost Allowed,Colorado Wheat Administrative Committee,Domestic Non-Profit (other than Domestic Foundations),Colorado Wheat Administrative Committee,Domestic Non-Profit (other than Domestic Foundations),FALSE,84000
K000163515,2025,Other CAS departments,1177,Agricultural Biology,Foundation/nonprofit,0,No Indirect Cost Allowed,Colorado Wheat Administrative Committee,Domestic Non-Profit (other than Domestic Foundations),Colorado Wheat Administrative Committee,Domestic Non-Profit (other than Domestic Foundations),FALSE,33432.73
K000163516,2025,Other CAS departments,1177,Agricultural Biology,Foundation/nonprofit,0,No Indirect Cost Allowed,Colorado Wheat Administrative Committee,Domestic Non-Profit (other than Domestic Foundations),Colorado Wheat Administrative Committee,Domestic Non-Profit (other than Domestic Foundations),FALSE,51999.75
K000163517,2025,Other CAS departments,1177,Agricultural Biology,Foundation/nonprofit,0,No Indirect Cost Allowed,Colorado Wheat Administrative Committee,Domestic Non-Profit (other than Domestic Foundations),Colorado Wheat Administrative Committee,Domestic Non-Profit (other than Domestic Foundations),FALSE,29999.66
K000163518,2025,Other CAS departments,1177,Agricultural Biology,Foundation/nonprofit,0,No Indirect Cost Allowed,Colorado Wheat Administrative Committee,Domestic Non-Profit (other than Domestic Foundations),Colorado Wheat Administrative Committee,Domestic Non-Profit (other than Domestic Foundations),FALSE,29999.69
K000163519,2025,Other CAS departments,1177,Agricultural Biology,Foundation/nonprofit,0,No Indirect Cost Allowed,Colorado Wheat Administrative Committee,Domestic Non-Profit (other than Domestic Foundations),Colorado Wheat Administrative Committee,Domestic Non-Profit (other than Domestic Foundations),FALSE,30000
K000163520,2025,Other CAS departments,1170,Soil + Crop Sciences,Foundation/nonprofit,0,No Indirect Cost Allowed,Colorado Wheat Administrative Committee,Domestic Non-Profit (other than Domestic Foundations),Colorado Wheat Administrative Committee,Domestic Non-Profit (other than Domestic Foundations),FALSE,11999.52
K000163521,2025,Other CAS departments,1170,Soil + Crop Sciences,Foundation/nonprofit,0,No Indirect Cost Allowed,Colorado Wheat Administrative Committee,Domestic Non-Profit (other than Domestic Foundations),Colorado Wheat Administrative Committee,Domestic Non-Profit (other than Domestic Foundations),FALSE,9999.76
K000163512,2025,Other CAS departments,1170,Soil + Crop Sciences,Foundation/nonprofit,0,No Indirect Cost Allowed,Colorado Wheat Administrative Committee,Domestic Non-Profit (other than Domestic Foundations),Colorado Wheat Administrative Committee,Domestic Non-Profit (other than Domestic Foundations),FALSE,377500
K000163172,2025,Other CAS departments,1171,Animal Sciences,Foundation/nonprofit,0,No Indirect Cost Allowed,National Cattlemens Beef Association,Domestic Non-Profit (other than Domestic Foundations),National Cattlemens Beef Association,Domestic Non-Profit (other than Domestic Foundations),FALSE,94144.5
K000163224,2025,Other CAS departments,1170,Soil + Crop Sciences,Foundation/nonprofit,0,No Indirect Cost Allowed,Danish Technological Institute,Foreign Non-Profit (other than Foreign Foundations),Novo Nordisk Foundation,Foreign Foundations,FALSE,382829.84
K000162714,2025,Other CAS departments,1171,Animal Sciences,Foundation/nonprofit,0,No Indirect Cost Allowed,Colorado Beef Council,Domestic Non-Profit (other than Domestic Foundations),Colorado Beef Council,Domestic Non-Profit (other than Domestic Foundations),FALSE,65194.58
K000162646,2025,Other CAS departments,1177,Agricultural Biology,Foundation/nonprofit,0,No Indirect Cost Allowed,Colorado Corn Promotion Council,Domestic Non-Profit (other than Domestic Foundations),Colorado Corn Promotion Council,Domestic Non-Profit (other than Domestic Foundations),FALSE,32621.47
K000162545,2025,Other CAS departments,1173,Horticulture + Landscape Architecture,Foundation/nonprofit,0,No Indirect Cost Allowed,Association of Public and Land-grant Universities,Domestic Non-Profit (other than Domestic Foundations),Association of Public and Land-grant Universities,Domestic Non-Profit (other than Domestic Foundations),FALSE,3000
K000162662,2025,Other CAS departments,1170,Soil + Crop Sciences,Foundation/nonprofit,0,No Indirect Cost Allowed,Colorado Corn Promotion Council,Domestic Non-Profit (other than Domestic Foundations),Colorado Corn Promotion Council,Domestic Non-Profit (other than Domestic Foundations),FALSE,8066.72
K000162715,2025,Other CAS departments,1170,Soil + Crop Sciences,Foundation/nonprofit,0,No Indirect Cost Allowed,Colorado Corn Promotion Council,Domestic Non-Profit (other than Domestic Foundations),Colorado Corn Promotion Council,Domestic Non-Profit (other than Domestic Foundations),FALSE,14684.62
K000162742,2025,Other CAS departments,1171,Animal Sciences,Foundation/nonprofit,0,No Indirect Cost Allowed,National Cattlemens Beef Association,Domestic Non-Profit (other than Domestic Foundations),National Cattlemens Beef Association,Domestic Non-Profit (other than Domestic Foundations),FALSE,10000.29
K000162052,2025,Other CAS departments,1173,Horticulture + Landscape Architecture,Foundation/nonprofit,0,No Indirect Cost Allowed,Colorado Potato Administrative Committee,Domestic Non-Profit (other than Domestic Foundations),Colorado Potato Administrative Committee,Domestic Non-Profit (other than Domestic Foundations),FALSE,14887.58
K000162071,2025,Other CAS departments,1173,Horticulture + Landscape Architecture,Foundation/nonprofit,0,No Indirect Cost Allowed,Colorado Horticulture Research & Education Foundation,Domestic Foundations,Colorado Horticulture Research & Education Foundation,Domestic Foundations,FALSE,9975.48
K000161606,2025,Other CAS departments,1171,Animal Sciences,Foundation/nonprofit,0,No Indirect Cost Allowed,National Cattlemens Beef Association,Domestic Non-Profit (other than Domestic Foundations),National Cattlemens Beef Association,Domestic Non-Profit (other than Domestic Foundations),FALSE,90719.15
K000161917,2025,Other CAS departments,1173,Horticulture + Landscape Architecture,Foundation/nonprofit,0,No Indirect Cost Allowed,Nebraska Dry Bean Commission,Domestic Non-Profit (other than Domestic Foundations),Nebraska Dry Bean Commission,Domestic Non-Profit (other than Domestic Foundations),FALSE,26649.07
K000162035,2025,Other CAS departments,1177,Agricultural Biology,Foundation/nonprofit,0,No Indirect Cost Allowed,Colorado Potato Administrative Committee,Domestic Non-Profit (other than Domestic Foundations),Colorado Potato Administrative Committee,Domestic Non-Profit (other than Domestic Foundations),FALSE,32655.92
K000161710,2025,Other CAS departments,1177,Agricultural Biology,Foundation/nonprofit,0,No Indirect Cost Allowed,Colorado Wheat Administrative Committee,Domestic Non-Profit (other than Domestic Foundations),Colorado Wheat Administrative Committee,Domestic Non-Profit (other than Domestic Foundations),FALSE,32667.63
K000160965,2025,Other CAS departments,1171,Animal Sciences,Foundation/nonprofit,0,No Indirect Cost Allowed,Charities Aid Foundation America,Domestic Foundations,Charities Aid Foundation America,Domestic Foundations,FALSE,1000000.35
K000161108,2024,Other CAS departments,1171,Animal Sciences,Foundation/nonprofit,0,No Indirect Cost Allowed,National Cattlemens Beef Association,Domestic Non-Profit (other than Domestic Foundations),National Cattlemens Beef Association,Domestic Non-Profit (other than Domestic Foundations),FALSE,47300
K000160404,2024,Other CAS departments,1170,Soil + Crop Sciences,Foundation/nonprofit,0,No Indirect Cost Allowed,Colorado Seed Growers Association,Domestic Non-Profit (other than Domestic Foundations),Colorado Seed Growers Association,Domestic Non-Profit (other than Domestic Foundations),FALSE,1765938.38
K000160132,2024,Other CAS departments,1177,Agricultural Biology,Foundation/nonprofit,0,No Indirect Cost Allowed,Colorado Wheat Administrative Committee,Domestic Non-Profit (other than Domestic Foundations),Colorado Wheat Administrative Committee,Domestic Non-Profit (other than Domestic Foundations),FALSE,30000
K000160124,2024,Other CAS departments,1170,Soil + Crop Sciences,Foundation/nonprofit,0,No Indirect Cost Allowed,Colorado Wheat Administrative Committee,Domestic Non-Profit (other than Domestic Foundations),Colorado Wheat Administrative Committee,Domestic Non-Profit (other than Domestic Foundations),FALSE,60088.74
K000160123,2024,Other CAS departments,1170,Soil + Crop Sciences,Foundation/nonprofit,0,No Indirect Cost Allowed,Colorado Wheat Administrative Committee,Domestic Non-Profit (other than Domestic Foundations),Colorado Wheat Administrative Committee,Domestic Non-Profit (other than Domestic Foundations),FALSE,377500
K000160135,2024,Other CAS departments,1177,Agricultural Biology,Foundation/nonprofit,0,No Indirect Cost Allowed,Colorado Wheat Administrative Committee,Domestic Non-Profit (other than Domestic Foundations),Colorado Wheat Administrative Committee,Domestic Non-Profit (other than Domestic Foundations),FALSE,84000
K000160131,2024,Other CAS departments,1170,Soil + Crop Sciences,Foundation/nonprofit,0,No Indirect Cost Allowed,Colorado Wheat Administrative Committee,Domestic Non-Profit (other than Domestic Foundations),Colorado Wheat Administrative Committee,Domestic Non-Profit (other than Domestic Foundations),FALSE,10000
K000160130,2024,Other CAS departments,1170,Soil + Crop Sciences,Foundation/nonprofit,0,No Indirect Cost Allowed,Colorado Wheat Administrative Committee,Domestic Non-Profit (other than Domestic Foundations),Colorado Wheat Administrative Committee,Domestic Non-Profit (other than Domestic Foundations),FALSE,12000
K000160129,2024,Other CAS departments,1177,Agricultural Biology,Foundation/nonprofit,0,No Indirect Cost Allowed,Colorado Wheat Administrative Committee,Domestic Non-Profit (other than Domestic Foundations),Colorado Wheat Administrative Committee,Domestic Non-Profit (other than Domestic Foundations),FALSE,30000
K000160126,2024,Other CAS departments,1177,Agricultural Biology,Foundation/nonprofit,0,No Indirect Cost Allowed,Colorado Wheat Administrative Committee,Domestic Non-Profit (other than Domestic Foundations),Colorado Wheat Administrative Committee,Domestic Non-Profit (other than Domestic Foundations),FALSE,52000
K000159830,2024,Other CAS departments,1170,Soil + Crop Sciences,Foundation/nonprofit,0,No Indirect Cost Allowed,Colorado Corn Promotion Council,Domestic Non-Profit (other than Domestic Foundations),Colorado Corn Promotion Council,Domestic Non-Profit (other than Domestic Foundations),FALSE,35000
K000159882,2024,Other CAS departments,1171,Animal Sciences,Foundation/nonprofit,0,No Indirect Cost Allowed,National Cattlemens Beef Association,Domestic Non-Profit (other than Domestic Foundations),National Cattlemens Beef Association,Domestic Non-Profit (other than Domestic Foundations),FALSE,10000.04
K000159031,2024,Other CAS departments,1171,Animal Sciences,Foundation/nonprofit,0,No Indirect Cost Allowed,Colorado Beef Council,Domestic Non-Profit (other than Domestic Foundations),Colorado Beef Council,Domestic Non-Profit (other than Domestic Foundations),FALSE,60795.66
K000159268,2024,Other CAS departments,1173,Horticulture + Landscape Architecture,Foundation/nonprofit,0,No Indirect Cost Allowed,Fred C. Gloeckner Foundation,Domestic Foundations,Fred C. Gloeckner Foundation,Domestic Foundations,FALSE,12000.08
K000158424,2024,Other CAS departments,1177,Agricultural Biology,Foundation/nonprofit,0,No Indirect Cost Allowed,Colorado Potato Administrative Committee,Domestic Non-Profit (other than Domestic Foundations),USDA-AMS-Agricultural Marketing Service,Federal,FALSE,122848.85
K000158860,2024,Other CAS departments,1177,Agricultural Biology,Foundation/nonprofit,0,No Indirect Cost Allowed,Colorado Potato Administrative Committee,Domestic Non-Profit (other than Domestic Foundations),Colorado Potato Administrative Committee,Domestic Non-Profit (other than Domestic Foundations),FALSE,17723.78
K000158778,2024,Other CAS departments,1170,Soil + Crop Sciences,Foundation/nonprofit,0,No Indirect Cost Allowed,Colorado Sorghum Producers,Domestic Non-Profit (other than Domestic Foundations),Colorado Sorghum Producers,Domestic Non-Profit (other than Domestic Foundations),FALSE,11496.8
K000158716,2024,Other CAS departments,1173,Horticulture + Landscape Architecture,Foundation/nonprofit,0,No Indirect Cost Allowed,Colorado Potato Administrative Committee,Domestic Non-Profit (other than Domestic Foundations),Colorado Potato Administrative Committee,Domestic Non-Profit (other than Domestic Foundations),FALSE,14339.12
K000158815,2024,Other CAS departments,1177,Agricultural Biology,Foundation/nonprofit,0,No Indirect Cost Allowed,Colorado Potato Administrative Committee,Domestic Non-Profit (other than Domestic Foundations),Colorado Potato Administrative Committee,Domestic Non-Profit (other than Domestic Foundations),FALSE,33880.32
K000158989,2024,Other CAS departments,1170,Soil + Crop Sciences,Foundation/nonprofit,0,No Indirect Cost Allowed,Colorado Corn Promotion Council,Domestic Non-Profit (other than Domestic Foundations),Colorado Corn Promotion Council,Domestic Non-Profit (other than Domestic Foundations),FALSE,6053.23
K000158367,2024,Other CAS departments,1173,Horticulture + Landscape Architecture,Foundation/nonprofit,0,No Indirect Cost Allowed,Colorado Horticulture Research & Education Foundation,Domestic Foundations,Colorado Horticulture Research & Education Foundation,Domestic Foundations,FALSE,15060.25
K000158130,2024,Other CAS departments,1173,Horticulture + Landscape Architecture,Foundation/nonprofit,0,No Indirect Cost Allowed,Nebraska Dry Bean Commission,Domestic Non-Profit (other than Domestic Foundations),Nebraska Dry Bean Commission,Domestic Non-Profit (other than Domestic Foundations),FALSE,26545.57
K000157970,2024,Other CAS departments,1173,Horticulture + Landscape Architecture,Foundation/nonprofit,0,No Indirect Cost Allowed,Colorado Horticulture Research & Education Foundation,Domestic Foundations,Colorado Horticulture Research & Education Foundation,Domestic Foundations,FALSE,15706.89
K000157859,2023,Other CAS departments,1173,Horticulture + Landscape Architecture,Foundation/nonprofit,0,No Indirect Cost Allowed,Colorado Horticulture Research & Education Foundation,Domestic Foundations,Colorado Horticulture Research & Education Foundation,Domestic Foundations,FALSE,18880.95
K000157795,2023,Other CAS departments,1171,Animal Sciences,Foundation/nonprofit,0,No Indirect Cost Allowed,National Cattlemens Beef Association,Domestic Non-Profit (other than Domestic Foundations),National Cattlemens Beef Association,Domestic Non-Profit (other than Domestic Foundations),FALSE,6565.68
K000157232,2023,Other CAS departments,1171,Animal Sciences,Foundation/nonprofit,0,No Indirect Cost Allowed,National Cattlemens Beef Association,Domestic Non-Profit (other than Domestic Foundations),National Cattlemens Beef Association,Domestic Non-Profit (other than Domestic Foundations),FALSE,10000.17
K000157124,2023,Other CAS departments,1171,Animal Sciences,Foundation/nonprofit,0,No Indirect Cost Allowed,National Cattlemens Beef Association,Domestic Non-Profit (other than Domestic Foundations),National Cattlemens Beef Association,Domestic Non-Profit (other than Domestic Foundations),FALSE,15000
K000156644,2023,Other CAS departments,1170,Soil + Crop Sciences,Foundation/nonprofit,0,No Indirect Cost Allowed,Colorado Wheat Administrative Committee,Domestic Non-Profit (other than Domestic Foundations),Colorado Wheat Administrative Committee,Domestic Non-Profit (other than Domestic Foundations),FALSE,412500
K000156645,2023,Other CAS departments,1170,Soil + Crop Sciences,Foundation/nonprofit,0,No Indirect Cost Allowed,Colorado Wheat Administrative Committee,Domestic Non-Profit (other than Domestic Foundations),Colorado Wheat Administrative Committee,Domestic Non-Profit (other than Domestic Foundations),FALSE,59493.54
K000156646,2023,Other CAS departments,1177,Agricultural Biology,Foundation/nonprofit,0,No Indirect Cost Allowed,Colorado Wheat Administrative Committee,Domestic Non-Profit (other than Domestic Foundations),Colorado Wheat Administrative Committee,Domestic Non-Profit (other than Domestic Foundations),FALSE,84000
K000156650,2023,Other CAS departments,1170,Soil + Crop Sciences,Foundation/nonprofit,0,No Indirect Cost Allowed,Colorado Wheat Administrative Committee,Domestic Non-Profit (other than Domestic Foundations),Colorado Wheat Administrative Committee,Domestic Non-Profit (other than Domestic Foundations),FALSE,12000
K000156649,2023,Other CAS departments,1177,Agricultural Biology,Foundation/nonprofit,0,No Indirect Cost Allowed,Colorado Wheat Administrative Committee,Domestic Non-Profit (other than Domestic Foundations),Colorado Wheat Administrative Committee,Domestic Non-Profit (other than Domestic Foundations),FALSE,20000
K000156648,2023,Other CAS departments,1177,Agricultural Biology,Foundation/nonprofit,0,No Indirect Cost Allowed,Colorado Wheat Administrative Committee,Domestic Non-Profit (other than Domestic Foundations),Colorado Wheat Administrative Committee,Domestic Non-Profit (other than Domestic Foundations),FALSE,30000
K000156647,2023,Other CAS departments,1177,Agricultural Biology,Foundation/nonprofit,0,No Indirect Cost Allowed,Colorado Wheat Administrative Committee,Domestic Non-Profit (other than Domestic Foundations),Colorado Wheat Administrative Committee,Domestic Non-Profit (other than Domestic Foundations),FALSE,40000
K000156212,2023,Other CAS departments,1173,Horticulture + Landscape Architecture,Foundation/nonprofit,0,No Indirect Cost Allowed,Colorado Potato Administrative Committee,Domestic Non-Profit (other than Domestic Foundations),Colorado Potato Administrative Committee,Domestic Non-Profit (other than Domestic Foundations),FALSE,19719.97
K000156651,2023,Other CAS departments,1170,Soil + Crop Sciences,Foundation/nonprofit,0,No Indirect Cost Allowed,Colorado Wheat Administrative Committee,Domestic Non-Profit (other than Domestic Foundations),Colorado Wheat Administrative Committee,Domestic Non-Profit (other than Domestic Foundations),FALSE,11000
K000156222,2023,Other CAS departments,1171,Animal Sciences,Foundation/nonprofit,0,No Indirect Cost Allowed,National Cattlemens Beef Association,Domestic Non-Profit (other than Domestic Foundations),National Cattlemens Beef Association,Domestic Non-Profit (other than Domestic Foundations),FALSE,88106.02
K000155727,2023,Other CAS departments,1173,Horticulture + Landscape Architecture,Foundation/nonprofit,0,No Indirect Cost Allowed,Colorado Potato Administrative Committee,Domestic Non-Profit (other than Domestic Foundations),Colorado Potato Administrative Committee,Domestic Non-Profit (other than Domestic Foundations),FALSE,25871.18
K000156356,2023,Other CAS departments,1170,Soil + Crop Sciences,Foundation/nonprofit,0,No Indirect Cost Allowed,Colorado Seed Growers Association,Domestic Non-Profit (other than Domestic Foundations),Colorado Seed Growers Association,Domestic Non-Profit (other than Domestic Foundations),FALSE,302758.01
K000156210,2023,Other CAS departments,1173,Horticulture + Landscape Architecture,Foundation/nonprofit,0,No Indirect Cost Allowed,Colorado Potato Administrative Committee,Domestic Non-Profit (other than Domestic Foundations),Colorado Potato Administrative Committee,Domestic Non-Profit (other than Domestic Foundations),FALSE,13280
K000156307,2023,Other CAS departments,1171,Animal Sciences,Foundation/nonprofit,0,No Indirect Cost Allowed,National Cattlemens Beef Association,Domestic Non-Profit (other than Domestic Foundations),National Cattlemens Beef Association,Domestic Non-Profit (other than Domestic Foundations),FALSE,27400
K000155981,2023,Other CAS departments,1170,Soil + Crop Sciences,Foundation/nonprofit,0,No Indirect Cost Allowed,Colorado Corn Promotion Council,Domestic Non-Profit (other than Domestic Foundations),Colorado Corn Promotion Council,Domestic Non-Profit (other than Domestic Foundations),FALSE,16183.77
K000155893,2023,Other CAS departments,1171,Animal Sciences,Foundation/nonprofit,0,No Indirect Cost Allowed,Archbold Biological Station,Domestic Non-Profit (other than Domestic Foundations),USDA-ARS-Agricultural Research Service,Federal,FALSE,25000.81
K000155892,2023,Other CAS departments,1170,Soil + Crop Sciences,Foundation/nonprofit,0,No Indirect Cost Allowed,Colorado Sorghum Producers,Domestic Non-Profit (other than Domestic Foundations),Colorado Sorghum Producers,Domestic Non-Profit (other than Domestic Foundations),FALSE,6683.52
K000155789,2023,Other CAS departments,1171,Animal Sciences,Foundation/nonprofit,0,No Indirect Cost Allowed,Colorado Beef Council,Domestic Non-Profit (other than Domestic Foundations),Colorado Beef Council,Domestic Non-Profit (other than Domestic Foundations),FALSE,57845.98
K000155205,2023,Other CAS departments,1177,Agricultural Biology,Foundation/nonprofit,0,No Indirect Cost Allowed,Colorado Potato Administrative Committee,Domestic Non-Profit (other than Domestic Foundations),Colorado Department of Agriculture,State of Colorado,FALSE,34235.87
K000155531,2023,Other CAS departments,1173,Horticulture + Landscape Architecture,Foundation/nonprofit,0,No Indirect Cost Allowed,Fred C. Gloeckner Foundation,Domestic Foundations,Fred C. Gloeckner Foundation,Domestic Foundations,FALSE,11999.46
K000155113,2023,Other CAS departments,1171,Animal Sciences,Foundation/nonprofit,0,No Indirect Cost Allowed,National Cattlemens Beef Association,Domestic Non-Profit (other than Domestic Foundations),National Cattlemens Beef Association,Domestic Non-Profit (other than Domestic Foundations),FALSE,73983.17
K000155330,2023,Other CAS departments,1177,Agricultural Biology,Foundation/nonprofit,0,No Indirect Cost Allowed,Colorado Potato Administrative Committee,Domestic Non-Profit (other than Domestic Foundations),Colorado Potato Administrative Committee,Domestic Non-Profit (other than Domestic Foundations),FALSE,33348.85
K000155101,2023,Other CAS departments,1170,Soil + Crop Sciences,Foundation/nonprofit,0,No Indirect Cost Allowed,Colorado Corn Administrative Committee,Domestic Non-Profit (other than Domestic Foundations),Colorado Corn Administrative Committee,Domestic Non-Profit (other than Domestic Foundations),FALSE,5063.74
K000154854,2023,Other CAS departments,1173,Horticulture + Landscape Architecture,Foundation/nonprofit,0,No Indirect Cost Allowed,Nebraska Dry Bean Commission,Domestic Non-Profit (other than Domestic Foundations),Nebraska Dry Bean Commission,Domestic Non-Profit (other than Domestic Foundations),FALSE,25966.2
K000154457,2022,Other CAS departments,1171,Animal Sciences,Foundation/nonprofit,0,No Indirect Cost Allowed,National Cattlemens Beef Association,Domestic Non-Profit (other than Domestic Foundations),National Cattlemens Beef Association,Domestic Non-Profit (other than Domestic Foundations),FALSE,9999.92
K000154470,2022,Other CAS departments,1171,Animal Sciences,Foundation/nonprofit,0,No Indirect Cost Allowed,National Cattlemens Beef Association,Domestic Non-Profit (other than Domestic Foundations),National Cattlemens Beef Association,Domestic Non-Profit (other than Domestic Foundations),FALSE,76629.92
K000154456,2022,Other CAS departments,1171,Animal Sciences,Foundation/nonprofit,0,No Indirect Cost Allowed,National Cattlemens Beef Association,Domestic Non-Profit (other than Domestic Foundations),National Cattlemens Beef Association,Domestic Non-Profit (other than Domestic Foundations),FALSE,1311.7
K000154375,2022,Other CAS departments,1171,Animal Sciences,Foundation/nonprofit,0,No Indirect Cost Allowed,National Cattlemens Beef Association,Domestic Non-Profit (other than Domestic Foundations),National Cattlemens Beef Association,Domestic Non-Profit (other than Domestic Foundations),FALSE,54479.38
K000154394,2022,Other CAS departments,1170,Soil + Crop Sciences,Foundation/nonprofit,0,No Indirect Cost Allowed,Colorado Dry Bean Administration Committee,Domestic Non-Profit (other than Domestic Foundations),Colorado Dry Bean Administration Committee,Domestic Non-Profit (other than Domestic Foundations),FALSE,11299.11
K000154359,2022,Other CAS departments,1173,Horticulture + Landscape Architecture,Foundation/nonprofit,0,No Indirect Cost Allowed,Colorado Potato Administrative Committee,Domestic Non-Profit (other than Domestic Foundations),Colorado Potato Administrative Committee,Domestic Non-Profit (other than Domestic Foundations),FALSE,4999.67
K000153839,2022,Other CAS departments,1170,Soil + Crop Sciences,Foundation/nonprofit,0,No Indirect Cost Allowed,Colorado Seed Growers Association,Domestic Non-Profit (other than Domestic Foundations),Colorado Seed Growers Association,Domestic Non-Profit (other than Domestic Foundations),FALSE,259391.72
K000152789,2022,Other CAS departments,1173,Horticulture + Landscape Architecture,Foundation/nonprofit,0,No Indirect Cost Allowed,Colorado Potato Administrative Committee,Domestic Non-Profit (other than Domestic Foundations),Colorado Potato Administrative Committee,Domestic Non-Profit (other than Domestic Foundations),FALSE,28001.58
K000153155,2022,Other CAS departments,1171,Animal Sciences,Foundation/nonprofit,0,No Indirect Cost Allowed,Bender West Foundation,Domestic Foundations,Bender West Foundation,Domestic Foundations,FALSE,49980.7
K000152557,2022,Other CAS departments,1170,Soil + Crop Sciences,Foundation/nonprofit,0,No Indirect Cost Allowed,Colorado Corn Administrative Committee,Domestic Non-Profit (other than Domestic Foundations),Colorado Corn Administrative Committee,Domestic Non-Profit (other than Domestic Foundations),FALSE,5003.47
K000152178,2022,Other CAS departments,1171,Animal Sciences,Foundation/nonprofit,0,MTDC,Colorado Beef Council,Domestic Non-Profit (other than Domestic Foundations),Colorado Beef Council,Domestic Non-Profit (other than Domestic Foundations),FALSE,5000
K000152176,2022,Other CAS departments,1171,Animal Sciences,Foundation/nonprofit,0,No Indirect Cost Allowed,Colorado Beef Council,Domestic Non-Profit (other than Domestic Foundations),Colorado Beef Council,Domestic Non-Profit (other than Domestic Foundations),FALSE,60459.21
K000152050,2022,Other CAS departments,1171,Animal Sciences,Foundation/nonprofit,0,No Indirect Cost Allowed,American Hereford Association,Domestic Non-Profit (other than Domestic Foundations),American Hereford Association,Domestic Non-Profit (other than Domestic Foundations),FALSE,46935.53
K000152006,2022,Other CAS departments,1170,Soil + Crop Sciences,Foundation/nonprofit,0,No Indirect Cost Allowed,Colorado Dry Bean Administration Committee,Domestic Non-Profit (other than Domestic Foundations),Colorado Dry Bean Administration Committee,Domestic Non-Profit (other than Domestic Foundations),FALSE,10199.53
K000152005,2022,Other CAS departments,1170,Soil + Crop Sciences,Foundation/nonprofit,0,No Indirect Cost Allowed,Colorado Dry Bean Administration Committee,Domestic Non-Profit (other than Domestic Foundations),Colorado Dry Bean Administration Committee,Domestic Non-Profit (other than Domestic Foundations),FALSE,7500.04
K000152002,2022,Other CAS departments,1173,Horticulture + Landscape Architecture,Foundation/nonprofit,0,No Indirect Cost Allowed,Colorado Dry Bean Administration Committee,Domestic Non-Profit (other than Domestic Foundations),Colorado Dry Bean Administration Committee,Domestic Non-Profit (other than Domestic Foundations),FALSE,14999.5
K000152261,2022,Other CAS departments,1177,Agricultural Biology,Foundation/nonprofit,0,No Indirect Cost Allowed,Colorado Potato Administrative Committee,Domestic Non-Profit (other than Domestic Foundations),Colorado Potato Administrative Committee,Domestic Non-Profit (other than Domestic Foundations),FALSE,33329
K000152076,2022,Other CAS departments,1171,Animal Sciences,Foundation/nonprofit,0,No Indirect Cost Allowed,Canadian Institute for Advanced Research,Foreign Non-Profit (other than Foreign Foundations),Canadian Institute for Advanced Research,Foreign Non-Profit (other than Foreign Foundations),FALSE,11237.53
K000151891,2022,Other CAS departments,1170,Soil + Crop Sciences,Foundation/nonprofit,0,No Indirect Cost Allowed,Colorado Sorghum Producers,Domestic Non-Profit (other than Domestic Foundations),Colorado Sorghum Producers,Domestic Non-Profit (other than Domestic Foundations),FALSE,19449.91
K000151794,2022,Other CAS departments,1170,Soil + Crop Sciences,Foundation/nonprofit,0,No Indirect Cost Allowed,Colorado Corn Administrative Committee,Domestic Non-Profit (other than Domestic Foundations),Colorado Corn Administrative Committee,Domestic Non-Profit (other than Domestic Foundations),FALSE,15276.45
K000151695,2022,Other CAS departments,1173,Horticulture + Landscape Architecture,Foundation/nonprofit,0,No Indirect Cost Allowed,Nebraska Dry Bean Commission,Domestic Non-Profit (other than Domestic Foundations),Nebraska Dry Bean Commission,Domestic Non-Profit (other than Domestic Foundations),FALSE,18757.5
K000150375,2022,Other CAS departments,1171,Animal Sciences,Foundation/nonprofit,0,No Indirect Cost Allowed,American Lamb Board,Domestic Non-Profit (other than Domestic Foundations),American Lamb Board,Domestic Non-Profit (other than Domestic Foundations),FALSE,106500
K000151434,2021,Other CAS departments,1170,Soil + Crop Sciences,Foundation/nonprofit,0,No Indirect Cost Allowed,Colorado Sorghum Producers,Domestic Non-Profit (other than Domestic Foundations),Colorado Sorghum Producers,Domestic Non-Profit (other than Domestic Foundations),FALSE,16100.09
K000151364,2021,Other CAS departments,1171,Animal Sciences,Foundation/nonprofit,0,No Indirect Cost Allowed,National Cattlemens Beef Association,Domestic Non-Profit (other than Domestic Foundations),National Cattlemens Beef Association,Domestic Non-Profit (other than Domestic Foundations),FALSE,11930.4
K000151071,2021,Other CAS departments,1171,Animal Sciences,Foundation/nonprofit,0,No Indirect Cost Allowed,Colorado Beef Council,Domestic Non-Profit (other than Domestic Foundations),Colorado Beef Council,Domestic Non-Profit (other than Domestic Foundations),FALSE,15000
K000150934,2021,Other CAS departments,1171,Animal Sciences,Foundation/nonprofit,0,No Indirect Cost Allowed,Morris Animal Foundation,Domestic Foundations,Morris Animal Foundation,Domestic Foundations,FALSE,9118.98
K000150701,2021,Other CAS departments,1170,Soil + Crop Sciences,Foundation/nonprofit,0,No Indirect Cost Allowed,Colorado Wheat Administrative Committee,Domestic Non-Profit (other than Domestic Foundations),Colorado Wheat Administrative Committee,Domestic Non-Profit (other than Domestic Foundations),FALSE,276000
K000150708,2021,Other CAS departments,1177,Agricultural Biology,Foundation/nonprofit,0,No Indirect Cost Allowed,Colorado Wheat Administrative Committee,Domestic Non-Profit (other than Domestic Foundations),Colorado Wheat Administrative Committee,Domestic Non-Profit (other than Domestic Foundations),FALSE,10000
K000150714,2021,Other CAS departments,1170,Soil + Crop Sciences,Foundation/nonprofit,0,No Indirect Cost Allowed,Colorado Wheat Administrative Committee,Domestic Non-Profit (other than Domestic Foundations),Colorado Wheat Administrative Committee,Domestic Non-Profit (other than Domestic Foundations),FALSE,20000
K000150711,2021,Other CAS departments,1170,Soil + Crop Sciences,Foundation/nonprofit,0,No Indirect Cost Allowed,Colorado Wheat Administrative Committee,Domestic Non-Profit (other than Domestic Foundations),Colorado Wheat Administrative Committee,Domestic Non-Profit (other than Domestic Foundations),FALSE,10000
K000150710,2021,Other CAS departments,1177,Agricultural Biology,Foundation/nonprofit,0,No Indirect Cost Allowed,Colorado Wheat Administrative Committee,Domestic Non-Profit (other than Domestic Foundations),Colorado Wheat Administrative Committee,Domestic Non-Profit (other than Domestic Foundations),FALSE,45000
K000150706,2021,Other CAS departments,1177,Agricultural Biology,Foundation/nonprofit,0,No Indirect Cost Allowed,Colorado Wheat Administrative Committee,Domestic Non-Profit (other than Domestic Foundations),Colorado Wheat Administrative Committee,Domestic Non-Profit (other than Domestic Foundations),FALSE,52000
K000150707,2021,Other CAS departments,1177,Agricultural Biology,Foundation/nonprofit,0,No Indirect Cost Allowed,Colorado Wheat Administrative Committee,Domestic Non-Profit (other than Domestic Foundations),Colorado Wheat Administrative Committee,Domestic Non-Profit (other than Domestic Foundations),FALSE,40000
K000150705,2021,Other CAS departments,1170,Soil + Crop Sciences,Foundation/nonprofit,0,No Indirect Cost Allowed,Colorado Wheat Administrative Committee,Domestic Non-Profit (other than Domestic Foundations),Colorado Wheat Administrative Committee,Domestic Non-Profit (other than Domestic Foundations),FALSE,49374
K000150485,2021,Other CAS departments,1173,Horticulture + Landscape Architecture,Foundation/nonprofit,0,TDC,"American Malting Barley Association, Inc.",Domestic Non-Profit (other than Domestic Foundations),"American Malting Barley Association, Inc.",Domestic Non-Profit (other than Domestic Foundations),FALSE,12582.84
K000150689,2021,Other CAS departments,1171,Animal Sciences,Foundation/nonprofit,0,No Indirect Cost Allowed,National Cattlemens Beef Association,Domestic Non-Profit (other than Domestic Foundations),National Cattlemens Beef Association,Domestic Non-Profit (other than Domestic Foundations),FALSE,8998.69
K000150421,2021,Other CAS departments,1171,Animal Sciences,Foundation/nonprofit,0,TDC,National Cattlemens Beef Association,Domestic Non-Profit (other than Domestic Foundations),National Cattlemens Beef Association,Domestic Non-Profit (other than Domestic Foundations),FALSE,46898.43
K000150452,2021,Other CAS departments,1177,Agricultural Biology,Foundation/nonprofit,0,No Indirect Cost Allowed,United Sorghum Checkoff Program,Domestic Non-Profit (other than Domestic Foundations),United Sorghum Checkoff Program,Domestic Non-Profit (other than Domestic Foundations),FALSE,9999.54
K000150463,2021,Other CAS departments,1170,Soil + Crop Sciences,Foundation/nonprofit,0,No Indirect Cost Allowed,Colorado Seed Growers Association,Domestic Non-Profit (other than Domestic Foundations),Colorado Seed Growers Association,Domestic Non-Profit (other than Domestic Foundations),FALSE,235899.82
K000150042,2021,Other CAS departments,1173,Horticulture + Landscape Architecture,Foundation/nonprofit,0,No Indirect Cost Allowed,Colorado Potato Administrative Committee,Domestic Non-Profit (other than Domestic Foundations),Colorado Potato Administrative Committee,Domestic Non-Profit (other than Domestic Foundations),FALSE,30000.27
K000150011,2021,Other CAS departments,1170,Soil + Crop Sciences,Foundation/nonprofit,0,No Indirect Cost Allowed,Colorado Corn Administrative Committee,Domestic Non-Profit (other than Domestic Foundations),Colorado Corn Administrative Committee,Domestic Non-Profit (other than Domestic Foundations),FALSE,5000.14
K000149786,2021,Other CAS departments,1171,Animal Sciences,Foundation/nonprofit,0,TDC,National Cattlemens Beef Association,Domestic Non-Profit (other than Domestic Foundations),National Cattlemens Beef Association,Domestic Non-Profit (other than Domestic Foundations),FALSE,24500
K000148704,2021,Other CAS departments,1171,Animal Sciences,Foundation/nonprofit,0,No Indirect Cost Allowed,Canadian Institute for Advanced Research,Foreign Non-Profit (other than Foreign Foundations),Canadian Institute for Advanced Research,Foreign Non-Profit (other than Foreign Foundations),FALSE,17527.48
K000149546,2021,Other CAS departments,1171,Animal Sciences,Foundation/nonprofit,0,TDC,National Cattlemens Beef Association,Domestic Non-Profit (other than Domestic Foundations),National Cattlemens Beef Association,Domestic Non-Profit (other than Domestic Foundations),FALSE,87634
K000149613,2021,Other CAS departments,1173,Horticulture + Landscape Architecture,Foundation/nonprofit,0,No Indirect Cost Allowed,American Society of Brewing Chemists,Domestic Non-Profit (other than Domestic Foundations),American Society of Brewing Chemists,Domestic Non-Profit (other than Domestic Foundations),FALSE,10737.05
K000149480,2021,Other CAS departments,1170,Soil + Crop Sciences,Foundation/nonprofit,0,No Indirect Cost Allowed,Colorado Potato Administrative Committee,Domestic Non-Profit (other than Domestic Foundations),Colorado Potato Administrative Committee,Domestic Non-Profit (other than Domestic Foundations),FALSE,39757.3
K000149354,2021,Other CAS departments,1177,Agricultural Biology,Foundation/nonprofit,0,No Indirect Cost Allowed,Colorado Potato Administrative Committee,Domestic Non-Profit (other than Domestic Foundations),Colorado Potato Administrative Committee,Domestic Non-Profit (other than Domestic Foundations),FALSE,28722.56
K000149351,2021,Other CAS departments,1177,Agricultural Biology,Foundation/nonprofit,0,No Indirect Cost Allowed,Colorado Potato Administrative Committee,Domestic Non-Profit (other than Domestic Foundations),Colorado Potato Administrative Committee,Domestic Non-Profit (other than Domestic Foundations),FALSE,26526.34
K000149431,2021,Other CAS departments,1171,Animal Sciences,Foundation/nonprofit,0,MTDC,Colorado Beef Council,Domestic Non-Profit (other than Domestic Foundations),Colorado Beef Council,Domestic Non-Profit (other than Domestic Foundations),FALSE,58256.7
K000149122,2021,Other CAS departments,1171,Animal Sciences,Foundation/nonprofit,0,No Indirect Cost Allowed,National Cattlemens Beef Association,Domestic Non-Profit (other than Domestic Foundations),National Cattlemens Beef Association,Domestic Non-Profit (other than Domestic Foundations),FALSE,61331.22
K000149331,2021,Other CAS departments,1177,Agricultural Biology,Foundation/nonprofit,0,No Indirect Cost Allowed,Colorado Potato Administrative Committee,Domestic Non-Profit (other than Domestic Foundations),Colorado Potato Administrative Committee,Domestic Non-Profit (other than Domestic Foundations),FALSE,31167.93
K000148892,2021,Other CAS departments,1171,Animal Sciences,Foundation/nonprofit,0,No Indirect Cost Allowed,National Cattlemens Beef Association,Domestic Non-Profit (other than Domestic Foundations),National Cattlemens Beef Association,Domestic Non-Profit (other than Domestic Foundations),FALSE,8999.65
K000148948,2021,Other CAS departments,1170,Soil + Crop Sciences,Foundation/nonprofit,0,No Indirect Cost Allowed,Colorado Dry Bean Administration Committee,Domestic Non-Profit (other than Domestic Foundations),Colorado Dry Bean Administration Committee,Domestic Non-Profit (other than Domestic Foundations),FALSE,9000.38
K000148642,2021,Other CAS departments,1171,Animal Sciences,Foundation/nonprofit,0,No Indirect Cost Allowed,National Cattlemens Beef Association,Domestic Non-Profit (other than Domestic Foundations),National Cattlemens Beef Association,Domestic Non-Profit (other than Domestic Foundations),FALSE,38865.36
K000148302,2021,Other CAS departments,1173,Horticulture + Landscape Architecture,Foundation/nonprofit,0,No Indirect Cost Allowed,Colorado Dry Bean Administration Committee,Domestic Non-Profit (other than Domestic Foundations),Colorado Dry Bean Administration Committee,Domestic Non-Profit (other than Domestic Foundations),FALSE,10000
K000148513,2021,Other CAS departments,1171,Animal Sciences,Foundation/nonprofit,0,No Indirect Cost Allowed,Colorado Beef Council,Domestic Non-Profit (other than Domestic Foundations),Colorado Beef Council,Domestic Non-Profit (other than Domestic Foundations),FALSE,5000
K000152380,2022,Other CAS departments,1170,Soil + Crop Sciences,Foundation/nonprofit,8,TDC,CSURF-CSU Ventures,Domestic Foundations,CSURF-CSU Ventures,Domestic Foundations,FALSE,4320
K000152131,2022,Other CAS departments,1173,Horticulture + Landscape Architecture,Foundation/nonprofit,8,TDC,CSURF-CSU Ventures,Domestic Foundations,CSURF-CSU Ventures,Domestic Foundations,FALSE,50000.76
K000164769,2025,Other CAS departments,1170,Soil + Crop Sciences,Foundation/nonprofit,10,TDC,McKnight Foundation,Domestic Foundations,McKnight Foundation,Domestic Foundations,FALSE,379975.94
K000164582,2025,Other CAS departments,1173,Horticulture + Landscape Architecture,Foundation/nonprofit,10,TDC,American Heart Association,Domestic Non-Profit (other than Domestic Foundations),American Heart Association,Domestic Non-Profit (other than Domestic Foundations),FALSE,91080.58
K000162635,2025,Other CAS departments,1170,Soil + Crop Sciences,Foundation/nonprofit,10,TDC,McKnight Foundation,Domestic Foundations,McKnight Foundation,Domestic Foundations,FALSE,34999.46
K000161666,2025,Other CAS departments,1171,Animal Sciences,Foundation/nonprofit,10,TDC,Grantham Foundation,Domestic Foundations,Grantham Foundation,Domestic Foundations,FALSE,177500.49
K000160975,2024,Other CAS departments,1170,Soil + Crop Sciences,Foundation/nonprofit,10,TDC,McKnight Foundation,Domestic Foundations,McKnight Foundation,Domestic Foundations,FALSE,25116.82
K000160882,2024,Other CAS departments,1173,Horticulture + Landscape Architecture,Foundation/nonprofit,10,TDC,Tree Research and Education Endowment Fund,Domestic Non-Profit (other than Domestic Foundations),Tree Research and Education Endowment Fund,Domestic Non-Profit (other than Domestic Foundations),FALSE,24976.96
K000160168,2024,Other CAS departments,1171,Animal Sciences,Foundation/nonprofit,10,TDC,Gerstner Philanthropies,Domestic Foundations,Gerstner Philanthropies,Domestic Foundations,FALSE,253301.07
K000160573,2024,Other CAS departments,1170,Soil + Crop Sciences,Foundation/nonprofit,10,TDC,McKnight Foundation,Domestic Foundations,McKnight Foundation,Domestic Foundations,FALSE,174946.04
K000160336,2024,Other CAS departments,1173,Horticulture + Landscape Architecture,Foundation/nonprofit,10,TDC,American Heart Association,Domestic Non-Profit (other than Domestic Foundations),American Heart Association,Domestic Non-Profit (other than Domestic Foundations),FALSE,24476.16
K000159594,2024,Other CAS departments,1173,Horticulture + Landscape Architecture,Foundation/nonprofit,10,TDC,American Heart Association,Domestic Non-Profit (other than Domestic Foundations),American Heart Association,Domestic Non-Profit (other than Domestic Foundations),FALSE,49999.57
K000159515,2024,Other CAS departments,1173,Horticulture + Landscape Architecture,Foundation/nonprofit,10,TDC,American Heart Association,Domestic Non-Profit (other than Domestic Foundations),American Heart Association,Domestic Non-Profit (other than Domestic Foundations),FALSE,83004.5
K000158863,2024,Other CAS departments,1170,Soil + Crop Sciences,Foundation/nonprofit,10,TDC,Consultative Group on International Agricultural Research,Foreign Non-Profit (other than Foreign Foundations),Bill and Melinda Gates Foundation,Domestic Foundations,FALSE,172021.33
K000158533,2024,Other CAS departments,1171,Animal Sciences,Foundation/nonprofit,10,TDC,Human Animal Bond Research Institute,Domestic Foundations,Human Animal Bond Research Institute,Domestic Foundations,FALSE,44048.66
K000154722,2023,Other CAS departments,1170,Soil + Crop Sciences,Foundation/nonprofit,10,TDC,Bill and Melinda Gates Foundation,Domestic Foundations,Bill and Melinda Gates Foundation,Domestic Foundations,FALSE,9999998.81
K000155171,2023,Other CAS departments,1170,Soil + Crop Sciences,Foundation/nonprofit,10,TDC,McKnight Foundation,Domestic Foundations,McKnight Foundation,Domestic Foundations,FALSE,599984.94
K000154182,2022,Other CAS departments,1170,Soil + Crop Sciences,Foundation/nonprofit,10,TDC,McKnight Foundation,Domestic Foundations,McKnight Foundation,Domestic Foundations,FALSE,69499.23
K000152833,2022,Other CAS departments,1171,Animal Sciences,Foundation/nonprofit,10,TDC,"Dairy Management, Inc.",Domestic Non-Profit (other than Domestic Foundations),"Dairy Management, Inc.",Domestic Non-Profit (other than Domestic Foundations),FALSE,120100.95
K000152308,2022,Other CAS departments,1170,Soil + Crop Sciences,Foundation/nonprofit,10,TDC,McKnight Foundation,Domestic Foundations,McKnight Foundation,Domestic Foundations,FALSE,155237.99
K000151582,2022,Other CAS departments,1173,Horticulture + Landscape Architecture,Foundation/nonprofit,10,TDC,American Heart Association,Domestic Non-Profit (other than Domestic Foundations),American Heart Association,Domestic Non-Profit (other than Domestic Foundations),FALSE,155701.93
K000151126,2021,Other CAS departments,1171,Animal Sciences,Foundation/nonprofit,10,TDC,"Dairy Management, Inc.",Domestic Non-Profit (other than Domestic Foundations),"Dairy Management, Inc.",Domestic Non-Profit (other than Domestic Foundations),FALSE,94193.46
K000151120,2021,Other CAS departments,1170,Soil + Crop Sciences,Foundation/nonprofit,10,TDC,Consultative Group on International Agricultural Research,Foreign Non-Profit (other than Foreign Foundations),Bill and Melinda Gates Foundation,Domestic Foundations,FALSE,227964.96
K000149932,2021,Other CAS departments,1170,Soil + Crop Sciences,Foundation/nonprofit,10,TDC,The International Maize and Wheat Improvement Center,Foreign Non-Profit (other than Foreign Foundations),Bill and Melinda Gates Foundation,Domestic Foundations,FALSE,3998198.9
K000148598,2021,Other CAS departments,1170,Soil + Crop Sciences,Foundation/nonprofit,10,TDC,McKnight Foundation,Domestic Foundations,McKnight Foundation,Domestic Foundations,FALSE,79996.23
K000162153,2025,Other CAS departments,1170,Soil + Crop Sciences,Foundation/nonprofit,11,TDC,Noble Research Institute,Domestic Non-Profit (other than Domestic Foundations),Noble Research Institute,Domestic Non-Profit (other than Domestic Foundations),FALSE,22200
K000160139,2024,Other CAS departments,1170,Soil + Crop Sciences,Foundation/nonprofit,11,TDC,Noble Research Institute,Domestic Non-Profit (other than Domestic Foundations),Noble Research Institute,Domestic Non-Profit (other than Domestic Foundations),FALSE,11100
K000163523,2025,Other CAS departments,1171,Animal Sciences,Foundation/nonprofit,11.11,TDC,"Dairy Management, Inc.",Domestic Non-Profit (other than Domestic Foundations),"Dairy Management, Inc.",Domestic Non-Profit (other than Domestic Foundations),FALSE,105468.08
K000162262,2025,Other CAS departments,1173,Horticulture + Landscape Architecture,Foundation/nonprofit,11.11,TDC,Rockefeller Foundation,Domestic Foundations,Rockefeller Foundation,Domestic Foundations,FALSE,500000.27
K000161457,2024,Other CAS departments,1170,Soil + Crop Sciences,Foundation/nonprofit,11.11,TDC,Point Blue Conservation Science,Domestic Non-Profit (other than Domestic Foundations),Foundation for Food & Agriculture Research,Domestic Non-Profit (other than Domestic Foundations),FALSE,10000.61
K000160276,2024,Other CAS departments,1170,Soil + Crop Sciences,Foundation/nonprofit,11.11,TDC,Foundation for Food & Agriculture Research,Domestic Non-Profit (other than Domestic Foundations),Foundation for Food & Agriculture Research,Domestic Non-Profit (other than Domestic Foundations),FALSE,1499985.01
K000159547,2024,Other CAS departments,1170,Soil + Crop Sciences,Foundation/nonprofit,11.11,TDC,CHS Foundation,Domestic Foundations,CHS Foundation,Domestic Foundations,FALSE,260565.69
K000154484,2023,Other CAS departments,1177,Agricultural Biology,Foundation/nonprofit,11.11,TDC,Foundation for Food & Agriculture Research,Domestic Non-Profit (other than Domestic Foundations),Foundation for Food & Agriculture Research,Domestic Non-Profit (other than Domestic Foundations),FALSE,149419.86
K000153678,2022,Other CAS departments,1173,Horticulture + Landscape Architecture,Foundation/nonprofit,11.11,TDC,Rockefeller Foundation,Domestic Foundations,Rockefeller Foundation,Domestic Foundations,FALSE,275046.34
K000149266,2021,Other CAS departments,1170,Soil + Crop Sciences,Foundation/nonprofit,11.11,TDC,Foundation for Food & Agriculture Research,Domestic Non-Profit (other than Domestic Foundations),Foundation for Food & Agriculture Research,Domestic Non-Profit (other than Domestic Foundations),FALSE,789633.74
K000149953,2021,Other CAS departments,1170,Soil + Crop Sciences,Foundation/nonprofit,11.11,TDC,CHS Foundation,Domestic Foundations,CHS Foundation,Domestic Foundations,FALSE,256724.88
K000148097,2021,Other CAS departments,1171,Animal Sciences,Foundation/nonprofit,11.11,TDC,Foundation for Food & Agriculture Research,Domestic Non-Profit (other than Domestic Foundations),Foundation for Food & Agriculture Research,Domestic Non-Profit (other than Domestic Foundations),FALSE,433720.63
K000148022,2021,Other CAS departments,1170,Soil + Crop Sciences,Foundation/nonprofit,11.11,TDC,Noble Research Institute,Domestic Non-Profit (other than Domestic Foundations),Foundation for Food and Agriculture Research,Domestic Non-Profit (other than Domestic Foundations),FALSE,3575326.1
K000148268,2021,Other CAS departments,1177,Agricultural Biology,Foundation/nonprofit,11.11,TDC,Foundation for Food and Agriculture Research,Domestic Non-Profit (other than Domestic Foundations),Foundation for Food and Agriculture Research,Domestic Non-Profit (other than Domestic Foundations),FALSE,1500000.24
K000162789,2025,Other CAS departments,1171,Animal Sciences,Foundation/nonprofit,15,TDC,Environmental Defense Fund,Domestic Non-Profit (other than Domestic Foundations),Environmental Defense Fund,Domestic Non-Profit (other than Domestic Foundations),FALSE,50000.19
K000158046,2023,Other CAS departments,1170,Soil + Crop Sciences,Foundation/nonprofit,15,TDC,United States - Israel Binational Science Foundation,Foreign Non-Profit (other than Foreign Foundations),United States - Israel Binational Science Foundation,Foreign Non-Profit (other than Foreign Foundations),FALSE,113098.48
K000154007,2022,Other CAS departments,1177,Agricultural Biology,Foundation/nonprofit,15,TDC,National Corn Growers Association,Domestic Non-Profit (other than Domestic Foundations),National Corn Growers Association,Domestic Non-Profit (other than Domestic Foundations),FALSE,59990.46
K000150893,2022,Other CAS departments,1171,Animal Sciences,Foundation/nonprofit,15,TDC,American Society for Prevention of Cruelty to Animals,Domestic Non-Profit (other than Domestic Foundations),American Society for Prevention of Cruelty to Animals,Domestic Non-Profit (other than Domestic Foundations),FALSE,71299.89
K000151782,2022,Other CAS departments,1171,Animal Sciences,Foundation/nonprofit,15,TDC,American Society for Prevention of Cruelty to Animals,Domestic Non-Profit (other than Domestic Foundations),American Society for Prevention of Cruelty to Animals,Domestic Non-Profit (other than Domestic Foundations),FALSE,48999.78
K000151705,2022,Other CAS departments,1170,Soil + Crop Sciences,Foundation/nonprofit,15,TDC,Environmental Defense Fund,Domestic Non-Profit (other than Domestic Foundations),Environmental Defense Fund,Domestic Non-Profit (other than Domestic Foundations),FALSE,299069.61
K000151144,2021,Other CAS departments,1177,Agricultural Biology,Foundation/nonprofit,15,TDC,United States - Israel Binational Science Foundation,Foreign Non-Profit (other than Foreign Foundations),United States - Israel Binational Science Foundation,Foreign Non-Profit (other than Foreign Foundations),FALSE,113834.23
K000150469,2021,Other CAS departments,1171,Animal Sciences,Foundation/nonprofit,15,TDC,Zoma Foundation,Domestic Foundations,Zoma Foundation,Domestic Foundations,FALSE,349990.64
K000149338,2021,Other CAS departments,1173,Horticulture + Landscape Architecture,Foundation/nonprofit,15,TDC,Rockefeller Foundation,Domestic Foundations,Rockefeller Foundation,Domestic Foundations,FALSE,114818.7
K000148397,2021,Other CAS departments,1170,Soil + Crop Sciences,Foundation/nonprofit,15,TDC,Woods Hole Research Center,Domestic Non-Profit (other than Domestic Foundations),Woods Hole Research Center,Domestic Non-Profit (other than Domestic Foundations),FALSE,306325.18
K000151709,2022,Other CAS departments,1170,Soil + Crop Sciences,Foundation/nonprofit,34,MTDC,Colorado Ag Water Alliance,Domestic Non-Profit (other than Domestic Foundations),Colorado Department of Public Health and Environment,State of Colorado,FALSE,165746.78
K000151176,2021,Other CAS departments,1177,Agricultural Biology,Foundation/nonprofit,34,MTDC,eXtension Foundation,Domestic Non-Profit (other than Domestic Foundations),EPA-Environmental Protection Agency,Federal,FALSE,17649.01
K000165941,2026,Other CAS departments,1171,Animal Sciences,Foundation/nonprofit,35,MTDC,eXtension Foundation,Domestic Non-Profit (other than Domestic Foundations),USDA-NIFA-National Institute of Food and Agriculture,Federal,FALSE,23496.85
K000165449,2026,Other CAS departments,1171,Animal Sciences,Foundation/nonprofit,35,MTDC,eXtension Foundation,Domestic Non-Profit (other than Domestic Foundations),USDA-NIFA-National Institute of Food and Agriculture,Federal,FALSE,1000.15
K000164627,2025,Other CAS departments,1177,Agricultural Biology,Foundation/nonprofit,35,MTDC,eXtension Foundation,Domestic Non-Profit (other than Domestic Foundations),EPA-Environmental Protection Agency,Federal,FALSE,15002.39
K000163801,2025,Other CAS departments,1171,Animal Sciences,Foundation/nonprofit,35,MTDC,eXtension Foundation,Domestic Non-Profit (other than Domestic Foundations),USDA-NIFA-National Institute of Food and Agriculture,Federal,FALSE,21816
K000162664,2025,Other CAS departments,1171,Animal Sciences,Foundation/nonprofit,35,MTDC,eXtension Foundation,Domestic Non-Profit (other than Domestic Foundations),CSL Seqirus,Foreign Commercial,FALSE,14999.92
K000161344,2024,Other CAS departments,1177,Agricultural Biology,Foundation/nonprofit,35,MTDC,Western Integrated Pest Management Center,Domestic Non-Profit (other than Domestic Foundations),Western Integrated Pest Management Center,Domestic Non-Profit (other than Domestic Foundations),FALSE,39999.96
K000160847,2024,Other CAS departments,1177,Agricultural Biology,Foundation/nonprofit,35,MTDC,eXtension Foundation,Domestic Non-Profit (other than Domestic Foundations),EPA-Environmental Protection Agency,Federal,FALSE,30224.3
K000161065,2024,Other CAS departments,1171,Animal Sciences,Foundation/nonprofit,35,MTDC,eXtension Foundation,Domestic Non-Profit (other than Domestic Foundations),eXtension Foundation,Domestic Non-Profit (other than Domestic Foundations),FALSE,37495.28
K000159632,2024,Other CAS departments,1170,Soil + Crop Sciences,Foundation/nonprofit,35,MTDC,Salk Institute for Biological Studies,Domestic Non-Profit (other than Domestic Foundations),Salk Institute for Biological Studies,Domestic Non-Profit (other than Domestic Foundations),FALSE,104230.8
K000158232,2024,Other CAS departments,1170,Soil + Crop Sciences,Foundation/nonprofit,35,MTDC,Colorado Ag Water Alliance,Domestic Non-Profit (other than Domestic Foundations),EPA-Environmental Protection Agency,Federal,FALSE,218368.52
K000157418,2023,Other CAS departments,1177,Agricultural Biology,Foundation/nonprofit,35,MTDC,eXtension Foundation,Domestic Non-Profit (other than Domestic Foundations),EPA-Environmental Protection Agency,Federal,FALSE,19037.11
K000158387,2024,Other CAS departments,1173,Horticulture + Landscape Architecture,Foundation/nonprofit,42.85,MTDC,Organic Seed Alliance,Domestic Non-Profit (other than Domestic Foundations),Organic Seed Alliance,Domestic Non-Profit (other than Domestic Foundations),FALSE,222514.39
K000152578,2022,Other CAS departments,1170,Soil + Crop Sciences,Foundation/nonprofit,52,MTDC,National Center for Appropriate Technology,Domestic Non-Profit (other than Domestic Foundations),National Center for Appropriate Technology,Domestic Non-Profit (other than Domestic Foundations),FALSE,1042848.37
K000160494,2024,Other CAS departments,1171,Animal Sciences,Foundation/nonprofit,54,MTDC,"Rocky Mountain Innovation Initiative, Inc. DBA Innosphere Ventures",Domestic Non-Profit (other than Domestic Foundations),NSF-National Science Foundation,Federal,FALSE,299908.37
K000160490,2024,Other CAS departments,1170,Soil + Crop Sciences,Foundation/nonprofit,54,MTDC,"Rocky Mountain Innovation Initiative, Inc. DBA Innosphere Ventures",Domestic Non-Profit (other than Domestic Foundations),"Rocky Mountain Innovation Initiative, Inc. DBA Innosphere Ventures",Domestic Non-Profit (other than Domestic Foundations),FALSE,299728.53
K000166132,2026,Other CAS departments,1177,Agricultural Biology,Industry,0,No Indirect Cost Allowed,Snake River Sugarbeet Research and Seed Alliance,Domestic Commercial,Snake River Sugarbeet Research and Seed Alliance,Domestic Commercial,FALSE,5000.53
K000165186,2026,Other CAS departments,1177,Agricultural Biology,Industry,0,No Indirect Cost Allowed,Snake River Sugarbeet Research and Seed Alliance,Domestic Commercial,Snake River Sugarbeet Research and Seed Alliance,Domestic Commercial,FALSE,32096.02
K000164903,2026,Other CAS departments,1177,Agricultural Biology,Industry,0,No Indirect Cost Allowed,Western Sugar Cooperative,Domestic Commercial,Western Sugar Cooperative,Domestic Commercial,FALSE,9941.81
K000164441,2025,Other CAS departments,1171,Animal Sciences,Industry,0,No Indirect Cost Allowed,DeLaval,Foreign Commercial,DeLaval,Foreign Commercial,FALSE,13438.7
K000162716,2025,Other CAS departments,1177,Agricultural Biology,Industry,0,No Indirect Cost Allowed,Snake River Sugarbeet Research and Seed Alliance,Domestic Commercial,Snake River Sugarbeet Research and Seed Alliance,Domestic Commercial,FALSE,4996.43
K000161860,2025,Other CAS departments,1177,Agricultural Biology,Industry,0,No Indirect Cost Allowed,Western Sugar Cooperative,Domestic Commercial,Western Sugar Cooperative,Domestic Commercial,FALSE,299988.05
K000162099,2025,Other CAS departments,1177,Agricultural Biology,Industry,0,No Indirect Cost Allowed,Western Sugar Cooperative,Domestic Commercial,Western Sugar Cooperative,Domestic Commercial,FALSE,34999.86
K000161740,2025,Other CAS departments,1177,Agricultural Biology,Industry,0,No Indirect Cost Allowed,Western Sugar Cooperative,Domestic Commercial,Western Sugar Cooperative,Domestic Commercial,FALSE,9999.75
K000160768,2024,Other CAS departments,1171,Animal Sciences,Industry,0,No Indirect Cost Allowed,DeLaval,Foreign Commercial,DeLaval,Foreign Commercial,FALSE,4823.1
K000159906,2024,Other CAS departments,1177,Agricultural Biology,Industry,0,No Indirect Cost Allowed,Western Sugar Cooperative,Domestic Commercial,Western Sugar Cooperative,Domestic Commercial,FALSE,13500
K000158451,2024,Other CAS departments,1171,Animal Sciences,Industry,0,MTDC,DeLaval,Foreign Commercial,DeLaval,Foreign Commercial,FALSE,6525.6
K000158169,2024,Other CAS departments,1177,Agricultural Biology,Industry,0,No Indirect Cost Allowed,Western Sugar Cooperative,Domestic Commercial,Western Sugar Cooperative,Domestic Commercial,FALSE,14999.58
K000158071,2024,Other CAS departments,1177,Agricultural Biology,Industry,0,No Indirect Cost Allowed,Snake River Sugarbeet Research and Seed Alliance,Domestic Commercial,Snake River Sugarbeet Research and Seed Alliance,Domestic Commercial,FALSE,29504.47
K000158018,2024,Other CAS departments,1177,Agricultural Biology,Industry,0,No Indirect Cost Allowed,Snake River Sugarbeet Research and Seed Alliance,Domestic Commercial,Snake River Sugarbeet Research and Seed Alliance,Domestic Commercial,FALSE,32096.39
K000158019,2024,Other CAS departments,1177,Agricultural Biology,Industry,0,No Indirect Cost Allowed,Western Sugar Cooperative,Domestic Commercial,Western Sugar Cooperative,Domestic Commercial,FALSE,35356.98
K000157850,2023,Other CAS departments,1170,Soil + Crop Sciences,Industry,0,No Indirect Cost Allowed,Western Sugar Cooperative,Domestic Commercial,Western Sugar Cooperative,Domestic Commercial,FALSE,17712.76
K000156192,2023,Other CAS departments,1173,Horticulture + Landscape Architecture,Industry,0,No Indirect Cost Allowed,Potatoes USA,Domestic Commercial,Potatoes USA,Domestic Commercial,FALSE,10000.78
K000156193,2023,Other CAS departments,1173,Horticulture + Landscape Architecture,Industry,0,No Indirect Cost Allowed,Potatoes USA,Domestic Commercial,Potatoes USA,Domestic Commercial,FALSE,5000.3
K000156194,2023,Other CAS departments,1173,Horticulture + Landscape Architecture,Industry,0,No Indirect Cost Allowed,Potatoes USA,Domestic Commercial,Potatoes USA,Domestic Commercial,FALSE,1000.22
K000155561,2023,Other CAS departments,1177,Agricultural Biology,Industry,0,No Indirect Cost Allowed,Snake River Sugarbeet Research and Seed Alliance,Domestic Commercial,Snake River Sugarbeet Research and Seed Alliance,Domestic Commercial,FALSE,26753.65
K000155452,2023,Other CAS departments,1177,Agricultural Biology,Industry,0,No Indirect Cost Allowed,Western Sugar Cooperative,Domestic Commercial,Western Sugar Cooperative,Domestic Commercial,FALSE,25776.09
K000155295,2023,Other CAS departments,1177,Agricultural Biology,Industry,0,No Indirect Cost Allowed,Western Sugar Cooperative,Domestic Commercial,Western Sugar Cooperative,Domestic Commercial,FALSE,24299.16
K000155294,2023,Other CAS departments,1177,Agricultural Biology,Industry,0,No Indirect Cost Allowed,Western Sugar Cooperative,Domestic Commercial,Western Sugar Cooperative,Domestic Commercial,FALSE,14999.57
K000155237,2023,Other CAS departments,1177,Agricultural Biology,Industry,0,No Indirect Cost Allowed,Western Sugar Cooperative,Domestic Commercial,Western Sugar Cooperative,Domestic Commercial,FALSE,28180.09
K000155050,2023,Other CAS departments,1177,Agricultural Biology,Industry,0,No Indirect Cost Allowed,Western Sugar Cooperative,Domestic Commercial,Western Sugar Cooperative,Domestic Commercial,FALSE,25000.07
K000154729,2023,Other CAS departments,1170,Soil + Crop Sciences,Industry,0,No Indirect Cost Allowed,Western Sugar Cooperative,Domestic Commercial,Western Sugar Cooperative,Domestic Commercial,FALSE,16860.75
K000153460,2022,Other CAS departments,1177,Agricultural Biology,Industry,0,No Indirect Cost Allowed,Western Sugar Cooperative,Domestic Commercial,Western Sugar Cooperative,Domestic Commercial,FALSE,300000.21
K000152332,2022,Other CAS departments,1177,Agricultural Biology,Industry,0,No Indirect Cost Allowed,Snake River Sugarbeet Research and Seed Alliance,Domestic Commercial,Snake River Sugarbeet Research and Seed Alliance,Domestic Commercial,FALSE,22715.13
K000152105,2022,Other CAS departments,1177,Agricultural Biology,Industry,0,No Indirect Cost Allowed,Western Sugar Cooperative,Domestic Commercial,Western Sugar Cooperative,Domestic Commercial,FALSE,15880.27
K000152104,2022,Other CAS departments,1177,Agricultural Biology,Industry,0,No Indirect Cost Allowed,Western Sugar Cooperative,Domestic Commercial,Western Sugar Cooperative,Domestic Commercial,FALSE,19219.78
K000151985,2022,Other CAS departments,1177,Agricultural Biology,Industry,0,No Indirect Cost Allowed,Western Sugar Cooperative,Domestic Commercial,Western Sugar Cooperative,Domestic Commercial,FALSE,14200.24
K000151651,2022,Other CAS departments,1170,Soil + Crop Sciences,Industry,0,No Indirect Cost Allowed,Western Sugar Cooperative,Domestic Commercial,Western Sugar Cooperative,Domestic Commercial,FALSE,10352.93
K000151690,2022,Other CAS departments,1177,Agricultural Biology,Industry,0,No Indirect Cost Allowed,Western Sugar Company,Domestic Commercial,Western Sugar Company,Domestic Commercial,FALSE,25000.37
K000149428,2021,Other CAS departments,1177,Agricultural Biology,Industry,0,No Indirect Cost Allowed,Western Sugar Cooperative,Domestic Commercial,Western Sugar Cooperative,Domestic Commercial,FALSE,9233.56
K000149407,2021,Other CAS departments,1177,Agricultural Biology,Industry,0,No Indirect Cost Allowed,Snake River Sugarbeet Research and Seed Alliance,Domestic Commercial,Snake River Sugarbeet Research and Seed Alliance,Domestic Commercial,FALSE,19662.93
K000149342,2021,Other CAS departments,1177,Agricultural Biology,Industry,0,No Indirect Cost Allowed,Western Sugar Cooperative,Domestic Commercial,Western Sugar Cooperative,Domestic Commercial,FALSE,10360.77
K000149343,2021,Other CAS departments,1177,Agricultural Biology,Industry,0,No Indirect Cost Allowed,Western Sugar Cooperative,Domestic Commercial,Western Sugar Cooperative,Domestic Commercial,FALSE,13185.99
K000148977,2021,Other CAS departments,1177,Agricultural Biology,Industry,0,No Indirect Cost Allowed,Western Sugar Cooperative,Domestic Commercial,Western Sugar Cooperative,Domestic Commercial,FALSE,34200.13
K000148903,2021,Other CAS departments,1177,Agricultural Biology,Industry,0,No Indirect Cost Allowed,Western Sugar Cooperative,Domestic Commercial,Western Sugar Cooperative,Domestic Commercial,FALSE,19199.8
K000148414,2021,Other CAS departments,1170,Soil + Crop Sciences,Industry,0,No Indirect Cost Allowed,Western Sugar Cooperative,Domestic Commercial,Western Sugar Cooperative,Domestic Commercial,FALSE,21385.28
K000148390,2021,Other CAS departments,1170,Soil + Crop Sciences,Industry,0,No Indirect Cost Allowed,Western Sugar Cooperative,Domestic Commercial,Western Sugar Cooperative,Domestic Commercial,FALSE,8991.93
K000148388,2021,Other CAS departments,1170,Soil + Crop Sciences,Industry,0,No Indirect Cost Allowed,Western Sugar Cooperative,Domestic Commercial,Western Sugar Cooperative,Domestic Commercial,FALSE,14100
K000157536,2023,Other CAS departments,1173,Horticulture + Landscape Architecture,Industry,5.26,TDC,"Sandbox Solar, LLC",Domestic Commercial,Colorado Department of Agriculture,State of Colorado,FALSE,31440.08
K000149050,2021,Other CAS departments,1170,Soil + Crop Sciences,Industry,8,TDC,Soil Metrics,Domestic Commercial,Soil Metrics,Domestic Commercial,FALSE,41688.05
K000159204,2024,Other CAS departments,1171,Animal Sciences,Industry,10,TDC,"Micronutrients, LLC",Domestic Commercial,"Micronutrients, LLC",Domestic Commercial,FALSE,40284.98
K000150548,2021,Other CAS departments,1171,Animal Sciences,Industry,10,TDC,"Micronutrients, LLC",Domestic Commercial,"Micronutrients, LLC",Domestic Commercial,FALSE,40063.45
K000150453,2021,Other CAS departments,1171,Animal Sciences,Industry,10,TDC,"Micronutrients, LLC",Domestic Commercial,"Micronutrients, LLC",Domestic Commercial,FALSE,30000.54
K000156050,2023,Other CAS departments,1177,Agricultural Biology,Industry,15,TDC,"Cotton, Inc.",Domestic Commercial,"Cotton, Inc.",Domestic Commercial,FALSE,23000.21
K000153832,2022,Other CAS departments,1177,Agricultural Biology,Industry,15,TDC,"Cotton, Inc.",Domestic Commercial,"Cotton, Inc.",Domestic Commercial,FALSE,19997.14
K000152536,2022,Other CAS departments,1177,Agricultural Biology,Industry,15,TDC,"Cotton, Inc.",Domestic Commercial,"Cotton, Inc.",Domestic Commercial,FALSE,21796.45
K000148615,2021,Other CAS departments,1177,Agricultural Biology,Industry,15,TDC,"Cotton, Inc.",Domestic Commercial,"Cotton, Inc.",Domestic Commercial,FALSE,45000.14
K000148616,2021,Other CAS departments,1177,Agricultural Biology,Industry,15,TDC,"Cotton, Inc.",Domestic Commercial,"Cotton, Inc.",Domestic Commercial,FALSE,24999.98
K000162944,2025,Other CAS departments,1177,Agricultural Biology,Industry,26,MTDC,Syngenta,Domestic Commercial,Syngenta,Domestic Commercial,FALSE,377334.71
K000155129,2023,Other CAS departments,1173,Horticulture + Landscape Architecture,Industry,34,MTDC,"Radiant Innovation, LLC",Domestic Commercial,USDA-NIFA-National Institute of Food and Agriculture,Federal,FALSE,3500.08
K000153037,2022,Other CAS departments,1171,Animal Sciences,Industry,34,MTDC,Ralco,Domestic Commercial,Ralco,Domestic Commercial,FALSE,159682.36
K000152730,2022,Other CAS departments,1171,Animal Sciences,Industry,34,MTDC,Rabo AgriFinance,Domestic Commercial,Rabo AgriFinance,Domestic Commercial,FALSE,27910.52
K000151208,2021,Other CAS departments,1173,Horticulture + Landscape Architecture,Industry,34,MTDC,"Radiant Innovation, LLC",Domestic Commercial,USDA-NIFA-National Institute of Food and Agriculture,Federal,FALSE,55000.25
K000149965,2021,Other CAS departments,1171,Animal Sciences,Industry,34,MTDC,"Chr. Hansen, Inc.",Domestic Commercial,"Chr. Hansen, Inc.",Domestic Commercial,FALSE,230439.39
K000149709,2021,Other CAS departments,1171,Animal Sciences,Industry,34,MTDC,"National Beef Packing Company, LLC",Domestic Commercial,"National Beef Packing Company, LLC",Domestic Commercial,FALSE,232856.03
K000149583,2021,Other CAS departments,1171,Animal Sciences,Industry,34,MTDC,"MicroBios, Inc.",Domestic Commercial,"MicroBios, Inc.",Domestic Commercial,FALSE,62371.91
K000165555,2026,Other CAS departments,1171,Animal Sciences,Industry,35,MTDC,Elanco Animal Health,Domestic Commercial,Elanco Animal Health,Domestic Commercial,FALSE,45122.42
K000163996,2025,Other CAS departments,1171,Animal Sciences,Industry,35,MTDC,Elanco Animal Health,Domestic Commercial,Elanco Animal Health,Domestic Commercial,FALSE,40458.77
K000161008,2024,Other CAS departments,1171,Animal Sciences,Industry,35,MTDC,"Chr. Hansen, Inc.",Domestic Commercial,"Chr. Hansen, Inc.",Domestic Commercial,FALSE,71427.11
K000158897,2024,Other CAS departments,1171,Animal Sciences,Industry,35,MTDC,Elanco Animal Health,Domestic Commercial,Elanco Animal Health,Domestic Commercial,FALSE,74999.63
K000156652,2023,Other CAS departments,1171,Animal Sciences,Industry,35,TDC,Elanco Animal Health,Domestic Commercial,Elanco Animal Health,Domestic Commercial,FALSE,53696.16
K000156640,2023,Other CAS departments,1171,Animal Sciences,Industry,35,MTDC,"Chr. Hansen, Inc.",Domestic Commercial,"Chr. Hansen, Inc.",Domestic Commercial,FALSE,93252.59
K000155599,2023,Other CAS departments,1171,Animal Sciences,Industry,35,MTDC,Ralco,Domestic Commercial,Ralco,Domestic Commercial,FALSE,41814.33
K000155364,2023,Other CAS departments,1173,Horticulture + Landscape Architecture,Industry,35,MTDC,"Radiant Innovation, LLC",Domestic Commercial,USDA-NIFA-National Institute of Food and Agriculture,Federal,FALSE,154712.52
K000155394,2023,Other CAS departments,1171,Animal Sciences,Industry,35,TDC,Elanco Animal Health,Domestic Commercial,Elanco Animal Health,Domestic Commercial,FALSE,38587.2
K000152856,2022,Other CAS departments,1171,Animal Sciences,Industry,52,MTDC,Evoq Nano,Domestic Commercial,Evoq Nano,Domestic Commercial,FALSE,111668.48
K000152433,2022,Other CAS departments,1177,Agricultural Biology,Industry,52,MTDC,RiceTec,Domestic Commercial,RiceTec,Domestic Commercial,FALSE,33739.67
K000152199,2022,Other CAS departments,1170,Soil + Crop Sciences,Industry,52,MTDC,Lynker Corporation,Domestic Commercial,USDA-NRCS-Natural Resources Consvtn Srv,Federal,FALSE,1318810.99
K000152086,2022,Other CAS departments,1170,Soil + Crop Sciences,Industry,52,MTDC,"Mead & Hunt, Inc.",Domestic Commercial,"National Academies of Sciences, Engineering, and Medicine",Domestic Non-Profit (other than Domestic Foundations),FALSE,73254.03
K000152152,2022,Other CAS departments,1171,Animal Sciences,Industry,52,MTDC,"Diamond V Mills, Inc.",Domestic Commercial,"Diamond V Mills, Inc.",Domestic Commercial,FALSE,50210.2
K000152137,2022,Other CAS departments,1171,Animal Sciences,Industry,52,MTDC,Merck Animal Health,Domestic Commercial,Merck Animal Health,Domestic Commercial,FALSE,106295.25
K000150133,2021,Other CAS departments,1177,Agricultural Biology,Industry,52,MTDC,Bayer Corporation / Agriculture Division,Domestic Commercial,Bayer Corporation / Agriculture Division,Domestic Commercial,FALSE,378767.79
K000149553,2021,Other CAS departments,1177,Agricultural Biology,Industry,52,MTDC,Nufarm,Foreign Commercial,Nufarm,Foreign Commercial,FALSE,255377.56
K000148555,2021,Other CAS departments,1170,Soil + Crop Sciences,Industry,52,MTDC,Shell Oil Company,Domestic Commercial,Shell Oil Company,Domestic Commercial,FALSE,2045512.49
K000155818,2023,Other CAS departments,1171,Animal Sciences,Industry,53,TDC,Elanco Animal Health,Domestic Commercial,Elanco Animal Health,Domestic Commercial,FALSE,312995.53
K000155812,2023,Other CAS departments,1177,Agricultural Biology,Industry,53,MTDC,Syngenta,Domestic Commercial,Syngenta,Domestic Commercial,FALSE,77563.17
K000154930,2023,Other CAS departments,1170,Soil + Crop Sciences,Industry,53,MTDC,Syngenta,Domestic Commercial,Syngenta,Domestic Commercial,FALSE,99924.33
K000154617,2023,Other CAS departments,1171,Animal Sciences,Industry,53,MTDC,"SAM HPRP Chemicals, Inc.",Domestic Commercial,"SAM HPRP Chemicals, Inc.",Domestic Commercial,FALSE,12737.67
K000154552,2022,Other CAS departments,1171,Animal Sciences,Industry,53,MTDC,Elanco Animal Health,Domestic Commercial,Elanco Animal Health,Domestic Commercial,FALSE,309154.75
K000152085,2022,Other CAS departments,1173,Horticulture + Landscape Architecture,Industry,53,MTDC,Akorn Technology,Domestic Commercial,NSF-National Science Foundation,Federal,FALSE,105078.46
K000157776,2024,Other CAS departments,1177,Agricultural Biology,Industry,53.5,MTDC,Bayer Corporation / Agriculture Division,Domestic Commercial,Bayer Corporation / Agriculture Division,Domestic Commercial,FALSE,359999.75
K000158783,2024,Other CAS departments,1170,Soil + Crop Sciences,Industry,53.5,MTDC,Corteva Agriscience,Domestic Commercial,Corteva Agriscience,Domestic Commercial,FALSE,20128.65
K000157465,2023,Other CAS departments,1171,Animal Sciences,Industry,53.5,MTDC,Elanco Animal Health,Domestic Commercial,Elanco Animal Health,Domestic Commercial,FALSE,176139.98
K000157498,2023,Other CAS departments,1170,Soil + Crop Sciences,Industry,53.5,MTDC,Koloma,Domestic Commercial,DOE-US Department of Energy,Federal,FALSE,253583.41
K000156927,2023,Other CAS departments,1171,Animal Sciences,Industry,53.5,MTDC,Zoetis,Domestic Commercial,Zoetis,Domestic Commercial,FALSE,276041.65
K000165591,2026,Other CAS departments,1170,Soil + Crop Sciences,Industry,54,MTDC,Silicon Ranch Corporation,Domestic Commercial,Silicon Ranch Corporation,Domestic Commercial,FALSE,35249.9
K000164687,2025,Other CAS departments,1171,Animal Sciences,Industry,54,MTDC,Nutreco Nederland B.V.,Foreign Commercial,Nutreco Nederland B.V.,Foreign Commercial,FALSE,111999.61
K000162076,2025,Other CAS departments,1170,Soil + Crop Sciences,Industry,54,MTDC,Syngenta,Domestic Commercial,Syngenta,Domestic Commercial,FALSE,199188
K000161689,2025,Other CAS departments,1170,Soil + Crop Sciences,Industry,54,MTDC,Exxon Mobil Corporation,Domestic Commercial,Exxon Mobil Corporation,Domestic Commercial,FALSE,488504.6
K000160901,2024,Other CAS departments,1177,Agricultural Biology,Industry,54,MTDC,"Bayer CropScience, LP",Foreign Commercial,"Bayer CropScience, LP",Foreign Commercial,FALSE,152347.81
K000160902,2024,Other CAS departments,1177,Agricultural Biology,Industry,54,MTDC,"UPL, LTD.",Foreign Commercial,"UPL, LTD.",Foreign Commercial,FALSE,186375.66
K000157767,2024,Other CAS departments,1177,Agricultural Biology,Industry,54,MTDC,Nufarm,Foreign Commercial,Nufarm,Foreign Commercial,FALSE,419395.32
K000160166,2024,Other CAS departments,1171,Animal Sciences,Industry,54,MTDC,"Cargill, Inc.",Domestic Commercial,"Cargill, Inc.",Domestic Commercial,FALSE,105084.46
K000159382,2024,Other CAS departments,1170,Soil + Crop Sciences,Industry,54,MTDC,Syngenta,Domestic Commercial,Syngenta,Domestic Commercial,FALSE,179076.04
K000158377,2024,Other CAS departments,1177,Agricultural Biology,Industry,54,MTDC,RiceTec,Domestic Commercial,RiceTec,Domestic Commercial,FALSE,12499.92
K000158042,2024,Other CAS departments,1170,Soil + Crop Sciences,Other,0,No Indirect Cost Allowed,Kansas State University,Other Domestic Higher Education,Kansas State University,Other Domestic Higher Education,FALSE,75000.51
K000157373,2023,Other CAS departments,1170,Soil + Crop Sciences,Other,0,TDC,Brown University,Other Domestic Higher Education,Brown University,Other Domestic Higher Education,FALSE,10000.28
K000151769,2022,Other CAS departments,1170,Soil + Crop Sciences,Other,0,No Indirect Cost Allowed,Kansas State University,Other Domestic Higher Education,Kansas State University,Other Domestic Higher Education,FALSE,75000.34
K000157660,2023,Other CAS departments,1171,Animal Sciences,Other,10,TDC,Montana State University,Other Domestic Higher Education,Montana State University,Other Domestic Higher Education,FALSE,29747.65
K000157439,2023,Other CAS departments,1171,Animal Sciences,Other,10,TDC,Montana State University,Other Domestic Higher Education,Montana State University,Other Domestic Higher Education,FALSE,74996.27
K000152644,2022,Other CAS departments,1170,Soil + Crop Sciences,Other,10,TDC,The Ohio State University,Other Domestic Higher Education,The Ohio State University,Other Domestic Higher Education,FALSE,200000
K000152563,2022,Other CAS departments,1171,Animal Sciences,Other,10,TDC,Texas A and M University,Other Domestic Higher Education,Texas A and M University,Other Domestic Higher Education,FALSE,68432.48
K000151921,2022,Other CAS departments,1171,Animal Sciences,Other,10,TDC,Montana State University,Other Domestic Higher Education,Montana State University,Other Domestic Higher Education,FALSE,29485
K000162093,2025,Other CAS departments,1177,Agricultural Biology,Other,11.11,TDC,"University of California, Davis",Other Domestic Higher Education,"University of California, Davis",Other Domestic Higher Education,FALSE,16667.34
K000150639,2021,Other CAS departments,1177,Agricultural Biology,Other,20,TDC,Binational Agricultural Research and Development Fund,Foreign Government,Binational Agricultural Research and Development Fund,Foreign Government,FALSE,129981.26
K000160101,2024,Other CAS departments,1170,Soil + Crop Sciences,Other,35,MTDC,Joint Research Centre,Foreign Government,Joint Research Centre,Foreign Government,FALSE,15957.72
K000160097,2024,Other CAS departments,1170,Soil + Crop Sciences,Other,35,MTDC,Joint Research Centre,Foreign Government,Joint Research Centre,Foreign Government,FALSE,15957.72
K000164929,2026,Other CAS departments,1170,Soil + Crop Sciences,Pass-through institution,0,No Indirect Cost Allowed,Kansas State University,Other Domestic Higher Education,United Sorghum Checkoff Program,Domestic Non-Profit (other than Domestic Foundations),TRUE,4002.9
K000163619,2025,Other CAS departments,1177,Agricultural Biology,Pass-through institution,0,No Indirect Cost Allowed,Texas A and M University,Other Domestic Higher Education,USDA-NIFA-National Institute of Food and Agriculture,Federal,TRUE,771907.91
K000162146,2025,Other CAS departments,1177,Agricultural Biology,Pass-through institution,0,No Indirect Cost Allowed,University of Wyoming,Other Domestic Higher Education,Western Sugar Cooperative,Domestic Commercial,TRUE,5799.99
K000161646,2025,Other CAS departments,1170,Soil + Crop Sciences,Pass-through institution,0,No Indirect Cost Allowed,Kansas State University,Other Domestic Higher Education,United Sorghum Checkoff Program,Domestic Non-Profit (other than Domestic Foundations),TRUE,75000
K000159815,2024,Other CAS departments,1170,Soil + Crop Sciences,Pass-through institution,0,No Indirect Cost Allowed,Kansas State University,Other Domestic Higher Education,United Sorghum Checkoff Program,Domestic Non-Profit (other than Domestic Foundations),TRUE,19998.93
K000155691,2023,Other CAS departments,1173,Horticulture + Landscape Architecture,Pass-through institution,0,No Indirect Cost Allowed,Texas A and M University,Other Domestic Higher Education,USDA-NIFA-National Institute of Food and Agriculture,Federal,TRUE,827368.09
K000151822,2022,Other CAS departments,1171,Animal Sciences,Pass-through institution,0,No Indirect Cost Allowed,South Dakota State University,Other Domestic Higher Education,National Buffalo Foundation,Domestic Foundations,TRUE,136429.41
K000150697,2021,Other CAS departments,1177,Agricultural Biology,Pass-through institution,0,No Indirect Cost Allowed,"University of California, Davis",Other Domestic Higher Education,USDA-NIFA-National Institute of Food and Agriculture,Federal,TRUE,12496
K000150492,2021,Other CAS departments,1173,Horticulture + Landscape Architecture,Pass-through institution,0,No Indirect Cost Allowed,"University of California, Davis",Other Domestic Higher Education,USDA-NIFA-National Institute of Food and Agriculture,Federal,TRUE,17999.27
K000149543,2021,Other CAS departments,1171,Animal Sciences,Pass-through institution,0,TDC,Texas Tech University,Other Domestic Higher Education,National Cattlemens Beef Association,Domestic Non-Profit (other than Domestic Foundations),TRUE,26587
K000148647,2021,Other CAS departments,1171,Animal Sciences,Pass-through institution,0,No Indirect Cost Allowed,South Dakota State University,Other Domestic Higher Education,USDA-NIFA-National Institute of Food and Agriculture,Federal,TRUE,89720.3
K000164663,2025,Other CAS departments,1173,Horticulture + Landscape Architecture,Pass-through institution,10,TDC,Montana State University,Other Domestic Higher Education,USDA-NIFA-National Institute of Food and Agriculture,Federal,TRUE,84989.94
K000164556,2025,Other CAS departments,1170,Soil + Crop Sciences,Pass-through institution,10,TDC,Montana State University,Other Domestic Higher Education,USDA-NIFA-National Institute of Food and Agriculture,Federal,TRUE,99964.49
K000161420,2024,Other CAS departments,1170,Soil + Crop Sciences,Pass-through institution,10,TDC,Montana State University,Other Domestic Higher Education,USDA-NIFA-National Institute of Food and Agriculture,Federal,TRUE,29999.49
K000161205,2024,Other CAS departments,1173,Horticulture + Landscape Architecture,Pass-through institution,10,TDC,Montana State University,Other Domestic Higher Education,USDA-NIFA-National Institute of Food and Agriculture,Federal,TRUE,29928.43
K000160983,2024,Other CAS departments,1170,Soil + Crop Sciences,Pass-through institution,10,TDC,Montana State University,Other Domestic Higher Education,USDA-NIFA-National Institute of Food and Agriculture,Federal,TRUE,84497.69
K000159479,2024,Other CAS departments,1177,Agricultural Biology,Pass-through institution,10,TDC,Kansas State University,Other Domestic Higher Education,USDA-NIFA-National Institute of Food and Agriculture,Federal,TRUE,40499.53
K000157694,2024,Other CAS departments,1177,Agricultural Biology,Pass-through institution,10,TDC,Montana State University,Other Domestic Higher Education,USDA-NIFA-National Institute of Food and Agriculture,Federal,TRUE,29997.25
K000157475,2023,Other CAS departments,1170,Soil + Crop Sciences,Pass-through institution,10,TDC,Montana State University,Other Domestic Higher Education,USDA-NIFA-National Institute of Food and Agriculture,Federal,TRUE,99661.8
K000157676,2023,Other CAS departments,1173,Horticulture + Landscape Architecture,Pass-through institution,10,TDC,Montana State University,Other Domestic Higher Education,USDA-NIFA-National Institute of Food and Agriculture,Federal,TRUE,29962.9
K000157193,2023,Other CAS departments,1170,Soil + Crop Sciences,Pass-through institution,10,TDC,Montana State University,Other Domestic Higher Education,USDA-NIFA-National Institute of Food and Agriculture,Federal,TRUE,349817.79
K000156555,2023,Other CAS departments,1177,Agricultural Biology,Pass-through institution,10,TDC,Kansas State University,Other Domestic Higher Education,NSF-National Science Foundation,Federal,TRUE,155036.82
K000156369,2023,Other CAS departments,1177,Agricultural Biology,Pass-through institution,10,TDC,Kansas State University,Other Domestic Higher Education,USDA-NIFA-National Institute of Food and Agriculture,Federal,TRUE,34999.56
K000153889,2022,Other CAS departments,1170,Soil + Crop Sciences,Pass-through institution,10,TDC,Montana State University,Other Domestic Higher Education,USDA-NIFA-National Institute of Food and Agriculture,Federal,TRUE,349685.79
K000153118,2022,Other CAS departments,1171,Animal Sciences,Pass-through institution,10,TDC,University of Arkansas,Other Domestic Higher Education,USDA-ARS-Agricultural Research Service,Federal,TRUE,26680.91
K000152807,2022,Other CAS departments,1177,Agricultural Biology,Pass-through institution,10,TDC,Kansas State University,Other Domestic Higher Education,USDA-NIFA-National Institute of Food and Agriculture,Federal,TRUE,119993.75
K000149782,2021,Other CAS departments,1177,Agricultural Biology,Pass-through institution,10,TDC,Kansas State University,Other Domestic Higher Education,USDA-NIFA-National Institute of Food and Agriculture,Federal,TRUE,29997.77
K000149640,2021,Other CAS departments,1177,Agricultural Biology,Pass-through institution,10,TDC,Kansas State University,Other Domestic Higher Education,NSF-National Science Foundation,Federal,TRUE,153942.43
K000159266,2024,Other CAS departments,1170,Soil + Crop Sciences,Pass-through institution,11.11,TDC,North Carolina State University,Other Domestic Higher Education,Foundation for Food & Agriculture Research,Domestic Non-Profit (other than Domestic Foundations),TRUE,164998.35
K000155736,2023,Other CAS departments,1170,Soil + Crop Sciences,Pass-through institution,11.11,TDC,North Carolina State University,Other Domestic Higher Education,Foundation for Food & Agriculture Research,Domestic Non-Profit (other than Domestic Foundations),TRUE,137501.05
K000154973,2023,Other CAS departments,1173,Horticulture + Landscape Architecture,Pass-through institution,11.11,TDC,Montana State University,Other Domestic Higher Education,USDA-AMS-Agricultural Marketing Service,Federal,TRUE,17249.83
K000154370,2022,Other CAS departments,1171,Animal Sciences,Pass-through institution,11.11,TDC,Texas Tech University,Other Domestic Higher Education,Foundation for Food & Agriculture Research,Domestic Non-Profit (other than Domestic Foundations),TRUE,106422.49
K000154315,2022,Other CAS departments,1173,Horticulture + Landscape Architecture,Pass-through institution,11.11,TDC,"University of California, Davis",Other Domestic Higher Education,USDA-NIFA-National Institute of Food and Agriculture,Federal,TRUE,23333.72
K000154311,2022,Other CAS departments,1177,Agricultural Biology,Pass-through institution,11.11,TDC,"University of California, Davis",Other Domestic Higher Education,USDA-NIFA-National Institute of Food and Agriculture,Federal,TRUE,13888
K000150372,2021,Other CAS departments,1170,Soil + Crop Sciences,Pass-through institution,11.11,TDC,North Carolina State University,Other Domestic Higher Education,Foundation for Food & Agriculture Research,Domestic Non-Profit (other than Domestic Foundations),TRUE,165000
K000160459,2024,Other CAS departments,1170,Soil + Crop Sciences,Pass-through institution,15,TDC,American University,Other Domestic Higher Education,Environmental Defense Fund,Domestic Non-Profit (other than Domestic Foundations),TRUE,30973.34
K000155426,2023,Other CAS departments,1171,Animal Sciences,Pass-through institution,25,TDC,"University of California, Davis",Other Domestic Higher Education,California Department of Food and Agriculture,Other Domestic State Government,TRUE,240001.04
K000158458,2024,Other CAS departments,1170,Soil + Crop Sciences,Pass-through institution,26,MTDC,University of Nebraska,Other Domestic Higher Education,USDA-NIFA-National Institute of Food and Agriculture,Federal,TRUE,25004.13
K000154641,2022,Other CAS departments,1170,Soil + Crop Sciences,Pass-through institution,30,MTDC,"University of California, Berkeley",Other Domestic Higher Education,State of California,Other Domestic State Government,TRUE,134995.49
K000149246,2021,Other CAS departments,1173,Horticulture + Landscape Architecture,Pass-through institution,34,MTDC,Oregon State University,Other Domestic Higher Education,USDA-NIFA-National Institute of Food and Agriculture,Federal,TRUE,9000
K000148586,2021,Other CAS departments,1171,Animal Sciences,Pass-through institution,34,MTDC,University of Colorado at Denver,State of Colorado Higher Education,HHS-NIH-National Institutes of Health,Federal,TRUE,4000.01
K000164543,2025,Other CAS departments,1173,Horticulture + Landscape Architecture,Pass-through institution,35,MTDC,Oregon State University,Other Domestic Higher Education,USDA-NIFA-National Institute of Food and Agriculture,Federal,TRUE,40500
K000158381,2024,Other CAS departments,1173,Horticulture + Landscape Architecture,Pass-through institution,35,MTDC,Oregon State University,Other Domestic Higher Education,USDA-NIFA-National Institute of Food and Agriculture,Federal,TRUE,11000.47
K000162798,2025,Other CAS departments,1170,Soil + Crop Sciences,Pass-through institution,42.85,TDC,University of Minnesota,Other Domestic Higher Education,USDA-NIFA-National Institute of Food and Agriculture,Federal,TRUE,245367.26
K000159044,2024,Other CAS departments,1170,Soil + Crop Sciences,Pass-through institution,42.85,TDC,The Ohio State University,Other Domestic Higher Education,USDA-NIFA-National Institute of Food and Agriculture,Federal,TRUE,2946168.56
K000157233,2023,Other CAS departments,1171,Animal Sciences,Pass-through institution,42.85,TDC,Virginia Tech University,Other Domestic Higher Education,USDA-NIFA-National Institute of Food and Agriculture,Federal,TRUE,119617.28
K000156976,2023,Other CAS departments,1170,Soil + Crop Sciences,Pass-through institution,42.85,TDC,California State University Monterey Bay,Other Domestic Higher Education,USDA-NIFA-National Institute of Food and Agriculture,Federal,TRUE,232963.78
K000155983,2023,Other CAS departments,1171,Animal Sciences,Pass-through institution,42.85,TDC,University of Connecticut,Other Domestic Higher Education,USDA-NIFA-National Institute of Food and Agriculture,Federal,TRUE,215978.37
K000155728,2023,Other CAS departments,1177,Agricultural Biology,Pass-through institution,42.85,TDC,Michigan State University,Other Domestic Higher Education,USDA-NIFA-National Institute of Food and Agriculture,Federal,TRUE,200696.38
K000153900,2022,Other CAS departments,1170,Soil + Crop Sciences,Pass-through institution,42.85,TDC,"University of California, Davis",Other Domestic Higher Education,USDA-NIFA-National Institute of Food and Agriculture,Federal,TRUE,86396.94
K000153589,2022,Other CAS departments,1173,Horticulture + Landscape Architecture,Pass-through institution,42.85,TDC,University of Delaware,Other Domestic Higher Education,USDA-NIFA-National Institute of Food and Agriculture,Federal,TRUE,321994.12
K000149742,2021,Other CAS departments,1170,Soil + Crop Sciences,Pass-through institution,42.85,TDC,New Mexico State University,Other Domestic Higher Education,USDA-NIFA-National Institute of Food and Agriculture,Federal,TRUE,187334.13
K000149328,2021,Other CAS departments,1170,Soil + Crop Sciences,Pass-through institution,42.85,TDC,"University of California, Davis",Other Domestic Higher Education,USDA-NIFA-National Institute of Food and Agriculture,Federal,TRUE,542838.95
K000149209,2021,Other CAS departments,1170,Soil + Crop Sciences,Pass-through institution,42.85,TDC,Kansas State University,Other Domestic Higher Education,USDA-NIFA-National Institute of Food and Agriculture,Federal,TRUE,83432.82
K000157296,2024,Other CAS departments,1170,Soil + Crop Sciences,Pass-through institution,52,MTDC,Cornell University,Other Domestic Higher Education,DOS-AID-Agency for Inter. Development,Federal,TRUE,290897.55
K000157292,2023,Other CAS departments,1170,Soil + Crop Sciences,Pass-through institution,52,MTDC,Cornell University,Other Domestic Higher Education,DOS-AID-Agency for Inter. Development,Federal,TRUE,157768.89
K000152156,2022,Other CAS departments,1170,Soil + Crop Sciences,Pass-through institution,52,MTDC,University of New Hampshire,Other Domestic Higher Education,DOE-US Department of Energy,Federal,TRUE,315600.93
K000152089,2022,Other CAS departments,1170,Soil + Crop Sciences,Pass-through institution,52,MTDC,"University of California, Riverside",Other Domestic Higher Education,DOE-US Department of Energy,Federal,TRUE,499294.9
K000151489,2021,Other CAS departments,1177,Agricultural Biology,Pass-through institution,52,MTDC,Southern Illinois University Edwardsville,Other Domestic Higher Education,NSF-National Science Foundation,Federal,TRUE,57270.18
K000151160,2021,Other CAS departments,1171,Animal Sciences,Pass-through institution,52,MTDC,University of Colorado at Denver,State of Colorado Higher Education,HHS-NIH-National Institutes of Health,Federal,TRUE,28764.47
K000150786,2021,Other CAS departments,1170,Soil + Crop Sciences,Pass-through institution,52,MTDC,University of Nebraska,Other Domestic Higher Education,NASA-National Aeronautics and Space Administration,Federal,TRUE,199979.27
K000149268,2021,Other CAS departments,1170,Soil + Crop Sciences,Pass-through institution,52,MTDC,Kansas State University,Other Domestic Higher Education,DOS-AID-Agency for Inter. Development,Federal,TRUE,363937.21
K000148883,2021,Other CAS departments,1170,Soil + Crop Sciences,Pass-through institution,52,MTDC,Kansas State University,Other Domestic Higher Education,DOS-AID-Agency for Inter. Development,Federal,TRUE,595917.88
K000148613,2021,Other CAS departments,1170,Soil + Crop Sciences,Pass-through institution,52,MTDC,The Ohio State University,Other Domestic Higher Education,DOE-US Department of Energy,Federal,TRUE,188673.03
K000154360,2022,Other CAS departments,1171,Animal Sciences,Pass-through institution,53,MTDC,University of Colorado at Denver,State of Colorado Higher Education,HHS-CDC-Centers for Disease Control,Federal,TRUE,9805.75
K000153795,2022,Other CAS departments,1170,Soil + Crop Sciences,Pass-through institution,53,MTDC,Kansas State University,Other Domestic Higher Education,USDA-NIFA-National Institute of Food and Agriculture,Federal,TRUE,304012.25
K000153474,2022,Other CAS departments,1170,Soil + Crop Sciences,Pass-through institution,53,MTDC,University of Colorado,State of Colorado Higher Education,DOD-US Department of Defense,Federal,TRUE,899541.97
K000159707,2024,Other CAS departments,1170,Soil + Crop Sciences,Pass-through institution,54,MTDC,Cornell University,Other Domestic Higher Education,DOS-AID-Agency for Inter. Development,Federal,TRUE,1202641.82
K000158325,2024,Other CAS departments,1173,Horticulture + Landscape Architecture,Pass-through institution,54,MTDC,Washington State University,Other Domestic Higher Education,USDA-NIFA-National Institute of Food and Agriculture,Federal,TRUE,300002.26
K000165156,2026,Other CAS departments,1173,Horticulture + Landscape Architecture,State,0,No Indirect Cost Allowed,Wyoming Bean Commission,Other Domestic State Government,Wyoming Bean Commission,Other Domestic State Government,FALSE,27053.72
K000164625,2025,Other CAS departments,1170,Soil + Crop Sciences,State,0,TDC,Colorado Department of Agriculture,State of Colorado,Colorado Department of Agriculture,State of Colorado,FALSE,50000
K000162032,2025,Other CAS departments,1173,Horticulture + Landscape Architecture,State,0,No Indirect Cost Allowed,Colorado Department of Agriculture,State of Colorado,USDA-AMS-Agricultural Marketing Service,Federal,FALSE,76191.83
K000161973,2025,Other CAS departments,1173,Horticulture + Landscape Architecture,State,0,No Indirect Cost Allowed,Colorado Department of Agriculture,State of Colorado,USDA-AMS-Agricultural Marketing Service,Federal,FALSE,80990.86
K000162266,2025,Other CAS departments,1173,Horticulture + Landscape Architecture,State,0,No Indirect Cost Allowed,Wyoming Bean Commission,Other Domestic State Government,Wyoming Bean Commission,Other Domestic State Government,FALSE,81186.29
K000161675,2024,Other CAS departments,1170,Soil + Crop Sciences,State,0,No Indirect Cost Allowed,Colorado Department of Agriculture,State of Colorado,Colorado Department of Agriculture,State of Colorado,FALSE,49997.73
K000158417,2024,Other CAS departments,1177,Agricultural Biology,State,0,No Indirect Cost Allowed,Colorado Department of Agriculture,State of Colorado,USDA-AMS-Agricultural Marketing Service,Federal,FALSE,62001.96
K000158009,2024,Other CAS departments,1170,Soil + Crop Sciences,State,0,No Indirect Cost Allowed,Colorado Department of Agriculture,State of Colorado,Colorado Department of Agriculture,State of Colorado,FALSE,62500
K000156100,2023,Other CAS departments,1170,Soil + Crop Sciences,State,0,No Indirect Cost Allowed,Colorado Department of Agriculture,State of Colorado,Colorado Department of Agriculture,State of Colorado,FALSE,62500
K000155170,2023,Other CAS departments,1173,Horticulture + Landscape Architecture,State,0,No Indirect Cost Allowed,Colorado Department of Agriculture,State of Colorado,USDA-AMS-Agricultural Marketing Service,Federal,FALSE,59544.16
K000154978,2023,Other CAS departments,1173,Horticulture + Landscape Architecture,State,0,No Indirect Cost Allowed,Colorado Department of Agriculture,State of Colorado,USDA-AMS-Agricultural Marketing Service,Federal,FALSE,90000.5
K000155182,2023,Other CAS departments,1177,Agricultural Biology,State,0,No Indirect Cost Allowed,Colorado Department of Agriculture,State of Colorado,USDA-AMS-Agricultural Marketing Service,Federal,FALSE,71810.19
K000155080,2023,Other CAS departments,1173,Horticulture + Landscape Architecture,State,0,No Indirect Cost Allowed,Colorado Department of Agriculture,State of Colorado,USDA-AMS-Agricultural Marketing Service,Federal,FALSE,63609.25
K000154223,2022,Other CAS departments,1177,Agricultural Biology,State,0,No Indirect Cost Allowed,Larimer County,State of Colorado Local Government,Larimer County,State of Colorado Local Government,FALSE,2215.23
K000152605,2022,Other CAS departments,1170,Soil + Crop Sciences,State,0,No Indirect Cost Allowed,Colorado Department of Agriculture,State of Colorado,USDA-NRCS-Natural Resources Consvtn Srv,Federal,FALSE,626763.67
K000151878,2022,Other CAS departments,1173,Horticulture + Landscape Architecture,State,0,No Indirect Cost Allowed,Colorado Department of Agriculture,State of Colorado,USDA-AMS-Agricultural Marketing Service,Federal,FALSE,90192.15
K000151875,2022,Other CAS departments,1173,Horticulture + Landscape Architecture,State,0,No Indirect Cost Allowed,Colorado Department of Agriculture,State of Colorado,USDA-AMS-Agricultural Marketing Service,Federal,FALSE,96854.31
K000152705,2022,Other CAS departments,1177,Agricultural Biology,State,0,No Indirect Cost Allowed,Colorado Higher Education Competitive Research Authority,State of Colorado Higher Education,Colorado Higher Education Competitive Research Authority,State of Colorado Higher Education,FALSE,399983.9
K000151236,2022,Other CAS departments,1170,Soil + Crop Sciences,State,0,No Indirect Cost Allowed,Colorado Department of Agriculture,State of Colorado,USDA-AMS-Agricultural Marketing Service,Federal,FALSE,19815.92
K000151307,2022,Other CAS departments,1173,Horticulture + Landscape Architecture,State,0,No Indirect Cost Allowed,Colorado Department of Agriculture,State of Colorado,USDA-AMS-Agricultural Marketing Service,Federal,FALSE,124688.49
K000151710,2022,Other CAS departments,1173,Horticulture + Landscape Architecture,State,0,No Indirect Cost Allowed,Colorado Department of Agriculture,State of Colorado,USDA-AMS-Agricultural Marketing Service,Federal,FALSE,71843.13
K000151714,2022,Other CAS departments,1173,Horticulture + Landscape Architecture,State,0,No Indirect Cost Allowed,Colorado Department of Agriculture,State of Colorado,Colorado Department of Agriculture,State of Colorado,FALSE,35888.01
K000151234,2022,Other CAS departments,1170,Soil + Crop Sciences,State,0,No Indirect Cost Allowed,Colorado Department of Agriculture,State of Colorado,USDA-AMS-Agricultural Marketing Service,Federal,FALSE,37326.31
K000151190,2022,Other CAS departments,1177,Agricultural Biology,State,0,No Indirect Cost Allowed,Colorado Department of Agriculture,State of Colorado,USDA-AMS-Agricultural Marketing Service,Federal,FALSE,117336.95
K000148840,2021,Other CAS departments,1173,Horticulture + Landscape Architecture,State,0,No Indirect Cost Allowed,Colorado Department of Agriculture,State of Colorado,USDA-AMS-Agricultural Marketing Service,Federal,FALSE,59757.85
K000148838,2021,Other CAS departments,1177,Agricultural Biology,State,0,No Indirect Cost Allowed,Colorado Department of Agriculture,State of Colorado,USDA-AMS-Agricultural Marketing Service,Federal,FALSE,52301.18
K000148795,2021,Other CAS departments,1173,Horticulture + Landscape Architecture,State,0,No Indirect Cost Allowed,Colorado Department of Agriculture,State of Colorado,USDA-AMS-Agricultural Marketing Service,Federal,FALSE,38564.18
K000148801,2021,Other CAS departments,1177,Agricultural Biology,State,0,No Indirect Cost Allowed,Colorado Department of Agriculture,State of Colorado,USDA-AMS-Agricultural Marketing Service,Federal,FALSE,66204.28
K000148836,2021,Other CAS departments,1173,Horticulture + Landscape Architecture,State,0,No Indirect Cost Allowed,Colorado Department of Agriculture,State of Colorado,USDA-AMS-Agricultural Marketing Service,Federal,FALSE,81751.7
K000148772,2021,Other CAS departments,1173,Horticulture + Landscape Architecture,State,0,No Indirect Cost Allowed,Colorado Department of Agriculture,State of Colorado,USDA-AMS-Agricultural Marketing Service,Federal,FALSE,78044.22
K000149350,2021,Other CAS departments,1171,Animal Sciences,State,0,No Indirect Cost Allowed,Hayden School District,State of Colorado Other Local Government,State of Colorado-Governor's Office,State of Colorado,FALSE,90000.99
K000165926,2026,Other CAS departments,1170,Soil + Crop Sciences,State,0.97,TDC,Colorado Department of Agriculture,State of Colorado,Colorado Department of Agriculture,State of Colorado,FALSE,787290.85
K000162913,2025,Other CAS departments,1170,Soil + Crop Sciences,State,1.29,TDC,Colorado Department of Agriculture,State of Colorado,Colorado Department of Agriculture,State of Colorado,FALSE,588425.78
K000159449,2024,Other CAS departments,1170,Soil + Crop Sciences,State,1.45,TDC,Colorado Department of Agriculture,State of Colorado,Colorado Department of Agriculture,State of Colorado,FALSE,522396.8
K000155891,2023,Other CAS departments,1170,Soil + Crop Sciences,State,1.49,TDC,Colorado Department of Agriculture,State of Colorado,Colorado Department of Agriculture,State of Colorado,FALSE,508610.79
K000152753,2022,Other CAS departments,1170,Soil + Crop Sciences,State,1.54,TDC,Colorado Department of Agriculture,State of Colorado,Colorado Department of Agriculture,State of Colorado,FALSE,495007.84
K000149964,2021,Other CAS departments,1170,Soil + Crop Sciences,State,1.6,TDC,Colorado Department of Agriculture,State of Colorado,Colorado Department of Agriculture,State of Colorado,FALSE,474973.98
K000161340,2024,Other CAS departments,1177,Agricultural Biology,State,8,TDC,Colorado Office of Economic Development and Intl Trade,State of Colorado,Colorado Office of Economic Development and Intl Trade,State of Colorado,FALSE,132150.35
K000157411,2023,Other CAS departments,1177,Agricultural Biology,State,8,TDC,Colorado Office of Economic Development and Intl Trade,State of Colorado,Colorado Office of Economic Development and Intl Trade,State of Colorado,FALSE,120000.45
K000151017,2021,Other CAS departments,1173,Horticulture + Landscape Architecture,State,8,TDC,Colorado Office of Economic Development and Intl Trade,State of Colorado,Colorado Office of Economic Development and Intl Trade,State of Colorado,FALSE,149997.29
K000151016,2021,Other CAS departments,1170,Soil + Crop Sciences,State,8,TDC,Colorado Office of Economic Development and Intl Trade,State of Colorado,Colorado Office of Economic Development and Intl Trade,State of Colorado,FALSE,106302.9
K000148047,2021,Other CAS departments,1170,Soil + Crop Sciences,State,8,TDC,Colorado Office of Economic Development and Intl Trade,State of Colorado,Colorado Office of Economic Development and Intl Trade,State of Colorado,FALSE,125003.38
K000163786,2025,Other CAS departments,1177,Agricultural Biology,State,10,TDC,Colorado Department of Agriculture,State of Colorado,Colorado Department of Agriculture,State of Colorado,FALSE,38536.27
K000161414,2025,Other CAS departments,1177,Agricultural Biology,State,10,TDC,Colorado Department of Agriculture,State of Colorado,EPA-Environmental Protection Agency,Federal,FALSE,31297.56
K000157467,2023,Other CAS departments,1177,Agricultural Biology,State,10,TDC,Colorado Department of Agriculture,State of Colorado,EPA-Environmental Protection Agency,Federal,FALSE,46517.84
K000153981,2022,Other CAS departments,1177,Agricultural Biology,State,10,TDC,Colorado Department of Agriculture,State of Colorado,Colorado Department of Agriculture,State of Colorado,FALSE,52612.25
K000153098,2022,Other CAS departments,1171,Animal Sciences,State,10,TDC,Colorado Department of Agriculture,State of Colorado,Colorado Department of Agriculture,State of Colorado,FALSE,16999.54
K000152088,2022,Other CAS departments,1170,Soil + Crop Sciences,State,10,TDC,Colorado Department of Agriculture,State of Colorado,National Fish and Wildlife Foundation,Domestic Foundations,FALSE,172699.39
K000150814,2021,Other CAS departments,1177,Agricultural Biology,State,10,TDC,Colorado Department of Agriculture,State of Colorado,Colorado Department of Agriculture,State of Colorado,FALSE,31300.93
K000149309,2021,Other CAS departments,1173,Horticulture + Landscape Architecture,State,10,MTDC,Colorado Department of Agriculture,State of Colorado,HHS-FDA-Food and Drug Administration,Federal,FALSE,825817.98
K000158113,2024,Other CAS departments,1177,Agricultural Biology,State,11.11,TDC,City of Boulder Open Space & Mountain Parks,State of Colorado Local Government,City of Boulder Open Space & Mountain Parks,State of Colorado Local Government,FALSE,41341.18
K000166402,2026,Other CAS departments,1170,Soil + Crop Sciences,State,15,TDC,Colorado Division of Water Resources,State of Colorado,Colorado Division of Water Resources,State of Colorado,FALSE,50177.49
K000165751,2026,Other CAS departments,1177,Agricultural Biology,State,15,TDC,Colorado Division of Parks and Wildlife,State of Colorado,Colorado Division of Parks and Wildlife,State of Colorado,FALSE,28806.98
K000162828,2025,Other CAS departments,1170,Soil + Crop Sciences,State,15,TDC,Northern Water,State of Colorado Other Local Government,Northern Water,State of Colorado Other Local Government,FALSE,48504.72
K000163207,2025,Other CAS departments,1170,Soil + Crop Sciences,State,15,TDC,Colorado Water Conservation Board,State of Colorado,Colorado Water Conservation Board,State of Colorado,FALSE,879047.47
K000163087,2025,Other CAS departments,1170,Soil + Crop Sciences,State,15,TDC,Colorado Division of Water Resources,State of Colorado,Colorado Division of Water Resources,State of Colorado,FALSE,50177.62
K000159999,2024,Other CAS departments,1170,Soil + Crop Sciences,State,15,TDC,Colorado Division of Water Resources,State of Colorado,Colorado Division of Water Resources,State of Colorado,FALSE,50178.8
K000159832,2024,Other CAS departments,1170,Soil + Crop Sciences,State,15,TDC,Colorado Water Conservation Board,State of Colorado,Colorado Water Conservation Board,State of Colorado,FALSE,387377.68
K000155449,2023,Other CAS departments,1170,Soil + Crop Sciences,State,15,TDC,Colorado Department of Natural Resources,State of Colorado,Colorado Department of Natural Resources,State of Colorado,FALSE,48126.48
K000153514,2022,Other CAS departments,1170,Soil + Crop Sciences,State,15,TDC,Colorado Division of Water Resources,State of Colorado,Colorado Division of Water Resources,State of Colorado,FALSE,50177.7
K000150409,2021,Other CAS departments,1170,Soil + Crop Sciences,State,15,TDC,Colorado Water Conservation Board,State of Colorado,Colorado Water Conservation Board,State of Colorado,FALSE,50179.79
K000164978,2026,Other CAS departments,1170,Soil + Crop Sciences,State,17.64,TDC,Colorado Department of Agriculture,State of Colorado,Colorado Department of Agriculture,State of Colorado,FALSE,49998.16
K000158234,2024,Other CAS departments,1171,Animal Sciences,State,25,TDC,California Department of Food and Agriculture,Other Domestic State Government,California Department of Food and Agriculture,Other Domestic State Government,FALSE,1226744.91
K000164973,2026,Other CAS departments,1170,Soil + Crop Sciences,State,26,MTDC,South Platte Water Renewal Partners,State of Colorado Other Local Government,South Platte Water Renewal Partners,State of Colorado Other Local Government,FALSE,99463.8
K000161557,2025,Other CAS departments,1170,Soil + Crop Sciences,State,26,MTDC,South Platte Water Renewal Partners,State of Colorado Other Local Government,South Platte Water Renewal Partners,State of Colorado Other Local Government,FALSE,98017.48
K000157015,2023,Other CAS departments,1170,Soil + Crop Sciences,State,26,MTDC,South Platte Water Renewal Partners,State of Colorado Other Local Government,South Platte Water Renewal Partners,State of Colorado Other Local Government,FALSE,99887.93
K000154126,2022,Other CAS departments,1170,Soil + Crop Sciences,State,26,MTDC,South Platte Water Renewal Partners,State of Colorado Other Local Government,South Platte Water Renewal Partners,State of Colorado Other Local Government,FALSE,97649.61
K000151021,2021,Other CAS departments,1170,Soil + Crop Sciences,State,26,MTDC,South Platte Water Renewal Partners,State of Colorado Other Local Government,South Platte Water Renewal Partners,State of Colorado Other Local Government,FALSE,97328.75
K000151162,2021,Other CAS departments,1170,Soil + Crop Sciences,State,34,MTDC,California Air Resources Board,Other Domestic State Government,California Air Resources Board,Other Domestic State Government,FALSE,99981.6
K000149398,2021,Other CAS departments,1170,Soil + Crop Sciences,State,34,MTDC,Colorado Department of Public Health and Environment,State of Colorado,Colorado Department of Public Health and Environment,State of Colorado,FALSE,6904.48
K000161070,2024,Other CAS departments,1171,Animal Sciences,State,35,MTDC,Colorado Department of Agriculture,State of Colorado,Colorado Department of Agriculture,State of Colorado,FALSE,169355.54
K000152243,2022,Other CAS departments,1170,Soil + Crop Sciences,State,52,MTDC,Colorado Department of Agriculture,State of Colorado,USDA-NRCS-Natural Resources Consvtn Srv,Federal,FALSE,6859717.05
K000151556,2022,Other CAS departments,1173,Horticulture + Landscape Architecture,State,52,MTDC,Colorado Higher Education Competitive Research Authority,State of Colorado Higher Education,Colorado Higher Education Competitive Research Authority,State of Colorado Higher Education,FALSE,136499.8
K000150704,2021,Other CAS departments,1170,Soil + Crop Sciences,State,52,MTDC,State of Colorado,State of Colorado,State of Colorado,State of Colorado,FALSE,38466.5
