key_id,year,lead_unit_code,lead_unit_name,dare_lead,investigator_entry,investigator_name,investigator_role,investigator_unit_code,investigator_last,investigator_first,investigator_person_key,parse_success,roster_last,roster_first,roster_area,dare_roster_match
K000166401,2026,1170,Soil + Crop Sciences,FALSE,"Schipanski,Meagan Erin (Primary PI) 1170","Schipanski,Meagan Erin",Primary PI,1170,Schipanski,Meagan Erin,schipanski|m,TRUE,,,,FALSE
K000166688,2026,1170,Soil + Crop Sciences,FALSE,"Mason,Richard Esten (Primary PI) 1170","Mason,Richard Esten",Primary PI,1170,Mason,Richard Esten,mason|r,TRUE,,,,FALSE
K000166827,2026,1171,Animal Sciences,FALSE,"Narayanan Nair,Mahesh (Primary PI) 1171","Narayanan Nair,Mahesh",Primary PI,1171,Narayanan Nair,Mahesh,narayanan nair|m,TRUE,,,,FALSE
K000166827,2026,1171,Animal Sciences,FALSE,"Geornaras,Ifigenia (Co-PI) 1171","Geornaras,Ifigenia",Co-PI,1171,Geornaras,Ifigenia,geornaras|i,TRUE,,,,FALSE
K000166827,2026,1171,Animal Sciences,FALSE,"Delmore,Robert J (Key Person) 1171","Delmore,Robert J",Key Person,1171,Delmore,Robert J,delmore|r,TRUE,,,,FALSE
K000166827,2026,1171,Animal Sciences,FALSE,"Zhang,Peipei (Key Person) 1171","Zhang,Peipei",Key Person,1171,Zhang,Peipei,zhang|p,TRUE,,,,FALSE
K000166827,2026,1171,Animal Sciences,FALSE,"Belk,Keith (Key Person) 1171","Belk,Keith",Key Person,1171,Belk,Keith,belk|k,TRUE,,,,FALSE
K000166173,2026,1171,Animal Sciences,FALSE,"Place,Sara (Primary PI) 1171","Place,Sara",Primary PI,1171,Place,Sara,place|s,TRUE,,,,FALSE
K000166173,2026,1171,Animal Sciences,FALSE,"Vargas Martinez,Juan de Jesus de Jesus (Co-PI) 1171","Vargas Martinez,Juan de Jesus de Jesus",Co-PI,1171,Vargas Martinez,Juan de Jesus de Jesus,vargas martinez|j,TRUE,,,,FALSE
K000166173,2026,1171,Animal Sciences,FALSE,"Manriquez Alvarez,Diego Ignacio (Co-PI) 1171","Manriquez Alvarez,Diego Ignacio",Co-PI,1171,Manriquez Alvarez,Diego Ignacio,manriquez alvarez|d,TRUE,,,,FALSE
K000166173,2026,1171,Animal Sciences,FALSE,"Gomes Sitorski,Leonardo (Co-PI) 1171","Gomes Sitorski,Leonardo",Co-PI,1171,Gomes Sitorski,Leonardo,gomes sitorski|l,TRUE,,,,FALSE
K000166173,2026,1171,Animal Sciences,FALSE,"Marostegan de Paula,Eduardo (Co-PI) 1171","Marostegan de Paula,Eduardo",Co-PI,1171,Marostegan de Paula,Eduardo,marostegan de paula|e,TRUE,,,,FALSE
K000166803,2026,1171,Animal Sciences,FALSE,"Belk,Keith (Primary PI) 1171","Belk,Keith",Primary PI,1171,Belk,Keith,belk|k,TRUE,,,,FALSE
K000166803,2026,1171,Animal Sciences,FALSE,"Narayanan Nair,Mahesh (Co-PI) 1171","Narayanan Nair,Mahesh",Co-PI,1171,Narayanan Nair,Mahesh,narayanan nair|m,TRUE,,,,FALSE
K000166803,2026,1171,Animal Sciences,FALSE,"Delmore,Robert J (Co-PI) 1171","Delmore,Robert J",Co-PI,1171,Delmore,Robert J,delmore|r,TRUE,,,,FALSE
K000166312,2026,1173,Horticulture + Landscape Architecture,FALSE,"Uchanski,Mark E (Primary PI) 1173","Uchanski,Mark E",Primary PI,1173,Uchanski,Mark E,uchanski|m,TRUE,,,,FALSE
K000166423,2026,1173,Horticulture + Landscape Architecture,FALSE,"Burcham,Daniel C (Primary PI) 1173","Burcham,Daniel C",Primary PI,1173,Burcham,Daniel C,burcham|d,TRUE,,,,FALSE
K000166679,2026,1177,Agricultural Biology,FALSE,"Szczepaniec,Adrianna (Primary PI) 1177","Szczepaniec,Adrianna",Primary PI,1177,Szczepaniec,Adrianna,szczepaniec|a,TRUE,,,,FALSE
K000166679,2026,1177,Agricultural Biology,FALSE,"Mooney,Daniel F (Co-PI) 1172","Mooney,Daniel F",Co-PI,1172,Mooney,Daniel F,mooney|d,TRUE,Mooney,Daniel,Ag and Food,TRUE
K000166679,2026,1177,Agricultural Biology,FALSE,"Eubanks,Micky (Co-PI) 1177","Eubanks,Micky",Co-PI,1177,Eubanks,Micky,eubanks|m,TRUE,,,,FALSE
K000166784,2026,1172,Agricultural + Resource Economics,TRUE,"Thilmany,Dawn D (Primary PI) 1172","Thilmany,Dawn D",Primary PI,1172,Thilmany,Dawn D,thilmany|d,TRUE,Thilmany,Dawn,Ag and Food,TRUE
K000166697,2026,1177,Agricultural Biology,FALSE,"Nachappa,Punya (Primary PI) 1177","Nachappa,Punya",Primary PI,1177,Nachappa,Punya,nachappa|p,TRUE,,,,FALSE
K000166666,2026,1177,Agricultural Biology,FALSE,"Argueso,Cristiana (Primary PI) 1177","Argueso,Cristiana",Primary PI,1177,Argueso,Cristiana,argueso|c,TRUE,,,,FALSE
K000166666,2026,1177,Agricultural Biology,FALSE,"Denef,Karolien (Co-PI) 2019","Denef,Karolien",Co-PI,2019,Denef,Karolien,denef|k,TRUE,,,,FALSE
K000166666,2026,1177,Agricultural Biology,FALSE,"Boot,Claudia (Co-PI) 2019","Boot,Claudia",Co-PI,2019,Boot,Claudia,boot|c,TRUE,,,,FALSE
K000166666,2026,1177,Agricultural Biology,FALSE,"Yao,Linxing (Co-PI) 2019","Yao,Linxing",Co-PI,2019,Yao,Linxing,yao|l,TRUE,,,,FALSE
K000166541,2026,1177,Agricultural Biology,FALSE,"Nalam,Vamsi (Primary PI) 1177","Nalam,Vamsi",Primary PI,1177,Nalam,Vamsi,nalam|v,TRUE,,,,FALSE
K000166627,2026,1177,Agricultural Biology,FALSE,"Timm,Alicia Eva (Primary PI) 1177","Timm,Alicia Eva",Primary PI,1177,Timm,Alicia Eva,timm|a,TRUE,,,,FALSE
K000166671,2026,1173,Horticulture + Landscape Architecture,FALSE,"Prenni,Jessica E (Primary PI) 1173","Prenni,Jessica E",Primary PI,1173,Prenni,Jessica E,prenni|j,TRUE,,,,FALSE
K000166671,2026,1173,Horticulture + Landscape Architecture,FALSE,"Odenkirk,Melanie Taylor (Co-PI) 1173","Odenkirk,Melanie Taylor",Co-PI,1173,Odenkirk,Melanie Taylor,odenkirk|m,TRUE,,,,FALSE
K000166411,2026,1170,Soil + Crop Sciences,FALSE,"Wardle,Erik M (Primary PI) 1170","Wardle,Erik M",Primary PI,1170,Wardle,Erik M,wardle|e,TRUE,,,,FALSE
K000166411,2026,1170,Soil + Crop Sciences,FALSE,"Deleon,Emmanuel (Co-PI) 1170","Deleon,Emmanuel",Co-PI,1170,Deleon,Emmanuel,deleon|e,TRUE,,,,FALSE
K000166411,2026,1170,Soil + Crop Sciences,FALSE,"Wolf,Katie Elizabeth (Co-PI) 1170","Wolf,Katie Elizabeth",Co-PI,1170,Wolf,Katie Elizabeth,wolf|k,TRUE,,,,FALSE
K000166411,2026,1170,Soil + Crop Sciences,FALSE,"Brown,Ansley Joseph (Co-PI) 1170","Brown,Ansley Joseph",Co-PI,1170,Brown,Ansley Joseph,brown|a,TRUE,,,,FALSE
K000166411,2026,1170,Soil + Crop Sciences,FALSE,"Ladow,Jakob Felix (Co-PI) 1170","Ladow,Jakob Felix",Co-PI,1170,Ladow,Jakob Felix,ladow|j,TRUE,,,,FALSE
K000166308,2026,1171,Animal Sciences,FALSE,"Goncalves Da Costa,Bianca (Primary PI) 1171","Goncalves Da Costa,Bianca",Primary PI,1171,Goncalves Da Costa,Bianca,goncalves da costa|b,TRUE,,,,FALSE
K000166308,2026,1171,Animal Sciences,FALSE,"Manriquez Alvarez,Diego Ignacio (Co-PI) 1171","Manriquez Alvarez,Diego Ignacio",Co-PI,1171,Manriquez Alvarez,Diego Ignacio,manriquez alvarez|d,TRUE,,,,FALSE
K000164962,2026,1170,Soil + Crop Sciences,FALSE,"McKay,John K (Primary PI) 1170","McKay,John K",Primary PI,1170,McKay,John K,mckay|j,TRUE,,,,FALSE
K000165941,2026,1171,Animal Sciences,FALSE,"Manriquez Alvarez,Diego Ignacio (Primary PI) 1171","Manriquez Alvarez,Diego Ignacio",Primary PI,1171,Manriquez Alvarez,Diego Ignacio,manriquez alvarez|d,TRUE,,,,FALSE
K000166514,2026,1177,Agricultural Biology,FALSE,"Nachappa,Punya (Primary PI) 1177","Nachappa,Punya",Primary PI,1177,Nachappa,Punya,nachappa|p,TRUE,,,,FALSE
K000165926,2026,1170,Soil + Crop Sciences,FALSE,"Wardle,Erik M (Primary PI) 1170","Wardle,Erik M",Primary PI,1170,Wardle,Erik M,wardle|e,TRUE,,,,FALSE
K000165926,2026,1170,Soil + Crop Sciences,FALSE,"Bauder,Troy A (Co-PI) 3001","Bauder,Troy A",Co-PI,3001,Bauder,Troy A,bauder|t,TRUE,,,,FALSE
K000165926,2026,1170,Soil + Crop Sciences,FALSE,"Deleon,Emmanuel (Co-PI) 1170","Deleon,Emmanuel",Co-PI,1170,Deleon,Emmanuel,deleon|e,TRUE,,,,FALSE
K000165175,2026,1173,Horticulture + Landscape Architecture,FALSE,"Minas,Ioannis (Primary PI) 1173","Minas,Ioannis",Primary PI,1173,Minas,Ioannis,minas|i,TRUE,,,,FALSE
K000165175,2026,1173,Horticulture + Landscape Architecture,FALSE,"Pieper,Jeff R (Co-PI) 4030","Pieper,Jeff R",Co-PI,4030,Pieper,Jeff R,pieper|j,TRUE,,,,FALSE
K000166400,2026,1170,Soil + Crop Sciences,FALSE,"Schipanski,Meagan Erin (Primary PI) 1170","Schipanski,Meagan Erin",Primary PI,1170,Schipanski,Meagan Erin,schipanski|m,TRUE,,,,FALSE
K000166372,2026,1173,Horticulture + Landscape Architecture,FALSE,"Uchanski,Mark E (Primary PI) 1173","Uchanski,Mark E",Primary PI,1173,Uchanski,Mark E,uchanski|m,TRUE,,,,FALSE
K000166372,2026,1173,Horticulture + Landscape Architecture,FALSE,"Nazemi,Mohammadreza (Co-PI) 1374","Nazemi,Mohammadreza",Co-PI,1374,Nazemi,Mohammadreza,nazemi|m,TRUE,,,,FALSE
K000166467,2026,1170,Soil + Crop Sciences,FALSE,"Deiss,Leonardo (Primary PI) 1170","Deiss,Leonardo",Primary PI,1170,Deiss,Leonardo,deiss|l,TRUE,,,,FALSE
K000166214,2026,1171,Animal Sciences,FALSE,"Engle,Terry E (Primary PI) 1171","Engle,Terry E",Primary PI,1171,Engle,Terry E,engle|t,TRUE,,,,FALSE
K000166515,2026,1170,Soil + Crop Sciences,FALSE,"Yilma,Wubengeda Admasu (Primary PI) 1170","Yilma,Wubengeda Admasu",Primary PI,1170,Yilma,Wubengeda Admasu,yilma|w,TRUE,,,,FALSE
K000166571,2026,1173,Horticulture + Landscape Architecture,FALSE,"Burcham,Daniel C (Primary PI) 1173","Burcham,Daniel C",Primary PI,1173,Burcham,Daniel C,burcham|d,TRUE,,,,FALSE
K000166091,2026,1170,Soil + Crop Sciences,FALSE,"Fonte,Steven John (Primary PI) 1170","Fonte,Steven John",Primary PI,1170,Fonte,Steven John,fonte|s,TRUE,,,,FALSE
K000166091,2026,1170,Soil + Crop Sciences,FALSE,"Deiss,Leonardo (Co-PI) 1170","Deiss,Leonardo",Co-PI,1170,Deiss,Leonardo,deiss|l,TRUE,,,,FALSE
K000166091,2026,1170,Soil + Crop Sciences,FALSE,"Wardle,Erik M (Co-PI) 1170","Wardle,Erik M",Co-PI,1170,Wardle,Erik M,wardle|e,TRUE,,,,FALSE
K000166091,2026,1170,Soil + Crop Sciences,FALSE,"Prairie,Aaron Michael (Co-PI) 1170","Prairie,Aaron Michael",Co-PI,1170,Prairie,Aaron Michael,prairie|a,TRUE,,,,FALSE
K000166404,2026,1171,Animal Sciences,FALSE,"Metcalf,Jessica Lynne (Primary PI) 1171","Metcalf,Jessica Lynne",Primary PI,1171,Metcalf,Jessica Lynne,metcalf|j,TRUE,,,,FALSE
K000166404,2026,1171,Animal Sciences,FALSE,"Seitz,Valerie Alissa (Co-PI) 1171","Seitz,Valerie Alissa",Co-PI,1171,Seitz,Valerie Alissa,seitz|v,TRUE,,,,FALSE
K000166457,2026,1173,Horticulture + Landscape Architecture,FALSE,"Thompson,Henry J (Primary PI) 1173","Thompson,Henry J",Primary PI,1173,Thompson,Henry J,thompson|h,TRUE,,,,FALSE
K000166457,2026,1173,Horticulture + Landscape Architecture,FALSE,"Weir,Tiffany L (Co-PI) 1571","Weir,Tiffany L",Co-PI,1571,Weir,Tiffany L,weir|t,TRUE,,,,FALSE
K000166471,2026,1171,Animal Sciences,FALSE,"Metcalf,Jessica Lynne (Primary PI) 1171","Metcalf,Jessica Lynne",Primary PI,1171,Metcalf,Jessica Lynne,metcalf|j,TRUE,,,,FALSE
K000165689,2026,1177,Agricultural Biology,FALSE,"Shergill,Lovreet S (Primary PI) 1177","Shergill,Lovreet S",Primary PI,1177,Shergill,Lovreet S,shergill|l,TRUE,,,,FALSE
K000165689,2026,1177,Agricultural Biology,FALSE,"Gaines,Todd A (Co-PI) 1177","Gaines,Todd A",Co-PI,1177,Gaines,Todd A,gaines|t,TRUE,,,,FALSE
K000165689,2026,1177,Agricultural Biology,FALSE,"Simske,Steven John (Co-PI) 1377","Simske,Steven John",Co-PI,1377,Simske,Steven John,simske|s,TRUE,,,,FALSE
K000166292,2026,1173,Horticulture + Landscape Architecture,FALSE,"Jayanty,Sastry SSGM (Primary PI) 1173","Jayanty,Sastry SSGM",Primary PI,1173,Jayanty,Sastry SSGM,jayanty|s,TRUE,,,,FALSE
K000166278,2026,1172,Agricultural + Resource Economics,TRUE,"Chenarides,Lauren (Primary PI) 1172","Chenarides,Lauren",Primary PI,1172,Chenarides,Lauren,chenarides|l,TRUE,Chenarides,Lauren,Ag and Food,TRUE
K000166278,2026,1172,Agricultural + Resource Economics,TRUE,"Kroll,Stephan (Co-PI) 1172","Kroll,Stephan",Co-PI,1172,Kroll,Stephan,kroll|s,TRUE,Kroll,Stephan,ENRE,TRUE
K000165260,2026,1177,Agricultural Biology,FALSE,"Shergill,Lovreet S (Primary PI) 1177","Shergill,Lovreet S",Primary PI,1177,Shergill,Lovreet S,shergill|l,TRUE,,,,FALSE
K000165260,2026,1177,Agricultural Biology,FALSE,"Jones-Diamond,Sally Marie (Co-PI) 1170","Jones-Diamond,Sally Marie",Co-PI,1170,Jones-Diamond,Sally Marie,jones diamond|s,TRUE,,,,FALSE
K000165260,2026,1177,Agricultural Biology,FALSE,"Webb,Jason (Co-PI) 1170","Webb,Jason",Co-PI,1170,Webb,Jason,webb|j,TRUE,,,,FALSE
K000165669,2026,1173,Horticulture + Landscape Architecture,FALSE,"Jayanty,Sastry SSGM (Primary PI) 1173","Jayanty,Sastry SSGM",Primary PI,1173,Jayanty,Sastry SSGM,jayanty|s,TRUE,,,,FALSE
K000165669,2026,1173,Horticulture + Landscape Architecture,FALSE,"Ballard,Todd Curtis (Co-PI) 4030","Ballard,Todd Curtis",Co-PI,4030,Ballard,Todd Curtis,ballard|t,TRUE,,,,FALSE
K000165669,2026,1173,Horticulture + Landscape Architecture,FALSE,"Lavhale,Santosh Govind (Co-PI) 1173","Lavhale,Santosh Govind",Co-PI,1173,Lavhale,Santosh Govind,lavhale|s,TRUE,,,,FALSE
K000165669,2026,1173,Horticulture + Landscape Architecture,FALSE,"Nalam,Vamsi (Co-PI) 1177","Nalam,Vamsi",Co-PI,1177,Nalam,Vamsi,nalam|v,TRUE,,,,FALSE
K000165669,2026,1173,Horticulture + Landscape Architecture,FALSE,"Thilmany,Dawn D (Co-PI) 1172","Thilmany,Dawn D",Co-PI,1172,Thilmany,Dawn D,thilmany|d,TRUE,Thilmany,Dawn,Ag and Food,TRUE
K000165669,2026,1173,Horticulture + Landscape Architecture,FALSE,"Gutierrez-Rodriguez,Eduardo (Co-PI) 1173","Gutierrez-Rodriguez,Eduardo",Co-PI,1173,Gutierrez-Rodriguez,Eduardo,gutierrez rodriguez|e,TRUE,,,,FALSE
K000165669,2026,1173,Horticulture + Landscape Architecture,FALSE,"Chikh-Ali,Moham",,,,,,,FALSE,,,,FALSE
K000165434,2026,1177,Agricultural Biology,FALSE,"Borowiec,Marek L (Primary PI) 1177","Borowiec,Marek L",Primary PI,1177,Borowiec,Marek L,borowiec|m,TRUE,,,,FALSE
K000165434,2026,1177,Agricultural Biology,FALSE,"Brown,Zachary Duane (Key Person) 1878","Brown,Zachary Duane",Key Person,1878,Brown,Zachary Duane,brown|z,TRUE,,,,FALSE
K000166318,2026,1171,Animal Sciences,FALSE,"Belk,Keith (Primary PI) 1171","Belk,Keith",Primary PI,1171,Belk,Keith,belk|k,TRUE,,,,FALSE
K000166318,2026,1171,Animal Sciences,FALSE,"Narayanan Nair,Mahesh (Co-PI) 1171","Narayanan Nair,Mahesh",Co-PI,1171,Narayanan Nair,Mahesh,narayanan nair|m,TRUE,,,,FALSE
K000166318,2026,1171,Animal Sciences,FALSE,"Delmore,Robert J (Co-PI) 1171","Delmore,Robert J",Co-PI,1171,Delmore,Robert J,delmore|r,TRUE,,,,FALSE
K000166251,2026,1170,Soil + Crop Sciences,FALSE,"Pottorff,Laura Pickett (Primary PI) 1170","Pottorff,Laura Pickett",Primary PI,1170,Pottorff,Laura Pickett,pottorff|l,TRUE,,,,FALSE
K000166402,2026,1170,Soil + Crop Sciences,FALSE,"Andales,Allan A (Primary PI) 1170","Andales,Allan A",Primary PI,1170,Andales,Allan A,andales|a,TRUE,,,,FALSE
K000166402,2026,1170,Soil + Crop Sciences,FALSE,"Davidson,Jeffery William (Co-PI) 3040","Davidson,Jeffery William",Co-PI,3040,Davidson,Jeffery William,davidson|j,TRUE,,,,FALSE
K000166416,2026,1172,Agricultural + Resource Economics,TRUE,"Lewis,Lynne Yvonne (Primary PI) 1172","Lewis,Lynne Yvonne",Primary PI,1172,Lewis,Lynne Yvonne,lewis|l,TRUE,Lewis,Lynne,ENRE,TRUE
K000166319,2026,1170,Soil + Crop Sciences,FALSE,"Winn,Zachary James (Primary PI) 1170","Winn,Zachary James",Primary PI,1170,Winn,Zachary James,winn|z,TRUE,,,,FALSE
K000166319,2026,1170,Soil + Crop Sciences,FALSE,"Mason,Richard Esten (Co-PI) 1170","Mason,Richard Esten",Co-PI,1170,Mason,Richard Esten,mason|r,TRUE,,,,FALSE
K000166319,2026,1170,Soil + Crop Sciences,FALSE,"Nachappa,Punya (Co-PI) 1177","Nachappa,Punya",Co-PI,1177,Nachappa,Punya,nachappa|p,TRUE,,,,FALSE
K000166252,2026,1177,Agricultural Biology,FALSE,"Timm,Alicia Eva (Primary PI) 1177","Timm,Alicia Eva",Primary PI,1177,Timm,Alicia Eva,timm|a,TRUE,,,,FALSE
K000166200,2026,1177,Agricultural Biology,FALSE,"Shergill,Lovreet S (Primary PI) 1177","Shergill,Lovreet S",Primary PI,1177,Shergill,Lovreet S,shergill|l,TRUE,,,,FALSE
K000166200,2026,1177,Agricultural Biology,FALSE,"Courkamp,Jacob S (Co-PI) 1472","Courkamp,Jacob S",Co-PI,1472,Courkamp,Jacob S,courkamp|j,TRUE,,,,FALSE
K000166128,2026,1177,Agricultural Biology,FALSE,"Argueso,Cristiana (Primary PI) 1177","Argueso,Cristiana",Primary PI,1177,Argueso,Cristiana,argueso|c,TRUE,,,,FALSE
K000165829,2026,1177,Agricultural Biology,FALSE,"Nachappa,Punya (Primary PI) 1177","Nachappa,Punya",Primary PI,1177,Nachappa,Punya,nachappa|p,TRUE,,,,FALSE
K000165829,2026,1177,Agricultural Biology,FALSE,"MacWilliams,Jacob Robert (Co-PI) 1177","MacWilliams,Jacob Robert",Co-PI,1177,MacWilliams,Jacob Robert,macwilliams|j,TRUE,,,,FALSE
K000165829,2026,1177,Agricultural Biology,FALSE,"Uchanski,Mark E (Co-PI) 1173","Uchanski,Mark E",Co-PI,1173,Uchanski,Mark E,uchanski|m,TRUE,,,,FALSE
K000165706,2026,1170,Soil + Crop Sciences,FALSE,"Cotrufo,Maria Francesca (Primary PI) 1170","Cotrufo,Maria Francesca",Primary PI,1170,Cotrufo,Maria Francesca,cotrufo|m,TRUE,,,,FALSE
K000165706,2026,1170,Soil + Crop Sciences,FALSE,"Buchanan,Cassidy Michelle (Co-PI) 1170","Buchanan,Cassidy Michelle",Co-PI,1170,Buchanan,Cassidy Michelle,buchanan|c,TRUE,,,,FALSE
K000165706,2026,1170,Soil + Crop Sciences,FALSE,"Haddix,Michelle (Co-PI) 1170","Haddix,Michelle",Co-PI,1170,Haddix,Michelle,haddix|m,TRUE,,,,FALSE
K000165706,2026,1170,Soil + Crop Sciences,FALSE,"Leuthold,Samuel John (Co-PI) 1170","Leuthold,Samuel John",Co-PI,1170,Leuthold,Samuel John,leuthold|s,TRUE,,,,FALSE
K000165695,2026,1177,Agricultural Biology,FALSE,"Stewart,Jane E (Primary PI) 1177","Stewart,Jane E",Primary PI,1177,Stewart,Jane E,stewart|j,TRUE,,,,FALSE
K000165695,2026,1177,Agricultural Biology,FALSE,"Pieper,Jeff R (Key Person) 4030","Pieper,Jeff R",Key Person,4030,Pieper,Jeff R,pieper|j,TRUE,,,,FALSE
K000165191,2026,1177,Agricultural Biology,FALSE,"Eubanks,Micky (Primary PI) 1177","Eubanks,Micky",Primary PI,1177,Eubanks,Micky,eubanks|m,TRUE,,,,FALSE
K000165928,2026,1170,Soil + Crop Sciences,FALSE,"Deiss,Leonardo (Primary PI) 1170","Deiss,Leonardo",Primary PI,1170,Deiss,Leonardo,deiss|l,TRUE,,,,FALSE
K000165928,2026,1170,Soil + Crop Sciences,FALSE,"Schipanski,Meagan Erin (Co-PI) 1170","Schipanski,Meagan Erin",Co-PI,1170,Schipanski,Meagan Erin,schipanski|m,TRUE,,,,FALSE
K000165928,2026,1170,Soil + Crop Sciences,FALSE,"Namuth Covert,Deana Michelle (Co-PI) 1170","Namuth Covert,Deana Michelle",Co-PI,1170,Namuth Covert,Deana Michelle,namuth covert|d,TRUE,,,,FALSE
K000165928,2026,1170,Soil + Crop Sciences,FALSE,"Ellis,Elizabeth Marie (Co-PI) 1170","Ellis,Elizabeth Marie",Co-PI,1170,Ellis,Elizabeth Marie,ellis|e,TRUE,,,,FALSE
K000165928,2026,1170,Soil + Crop Sciences,FALSE,"Elliott,Adriane L (Co-PI) 1170","Elliott,Adriane L",Co-PI,1170,Elliott,Adriane L,elliott|a,TRUE,,,,FALSE
K000165928,2026,1170,Soil + Crop Sciences,FALSE,"Machmuller,Megan B (Co-PI) 1170","Machmuller,Megan B",Co-PI,1170,Machmuller,Megan B,machmuller|m,TRUE,,,,FALSE
K000165083,2026,1173,Horticulture + Landscape Architecture,FALSE,"Jayanty,Sastry SSGM (Primary PI) 1173","Jayanty,Sastry SSGM",Primary PI,1173,Jayanty,Sastry SSGM,jayanty|s,TRUE,,,,FALSE
K000166061,2026,1172,Agricultural + Resource Economics,TRUE,"Suter,Jordan (Primary PI) 1172","Suter,Jordan",Primary PI,1172,Suter,Jordan,suter|j,TRUE,Suter,Jordan,ENRE,TRUE
K000165247,2026,1173,Horticulture + Landscape Architecture,FALSE,"Gutierrez-Rodriguez,Eduardo (Primary PI) 1173","Gutierrez-Rodriguez,Eduardo",Primary PI,1173,Gutierrez-Rodriguez,Eduardo,gutierrez rodriguez|e,TRUE,,,,FALSE
K000165247,2026,1173,Horticulture + Landscape Architecture,FALSE,"Bartolo,Kristi L (Co-PI) 3040","Bartolo,Kristi L",Co-PI,3040,Bartolo,Kristi L,bartolo|k,TRUE,,,,FALSE
K000165247,2026,1173,Horticulture + Landscape Architecture,FALSE,"Didero,Nicole Marie (Co-PI) 4030","Didero,Nicole Marie",Co-PI,4030,Didero,Nicole Marie,didero|n,TRUE,,,,FALSE
K000165361,2026,1173,Horticulture + Landscape Architecture,FALSE,"Vivanco,Jorge M (Primary PI) 1173","Vivanco,Jorge M",Primary PI,1173,Vivanco,Jorge M,vivanco|j,TRUE,,,,FALSE
K000165361,2026,1173,Horticulture + Landscape Architecture,FALSE,"Afkairin,Antisar SM Omar (Co-PI) 1173","Afkairin,Antisar SM Omar",Co-PI,1173,Afkairin,Antisar SM Omar,afkairin|a,TRUE,,,,FALSE
K000165361,2026,1173,Horticulture + Landscape Architecture,FALSE,"Minas,Ioannis (Co-PI) 1173","Minas,Ioannis",Co-PI,1173,Minas,Ioannis,minas|i,TRUE,,,,FALSE
K000165361,2026,1173,Horticulture + Landscape Architecture,FALSE,"Pieper,Jeff R (Co-PI) 4030","Pieper,Jeff R",Co-PI,4030,Pieper,Jeff R,pieper|j,TRUE,,,,FALSE
K000165986,2026,1171,Animal Sciences,FALSE,"Martin,Jennifer Nicole (Primary PI) 1171","Martin,Jennifer Nicole",Primary PI,1171,Martin,Jennifer Nicole,martin|j,TRUE,,,,FALSE
K000165587,2026,1177,Agricultural Biology,FALSE,"Timm,Alicia Eva (Primary PI) 1177","Timm,Alicia Eva",Primary PI,1177,Timm,Alicia Eva,timm|a,TRUE,,,,FALSE
K000166085,2026,1173,Horticulture + Landscape Architecture,FALSE,"Prenni,Jessica E (Primary PI) 1173","Prenni,Jessica E",Primary PI,1173,Prenni,Jessica E,prenni|j,TRUE,,,,FALSE
K000166085,2026,1173,Horticulture + Landscape Architecture,FALSE,"Uchanski,Mark E (Co-PI) 1173","Uchanski,Mark E",Co-PI,1173,Uchanski,Mark E,uchanski|m,TRUE,,,,FALSE
K000166085,2026,1173,Horticulture + Landscape Architecture,FALSE,"Van Buiten,Charlene Barbara (Co-PI) 1571","Van Buiten,Charlene Barbara",Co-PI,1571,Van Buiten,Charlene Barbara,van buiten|c,TRUE,,,,FALSE
K000166085,2026,1173,Horticulture + Landscape Architecture,FALSE,"Machmuller,Megan B (Co-PI) 1170","Machmuller,Megan B",Co-PI,1170,Machmuller,Megan B,machmuller|m,TRUE,,,,FALSE
K000166085,2026,1173,Horticulture + Landscape Architecture,FALSE,"Wrighton,Kelly Catherine (Co-PI) 1170","Wrighton,Kelly Catherine",Co-PI,1170,Wrighton,Kelly Catherine,wrighton|k,TRUE,,,,FALSE
K000165945,2026,1170,Soil + Crop Sciences,FALSE,"Wrighton,Kelly Catherine (Primary PI) 1170","Wrighton,Kelly Catherine",Primary PI,1170,Wrighton,Kelly Catherine,wrighton|k,TRUE,,,,FALSE
K000165938,2026,1170,Soil + Crop Sciences,FALSE,"Wilkins,Michael James (Primary PI) 1170","Wilkins,Michael James",Primary PI,1170,Wilkins,Michael James,wilkins|m,TRUE,,,,FALSE
K000165938,2026,1170,Soil + Crop Sciences,FALSE,"Wrighton,Kelly Catherine (Co-PI) 1170","Wrighton,Kelly Catherine",Co-PI,1170,Wrighton,Kelly Catherine,wrighton|k,TRUE,,,,FALSE
K000165745,2026,1170,Soil + Crop Sciences,FALSE,"Jones-Diamond,Sally Marie (Primary PI) 1170","Jones-Diamond,Sally Marie",Primary PI,1170,Jones-Diamond,Sally Marie,jones diamond|s,TRUE,,,,FALSE
K000165745,2026,1170,Soil + Crop Sciences,FALSE,"Webb,Jason (Co-PI) 1170","Webb,Jason",Co-PI,1170,Webb,Jason,webb|j,TRUE,,,,FALSE
K000165751,2026,1177,Agricultural Biology,FALSE,"Borowiec,Marek L (Primary PI) 1177","Borowiec,Marek L",Primary PI,1177,Borowiec,Marek L,borowiec|m,TRUE,,,,FALSE
K000165751,2026,1177,Agricultural Biology,FALSE,"Harp,Charles (Co-PI) 1177","Harp,Charles",Co-PI,1177,Harp,Charles,harp|c,TRUE,,,,FALSE
K000165687,2026,1171,Animal Sciences,FALSE,"Seitz,Valerie Alissa (Primary PI) 1171","Seitz,Valerie Alissa",Primary PI,1171,Seitz,Valerie Alissa,seitz|v,TRUE,,,,FALSE
K000165799,2026,1170,Soil + Crop Sciences,FALSE,"Winn,Zachary James (Primary PI) 1170","Winn,Zachary James",Primary PI,1170,Winn,Zachary James,winn|z,TRUE,,,,FALSE
K000165799,2026,1170,Soil + Crop Sciences,FALSE,"Mason,Richard Esten (Co-PI) 1170","Mason,Richard Esten",Co-PI,1170,Mason,Richard Esten,mason|r,TRUE,,,,FALSE
K000165709,2026,1177,Agricultural Biology,FALSE,"Stewart,Jane E (Primary PI) 1177","Stewart,Jane E",Primary PI,1177,Stewart,Jane E,stewart|j,TRUE,,,,FALSE
K000165697,2026,1177,Agricultural Biology,FALSE,"Nalam,Vamsi (Primary PI) 1177","Nalam,Vamsi",Primary PI,1177,Nalam,Vamsi,nalam|v,TRUE,,,,FALSE
K000165697,2026,1177,Agricultural Biology,FALSE,"Nachappa,Punya (Co-PI) 1177","Nachappa,Punya",Co-PI,1177,Nachappa,Punya,nachappa|p,TRUE,,,,FALSE
K000165697,2026,1177,Agricultural Biology,FALSE,"Riches,Mary Jean (Key Person) 1177","Riches,Mary Jean",Key Person,1177,Riches,Mary Jean,riches|m,TRUE,,,,FALSE
K000165431,2026,1177,Agricultural Biology,FALSE,"Borowiec,Marek L (Primary PI) 1177","Borowiec,Marek L",Primary PI,1177,Borowiec,Marek L,borowiec|m,TRUE,,,,FALSE
K000165431,2026,1177,Agricultural Biology,FALSE,"Eskew,Stephanie Lauren (Key Person) 1878","Eskew,Stephanie Lauren",Key Person,1878,Eskew,Stephanie Lauren,eskew|s,TRUE,,,,FALSE
K000165520,2026,1177,Agricultural Biology,FALSE,"Leach,Jan E (Primary PI) 1177","Leach,Jan E",Primary PI,1177,Leach,Jan E,leach|j,TRUE,,,,FALSE
K000165652,2026,1173,Horticulture + Landscape Architecture,FALSE,"Bousselot,Jennifer M (Primary PI) 1173","Bousselot,Jennifer M",Primary PI,1173,Bousselot,Jennifer M,bousselot|j,TRUE,,,,FALSE
K000165597,2026,1177,Agricultural Biology,FALSE,"Nalam,Vamsi (Primary PI) 1177","Nalam,Vamsi",Primary PI,1177,Nalam,Vamsi,nalam|v,TRUE,,,,FALSE
K000165699,2026,1172,Agricultural + Resource Economics,TRUE,"Chenarides,Lauren (Primary PI) 1172","Chenarides,Lauren",Primary PI,1172,Chenarides,Lauren,chenarides|l,TRUE,Chenarides,Lauren,Ag and Food,TRUE
K000165699,2026,1172,Agricultural + Resource Economics,TRUE,"Ikeme,Sionegael (Co-PI) 1172","Ikeme,Sionegael",Co-PI,1172,Ikeme,Sionegael,ikeme|s,TRUE,,,,FALSE
K000165815,2026,1171,Animal Sciences,FALSE,"Pinedo,Pablo J (Primary PI) 1171","Pinedo,Pablo J",Primary PI,1171,Pinedo,Pablo J,pinedo|p,TRUE,,,,FALSE
K000165815,2026,1171,Animal Sciences,FALSE,"Manriquez Alvarez,Diego Ignacio (Co-PI) 1171","Manriquez Alvarez,Diego Ignacio",Co-PI,1171,Manriquez Alvarez,Diego Ignacio,manriquez alvarez|d,TRUE,,,,FALSE
K000166132,2026,1177,Agricultural Biology,FALSE,"Nachappa,Punya (Primary PI) 1177","Nachappa,Punya",Primary PI,1177,Nachappa,Punya,nachappa|p,TRUE,,,,FALSE
K000166131,2026,1177,Agricultural Biology,FALSE,"Nachappa,Punya (Primary PI) 1177","Nachappa,Punya",Primary PI,1177,Nachappa,Punya,nachappa|p,TRUE,,,,FALSE
K000165580,2026,1170,Soil + Crop Sciences,FALSE,"Paustian,Keith H (Primary PI) 1170","Paustian,Keith H",Primary PI,1170,Paustian,Keith H,paustian|k,TRUE,,,,FALSE
K000165703,2026,1177,Agricultural Biology,FALSE,"Shergill,Lovreet S (Primary PI) 1177","Shergill,Lovreet S",Primary PI,1177,Shergill,Lovreet S,shergill|l,TRUE,,,,FALSE
K000165703,2026,1177,Agricultural Biology,FALSE,"Wilkins,Michael James (Co-PI) 1170","Wilkins,Michael James",Co-PI,1170,Wilkins,Michael James,wilkins|m,TRUE,,,,FALSE
K000165703,2026,1177,Agricultural Biology,FALSE,"Dayan,Franck E (Co-PI) 1177","Dayan,Franck E",Co-PI,1177,Dayan,Franck E,dayan|f,TRUE,,,,FALSE
K000165703,2026,1177,Agricultural Biology,FALSE,"Andales,Allan A (Co-PI) 1170","Andales,Allan A",Co-PI,1170,Andales,Allan A,andales|a,TRUE,,,,FALSE
K000165490,2026,1177,Agricultural Biology,FALSE,"Leach,Jan E (Primary PI) 1177","Leach,Jan E",Primary PI,1177,Leach,Jan E,leach|j,TRUE,,,,FALSE
K000165490,2026,1177,Agricultural Biology,FALSE,"Martin,Federico (Co-PI) 1177","Martin,Federico",Co-PI,1177,Martin,Federico,martin|f,TRUE,,,,FALSE
K000165860,2026,1173,Horticulture + Landscape Architecture,FALSE,"Thompson,Henry J (Primary PI) 1173","Thompson,Henry J",Primary PI,1173,Thompson,Henry J,thompson|h,TRUE,,,,FALSE
K000165326,2026,1171,Animal Sciences,FALSE,"Manriquez Alvarez,Diego Ignacio (Primary PI) 1171","Manriquez Alvarez,Diego Ignacio",Primary PI,1171,Manriquez Alvarez,Diego Ignacio,manriquez alvarez|d,TRUE,,,,FALSE
K000165326,2026,1171,Animal Sciences,FALSE,"Campion,Rhyse Karina (Co-PI) 1171","Campion,Rhyse Karina",Co-PI,1171,Campion,Rhyse Karina,campion|r,TRUE,,,,FALSE
K000165744,2026,1170,Soil + Crop Sciences,FALSE,"Jones-Diamond,Sally Marie (Primary PI) 1170","Jones-Diamond,Sally Marie",Primary PI,1170,Jones-Diamond,Sally Marie,jones diamond|s,TRUE,,,,FALSE
K000165744,2026,1170,Soil + Crop Sciences,FALSE,"Webb,Jason (Co-PI) 1170","Webb,Jason",Co-PI,1170,Webb,Jason,webb|j,TRUE,,,,FALSE
K000165853,2026,1170,Soil + Crop Sciences,FALSE,"Jones-Diamond,Sally Marie (Primary PI) 1170","Jones-Diamond,Sally Marie",Primary PI,1170,Jones-Diamond,Sally Marie,jones diamond|s,TRUE,,,,FALSE
K000165853,2026,1170,Soil + Crop Sciences,FALSE,"Webb,Jason (Co-PI) 1170","Webb,Jason",Co-PI,1170,Webb,Jason,webb|j,TRUE,,,,FALSE
K000165245,2026,1170,Soil + Crop Sciences,FALSE,"Cotrufo,Maria Francesca (Primary PI) 1170","Cotrufo,Maria Francesca",Primary PI,1170,Cotrufo,Maria Francesca,cotrufo|m,TRUE,,,,FALSE
K000165436,2026,1170,Soil + Crop Sciences,FALSE,"Cotrufo,Maria Francesca (Primary PI) 1170","Cotrufo,Maria Francesca",Primary PI,1170,Cotrufo,Maria Francesca,cotrufo|m,TRUE,,,,FALSE
K000165436,2026,1170,Soil + Crop Sciences,FALSE,"Zhang,Yao (Co-PI) 1499","Zhang,Yao",Co-PI,1499,Zhang,Yao,zhang|y,TRUE,,,,FALSE
K000165813,2026,1101,Dean of Agricultural Sciences,FALSE,"Faria Tavares De Souza,Ligia (Primary PI) 1101","Faria Tavares De Souza,Ligia",Primary PI,1101,Faria Tavares De Souza,Ligia,faria tavares de souza|l,TRUE,,,,FALSE
K000165813,2026,1101,Dean of Agricultural Sciences,FALSE,"Paustian,Keith H (Co-PI) 1170","Paustian,Keith H",Co-PI,1170,Paustian,Keith H,paustian|k,TRUE,,,,FALSE
K000165813,2026,1101,Dean of Agricultural Sciences,FALSE,"Leuthold,Samuel John (Co-PI) 1170","Leuthold,Samuel John",Co-PI,1170,Leuthold,Samuel John,leuthold|s,TRUE,,,,FALSE
K000165813,2026,1101,Dean of Agricultural Sciences,FALSE,"Cotrufo,Maria Francesca (Co-PI) 1170","Cotrufo,Maria Francesca",Co-PI,1170,Cotrufo,Maria Francesca,cotrufo|m,TRUE,,,,FALSE
K000165813,2026,1101,Dean of Agricultural Sciences,FALSE,"Walsh,Corinne Marie (Co-PI) 1101","Walsh,Corinne Marie",Co-PI,1101,Walsh,Corinne Marie,walsh|c,TRUE,,,,FALSE
K000165813,2026,1101,Dean of Agricultural Sciences,FALSE,"Fowler,Ames (Co-PI) 1101","Fowler,Ames",Co-PI,1101,Fowler,Ames,fowler|a,TRUE,,,,FALSE
K000165679,2026,1177,Agricultural Biology,FALSE,"Argueso,Cristiana (Primary PI) 1177","Argueso,Cristiana",Primary PI,1177,Argueso,Cristiana,argueso|c,TRUE,,,,FALSE
K000165663,2026,1177,Agricultural Biology,FALSE,"Gaines,Todd A (Primary PI) 1177","Gaines,Todd A",Primary PI,1177,Gaines,Todd A,gaines|t,TRUE,,,,FALSE
K000165663,2026,1177,Agricultural Biology,FALSE,"Abdollahi,Fatemeh (Co-PI) 1177","Abdollahi,Fatemeh",Co-PI,1177,Abdollahi,Fatemeh,abdollahi|f,TRUE,,,,FALSE
K000165299,2026,1177,Agricultural Biology,FALSE,"Gaines,Todd A (Primary PI) 1177","Gaines,Todd A",Primary PI,1177,Gaines,Todd A,gaines|t,TRUE,,,,FALSE
K000165299,2026,1177,Agricultural Biology,FALSE,"Shergill,Lovreet S (Co-PI) 1177","Shergill,Lovreet S",Co-PI,1177,Shergill,Lovreet S,shergill|l,TRUE,,,,FALSE
K000165299,2026,1177,Agricultural Biology,FALSE,"Courkamp,Jacob S (Co-PI) 1472","Courkamp,Jacob S",Co-PI,1472,Courkamp,Jacob S,courkamp|j,TRUE,,,,FALSE
K000165299,2026,1177,Agricultural Biology,FALSE,"Rollins,Kerri (Co-PI) 4010","Rollins,Kerri",Co-PI,4010,Rollins,Kerri,rollins|k,TRUE,,,,FALSE
K000165299,2026,1177,Agricultural Biology,FALSE,"Dayan,Franck E (Co-PI) 1177","Dayan,Franck E",Co-PI,1177,Dayan,Franck E,dayan|f,TRUE,,,,FALSE
K000165299,2026,1177,Agricultural Biology,FALSE,"Pelon,Amber Lynn (Co-PI) 1177","Pelon,Amber Lynn",Co-PI,1177,Pelon,Amber Lynn,pelon|a,TRUE,,,,FALSE
K000165591,2026,1170,Soil + Crop Sciences,FALSE,"Paustian,Keith H (Primary PI) 1170","Paustian,Keith H",Primary PI,1170,Paustian,Keith H,paustian|k,TRUE,,,,FALSE
K000165694,2026,1177,Agricultural Biology,FALSE,"Nachappa,Punya (Primary PI) 1177","Nachappa,Punya",Primary PI,1177,Nachappa,Punya,nachappa|p,TRUE,,,,FALSE
K000165261,2026,1177,Agricultural Biology,FALSE,"Shergill,Lovreet S (Primary PI) 1177","Shergill,Lovreet S",Primary PI,1177,Shergill,Lovreet S,shergill|l,TRUE,,,,FALSE
K000165261,2026,1177,Agricultural Biology,FALSE,"Sarno,Analissa Flores (Co-PI) 3046","Sarno,Analissa Flores",Co-PI,3046,Sarno,Analissa Flores,sarno|a,TRUE,,,,FALSE
K000165261,2026,1177,Agricultural Biology,FALSE,"Dayan,Franck E (Co-PI) 1177","Dayan,Franck E",Co-PI,1177,Dayan,Franck E,dayan|f,TRUE,,,,FALSE
K000165261,2026,1177,Agricultural Biology,FALSE,"Pinnamaneni,Srinivasa Rao (Co-PI) 3046","Pinnamaneni,Srinivasa Rao",Co-PI,3046,Pinnamaneni,Srinivasa Rao,pinnamaneni|s,TRUE,,,,FALSE
K000165261,2026,1177,Agricultural Biology,FALSE,"Mooney,Daniel F (Co-PI) 1172","Mooney,Daniel F",Co-PI,1172,Mooney,Daniel F,mooney|d,TRUE,Mooney,Daniel,Ag and Food,TRUE
K000165261,2026,1177,Agricultural Biology,FALSE,"Tonnessen,Bradley William (Co-PI) 3046","Tonnessen,Bradley William",Co-PI,3046,Tonnessen,Bradley William,tonnessen|b,TRUE,,,,FALSE
K000165448,2026,1177,Agricultural Biology,FALSE,"Shergill,Lovreet S (Primary PI) 1177","Shergill,Lovreet S",Primary PI,1177,Shergill,Lovreet S,shergill|l,TRUE,,,,FALSE
K000165448,2026,1177,Agricultural Biology,FALSE,"Schipanski,Meagan Erin (Co-PI) 1170","Schipanski,Meagan Erin",Co-PI,1170,Schipanski,Meagan Erin,schipanski|m,TRUE,,,,FALSE
K000165447,2026,1177,Agricultural Biology,FALSE,"Shergill,Lovreet S (Primary PI) 1177","Shergill,Lovreet S",Primary PI,1177,Shergill,Lovreet S,shergill|l,TRUE,,,,FALSE
K000165447,2026,1177,Agricultural Biology,FALSE,"Schipanski,Meagan Erin (Co-PI) 1170","Schipanski,Meagan Erin",Co-PI,1170,Schipanski,Meagan Erin,schipanski|m,TRUE,,,,FALSE
K000165555,2026,1171,Animal Sciences,FALSE,"Marostegan de Paula,Eduardo (Primary PI) 1171","Marostegan de Paula,Eduardo",Primary PI,1171,Marostegan de Paula,Eduardo,marostegan de paula|e,TRUE,,,,FALSE
K000165555,2026,1171,Animal Sciences,FALSE,"Place,Sara (Co-PI) 1171","Place,Sara",Co-PI,1171,Place,Sara,place|s,TRUE,,,,FALSE
K000165555,2026,1171,Animal Sciences,FALSE,"Vargas Martinez,Juan de Jesus de Jesus (Co-PI) 1171","Vargas Martinez,Juan de Jesus de Jesus",Co-PI,1171,Vargas Martinez,Juan de Jesus de Jesus,vargas martinez|j,TRUE,,,,FALSE
K000165521,2026,1177,Agricultural Biology,FALSE,"Leach,Jan E (Primary PI) 1177","Leach,Jan E",Primary PI,1177,Leach,Jan E,leach|j,TRUE,,,,FALSE
K000165521,2026,1177,Agricultural Biology,FALSE,"Martin,Federico (Co-PI) 1177","Martin,Federico",Co-PI,1177,Martin,Federico,martin|f,TRUE,,,,FALSE
K000165564,2026,1172,Agricultural + Resource Economics,TRUE,"Woerman,Matthew Augustine (Primary PI) 1172","Woerman,Matthew Augustine",Primary PI,1172,Woerman,Matthew Augustine,woerman|m,TRUE,Woerman,Matt,ENRE,TRUE
K000165420,2026,1171,Animal Sciences,FALSE,"Bigler,Elizabeth Jaed (Primary PI) 1171","Bigler,Elizabeth Jaed",Primary PI,1171,Bigler,Elizabeth Jaed,bigler|e,TRUE,,,,FALSE
K000165420,2026,1171,Animal Sciences,FALSE,"Ahola,Jason Kee (Co-PI) 1171","Ahola,Jason Kee",Co-PI,1171,Ahola,Jason Kee,ahola|j,TRUE,,,,FALSE
K000165420,2026,1171,Animal Sciences,FALSE,"Edwards-Callaway,Lily Nowell (Co-PI) 1171","Edwards-Callaway,Lily Nowell",Co-PI,1171,Edwards-Callaway,Lily Nowell,edwards callaway|l,TRUE,,,,FALSE
K000165420,2026,1171,Animal Sciences,FALSE,"Cramer,Mary Caitlin (Co-PI) 1171","Cramer,Mary Caitlin",Co-PI,1171,Cramer,Mary Caitlin,cramer|m,TRUE,,,,FALSE
K000165420,2026,1171,Animal Sciences,FALSE,"Belk,Keith (Co-PI) 1171","Belk,Keith",Co-PI,1171,Belk,Keith,belk|k,TRUE,,,,FALSE
K000165340,2026,1170,Soil + Crop Sciences,FALSE,"Winn,Zachary James (Primary PI) 1170","Winn,Zachary James",Primary PI,1170,Winn,Zachary James,winn|z,TRUE,,,,FALSE
K000165340,2026,1170,Soil + Crop Sciences,FALSE,"Mason,Richard Esten (Co-PI) 1170","Mason,Richard Esten",Co-PI,1170,Mason,Richard Esten,mason|r,TRUE,,,,FALSE
K000165406,2026,1101,Dean of Agricultural Sciences,FALSE,"Enns,Kellie J (Primary PI) 1101","Enns,Kellie J",Primary PI,1101,Enns,Kellie J,enns|k,TRUE,Enns,Kellie,Ag Ed,FALSE
K000165406,2026,1101,Dean of Agricultural Sciences,FALSE,"Melzer,Susan E (Co-PI) 1170","Melzer,Susan E",Co-PI,1170,Melzer,Susan E,melzer|s,TRUE,,,,FALSE
K000165406,2026,1101,Dean of Agricultural Sciences,FALSE,"Camper,Matthew A (Co-PI) 1177","Camper,Matthew A",Co-PI,1177,Camper,Matthew A,camper|m,TRUE,,,,FALSE
K000165406,2026,1101,Dean of Agricultural Sciences,FALSE,"Miller,Chad (Co-PI) 1173","Miller,Chad",Co-PI,1173,Miller,Chad,miller|c,TRUE,,,,FALSE
K000165406,2026,1101,Dean of Agricultural Sciences,FALSE,"Eshelman,Katharine Siobhan (Co-PI) 1172","Eshelman,Katharine Siobhan",Co-PI,1172,Eshelman,Katharine Siobhan,eshelman|k,TRUE,,,,FALSE
K000165142,2026,1177,Agricultural Biology,FALSE,"Stewart,Jane E (Primary PI) 1177","Stewart,Jane E",Primary PI,1177,Stewart,Jane E,stewart|j,TRUE,,,,FALSE
K000165450,2026,1171,Animal Sciences,FALSE,"Martin,Jennifer Nicole (Primary PI) 1171","Martin,Jennifer Nicole",Primary PI,1171,Martin,Jennifer Nicole,martin|j,TRUE,,,,FALSE
K000165449,2026,1171,Animal Sciences,FALSE,"Manriquez Alvarez,Diego Ignacio (Primary PI) 1171","Manriquez Alvarez,Diego Ignacio",Primary PI,1171,Manriquez Alvarez,Diego Ignacio,manriquez alvarez|d,TRUE,,,,FALSE
K000165347,2026,1170,Soil + Crop Sciences,FALSE,"Wold-McGimsey,Forrest Conner (Primary PI) 1170","Wold-McGimsey,Forrest Conner",Primary PI,1170,Wold-McGimsey,Forrest Conner,wold mcgimsey|f,TRUE,,,,FALSE
K000165347,2026,1170,Soil + Crop Sciences,FALSE,"Mason,Richard Esten (Co-PI) 1170","Mason,Richard Esten",Co-PI,1170,Mason,Richard Esten,mason|r,TRUE,,,,FALSE
K000165347,2026,1170,Soil + Crop Sciences,FALSE,"Stromberger,John A (Key Person) 1170","Stromberger,John A",Key Person,1170,Stromberger,John A,stromberger|j,TRUE,,,,FALSE
K000165481,2026,1177,Agricultural Biology,FALSE,"Shergill,Lovreet S (Primary PI) 1177","Shergill,Lovreet S",Primary PI,1177,Shergill,Lovreet S,shergill|l,TRUE,,,,FALSE
K000165481,2026,1177,Agricultural Biology,FALSE,"Dayan,Franck E (Co-PI) 1177","Dayan,Franck E",Co-PI,1177,Dayan,Franck E,dayan|f,TRUE,,,,FALSE
K000165458,2026,1170,Soil + Crop Sciences,FALSE,"Jones-Diamond,Sally Marie (Primary PI) 1170","Jones-Diamond,Sally Marie",Primary PI,1170,Jones-Diamond,Sally Marie,jones diamond|s,TRUE,,,,FALSE
K000165458,2026,1170,Soil + Crop Sciences,FALSE,"Webb,Jason (Co-PI) 1170","Webb,Jason",Co-PI,1170,Webb,Jason,webb|j,TRUE,,,,FALSE
K000165455,2026,1170,Soil + Crop Sciences,FALSE,"Jones-Diamond,Sally Marie (Primary PI) 1170","Jones-Diamond,Sally Marie",Primary PI,1170,Jones-Diamond,Sally Marie,jones diamond|s,TRUE,,,,FALSE
K000165455,2026,1170,Soil + Crop Sciences,FALSE,"Webb,Jason (Co-PI) 1170","Webb,Jason",Co-PI,1170,Webb,Jason,webb|j,TRUE,,,,FALSE
K000165437,2026,1170,Soil + Crop Sciences,FALSE,"Wardle,Erik M (Primary PI) 1170","Wardle,Erik M",Primary PI,1170,Wardle,Erik M,wardle|e,TRUE,,,,FALSE
K000165437,2026,1170,Soil + Crop Sciences,FALSE,"Brown,Ansley Joseph (Co-PI) 1170","Brown,Ansley Joseph",Co-PI,1170,Brown,Ansley Joseph,brown|a,TRUE,,,,FALSE
K000165383,2026,1171,Animal Sciences,FALSE,"Enns,Richard Mark (Primary PI) 1171","Enns,Richard Mark",Primary PI,1171,Enns,Richard Mark,enns|r,TRUE,,,,FALSE
K000165383,2026,1171,Animal Sciences,FALSE,"Stackhouse-Lawson,Kimberly Rose (Co-PI) 1171","Stackhouse-Lawson,Kimberly Rose",Co-PI,1171,Stackhouse-Lawson,Kimberly Rose,stackhouse lawson|k,TRUE,,,,FALSE
K000165383,2026,1171,Animal Sciences,FALSE,"Thomas,Lily (Key Person) 1171","Thomas,Lily",Key Person,1171,Thomas,Lily,thomas|l,TRUE,,,,FALSE
K000165367,2026,1170,Soil + Crop Sciences,FALSE,"McKay,John K (Primary PI) 1170","McKay,John K",Primary PI,1170,McKay,John K,mckay|j,TRUE,,,,FALSE
K000165367,2026,1170,Soil + Crop Sciences,FALSE,"Dixit,Shikha (Key Person) 1170","Dixit,Shikha",Key Person,1170,Dixit,Shikha,dixit|s,TRUE,,,,FALSE
K000165351,2026,1177,Agricultural Biology,FALSE,"Gaines,Todd A (Primary PI) 1177","Gaines,Todd A",Primary PI,1177,Gaines,Todd A,gaines|t,TRUE,,,,FALSE
K000165334,2026,1170,Soil + Crop Sciences,FALSE,"Schipanski,Meagan Erin (Primary PI) 1170","Schipanski,Meagan Erin",Primary PI,1170,Schipanski,Meagan Erin,schipanski|m,TRUE,,,,FALSE
K000165334,2026,1170,Soil + Crop Sciences,FALSE,"Loudenback,Andrea (Key Person) 1170","Loudenback,Andrea",Key Person,1170,Loudenback,Andrea,loudenback|a,TRUE,,,,FALSE
K000165244,2026,1170,Soil + Crop Sciences,FALSE,"Schipanski,Meagan Erin (Primary PI) 1170","Schipanski,Meagan Erin",Primary PI,1170,Schipanski,Meagan Erin,schipanski|m,TRUE,,,,FALSE
K000165244,2026,1170,Soil + Crop Sciences,FALSE,"Heider-Kuhn,Nelson Tyler (Key Person) 1170","Heider-Kuhn,Nelson Tyler",Key Person,1170,Heider-Kuhn,Nelson Tyler,heider kuhn|n,TRUE,,,,FALSE
K000165011,2026,1173,Horticulture + Landscape Architecture,FALSE,"Bagheri Toulabi,Sahar (Primary PI) 1173","Bagheri Toulabi,Sahar",Primary PI,1173,Bagheri Toulabi,Sahar,bagheri toulabi|s,TRUE,,,,FALSE
K000165011,2026,1173,Horticulture + Landscape Architecture,FALSE,"Weir,Tiffany L (Key Person) 1571","Weir,Tiffany L",Key Person,1571,Weir,Tiffany L,weir|t,TRUE,,,,FALSE
K000165214,2026,1177,Agricultural Biology,FALSE,"Nalam,Vamsi (Primary PI) 1177","Nalam,Vamsi",Primary PI,1177,Nalam,Vamsi,nalam|v,TRUE,,,,FALSE
K000165214,2026,1177,Agricultural Biology,FALSE,"Voelker,Kyah Ann (Co-PI) 3043","Voelker,Kyah Ann",Co-PI,3043,Voelker,Kyah Ann,voelker|k,TRUE,,,,FALSE
K000165214,2026,1177,Agricultural Biology,FALSE,"Messier,Elizabeth Caitlyn (Co-PI) 3043","Messier,Elizabeth Caitlyn",Co-PI,3043,Messier,Elizabeth Caitlyn,messier|e,TRUE,,,,FALSE
K000165214,2026,1177,Agricultural Biology,FALSE,"Gray,Caroline Porter (Co-PI) 3043","Gray,Caroline Porter",Co-PI,3043,Gray,Caroline Porter,gray|c,TRUE,,,,FALSE
K000165119,2026,1171,Animal Sciences,FALSE,"Engle,Terry E (Primary PI) 1171","Engle,Terry E",Primary PI,1171,Engle,Terry E,engle|t,TRUE,,,,FALSE
K000165119,2026,1171,Animal Sciences,FALSE,"Edwards-Callaway,Lily Nowell (Co-PI) 1171","Edwards-Callaway,Lily Nowell",Co-PI,1171,Edwards-Callaway,Lily Nowell,edwards callaway|l,TRUE,,,,FALSE
K000165342,2026,1173,Horticulture + Landscape Architecture,FALSE,"Vivanco,Jorge M (Primary PI) 1173","Vivanco,Jorge M",Primary PI,1173,Vivanco,Jorge M,vivanco|j,TRUE,,,,FALSE
K000165394,2026,1173,Horticulture + Landscape Architecture,FALSE,"Miller,Chad (Primary PI) 1173","Miller,Chad",Primary PI,1173,Miller,Chad,miller|c,TRUE,,,,FALSE
K000165107,2026,1177,Agricultural Biology,FALSE,"Nachappa,Punya (Primary PI) 1177","Nachappa,Punya",Primary PI,1177,Nachappa,Punya,nachappa|p,TRUE,,,,FALSE
K000165269,2026,1177,Agricultural Biology,FALSE,"Nachappa,Punya (Primary PI) 1177","Nachappa,Punya",Primary PI,1177,Nachappa,Punya,nachappa|p,TRUE,,,,FALSE
K000165178,2026,1173,Horticulture + Landscape Architecture,FALSE,"Jayanty,Sastry SSGM (Primary PI) 1173","Jayanty,Sastry SSGM",Primary PI,1173,Jayanty,Sastry SSGM,jayanty|s,TRUE,,,,FALSE
K000165178,2026,1173,Horticulture + Landscape Architecture,FALSE,"Czarnecki,Zachary A (Co-PI) 3043","Czarnecki,Zachary A",Co-PI,3043,Czarnecki,Zachary A,czarnecki|z,TRUE,,,,FALSE
K000165156,2026,1173,Horticulture + Landscape Architecture,FALSE,"Thompson,Henry J (Primary PI) 1173","Thompson,Henry J",Primary PI,1173,Thompson,Henry J,thompson|h,TRUE,,,,FALSE
K000165103,2026,1173,Horticulture + Landscape Architecture,FALSE,"Bauerle,William L (Primary PI) 1173","Bauerle,William L",Primary PI,1173,Bauerle,William L,bauerle|w,TRUE,,,,FALSE
K000165186,2026,1177,Agricultural Biology,FALSE,"Nalam,Vamsi (Primary PI) 1177","Nalam,Vamsi",Primary PI,1177,Nalam,Vamsi,nalam|v,TRUE,,,,FALSE
K000165102,2026,1173,Horticulture + Landscape Architecture,FALSE,"Jayanty,Sastry SSGM (Primary PI) 1173","Jayanty,Sastry SSGM",Primary PI,1173,Jayanty,Sastry SSGM,jayanty|s,TRUE,,,,FALSE
K000165081,2026,1170,Soil + Crop Sciences,FALSE,"Willige,Bjorn Christopher (Primary PI) 1170","Willige,Bjorn Christopher",Primary PI,1170,Willige,Bjorn Christopher,willige|b,TRUE,,,,FALSE
K000165006,2026,1171,Animal Sciences,FALSE,"Coleman,Stephen John (Primary PI) 1171","Coleman,Stephen John",Primary PI,1171,Coleman,Stephen John,coleman|s,TRUE,,,,FALSE
K000164963,2026,1173,Horticulture + Landscape Architecture,FALSE,"Thompson,Henry J (Primary PI) 1173","Thompson,Henry J",Primary PI,1173,Thompson,Henry J,thompson|h,TRUE,,,,FALSE
K000164861,2026,1171,Animal Sciences,FALSE,"Zhang,Peipei (Primary PI) 1171","Zhang,Peipei",Primary PI,1171,Zhang,Peipei,zhang|p,TRUE,,,,FALSE
K000164978,2026,1170,Soil + Crop Sciences,FALSE,"Firth,Alexandra (Primary PI) 1170","Firth,Alexandra",Primary PI,1170,Firth,Alexandra,firth|a,TRUE,,,,FALSE
K000164973,2026,1170,Soil + Crop Sciences,FALSE,"Blecker,Steven (Primary PI) 3001","Blecker,Steven",Primary PI,3001,Blecker,Steven,blecker|s,TRUE,,,,FALSE
K000164973,2026,1170,Soil + Crop Sciences,FALSE,"Buchanan,Cassidy Michelle (Co-PI) 1170","Buchanan,Cassidy Michelle",Co-PI,1170,Buchanan,Cassidy Michelle,buchanan|c,TRUE,,,,FALSE
K000164969,2026,1177,Agricultural Biology,FALSE,"Hufbauer,Ruth A (Primary PI) 1177","Hufbauer,Ruth A",Primary PI,1177,Hufbauer,Ruth A,hufbauer|r,TRUE,,,,FALSE
K000164969,2026,1177,Agricultural Biology,FALSE,"Mola,John (Co-PI) 1472","Mola,John",Co-PI,1472,Mola,John,mola|j,TRUE,,,,FALSE
K000164957,2026,1173,Horticulture + Landscape Architecture,FALSE,"Gutierrez-Rodriguez,Eduardo (Primary PI) 1173","Gutierrez-Rodriguez,Eduardo",Primary PI,1173,Gutierrez-Rodriguez,Eduardo,gutierrez rodriguez|e,TRUE,,,,FALSE
K000164929,2026,1170,Soil + Crop Sciences,FALSE,"Jones-Diamond,Sally Marie (Primary PI) 1170","Jones-Diamond,Sally Marie",Primary PI,1170,Jones-Diamond,Sally Marie,jones diamond|s,TRUE,,,,FALSE
K000164904,2026,1177,Agricultural Biology,FALSE,"Shergill,Lovreet S (Primary PI) 1177","Shergill,Lovreet S",Primary PI,1177,Shergill,Lovreet S,shergill|l,TRUE,,,,FALSE
K000164904,2026,1177,Agricultural Biology,FALSE,"Gaines,Todd A (Co-PI) 1177","Gaines,Todd A",Co-PI,1177,Gaines,Todd A,gaines|t,TRUE,,,,FALSE
K000164904,2026,1177,Agricultural Biology,FALSE,"Brar,Akamjot Singh (Co-PI) 1177","Brar,Akamjot Singh",Co-PI,1177,Brar,Akamjot Singh,brar|a,TRUE,,,,FALSE
K000164904,2026,1177,Agricultural Biology,FALSE,"Dayan,Franck E (Co-PI) 1177","Dayan,Franck E",Co-PI,1177,Dayan,Franck E,dayan|f,TRUE,,,,FALSE
K000164903,2026,1177,Agricultural Biology,FALSE,"Shergill,Lovreet S (Primary PI) 1177","Shergill,Lovreet S",Primary PI,1177,Shergill,Lovreet S,shergill|l,TRUE,,,,FALSE
K000164903,2026,1177,Agricultural Biology,FALSE,"Brar,Akamjot Singh (Co-PI) 1177","Brar,Akamjot Singh",Co-PI,1177,Brar,Akamjot Singh,brar|a,TRUE,,,,FALSE
K000164721,2025,1173,Horticulture + Landscape Architecture,FALSE,"Burcham,Daniel C (Primary PI) 1173","Burcham,Daniel C",Primary PI,1173,Burcham,Daniel C,burcham|d,TRUE,,,,FALSE
K000164721,2025,1173,Horticulture + Landscape Architecture,FALSE,"Martin,Jonathan (Co-PI) 1173","Martin,Jonathan",Co-PI,1173,Martin,Jonathan,martin|j,TRUE,,,,FALSE
K000164774,2025,1170,Soil + Crop Sciences,FALSE,"Willige,Bjorn Christopher (Primary PI) 1170","Willige,Bjorn Christopher",Primary PI,1170,Willige,Bjorn Christopher,willige|b,TRUE,,,,FALSE
K000164774,2025,1170,Soil + Crop Sciences,FALSE,"Wilkins,Michael James (Co-PI) 1170","Wilkins,Michael James",Co-PI,1170,Wilkins,Michael James,wilkins|m,TRUE,,,,FALSE
K000164774,2025,1170,Soil + Crop Sciences,FALSE,"Borch,Thomas (Co-PI) 1170","Borch,Thomas",Co-PI,1170,Borch,Thomas,borch|t,TRUE,,,,FALSE
K000164774,2025,1170,Soil + Crop Sciences,FALSE,"Saldierna Guzman,Jessica Paola (Co-PI) 1170","Saldierna Guzman,Jessica Paola",Co-PI,1170,Saldierna Guzman,Jessica Paola,saldierna guzman|j,TRUE,,,,FALSE
K000164771,2025,1173,Horticulture + Landscape Architecture,FALSE,"Minas,Ioannis (Primary PI) 1173","Minas,Ioannis",Primary PI,1173,Minas,Ioannis,minas|i,TRUE,,,,FALSE
K000164771,2025,1173,Horticulture + Landscape Architecture,FALSE,"Pieper,Jeff R (Co-PI) 4030","Pieper,Jeff R",Co-PI,4030,Pieper,Jeff R,pieper|j,TRUE,,,,FALSE
K000164769,2025,1170,Soil + Crop Sciences,FALSE,"Fonte,Steven John (Primary PI) 1170","Fonte,Steven John",Primary PI,1170,Fonte,Steven John,fonte|s,TRUE,,,,FALSE
K000164769,2025,1170,Soil + Crop Sciences,FALSE,"Vanek,Steven John (Co-PI) 1170","Vanek,Steven John",Co-PI,1170,Vanek,Steven John,vanek|s,TRUE,,,,FALSE
K000164734,2025,1170,Soil + Crop Sciences,FALSE,"Morris,Geoffrey Preston (Primary PI) 1170","Morris,Geoffrey Preston",Primary PI,1170,Morris,Geoffrey Preston,morris|g,TRUE,,,,FALSE
K000164715,2025,1171,Animal Sciences,FALSE,"Martin,Jennifer Nicole (Primary PI) 1171","Martin,Jennifer Nicole",Primary PI,1171,Martin,Jennifer Nicole,martin|j,TRUE,,,,FALSE
K000164715,2025,1171,Animal Sciences,FALSE,"McKenna,Kelly Noelle (Co-PI) 1588","McKenna,Kelly Noelle",Co-PI,1588,McKenna,Kelly Noelle,mckenna|k,TRUE,,,,FALSE
K000164715,2025,1171,Animal Sciences,FALSE,"Duffy,Andrea E (Co-PI) 1776","Duffy,Andrea E",Co-PI,1776,Duffy,Andrea E,duffy|a,TRUE,,,,FALSE
K000164715,2025,1171,Animal Sciences,FALSE,"Thilmany,Dawn D (Co-PI) 1172","Thilmany,Dawn D",Co-PI,1172,Thilmany,Dawn D,thilmany|d,TRUE,Thilmany,Dawn,Ag and Food,TRUE
K000164715,2025,1171,Animal Sciences,FALSE,"Enns,Kellie J (Co-PI) 1172","Enns,Kellie J",Co-PI,1172,Enns,Kellie J,enns|k,TRUE,Enns,Kellie,Ag Ed,TRUE
K000164714,2025,1177,Agricultural Biology,FALSE,"Roberts,Robyn (Primary PI) 1177","Roberts,Robyn",Primary PI,1177,Roberts,Robyn,roberts|r,TRUE,,,,FALSE
K000164714,2025,1177,Agricultural Biology,FALSE,"Luna,Emily Katrin (Co-PI) 1177","Luna,Emily Katrin",Co-PI,1177,Luna,Emily Katrin,luna|e,TRUE,,,,FALSE
K000164687,2025,1171,Animal Sciences,FALSE,"Engle,Terry E (Primary PI) 1171","Engle,Terry E",Primary PI,1171,Engle,Terry E,engle|t,TRUE,,,,FALSE
K000164675,2025,1170,Soil + Crop Sciences,FALSE,"Jones-Diamond,Sally Marie (Primary PI) 1170","Jones-Diamond,Sally Marie",Primary PI,1170,Jones-Diamond,Sally Marie,jones diamond|s,TRUE,,,,FALSE
K000164675,2025,1170,Soil + Crop Sciences,FALSE,"Brar,Akamjot Singh (Co-PI) 1177","Brar,Akamjot Singh",Co-PI,1177,Brar,Akamjot Singh,brar|a,TRUE,,,,FALSE
K000164675,2025,1170,Soil + Crop Sciences,FALSE,"Shergill,Lovreet S (Co-PI) 1177","Shergill,Lovreet S",Co-PI,1177,Shergill,Lovreet S,shergill|l,TRUE,,,,FALSE
K000164675,2025,1170,Soil + Crop Sciences,FALSE,"Webb,Jason (Co-PI) 1170","Webb,Jason",Co-PI,1170,Webb,Jason,webb|j,TRUE,,,,FALSE
K000164627,2025,1177,Agricultural Biology,FALSE,"Blecker,Lisa Ann (Primary PI) 1177","Blecker,Lisa Ann",Primary PI,1177,Blecker,Lisa Ann,blecker|l,TRUE,,,,FALSE
K000164627,2025,1177,Agricultural Biology,FALSE,"Geisterfer,Hannah Lisanne (Co-PI) 1177","Geisterfer,Hannah Lisanne",Co-PI,1177,Geisterfer,Hannah Lisanne,geisterfer|h,TRUE,,,,FALSE
K000164610,2025,1171,Animal Sciences,FALSE,"Coleman,Stephen John (Primary PI) 1171","Coleman,Stephen John",Primary PI,1171,Coleman,Stephen John,coleman|s,TRUE,,,,FALSE
K000161282,2025,1177,Agricultural Biology,FALSE,"Gaines,Todd A (Primary PI) 1177","Gaines,Todd A",Primary PI,1177,Gaines,Todd A,gaines|t,TRUE,,,,FALSE
K000164665,2025,1173,Horticulture + Landscape Architecture,FALSE,"Thompson,Henry J (Primary PI) 1173","Thompson,Henry J",Primary PI,1173,Thompson,Henry J,thompson|h,TRUE,,,,FALSE
K000164665,2025,1173,Horticulture + Landscape Architecture,FALSE,"Neil-McDonald,Elizabeth Susan (Key Person) 1173","Neil-McDonald,Elizabeth Susan",Key Person,1173,Neil-McDonald,Elizabeth Susan,neil mcdonald|e,TRUE,,,,FALSE
K000164665,2025,1173,Horticulture + Landscape Architecture,FALSE,"McGinley,John N (Key Person) 1173","McGinley,John N",Key Person,1173,McGinley,John N,mcginley|j,TRUE,,,,FALSE
K000164663,2025,1173,Horticulture + Landscape Architecture,FALSE,"Gutierrez-Rodriguez,Eduardo (Primary PI) 1173","Gutierrez-Rodriguez,Eduardo",Primary PI,1173,Gutierrez-Rodriguez,Eduardo,gutierrez rodriguez|e,TRUE,,,,FALSE
K000164663,2025,1173,Horticulture + Landscape Architecture,FALSE,"Davidson,Jeffery William (Co-PI) 3040","Davidson,Jeffery William",Co-PI,3040,Davidson,Jeffery William,davidson|j,TRUE,,,,FALSE
K000164663,2025,1173,Horticulture + Landscape Architecture,FALSE,"Bartolo,Kristi L (Co-PI) 3040","Bartolo,Kristi L",Co-PI,3040,Bartolo,Kristi L,bartolo|k,TRUE,,,,FALSE
K000164021,2025,1172,Agricultural + Resource Economics,TRUE,"Burkhardt,Jesse Brodie (Primary PI) 1172","Burkhardt,Jesse Brodie",Primary PI,1172,Burkhardt,Jesse Brodie,burkhardt|j,TRUE,Burkhardt,Jesse,ENRE,TRUE
K000164021,2025,1172,Agricultural + Resource Economics,TRUE,"DeLay,Nathan D (Co-PI) 1172","DeLay,Nathan D",Co-PI,1172,DeLay,Nathan D,delay|n,TRUE,DeLay,Nathan,Ag and Food,TRUE
K000164021,2025,1172,Agricultural + Resource Economics,TRUE,"Fischer,Emily V (Co-PI) 1371","Fischer,Emily V",Co-PI,1371,Fischer,Emily V,fischer|e,TRUE,,,,FALSE
K000164462,2025,1177,Agricultural Biology,FALSE,"Charkowski,Amy Olymbia (Primary PI) 1101","Charkowski,Amy Olymbia",Primary PI,1101,Charkowski,Amy Olymbia,charkowski|a,TRUE,,,,FALSE
K000164036,2025,1172,Agricultural + Resource Economics,TRUE,"Suter,Jordan (Primary PI) 1172","Suter,Jordan",Primary PI,1172,Suter,Jordan,suter|j,TRUE,Suter,Jordan,ENRE,TRUE
K000164036,2025,1172,Agricultural + Resource Economics,TRUE,"Hill,Rebecca Lynn (Key Person) 4040","Hill,Rebecca Lynn",Key Person,4040,Hill,Rebecca Lynn,hill|r,TRUE,,,,FALSE
K000164442,2025,1177,Agricultural Biology,FALSE,"Roberts,Robyn (Primary PI) 1177","Roberts,Robyn",Primary PI,1177,Roberts,Robyn,roberts|r,TRUE,,,,FALSE
K000164377,2025,1171,Animal Sciences,FALSE,"Manriquez Alvarez,Diego Ignacio (Primary PI) 1171","Manriquez Alvarez,Diego Ignacio",Primary PI,1171,Manriquez Alvarez,Diego Ignacio,manriquez alvarez|d,TRUE,,,,FALSE
K000164377,2025,1171,Animal Sciences,FALSE,"Goncalves Da Costa,Bianca (Co-PI) 1171","Goncalves Da Costa,Bianca",Co-PI,1171,Goncalves Da Costa,Bianca,goncalves da costa|b,TRUE,,,,FALSE
K000164423,2025,1177,Agricultural Biology,FALSE,"Ode,Paul James (Primary PI) 1177","Ode,Paul James",Primary PI,1177,Ode,Paul James,ode|p,TRUE,,,,FALSE
K000164373,2025,1177,Agricultural Biology,FALSE,"Ode,Paul James (Primary PI) 1177","Ode,Paul James",Primary PI,1177,Ode,Paul James,ode|p,TRUE,,,,FALSE
K000164244,2025,1173,Horticulture + Landscape Architecture,FALSE,"Burcham,Daniel C (Primary PI) 1173","Burcham,Daniel C",Primary PI,1173,Burcham,Daniel C,burcham|d,TRUE,,,,FALSE
K000164044,2025,1177,Agricultural Biology,FALSE,"Stewart,Jane E (Primary PI) 1177","Stewart,Jane E",Primary PI,1177,Stewart,Jane E,stewart|j,TRUE,,,,FALSE
K000163610,2025,1177,Agricultural Biology,FALSE,"Shergill,Lovreet S (Primary PI) 1177","Shergill,Lovreet S",Primary PI,1177,Shergill,Lovreet S,shergill|l,TRUE,,,,FALSE
K000163610,2025,1177,Agricultural Biology,FALSE,"Webb,Jason (Co-PI) 1170","Webb,Jason",Co-PI,1170,Webb,Jason,webb|j,TRUE,,,,FALSE
K000163610,2025,1177,Agricultural Biology,FALSE,"Schipanski,Meagan Erin (Co-PI) 1170","Schipanski,Meagan Erin",Co-PI,1170,Schipanski,Meagan Erin,schipanski|m,TRUE,,,,FALSE
K000163805,2025,1171,Animal Sciences,FALSE,"Fedorka,Carleigh Elizabeth (Primary PI) 1171","Fedorka,Carleigh Elizabeth",Primary PI,1171,Fedorka,Carleigh Elizabeth,fedorka|c,TRUE,,,,FALSE
K000163805,2025,1171,Animal Sciences,FALSE,"Hatzel,Jennifer Noelle (Co-PI) 1678","Hatzel,Jennifer Noelle",Co-PI,1678,Hatzel,Jennifer Noelle,hatzel|j,TRUE,,,,FALSE
K000163805,2025,1171,Animal Sciences,FALSE,"Sones,Jennifer L (Co-PI) 1678","Sones,Jennifer L",Co-PI,1678,Sones,Jennifer L,sones|j,TRUE,,,,FALSE
K000164710,2025,1170,Soil + Crop Sciences,FALSE,"Webb,Jason (Primary PI) 1170","Webb,Jason",Primary PI,1170,Webb,Jason,webb|j,TRUE,,,,FALSE
K000164710,2025,1170,Soil + Crop Sciences,FALSE,"Jones-Diamond,Sally Marie (Co-PI) 1170","Jones-Diamond,Sally Marie",Co-PI,1170,Jones-Diamond,Sally Marie,jones diamond|s,TRUE,,,,FALSE
K000164543,2025,1173,Horticulture + Landscape Architecture,FALSE,"Gutierrez-Rodriguez,Eduardo (Primary PI) 1173","Gutierrez-Rodriguez,Eduardo",Primary PI,1173,Gutierrez-Rodriguez,Eduardo,gutierrez rodriguez|e,TRUE,,,,FALSE
K000164543,2025,1173,Horticulture + Landscape Architecture,FALSE,"Didero,Nicole Marie (Co-PI) 4030","Didero,Nicole Marie",Co-PI,4030,Didero,Nicole Marie,didero|n,TRUE,,,,FALSE
K000164543,2025,1173,Horticulture + Landscape Architecture,FALSE,"Uchanski,Mark E (Co-PI) 1173","Uchanski,Mark E",Co-PI,1173,Uchanski,Mark E,uchanski|m,TRUE,,,,FALSE
K000164535,2025,1177,Agricultural Biology,FALSE,"Stewart,Jane E (Primary PI) 1177","Stewart,Jane E",Primary PI,1177,Stewart,Jane E,stewart|j,TRUE,,,,FALSE
K000164535,2025,1177,Agricultural Biology,FALSE,"Pieper,Jeff R (Co-PI) 4030","Pieper,Jeff R",Co-PI,4030,Pieper,Jeff R,pieper|j,TRUE,,,,FALSE
K000164535,2025,1177,Agricultural Biology,FALSE,"Tonnessen,Bradley William (Co-PI) 3046","Tonnessen,Bradley William",Co-PI,3046,Tonnessen,Bradley William,tonnessen|b,TRUE,,,,FALSE
K000164535,2025,1177,Agricultural Biology,FALSE,"Sterle,David Gabriel (Co-PI) 3046","Sterle,David Gabriel",Co-PI,3046,Sterle,David Gabriel,sterle|d,TRUE,,,,FALSE
K000163910,2025,1171,Animal Sciences,FALSE,"Fedorka,Carleigh Elizabeth (Primary PI) 1171","Fedorka,Carleigh Elizabeth",Primary PI,1171,Fedorka,Carleigh Elizabeth,fedorka|c,TRUE,,,,FALSE
K000163910,2025,1171,Animal Sciences,FALSE,"Sones,Jennifer L (Co-PI) 1678","Sones,Jennifer L",Co-PI,1678,Sones,Jennifer L,sones|j,TRUE,,,,FALSE
K000163910,2025,1171,Animal Sciences,FALSE,"Bosco-Lauth,Angela M (Co-PI) 1680","Bosco-Lauth,Angela M",Co-PI,1680,Bosco-Lauth,Angela M,bosco lauth|a,TRUE,,,,FALSE
K000163929,2025,1173,Horticulture + Landscape Architecture,FALSE,"Jayanty,Sastry SSGM (Primary PI) 1173","Jayanty,Sastry SSGM",Primary PI,1173,Jayanty,Sastry SSGM,jayanty|s,TRUE,,,,FALSE
K000163929,2025,1173,Horticulture + Landscape Architecture,FALSE,"Lavhale,Santosh Govind (Co-PI) 1173","Lavhale,Santosh Govind",Co-PI,1173,Lavhale,Santosh Govind,lavhale|s,TRUE,,,,FALSE
K000163929,2025,1173,Horticulture + Landscape Architecture,FALSE,"Khakhar,Arjun (Co-PI) 1878","Khakhar,Arjun",Co-PI,1878,Khakhar,Arjun,khakhar|a,TRUE,,,,FALSE
K000164556,2025,1170,Soil + Crop Sciences,FALSE,"Machmuller,Megan B (Primary PI) 1170","Machmuller,Megan B",Primary PI,1170,Machmuller,Megan B,machmuller|m,TRUE,,,,FALSE
K000164556,2025,1170,Soil + Crop Sciences,FALSE,"Namuth Covert,Deana Michelle (Co-PI) 1170","Namuth Covert,Deana Michelle",Co-PI,1170,Namuth Covert,Deana Michelle,namuth covert|d,TRUE,,,,FALSE
K000164556,2025,1170,Soil + Crop Sciences,FALSE,"Ellis,Elizabeth Marie (Co-PI) 1170","Ellis,Elizabeth Marie",Co-PI,1170,Ellis,Elizabeth Marie,ellis|e,TRUE,,,,FALSE
K000164572,2025,1171,Animal Sciences,FALSE,"Catalano,Devan Noelle (Primary PI) 1171","Catalano,Devan Noelle",Primary PI,1171,Catalano,Devan Noelle,catalano|d,TRUE,,,,FALSE
K000164572,2025,1171,Animal Sciences,FALSE,"Melgar Velis,Karla Maria (Co-PI) 4010","Melgar Velis,Karla Maria",Co-PI,4010,Melgar Velis,Karla Maria,melgar velis|k,TRUE,,,,FALSE
K000164625,2025,1170,Soil + Crop Sciences,FALSE,"Pottorff,Laura Pickett (Primary PI) 1170","Pottorff,Laura Pickett",Primary PI,1170,Pottorff,Laura Pickett,pottorff|l,TRUE,,,,FALSE
K000164625,2025,1170,Soil + Crop Sciences,FALSE,"Crowl,Randall Lee (Co-PI) 1170","Crowl,Randall Lee",Co-PI,1170,Crowl,Randall Lee,crowl|r,TRUE,,,,FALSE
K000164652,2025,1170,Soil + Crop Sciences,FALSE,"Fowler,Ames (Primary PI) 1170","Fowler,Ames",Primary PI,1170,Fowler,Ames,fowler|a,TRUE,,,,FALSE
K000164652,2025,1170,Soil + Crop Sciences,FALSE,"Faria Tavares De Souza,Ligia (Co-PI) 1170","Faria Tavares De Souza,Ligia",Co-PI,1170,Faria Tavares De Souza,Ligia,faria tavares de souza|l,TRUE,,,,FALSE
K000164315,2025,1177,Agricultural Biology,FALSE,"Nalam,Vamsi (Primary PI) 1177","Nalam,Vamsi",Primary PI,1177,Nalam,Vamsi,nalam|v,TRUE,,,,FALSE
K000164315,2025,1177,Agricultural Biology,FALSE,"Han,Jinlong (Co-PI) 1177","Han,Jinlong",Co-PI,1177,Han,Jinlong,han|j,TRUE,,,,FALSE
K000164441,2025,1171,Animal Sciences,FALSE,"Manriquez Alvarez,Diego Ignacio (Primary PI) 1171","Manriquez Alvarez,Diego Ignacio",Primary PI,1171,Manriquez Alvarez,Diego Ignacio,manriquez alvarez|d,TRUE,,,,FALSE
K000164461,2025,1177,Agricultural Biology,FALSE,"Hufbauer,Ruth A (Primary PI) 1177","Hufbauer,Ruth A",Primary PI,1177,Hufbauer,Ruth A,hufbauer|r,TRUE,,,,FALSE
K000164461,2025,1177,Agricultural Biology,FALSE,"Ode,Paul James (Co-PI) 1177","Ode,Paul James",Co-PI,1177,Ode,Paul James,ode|p,TRUE,,,,FALSE
K000164461,2025,1177,Agricultural Biology,FALSE,"Eubanks,Micky (Co-PI) 1177","Eubanks,Micky",Co-PI,1177,Eubanks,Micky,eubanks|m,TRUE,,,,FALSE
K000164365,2025,1177,Agricultural Biology,FALSE,"Szczepaniec,Adrianna (Primary PI) 1177","Szczepaniec,Adrianna",Primary PI,1177,Szczepaniec,Adrianna,szczepaniec|a,TRUE,,,,FALSE
K000164365,2025,1177,Agricultural Biology,FALSE,"Mooney,Daniel F (Co-PI) 1172","Mooney,Daniel F",Co-PI,1172,Mooney,Daniel F,mooney|d,TRUE,Mooney,Daniel,Ag and Food,TRUE
K000164365,2025,1177,Agricultural Biology,FALSE,"Eubanks,Micky (Co-PI) 1177","Eubanks,Micky",Co-PI,1177,Eubanks,Micky,eubanks|m,TRUE,,,,FALSE
K000164484,2025,1171,Animal Sciences,FALSE,"Stackhouse-Lawson,Kimberly Rose (Primary PI) 1171","Stackhouse-Lawson,Kimberly Rose",Primary PI,1171,Stackhouse-Lawson,Kimberly Rose,stackhouse lawson|k,TRUE,,,,FALSE
K000164484,2025,1171,Animal Sciences,FALSE,"Enns,Richard Mark (Co-PI) 1171","Enns,Richard Mark",Co-PI,1171,Enns,Richard Mark,enns|r,TRUE,,,,FALSE
K000164582,2025,1173,Horticulture + Landscape Architecture,FALSE,"Prenni,Jessica E (Primary PI) 1173","Prenni,Jessica E",Primary PI,1173,Prenni,Jessica E,prenni|j,TRUE,,,,FALSE
K000164503,2025,1177,Agricultural Biology,FALSE,"Britt,Kadie Elizabeth (Primary PI) 1177","Britt,Kadie Elizabeth",Primary PI,1177,Britt,Kadie Elizabeth,britt|k,TRUE,,,,FALSE
K000164503,2025,1177,Agricultural Biology,FALSE,"Szczepaniec,Adrianna (Co-PI) 1177","Szczepaniec,Adrianna",Co-PI,1177,Szczepaniec,Adrianna,szczepaniec|a,TRUE,,,,FALSE
K000164094,2025,1173,Horticulture + Landscape Architecture,FALSE,"Bousselot,Jennifer M (Primary PI) 1173","Bousselot,Jennifer M",Primary PI,1173,Bousselot,Jennifer M,bousselot|j,TRUE,,,,FALSE
K000164197,2025,1171,Animal Sciences,FALSE,"Engle,Terry E (Primary PI) 1171","Engle,Terry E",Primary PI,1171,Engle,Terry E,engle|t,TRUE,,,,FALSE
K000164197,2025,1171,Animal Sciences,FALSE,"Chicco,Adam Joseph (Co-PI) 1680","Chicco,Adam Joseph",Co-PI,1680,Chicco,Adam Joseph,chicco|a,TRUE,,,,FALSE
K000164197,2025,1171,Animal Sciences,FALSE,"Narayanan Nair,Mahesh (Co-PI) 1171","Narayanan Nair,Mahesh",Co-PI,1171,Narayanan Nair,Mahesh,narayanan nair|m,TRUE,,,,FALSE
K000163928,2025,1171,Animal Sciences,FALSE,"Fedorka,Carleigh Elizabeth (Primary PI) 1171","Fedorka,Carleigh Elizabeth",Primary PI,1171,Fedorka,Carleigh Elizabeth,fedorka|c,TRUE,,,,FALSE
K000163664,2025,1170,Soil + Crop Sciences,FALSE,"Jones-Diamond,Sally Marie (Primary PI) 1170","Jones-Diamond,Sally Marie",Primary PI,1170,Jones-Diamond,Sally Marie,jones diamond|s,TRUE,,,,FALSE
K000164195,2025,1173,Horticulture + Landscape Architecture,FALSE,"Gutierrez-Rodriguez,Eduardo (Primary PI) 1173","Gutierrez-Rodriguez,Eduardo",Primary PI,1173,Gutierrez-Rodriguez,Eduardo,gutierrez rodriguez|e,TRUE,,,,FALSE
K000164195,2025,1173,Horticulture + Landscape Architecture,FALSE,"Davidson,Jeffery William (Key Person) 3040","Davidson,Jeffery William",Key Person,3040,Davidson,Jeffery William,davidson|j,TRUE,,,,FALSE
K000164195,2025,1173,Horticulture + Landscape Architecture,FALSE,"Bartolo,Kristi L (Key Person) 3040","Bartolo,Kristi L",Key Person,3040,Bartolo,Kristi L,bartolo|k,TRUE,,,,FALSE
K000163932,2025,1173,Horticulture + Landscape Architecture,FALSE,"Jayanty,Sastry SSGM (Primary PI) 1173","Jayanty,Sastry SSGM",Primary PI,1173,Jayanty,Sastry SSGM,jayanty|s,TRUE,,,,FALSE
K000163932,2025,1173,Horticulture + Landscape Architecture,FALSE,"Lavhale,Santosh Govind (Co-PI) 1173","Lavhale,Santosh Govind",Co-PI,1173,Lavhale,Santosh Govind,lavhale|s,TRUE,,,,FALSE
K000163958,2025,1170,Soil + Crop Sciences,FALSE,"Wilkins,Michael James (Primary PI) 1170","Wilkins,Michael James",Primary PI,1170,Wilkins,Michael James,wilkins|m,TRUE,,,,FALSE
K000164443,2025,1177,Agricultural Biology,FALSE,"Stewart,Jane E (Primary PI) 1177","Stewart,Jane E",Primary PI,1177,Stewart,Jane E,stewart|j,TRUE,,,,FALSE
K000164361,2025,1172,Agricultural + Resource Economics,TRUE,"Mooney,Daniel F (Primary PI) 1172","Mooney,Daniel F",Primary PI,1172,Mooney,Daniel F,mooney|d,TRUE,Mooney,Daniel,Ag and Food,TRUE
K000164361,2025,1172,Agricultural + Resource Economics,TRUE,"Cabot,Perry Edmund (Co-PI) 1033","Cabot,Perry Edmund",Co-PI,1033,Cabot,Perry Edmund,cabot|p,TRUE,,,,FALSE
K000164464,2025,1171,Animal Sciences,FALSE,"Raynor,Edward James (Primary PI) 1171","Raynor,Edward James",Primary PI,1171,Raynor,Edward James,raynor|e,TRUE,,,,FALSE
K000164464,2025,1171,Animal Sciences,FALSE,"Shadbolt,Anna Margaux (Key Person) 1171","Shadbolt,Anna Margaux",Key Person,1171,Shadbolt,Anna Margaux,shadbolt|a,TRUE,,,,FALSE
K000164130,2025,1170,Soil + Crop Sciences,FALSE,"Yilma,Wubengeda Admasu (Primary PI) 1170","Yilma,Wubengeda Admasu",Primary PI,1170,Yilma,Wubengeda Admasu,yilma|w,TRUE,,,,FALSE
K000164130,2025,1170,Soil + Crop Sciences,FALSE,"Hamilton,Christine London (Co-PI) 1170","Hamilton,Christine London",Co-PI,1170,Hamilton,Christine London,hamilton|c,TRUE,,,,FALSE
K000164130,2025,1170,Soil + Crop Sciences,FALSE,"Martin,Timothy (Co-PI) 1170","Martin,Timothy",Co-PI,1170,Martin,Timothy,martin|t,TRUE,,,,FALSE
K000164130,2025,1170,Soil + Crop Sciences,FALSE,"Kremen,Amy E (Co-PI) 1170","Kremen,Amy E",Co-PI,1170,Kremen,Amy E,kremen|a,TRUE,,,,FALSE
K000164130,2025,1170,Soil + Crop Sciences,FALSE,"Izrael,Omer (Co-PI) 1170","Izrael,Omer",Co-PI,1170,Izrael,Omer,izrael|o,TRUE,,,,FALSE
K000164049,2025,1172,Agricultural + Resource Economics,TRUE,"Graff,Gregory D (Primary PI) 1172","Graff,Gregory D",Primary PI,1172,Graff,Gregory D,graff|g,TRUE,Graff,Gregory,Ag and Food,TRUE
K000164172,2025,1173,Horticulture + Landscape Architecture,FALSE,"Craver,Joshua Ken (Primary PI) 1173","Craver,Joshua Ken",Primary PI,1173,Craver,Joshua Ken,craver|j,TRUE,,,,FALSE
K000164132,2025,1177,Agricultural Biology,FALSE,"Argueso,Cristiana (Primary PI) 1177","Argueso,Cristiana",Primary PI,1177,Argueso,Cristiana,argueso|c,TRUE,,,,FALSE
K000164132,2025,1177,Agricultural Biology,FALSE,"Berenjian,Aydin (Co-PI) 1378","Berenjian,Aydin",Co-PI,1378,Berenjian,Aydin,berenjian|a,TRUE,,,,FALSE
K000164259,2025,1171,Animal Sciences,FALSE,"Enns,Richard Mark (Primary PI) 1171","Enns,Richard Mark",Primary PI,1171,Enns,Richard Mark,enns|r,TRUE,,,,FALSE
K000164259,2025,1171,Animal Sciences,FALSE,"Speidel,Scott E (Co-PI) 1171","Speidel,Scott E",Co-PI,1171,Speidel,Scott E,speidel|s,TRUE,,,,FALSE
K000164387,2025,1173,Horticulture + Landscape Architecture,FALSE,"Thompson,Henry J (Primary PI) 1173","Thompson,Henry J",Primary PI,1173,Thompson,Henry J,thompson|h,TRUE,,,,FALSE
K000164387,2025,1173,Horticulture + Landscape Architecture,FALSE,"Weir,Tiffany L (Co-PI) 1571","Weir,Tiffany L",Co-PI,1571,Weir,Tiffany L,weir|t,TRUE,,,,FALSE
K000164487,2025,1177,Agricultural Biology,FALSE,"Charkowski,Amy Olymbia (Primary PI) 1101","Charkowski,Amy Olymbia",Primary PI,1101,Charkowski,Amy Olymbia,charkowski|a,TRUE,,,,FALSE
K000164487,2025,1177,Agricultural Biology,FALSE,"Chikh-Ali,Mohamad (Co-PI) 3043","Chikh-Ali,Mohamad",Co-PI,3043,Chikh-Ali,Mohamad,chikh ali|m,TRUE,,,,FALSE
K000164487,2025,1177,Agricultural Biology,FALSE,"Essah,Samuel YC (Co-PI) 3043","Essah,Samuel YC",Co-PI,3043,Essah,Samuel YC,essah|s,TRUE,,,,FALSE
K000164538,2025,1171,Animal Sciences,FALSE,"Speidel,Scott E (Primary PI) 1171","Speidel,Scott E",Primary PI,1171,Speidel,Scott E,speidel|s,TRUE,,,,FALSE
K000164092,2025,1171,Animal Sciences,FALSE,"Catalano,Devan Noelle (Primary PI) 1171","Catalano,Devan Noelle",Primary PI,1171,Catalano,Devan Noelle,catalano|d,TRUE,,,,FALSE
K000164091,2025,1170,Soil + Crop Sciences,FALSE,"Webb,Jason (Primary PI) 1170","Webb,Jason",Primary PI,1170,Webb,Jason,webb|j,TRUE,,,,FALSE
K000164091,2025,1170,Soil + Crop Sciences,FALSE,"Deiss,Leonardo (Co-PI) 1170","Deiss,Leonardo",Co-PI,1170,Deiss,Leonardo,deiss|l,TRUE,,,,FALSE
K000164091,2025,1170,Soil + Crop Sciences,FALSE,"Jones-Diamond,Sally Marie (Key Person) 1170","Jones-Diamond,Sally Marie",Key Person,1170,Jones-Diamond,Sally Marie,jones diamond|s,TRUE,,,,FALSE
K000164091,2025,1170,Soil + Crop Sciences,FALSE,"Hess,Ann Marie (Key Person) 1877","Hess,Ann Marie",Key Person,1877,Hess,Ann Marie,hess|a,TRUE,,,,FALSE
K000164141,2025,1170,Soil + Crop Sciences,FALSE,"Fonte,Steven John (Primary PI) 1170","Fonte,Steven John",Primary PI,1170,Fonte,Steven John,fonte|s,TRUE,,,,FALSE
K000164141,2025,1170,Soil + Crop Sciences,FALSE,"Schipanski,Meagan Erin (Co-PI) 1170","Schipanski,Meagan Erin",Co-PI,1170,Schipanski,Meagan Erin,schipanski|m,TRUE,,,,FALSE
K000164141,2025,1170,Soil + Crop Sciences,FALSE,"Prairie,Aaron Michael (Co-PI) 1170","Prairie,Aaron Michael",Co-PI,1170,Prairie,Aaron Michael,prairie|a,TRUE,,,,FALSE
K000164311,2025,1170,Soil + Crop Sciences,FALSE,"Schipanski,Meagan Erin (Primary PI) 1170","Schipanski,Meagan Erin",Primary PI,1170,Schipanski,Meagan Erin,schipanski|m,TRUE,,,,FALSE
K000164311,2025,1170,Soil + Crop Sciences,FALSE,"Prenni,Jessica E (Co-PI) 1173","Prenni,Jessica E",Co-PI,1173,Prenni,Jessica E,prenni|j,TRUE,,,,FALSE
K000164375,2025,1170,Soil + Crop Sciences,FALSE,"Jones-Diamond,Sally Marie (Primary PI) 1170","Jones-Diamond,Sally Marie",Primary PI,1170,Jones-Diamond,Sally Marie,jones diamond|s,TRUE,,,,FALSE
K000164375,2025,1170,Soil + Crop Sciences,FALSE,"Webb,Jason (Co-PI) 1170","Webb,Jason",Co-PI,1170,Webb,Jason,webb|j,TRUE,,,,FALSE
K000163997,2025,1170,Soil + Crop Sciences,FALSE,"Deiss,Leonardo (Primary PI) 1170","Deiss,Leonardo",Primary PI,1170,Deiss,Leonardo,deiss|l,TRUE,,,,FALSE
K000163997,2025,1170,Soil + Crop Sciences,FALSE,"Webb,Jason (Co-PI) 1170","Webb,Jason",Co-PI,1170,Webb,Jason,webb|j,TRUE,,,,FALSE
K000163997,2025,1170,Soil + Crop Sciences,FALSE,"Jones-Diamond,Sally Marie (Co-PI) 1170","Jones-Diamond,Sally Marie",Co-PI,1170,Jones-Diamond,Sally Marie,jones diamond|s,TRUE,,,,FALSE
K000163997,2025,1170,Soil + Crop Sciences,FALSE,"Leuthold,Samuel John (Co-PI) 1170","Leuthold,Samuel John",Co-PI,1170,Leuthold,Samuel John,leuthold|s,TRUE,,,,FALSE
K000164122,2025,1170,Soil + Crop Sciences,FALSE,"Mason,Richard Esten (Primary PI) 1170","Mason,Richard Esten",Primary PI,1170,Mason,Richard Esten,mason|r,TRUE,,,,FALSE
K000164336,2025,1170,Soil + Crop Sciences,FALSE,"Deiss,Leonardo (Primary PI) 1170","Deiss,Leonardo",Primary PI,1170,Deiss,Leonardo,deiss|l,TRUE,,,,FALSE
K000164056,2025,1172,Agricultural + Resource Economics,TRUE,"Burkhardt,Jesse Brodie (Primary PI) 1172","Burkhardt,Jesse Brodie",Primary PI,1172,Burkhardt,Jesse Brodie,burkhardt|j,TRUE,Burkhardt,Jesse,ENRE,TRUE
K000164056,2025,1172,Agricultural + Resource Economics,TRUE,"Magnan,Nicholas P (Co-PI) 1172","Magnan,Nicholas P",Co-PI,1172,Magnan,Nicholas P,magnan|n,TRUE,Magnan,Nicholas,Ag and Food,TRUE
K000164056,2025,1172,Agricultural + Resource Economics,TRUE,"Collett Jr,Jeffrey L (Co-PI) 1371","Collett Jr,Jeffrey L",Co-PI,1371,Collett Jr,Jeffrey L,collett jr|j,TRUE,,,,FALSE
K000164056,2025,1172,Agricultural + Resource Economics,TRUE,"Corwin,Kimberley A (Co-PI) 1371","Corwin,Kimberley A",Co-PI,1371,Corwin,Kimberley A,corwin|k,TRUE,,,,FALSE
K000164056,2025,1172,Agricultural + Resource Economics,TRUE,"DeLay,Nathan D (Co-PI) 1172","DeLay,Nathan D",Co-PI,1172,DeLay,Nathan D,delay|n,TRUE,DeLay,Nathan,Ag and Food,TRUE
K000163714,2025,1171,Animal Sciences,FALSE,"Zhang,Peipei (Primary PI) 1171","Zhang,Peipei",Primary PI,1171,Zhang,Peipei,zhang|p,TRUE,,,,FALSE
K000163714,2025,1171,Animal Sciences,FALSE,"Gentry-Weeks,Claudia R (Co-PI) 1682","Gentry-Weeks,Claudia R",Co-PI,1682,Gentry-Weeks,Claudia R,gentry weeks|c,TRUE,,,,FALSE
K000164220,2025,1170,Soil + Crop Sciences,FALSE,"Mason,Richard Esten (Primary PI) 1170","Mason,Richard Esten",Primary PI,1170,Mason,Richard Esten,mason|r,TRUE,,,,FALSE
K000164230,2025,1170,Soil + Crop Sciences,FALSE,"Stanley,Paige Lauren (Primary PI) 1170","Stanley,Paige Lauren",Primary PI,1170,Stanley,Paige Lauren,stanley|p,TRUE,,,,FALSE
K000164097,2025,1173,Horticulture + Landscape Architecture,FALSE,"Bousselot,Jennifer M (Primary PI) 1173","Bousselot,Jennifer M",Primary PI,1173,Bousselot,Jennifer M,bousselot|j,TRUE,,,,FALSE
K000164097,2025,1173,Horticulture + Landscape Architecture,FALSE,"Thilmany,Dawn D (Co-PI) 1172","Thilmany,Dawn D",Co-PI,1172,Thilmany,Dawn D,thilmany|d,TRUE,Thilmany,Dawn,Ag and Food,TRUE
K000164097,2025,1173,Horticulture + Landscape Architecture,FALSE,"Craver,Joshua Ken (Co-PI) 1173","Craver,Joshua Ken",Co-PI,1173,Craver,Joshua Ken,craver|j,TRUE,,,,FALSE
K000163560,2025,1170,Soil + Crop Sciences,FALSE,"Machmuller,Megan B (Primary PI) 1170","Machmuller,Megan B",Primary PI,1170,Machmuller,Megan B,machmuller|m,TRUE,,,,FALSE
K000163560,2025,1170,Soil + Crop Sciences,FALSE,"Ellis,Elizabeth Marie (Co-PI) 1170","Ellis,Elizabeth Marie",Co-PI,1170,Ellis,Elizabeth Marie,ellis|e,TRUE,,,,FALSE
K000163560,2025,1170,Soil + Crop Sciences,FALSE,"Namuth Covert,Deana Michelle (Co-PI) 1170","Namuth Covert,Deana Michelle",Co-PI,1170,Namuth Covert,Deana Michelle,namuth covert|d,TRUE,,,,FALSE
K000163810,2025,1171,Animal Sciences,FALSE,"Cadaret,Caitlin (Primary PI) 1171","Cadaret,Caitlin",Primary PI,1171,Cadaret,Caitlin,cadaret|c,TRUE,,,,FALSE
K000163810,2025,1171,Animal Sciences,FALSE,"Edwards-Callaway,Lily Nowell (Co-PI) 1171","Edwards-Callaway,Lily Nowell",Co-PI,1171,Edwards-Callaway,Lily Nowell,edwards callaway|l,TRUE,,,,FALSE
K000163709,2025,1171,Animal Sciences,FALSE,"Narayanan Nair,Mahesh (Primary PI) 1171","Narayanan Nair,Mahesh",Primary PI,1171,Narayanan Nair,Mahesh,narayanan nair|m,TRUE,,,,FALSE
K000163709,2025,1171,Animal Sciences,FALSE,"Thoma,Gregory (Co-PI) 3001","Thoma,Gregory",Co-PI,3001,Thoma,Gregory,thoma|g,TRUE,,,,FALSE
K000163709,2025,1171,Animal Sciences,FALSE,"Countryman,Amanda Marie (Co-PI) 1172","Countryman,Amanda Marie",Co-PI,1172,Countryman,Amanda Marie,countryman|a,TRUE,Countryman,Amanda,Ag and Food,TRUE
K000162828,2025,1170,Soil + Crop Sciences,FALSE,"Wilkins,Michael James (Primary PI) 1170","Wilkins,Michael James",Primary PI,1170,Wilkins,Michael James,wilkins|m,TRUE,,,,FALSE
K000163707,2025,1172,Agricultural + Resource Economics,TRUE,"Countryman,Amanda Marie (Primary PI) 1172","Countryman,Amanda Marie",Primary PI,1172,Countryman,Amanda Marie,countryman|a,TRUE,Countryman,Amanda,Ag and Food,TRUE
K000163860,2025,1172,Agricultural + Resource Economics,TRUE,"Bonanno,Alessandro (Primary PI) 1172","Bonanno,Alessandro",Primary PI,1172,Bonanno,Alessandro,bonanno|a,TRUE,Bonanno,Alessandro,Ag and Food,TRUE
K000163600,2025,1177,Agricultural Biology,FALSE,"Ode,Paul James (Primary PI) 1177","Ode,Paul James",Primary PI,1177,Ode,Paul James,ode|p,TRUE,,,,FALSE
K000163600,2025,1177,Agricultural Biology,FALSE,"Balgopal,Meena M (Co-PI) 1878","Balgopal,Meena M",Co-PI,1878,Balgopal,Meena M,balgopal|m,TRUE,,,,FALSE
K000164182,2025,1171,Animal Sciences,FALSE,"Hess,Tanja (Primary PI) 1171","Hess,Tanja",Primary PI,1171,Hess,Tanja,hess|t,TRUE,,,,FALSE
K000164182,2025,1171,Animal Sciences,FALSE,"Carvalho Seabra,Jessica (Co-PI) 1171","Carvalho Seabra,Jessica",Co-PI,1171,Carvalho Seabra,Jessica,carvalho seabra|j,TRUE,,,,FALSE
K000163826,2025,1172,Agricultural + Resource Economics,TRUE,"Ritten,John Patrick (Primary PI) 1172","Ritten,John Patrick",Primary PI,1172,Ritten,John Patrick,ritten|j,TRUE,Ritten,John,Ag and Food,TRUE
K000163826,2025,1172,Agricultural + Resource Economics,TRUE,"Shadbolt,Anna Margaux (Co-PI) 1171","Shadbolt,Anna Margaux",Co-PI,1171,Shadbolt,Anna Margaux,shadbolt|a,TRUE,,,,FALSE
K000163826,2025,1172,Agricultural + Resource Economics,TRUE,"Pasricha,Sudeep (Co-PI) 1373","Pasricha,Sudeep",Co-PI,1373,Pasricha,Sudeep,pasricha|s,TRUE,,,,FALSE
K000163826,2025,1172,Agricultural + Resource Economics,TRUE,"Raynor,Edward James (Co-PI) 1171","Raynor,Edward James",Co-PI,1171,Raynor,Edward James,raynor|e,TRUE,,,,FALSE
K000164155,2025,1170,Soil + Crop Sciences,FALSE,"Schipanski,Meagan Erin (Primary PI) 1170","Schipanski,Meagan Erin",Primary PI,1170,Schipanski,Meagan Erin,schipanski|m,TRUE,,,,FALSE
K000163899,2025,1170,Soil + Crop Sciences,FALSE,"Wilkins,Michael James (Primary PI) 1170","Wilkins,Michael James",Primary PI,1170,Wilkins,Michael James,wilkins|m,TRUE,,,,FALSE
K000163241,2025,1170,Soil + Crop Sciences,FALSE,"Wrighton,Kelly Catherine (Primary PI) 1170","Wrighton,Kelly Catherine",Primary PI,1170,Wrighton,Kelly Catherine,wrighton|k,TRUE,,,,FALSE
K000163241,2025,1170,Soil + Crop Sciences,FALSE,"Kirby,Michael J (Co-PI) 1874","Kirby,Michael J",Co-PI,1874,Kirby,Michael J,kirby|m,TRUE,,,,FALSE
K000163241,2025,1170,Soil + Crop Sciences,FALSE,"Scyphers,Madeline Elara (Co-PI) 1170","Scyphers,Madeline Elara",Co-PI,1170,Scyphers,Madeline Elara,scyphers|m,TRUE,,,,FALSE
K000163241,2025,1170,Soil + Crop Sciences,FALSE,"Quinn,Jason Charles (Co-PI) 1374","Quinn,Jason Charles",Co-PI,1374,Quinn,Jason Charles,quinn|j,TRUE,,,,FALSE
K000163241,2025,1170,Soil + Crop Sciences,FALSE,"Sharvelle,Sybil E (Co-PI) 1372","Sharvelle,Sybil E",Co-PI,1372,Sharvelle,Sybil E,sharvelle|s,TRUE,,,,FALSE
K000163241,2025,1170,Soil + Crop Sciences,FALSE,"Borton,Mikayla Ann (Co-PI) 1170","Borton,Mikayla Ann",Co-PI,1170,Borton,Mikayla Ann,borton|m,TRUE,,,,FALSE
K000163886,2025,1172,Agricultural + Resource Economics,TRUE,"Kolodinsky,Jane (Primary PI) 1172","Kolodinsky,Jane",Primary PI,1172,Kolodinsky,Jane,kolodinsky|j,TRUE,,,,FALSE
K000163807,2025,1173,Horticulture + Landscape Architecture,FALSE,"Burnette,Lindsay (Primary PI) 1173","Burnette,Lindsay",Primary PI,1173,Burnette,Lindsay,burnette|l,TRUE,,,,FALSE
K000163807,2025,1173,Horticulture + Landscape Architecture,FALSE,"McQuade,Amanda Ford (Co-PI) 3046","McQuade,Amanda Ford",Co-PI,3046,McQuade,Amanda Ford,mcquade|a,TRUE,,,,FALSE
K000163807,2025,1173,Horticulture + Landscape Architecture,FALSE,"Welker,Alyson P (Co-PI) 1773","Welker,Alyson P",Co-PI,1773,Welker,Alyson P,welker|a,TRUE,,,,FALSE
K000163807,2025,1173,Horticulture + Landscape Architecture,FALSE,"Quinonez,Elias (Key Person) 1101","Quinonez,Elias",Key Person,1101,Quinonez,Elias,quinonez|e,TRUE,,,,FALSE
K000163934,2025,1101,Dean of Agricultural Sciences,FALSE,"Scott,Quatez Bernard (Primary PI) 1101","Scott,Quatez Bernard",Primary PI,1101,Scott,Quatez Bernard,scott|q,TRUE,,,,FALSE
K000163934,2025,1101,Dean of Agricultural Sciences,FALSE,"Atine,Patrese (Co-PI) 0100","Atine,Patrese",Co-PI,0100,Atine,Patrese,atine|p,TRUE,,,,FALSE
K000163784,2025,1172,Agricultural + Resource Economics,TRUE,"Countryman,Amanda Marie (Primary PI) 1172","Countryman,Amanda Marie",Primary PI,1172,Countryman,Amanda Marie,countryman|a,TRUE,Countryman,Amanda,Ag and Food,TRUE
K000163785,2025,1173,Horticulture + Landscape Architecture,FALSE,"Vivanco,Jorge M (Primary PI) 1173","Vivanco,Jorge M",Primary PI,1173,Vivanco,Jorge M,vivanco|j,TRUE,,,,FALSE
K000163786,2025,1177,Agricultural Biology,FALSE,"Blecker,Lisa Ann (Primary PI) 1177","Blecker,Lisa Ann",Primary PI,1177,Blecker,Lisa Ann,blecker|l,TRUE,,,,FALSE
K000163994,2025,1177,Agricultural Biology,FALSE,"Charkowski,Amy Olymbia (Primary PI) 1101","Charkowski,Amy Olymbia",Primary PI,1101,Charkowski,Amy Olymbia,charkowski|a,TRUE,,,,FALSE
K000163994,2025,1177,Agricultural Biology,FALSE,"Chikh-Ali,Mohamad (Co-PI) 3043","Chikh-Ali,Mohamad",Co-PI,3043,Chikh-Ali,Mohamad,chikh ali|m,TRUE,,,,FALSE
K000163996,2025,1171,Animal Sciences,FALSE,"Marostegan de Paula,Eduardo (Primary PI) 1171","Marostegan de Paula,Eduardo",Primary PI,1171,Marostegan de Paula,Eduardo,marostegan de paula|e,TRUE,,,,FALSE
K000163996,2025,1171,Animal Sciences,FALSE,"Vargas Martinez,Juan de Jesus de Jesus (Co-PI) 1171","Vargas Martinez,Juan de Jesus de Jesus",Co-PI,1171,Vargas Martinez,Juan de Jesus de Jesus,vargas martinez|j,TRUE,,,,FALSE
K000163996,2025,1171,Animal Sciences,FALSE,"Engle,Terry E (Co-PI) 1171","Engle,Terry E",Co-PI,1171,Engle,Terry E,engle|t,TRUE,,,,FALSE
K000163996,2025,1171,Animal Sciences,FALSE,"Place,Sara (Co-PI) 1171","Place,Sara",Co-PI,1171,Place,Sara,place|s,TRUE,,,,FALSE
K000163727,2025,1172,Agricultural + Resource Economics,TRUE,"Countryman,Amanda Marie (Primary PI) 1172","Countryman,Amanda Marie",Primary PI,1172,Countryman,Amanda Marie,countryman|a,TRUE,Countryman,Amanda,Ag and Food,TRUE
K000163874,2025,1170,Soil + Crop Sciences,FALSE,"Wilkins,Michael James (Primary PI) 1170","Wilkins,Michael James",Primary PI,1170,Wilkins,Michael James,wilkins|m,TRUE,,,,FALSE
K000163874,2025,1170,Soil + Crop Sciences,FALSE,"Sparks,Kya Mckensie (Co-PI) 1170","Sparks,Kya Mckensie",Co-PI,1170,Sparks,Kya Mckensie,sparks|k,TRUE,,,,FALSE
K000163889,2025,1170,Soil + Crop Sciences,FALSE,"Wilkins,Michael James (Primary PI) 1170","Wilkins,Michael James",Primary PI,1170,Wilkins,Michael James,wilkins|m,TRUE,,,,FALSE
K000163889,2025,1170,Soil + Crop Sciences,FALSE,"Stevens-Rumann,Camille S (Co-PI) 1472","Stevens-Rumann,Camille S",Co-PI,1472,Stevens-Rumann,Camille S,stevens rumann|c,TRUE,,,,FALSE
K000163945,2025,1170,Soil + Crop Sciences,FALSE,"Mason,Richard Esten (Primary PI) 1170","Mason,Richard Esten",Primary PI,1170,Mason,Richard Esten,mason|r,TRUE,,,,FALSE
K000164005,2025,1173,Horticulture + Landscape Architecture,FALSE,"Uchanski,Mark E (Primary PI) 1173","Uchanski,Mark E",Primary PI,1173,Uchanski,Mark E,uchanski|m,TRUE,,,,FALSE
K000164005,2025,1173,Horticulture + Landscape Architecture,FALSE,"Essah,Samuel YC (Co-PI) 3043","Essah,Samuel YC",Co-PI,3043,Essah,Samuel YC,essah|s,TRUE,,,,FALSE
K000163478,2025,1171,Animal Sciences,FALSE,"Narayanan Nair,Mahesh (Primary PI) 1171","Narayanan Nair,Mahesh",Primary PI,1171,Narayanan Nair,Mahesh,narayanan nair|m,TRUE,,,,FALSE
K000163478,2025,1171,Animal Sciences,FALSE,"Geornaras,Ifigenia (Co-PI) 1171","Geornaras,Ifigenia",Co-PI,1171,Geornaras,Ifigenia,geornaras|i,TRUE,,,,FALSE
K000163478,2025,1171,Animal Sciences,FALSE,"Delmore,Robert J (Co-PI) 1171","Delmore,Robert J",Co-PI,1171,Delmore,Robert J,delmore|r,TRUE,,,,FALSE
K000163478,2025,1171,Animal Sciences,FALSE,"Belk,Keith (Co-PI) 1171","Belk,Keith",Co-PI,1171,Belk,Keith,belk|k,TRUE,,,,FALSE
K000163477,2025,1171,Animal Sciences,FALSE,"Narayanan Nair,Mahesh (Primary PI) 1171","Narayanan Nair,Mahesh",Primary PI,1171,Narayanan Nair,Mahesh,narayanan nair|m,TRUE,,,,FALSE
K000163477,2025,1171,Animal Sciences,FALSE,"Thoma,Gregory (Co-PI) 3001","Thoma,Gregory",Co-PI,3001,Thoma,Gregory,thoma|g,TRUE,,,,FALSE
K000163608,2025,1173,Horticulture + Landscape Architecture,FALSE,"Burcham,Daniel C (Primary PI) 1173","Burcham,Daniel C",Primary PI,1173,Burcham,Daniel C,burcham|d,TRUE,,,,FALSE
K000163850,2025,1171,Animal Sciences,FALSE,"Narayanan Nair,Mahesh (Primary PI) 1171","Narayanan Nair,Mahesh",Primary PI,1171,Narayanan Nair,Mahesh,narayanan nair|m,TRUE,,,,FALSE
K000163442,2025,1170,Soil + Crop Sciences,FALSE,"Schipanski,Meagan Erin (Primary PI) 1170","Schipanski,Meagan Erin",Primary PI,1170,Schipanski,Meagan Erin,schipanski|m,TRUE,,,,FALSE
K000163442,2025,1170,Soil + Crop Sciences,FALSE,"Prenni,Jessica E (Co-PI) 1173","Prenni,Jessica E",Co-PI,1173,Prenni,Jessica E,prenni|j,TRUE,,,,FALSE
K000163646,2025,1172,Agricultural + Resource Economics,TRUE,"Thilmany,Dawn D (Primary PI) 1172","Thilmany,Dawn D",Primary PI,1172,Thilmany,Dawn D,thilmany|d,TRUE,Thilmany,Dawn,Ag and Food,TRUE
K000163646,2025,1172,Agricultural + Resource Economics,TRUE,"Christensen,Elizabeth O'Sullivan (Co-PI) 4040","Christensen,Elizabeth O'Sullivan",Co-PI,4040,Christensen,Elizabeth O'Sullivan,christensen|e,TRUE,,,,FALSE
K000163740,2025,1171,Animal Sciences,FALSE,"Manriquez Alvarez,Diego Ignacio (Primary PI) 1171","Manriquez Alvarez,Diego Ignacio",Primary PI,1171,Manriquez Alvarez,Diego Ignacio,manriquez alvarez|d,TRUE,,,,FALSE
K000163801,2025,1171,Animal Sciences,FALSE,"Manriquez Alvarez,Diego Ignacio (Primary PI) 1171","Manriquez Alvarez,Diego Ignacio",Primary PI,1171,Manriquez Alvarez,Diego Ignacio,manriquez alvarez|d,TRUE,,,,FALSE
K000163626,2025,1177,Agricultural Biology,FALSE,"Shergill,Lovreet S (Primary PI) 1177","Shergill,Lovreet S",Primary PI,1177,Shergill,Lovreet S,shergill|l,TRUE,,,,FALSE
K000163626,2025,1177,Agricultural Biology,FALSE,"Pinnamaneni,Srinivasa Rao (Co-PI) 3046","Pinnamaneni,Srinivasa Rao",Co-PI,3046,Pinnamaneni,Srinivasa Rao,pinnamaneni|s,TRUE,,,,FALSE
K000163609,2025,1177,Agricultural Biology,FALSE,"Shergill,Lovreet S (Primary PI) 1177","Shergill,Lovreet S",Primary PI,1177,Shergill,Lovreet S,shergill|l,TRUE,,,,FALSE
K000163555,2025,1171,Animal Sciences,FALSE,"Place,Sara (Primary PI) 1171","Place,Sara",Primary PI,1171,Place,Sara,place|s,TRUE,,,,FALSE
K000163555,2025,1171,Animal Sciences,FALSE,"Carvalho,Pedro Henrique (Co-PI) 1171","Carvalho,Pedro Henrique",Co-PI,1171,Carvalho,Pedro Henrique,carvalho|p,TRUE,,,,FALSE
K000163555,2025,1171,Animal Sciences,FALSE,"Vargas Martinez,Juan de Jesus de Jesus (Co-PI) 1171","Vargas Martinez,Juan de Jesus de Jesus",Co-PI,1171,Vargas Martinez,Juan de Jesus de Jesus,vargas martinez|j,TRUE,,,,FALSE
K000163555,2025,1171,Animal Sciences,FALSE,"Pinnamaneni,Srinivasa Rao (Co-PI) 3046","Pinnamaneni,Srinivasa Rao",Co-PI,3046,Pinnamaneni,Srinivasa Rao,pinnamaneni|s,TRUE,,,,FALSE
K000163779,2025,1177,Agricultural Biology,FALSE,"Stewart,Jane E (Primary PI) 1177","Stewart,Jane E",Primary PI,1177,Stewart,Jane E,stewart|j,TRUE,,,,FALSE
K000163619,2025,1177,Agricultural Biology,FALSE,"Nalam,Vamsi (Primary PI) 1177","Nalam,Vamsi",Primary PI,1177,Nalam,Vamsi,nalam|v,TRUE,,,,FALSE
K000163619,2025,1177,Agricultural Biology,FALSE,"Gray,Caroline Porter (Co-PI) 3043","Gray,Caroline Porter",Co-PI,3043,Gray,Caroline Porter,gray|c,TRUE,,,,FALSE
K000163619,2025,1177,Agricultural Biology,FALSE,"Chikh-Ali,Mohamad (Co-PI) 3043","Chikh-Ali,Mohamad",Co-PI,3043,Chikh-Ali,Mohamad,chikh ali|m,TRUE,,,,FALSE
K000163347,2025,1172,Agricultural + Resource Economics,TRUE,"Chouinard,Hayley (Primary PI) 1172","Chouinard,Hayley",Primary PI,1172,Chouinard,Hayley,chouinard|h,TRUE,Chouinard,Hayley,Ag and Food,TRUE
K000163250,2025,1171,Animal Sciences,FALSE,"Fedorka,Carleigh Elizabeth (Primary PI) 1171","Fedorka,Carleigh Elizabeth",Primary PI,1171,Fedorka,Carleigh Elizabeth,fedorka|c,TRUE,,,,FALSE
K000163250,2025,1171,Animal Sciences,FALSE,"Sones,Jennifer L (Co-PI) 1678","Sones,Jennifer L",Co-PI,1678,Sones,Jennifer L,sones|j,TRUE,,,,FALSE
K000163250,2025,1171,Animal Sciences,FALSE,"Carnevale,Elaine (Key Person) 1680","Carnevale,Elaine",Key Person,1680,Carnevale,Elaine,carnevale|e,TRUE,,,,FALSE
K000163250,2025,1171,Animal Sciences,FALSE,"Hatzel,Jennifer Noelle (Key Person) 1678","Hatzel,Jennifer Noelle",Key Person,1678,Hatzel,Jennifer Noelle,hatzel|j,TRUE,,,,FALSE
K000163351,2025,1171,Animal Sciences,FALSE,"Catalano,Devan Noelle (Primary PI) 1171","Catalano,Devan Noelle",Primary PI,1171,Catalano,Devan Noelle,catalano|d,TRUE,,,,FALSE
K000163422,2025,1171,Animal Sciences,FALSE,"Catalano,Devan Noelle (Primary PI) 1171","Catalano,Devan Noelle",Primary PI,1171,Catalano,Devan Noelle,catalano|d,TRUE,,,,FALSE
K000163523,2025,1171,Animal Sciences,FALSE,"Place,Sara (Primary PI) 1171","Place,Sara",Primary PI,1171,Place,Sara,place|s,TRUE,,,,FALSE
K000163523,2025,1171,Animal Sciences,FALSE,"Stackhouse-Lawson,Kimberly Rose (Co-PI) 1171","Stackhouse-Lawson,Kimberly Rose",Co-PI,1171,Stackhouse-Lawson,Kimberly Rose,stackhouse lawson|k,TRUE,,,,FALSE
K000163523,2025,1171,Animal Sciences,FALSE,"Manriquez Alvarez,Diego Ignacio (Co-PI) 1171","Manriquez Alvarez,Diego Ignacio",Co-PI,1171,Manriquez Alvarez,Diego Ignacio,manriquez alvarez|d,TRUE,,,,FALSE
K000163523,2025,1171,Animal Sciences,FALSE,"Carvalho,Pedro Henrique (Co-PI) 1171","Carvalho,Pedro Henrique",Co-PI,1171,Carvalho,Pedro Henrique,carvalho|p,TRUE,,,,FALSE
K000163523,2025,1171,Animal Sciences,FALSE,"DeLay,Nathan D (Co-PI) 1172","DeLay,Nathan D",Co-PI,1172,DeLay,Nathan D,delay|n,TRUE,DeLay,Nathan,Ag and Food,TRUE
K000163523,2025,1171,Animal Sciences,FALSE,"Vargas Martinez,Juan de Jesus de Jesus (",,,,,,,FALSE,,,,FALSE
K000163258,2025,1172,Agricultural + Resource Economics,TRUE,"Suter,Jordan (Primary PI) 1172","Suter,Jordan",Primary PI,1172,Suter,Jordan,suter|j,TRUE,Suter,Jordan,ENRE,TRUE
K000163299,2025,1173,Horticulture + Landscape Architecture,FALSE,"Bousselot,Jennifer M (Primary PI) 1173","Bousselot,Jennifer M",Primary PI,1173,Bousselot,Jennifer M,bousselot|j,TRUE,,,,FALSE
K000163556,2025,1177,Agricultural Biology,FALSE,"Borowiec,Marek L (Primary PI) 1177","Borowiec,Marek L",Primary PI,1177,Borowiec,Marek L,borowiec|m,TRUE,,,,FALSE
K000163450,2025,1177,Agricultural Biology,FALSE,"Roberts,Robyn (Primary PI) 1177","Roberts,Robyn",Primary PI,1177,Roberts,Robyn,roberts|r,TRUE,,,,FALSE
K000163450,2025,1177,Agricultural Biology,FALSE,"Cramer,Mary Caitlin (Co-PI) 1171","Cramer,Mary Caitlin",Co-PI,1171,Cramer,Mary Caitlin,cramer|m,TRUE,,,,FALSE
K000163494,2025,1170,Soil + Crop Sciences,FALSE,"Pottorff,Laura Pickett (Primary PI) 1170","Pottorff,Laura Pickett",Primary PI,1170,Pottorff,Laura Pickett,pottorff|l,TRUE,,,,FALSE
K000163513,2025,1170,Soil + Crop Sciences,FALSE,"Mason,Richard Esten (Primary PI) 1170","Mason,Richard Esten",Primary PI,1170,Mason,Richard Esten,mason|r,TRUE,,,,FALSE
K000163514,2025,1177,Agricultural Biology,FALSE,"Nachappa,Punya (Primary PI) 1177","Nachappa,Punya",Primary PI,1177,Nachappa,Punya,nachappa|p,TRUE,,,,FALSE
K000163515,2025,1177,Agricultural Biology,FALSE,"Nachappa,Punya (Primary PI) 1177","Nachappa,Punya",Primary PI,1177,Nachappa,Punya,nachappa|p,TRUE,,,,FALSE
K000163516,2025,1177,Agricultural Biology,FALSE,"Roberts,Robyn (Primary PI) 1177","Roberts,Robyn",Primary PI,1177,Roberts,Robyn,roberts|r,TRUE,,,,FALSE
K000163517,2025,1177,Agricultural Biology,FALSE,"Shergill,Lovreet S (Primary PI) 1177","Shergill,Lovreet S",Primary PI,1177,Shergill,Lovreet S,shergill|l,TRUE,,,,FALSE
K000163518,2025,1177,Agricultural Biology,FALSE,"Gaines,Todd A (Primary PI) 1177","Gaines,Todd A",Primary PI,1177,Gaines,Todd A,gaines|t,TRUE,,,,FALSE
K000163519,2025,1177,Agricultural Biology,FALSE,"Dayan,Franck E (Primary PI) 1177","Dayan,Franck E",Primary PI,1177,Dayan,Franck E,dayan|f,TRUE,,,,FALSE
K000163520,2025,1170,Soil + Crop Sciences,FALSE,"Pottorff,Laura Pickett (Primary PI) 1170","Pottorff,Laura Pickett",Primary PI,1170,Pottorff,Laura Pickett,pottorff|l,TRUE,,,,FALSE
K000163521,2025,1170,Soil + Crop Sciences,FALSE,"Jones-Diamond,Sally Marie (Primary PI) 1170","Jones-Diamond,Sally Marie",Primary PI,1170,Jones-Diamond,Sally Marie,jones diamond|s,TRUE,,,,FALSE
K000163587,2025,1177,Agricultural Biology,FALSE,"Stewart,Jane E (Primary PI) 1177","Stewart,Jane E",Primary PI,1177,Stewart,Jane E,stewart|j,TRUE,,,,FALSE
K000162032,2025,1173,Horticulture + Landscape Architecture,FALSE,"Minas,Ioannis (Primary PI) 1173","Minas,Ioannis",Primary PI,1173,Minas,Ioannis,minas|i,TRUE,,,,FALSE
K000162635,2025,1170,Soil + Crop Sciences,FALSE,"Fonte,Steven John (Primary PI) 1170","Fonte,Steven John",Primary PI,1170,Fonte,Steven John,fonte|s,TRUE,,,,FALSE
K000162635,2025,1170,Soil + Crop Sciences,FALSE,"Vanek,Steven John (Co-PI) 1170","Vanek,Steven John",Co-PI,1170,Vanek,Steven John,vanek|s,TRUE,,,,FALSE
K000163333,2025,1173,Horticulture + Landscape Architecture,FALSE,"Burcham,Daniel C (Primary PI) 1173","Burcham,Daniel C",Primary PI,1173,Burcham,Daniel C,burcham|d,TRUE,,,,FALSE
K000163421,2025,1171,Animal Sciences,FALSE,"Catalano,Devan Noelle (Primary PI) 1171","Catalano,Devan Noelle",Primary PI,1171,Catalano,Devan Noelle,catalano|d,TRUE,,,,FALSE
K000163434,2025,1177,Agricultural Biology,FALSE,"Nachappa,Punya (Primary PI) 1177","Nachappa,Punya",Primary PI,1177,Nachappa,Punya,nachappa|p,TRUE,,,,FALSE
K000163512,2025,1170,Soil + Crop Sciences,FALSE,"Mason,Richard Esten (Primary PI) 1170","Mason,Richard Esten",Primary PI,1170,Mason,Richard Esten,mason|r,TRUE,,,,FALSE
K000163396,2025,1177,Agricultural Biology,FALSE,"Zink,Frida Anna (Primary PI) 1177","Zink,Frida Anna",Primary PI,1177,Zink,Frida Anna,zink|f,TRUE,,,,FALSE
K000162795,2025,1170,Soil + Crop Sciences,FALSE,"Kremen,Amy E (Primary PI) 1170","Kremen,Amy E",Primary PI,1170,Kremen,Amy E,kremen|a,TRUE,,,,FALSE
K000162795,2025,1170,Soil + Crop Sciences,FALSE,"Yilma,Wubengeda Admasu (Co-PI) 1170","Yilma,Wubengeda Admasu",Co-PI,1170,Yilma,Wubengeda Admasu,yilma|w,TRUE,,,,FALSE
K000162795,2025,1170,Soil + Crop Sciences,FALSE,"Martin,Timothy (Co-PI) 1170","Martin,Timothy",Co-PI,1170,Martin,Timothy,martin|t,TRUE,,,,FALSE
K000163207,2025,1170,Soil + Crop Sciences,FALSE,"Wardle,Erik M (Primary PI) 1170","Wardle,Erik M",Primary PI,1170,Wardle,Erik M,wardle|e,TRUE,,,,FALSE
K000163207,2025,1170,Soil + Crop Sciences,FALSE,"Wolf,Katie Elizabeth (Co-PI) 1170","Wolf,Katie Elizabeth",Co-PI,1170,Wolf,Katie Elizabeth,wolf|k,TRUE,,,,FALSE
K000163207,2025,1170,Soil + Crop Sciences,FALSE,"Deleon,Emmanuel (Co-PI) 1170","Deleon,Emmanuel",Co-PI,1170,Deleon,Emmanuel,deleon|e,TRUE,,,,FALSE
K000163207,2025,1170,Soil + Crop Sciences,FALSE,"Brown,Ansley Joseph (Co-PI) 1170","Brown,Ansley Joseph",Co-PI,1170,Brown,Ansley Joseph,brown|a,TRUE,,,,FALSE
K000162985,2025,1170,Soil + Crop Sciences,FALSE,"Firth,Alexandra (Primary PI) 1170","Firth,Alexandra",Primary PI,1170,Firth,Alexandra,firth|a,TRUE,,,,FALSE
K000162985,2025,1170,Soil + Crop Sciences,FALSE,"Cabot,Perry Edmund (Co-PI) 1033","Cabot,Perry Edmund",Co-PI,1033,Cabot,Perry Edmund,cabot|p,TRUE,,,,FALSE
K000162985,2025,1170,Soil + Crop Sciences,FALSE,"Machmuller,Megan B (Co-PI) 1170","Machmuller,Megan B",Co-PI,1170,Machmuller,Megan B,machmuller|m,TRUE,,,,FALSE
K000163036,2025,1171,Animal Sciences,FALSE,"Manriquez Alvarez,Diego Ignacio (Primary PI) 1171","Manriquez Alvarez,Diego Ignacio",Primary PI,1171,Manriquez Alvarez,Diego Ignacio,manriquez alvarez|d,TRUE,,,,FALSE
K000163036,2025,1171,Animal Sciences,FALSE,"Marra Campos,Leticia (Co-PI) 1171","Marra Campos,Leticia",Co-PI,1171,Marra Campos,Leticia,marra campos|l,TRUE,,,,FALSE
K000163036,2025,1171,Animal Sciences,FALSE,"Marostegan de Paula,Eduardo (Key Person) 1171","Marostegan de Paula,Eduardo",Key Person,1171,Marostegan de Paula,Eduardo,marostegan de paula|e,TRUE,,,,FALSE
K000163036,2025,1171,Animal Sciences,FALSE,"Pinedo,Pablo J (Key Person) 1171","Pinedo,Pablo J",Key Person,1171,Pinedo,Pablo J,pinedo|p,TRUE,,,,FALSE
K000163036,2025,1171,Animal Sciences,FALSE,"Lombard,Jason (Key Person) 1678","Lombard,Jason",Key Person,1678,Lombard,Jason,lombard|j,TRUE,,,,FALSE
K000163036,2025,1171,Animal Sciences,FALSE,"DeLay,Nathan D (Key Person)",,,,,,,FALSE,,,,FALSE
K000162913,2025,1170,Soil + Crop Sciences,FALSE,"Wardle,Erik M (Primary PI) 1170","Wardle,Erik M",Primary PI,1170,Wardle,Erik M,wardle|e,TRUE,,,,FALSE
K000162913,2025,1170,Soil + Crop Sciences,FALSE,"Arabi,Mazdak (Co-PI) 1372","Arabi,Mazdak",Co-PI,1372,Arabi,Mazdak,arabi|m,TRUE,,,,FALSE
K000162913,2025,1170,Soil + Crop Sciences,FALSE,"Bauder,Troy A (Co-PI) 3001","Bauder,Troy A",Co-PI,3001,Bauder,Troy A,bauder|t,TRUE,,,,FALSE
K000161419,2025,1170,Soil + Crop Sciences,FALSE,"Cotrufo,Maria Francesca (Primary PI) 1170","Cotrufo,Maria Francesca",Primary PI,1170,Cotrufo,Maria Francesca,cotrufo|m,TRUE,,,,FALSE
K000161419,2025,1170,Soil + Crop Sciences,FALSE,"Pallickara,Sangmi Lee (Co-PI) 1873","Pallickara,Sangmi Lee",Co-PI,1873,Pallickara,Sangmi Lee,pallickara|s,TRUE,,,,FALSE
K000161419,2025,1170,Soil + Crop Sciences,FALSE,"Stanley,Paige Lauren (Co-PI) 1170","Stanley,Paige Lauren",Co-PI,1170,Stanley,Paige Lauren,stanley|p,TRUE,,,,FALSE
K000161419,2025,1170,Soil + Crop Sciences,FALSE,"Zhang,Yao (Co-PI) 1499","Zhang,Yao",Co-PI,1499,Zhang,Yao,zhang|y,TRUE,,,,FALSE
K000162701,2025,1170,Soil + Crop Sciences,FALSE,"Wrighton,Kelly Catherine (Primary PI) 1170","Wrighton,Kelly Catherine",Primary PI,1170,Wrighton,Kelly Catherine,wrighton|k,TRUE,,,,FALSE
K000162701,2025,1170,Soil + Crop Sciences,FALSE,"Borton,Mikayla Ann (Key Person) 1170","Borton,Mikayla Ann",Key Person,1170,Borton,Mikayla Ann,borton|m,TRUE,,,,FALSE
K000162701,2025,1170,Soil + Crop Sciences,FALSE,"Kirby,Michael J (Key Person) 1874","Kirby,Michael J",Key Person,1874,Kirby,Michael J,kirby|m,TRUE,,,,FALSE
K000162701,2025,1170,Soil + Crop Sciences,FALSE,"Wilkins,Michael James (Key Person) 1170","Wilkins,Michael James",Key Person,1170,Wilkins,Michael James,wilkins|m,TRUE,,,,FALSE
K000162701,2025,1170,Soil + Crop Sciences,FALSE,"Mook,Anneloes Chantal (Key Person) 1730","Mook,Anneloes Chantal",Key Person,1730,Mook,Anneloes Chantal,mook|a,TRUE,,,,FALSE
K000161973,2025,1173,Horticulture + Landscape Architecture,FALSE,"Bousselot,Jennifer M (Primary PI) 1173","Bousselot,Jennifer M",Primary PI,1173,Bousselot,Jennifer M,bousselot|j,TRUE,,,,FALSE
K000163172,2025,1171,Animal Sciences,FALSE,"Belk,Keith (Primary PI) 1171","Belk,Keith",Primary PI,1171,Belk,Keith,belk|k,TRUE,,,,FALSE
K000163172,2025,1171,Animal Sciences,FALSE,"Delmore,Robert J (Co-PI) 1171","Delmore,Robert J",Co-PI,1171,Delmore,Robert J,delmore|r,TRUE,,,,FALSE
K000163172,2025,1171,Animal Sciences,FALSE,"Narayanan Nair,Mahesh (Co-PI) 1171","Narayanan Nair,Mahesh",Co-PI,1171,Narayanan Nair,Mahesh,narayanan nair|m,TRUE,,,,FALSE
K000163224,2025,1170,Soil + Crop Sciences,FALSE,"Paustian,Keith H (Primary PI) 1170","Paustian,Keith H",Primary PI,1170,Paustian,Keith H,paustian|k,TRUE,,,,FALSE
K000163264,2025,1177,Agricultural Biology,FALSE,"Nachappa,Punya (Primary PI) 1177","Nachappa,Punya",Primary PI,1177,Nachappa,Punya,nachappa|p,TRUE,,,,FALSE
K000163058,2025,1172,Agricultural + Resource Economics,TRUE,"Szczepaniec,Adrianna (Primary PI) 1177","Szczepaniec,Adrianna",Primary PI,1177,Szczepaniec,Adrianna,szczepaniec|a,TRUE,,,,FALSE
K000163058,2025,1172,Agricultural + Resource Economics,TRUE,"Eubanks,Micky (Co-PI) 1177","Eubanks,Micky",Co-PI,1177,Eubanks,Micky,eubanks|m,TRUE,,,,FALSE
K000163058,2025,1172,Agricultural + Resource Economics,TRUE,"Roberts,Robyn (Co-PI) 1177","Roberts,Robyn",Co-PI,1177,Roberts,Robyn,roberts|r,TRUE,,,,FALSE
K000163058,2025,1172,Agricultural + Resource Economics,TRUE,"Nachappa,Punya (Co-PI) 1177","Nachappa,Punya",Co-PI,1177,Nachappa,Punya,nachappa|p,TRUE,,,,FALSE
K000163058,2025,1172,Agricultural + Resource Economics,TRUE,"Stewart,Jane E (Co-PI) 1177","Stewart,Jane E",Co-PI,1177,Stewart,Jane E,stewart|j,TRUE,,,,FALSE
K000163058,2025,1172,Agricultural + Resource Economics,TRUE,"Gaines,Todd A (Co-PI) 1177","Gaines,Todd A",Co-PI,1177,Gaines,Todd A,gaines|t,TRUE,,,,FALSE
K000162798,2025,1170,Soil + Crop Sciences,FALSE,"Deiss,Leonardo (Primary PI) 1170","Deiss,Leonardo",Primary PI,1170,Deiss,Leonardo,deiss|l,TRUE,,,,FALSE
K000162861,2025,1170,Soil + Crop Sciences,FALSE,"Wilkins,Michael James (Primary PI) 1170","Wilkins,Michael James",Primary PI,1170,Wilkins,Michael James,wilkins|m,TRUE,,,,FALSE
K000162861,2025,1170,Soil + Crop Sciences,FALSE,"Hart,Sarah Jane (Co-PI) 1472","Hart,Sarah Jane",Co-PI,1472,Hart,Sarah Jane,hart|s,TRUE,,,,FALSE
K000162861,2025,1170,Soil + Crop Sciences,FALSE,"Stevens-Rumann,Camille S (Co-PI) 1472","Stevens-Rumann,Camille S",Co-PI,1472,Stevens-Rumann,Camille S,stevens rumann|c,TRUE,,,,FALSE
K000162990,2025,1170,Soil + Crop Sciences,FALSE,"Schipanski,Meagan Erin (Primary PI) 1170","Schipanski,Meagan Erin",Primary PI,1170,Schipanski,Meagan Erin,schipanski|m,TRUE,,,,FALSE
K000163087,2025,1170,Soil + Crop Sciences,FALSE,"Andales,Allan A (Primary PI) 1170","Andales,Allan A",Primary PI,1170,Andales,Allan A,andales|a,TRUE,,,,FALSE
K000163087,2025,1170,Soil + Crop Sciences,FALSE,"Davidson,Jeffery William (Co-PI) 3040","Davidson,Jeffery William",Co-PI,3040,Davidson,Jeffery William,davidson|j,TRUE,,,,FALSE
K000163118,2025,1172,Agricultural + Resource Economics,TRUE,"Ritten,John Patrick (Primary PI) 1172","Ritten,John Patrick",Primary PI,1172,Ritten,John Patrick,ritten|j,TRUE,Ritten,John,Ag and Food,TRUE
K000162963,2025,1173,Horticulture + Landscape Architecture,FALSE,"Bousselot,Jennifer M (Primary PI) 1173","Bousselot,Jennifer M",Primary PI,1173,Bousselot,Jennifer M,bousselot|j,TRUE,,,,FALSE
K000162963,2025,1173,Horticulture + Landscape Architecture,FALSE,"Zurbuchen,Allisa (Co-PI) 4010","Zurbuchen,Allisa",Co-PI,4010,Zurbuchen,Allisa,zurbuchen|a,TRUE,,,,FALSE
K000162688,2025,1170,Soil + Crop Sciences,FALSE,"Mason,Richard Esten (Primary PI) 1170","Mason,Richard Esten",Primary PI,1170,Mason,Richard Esten,mason|r,TRUE,,,,FALSE
K000163066,2025,1173,Horticulture + Landscape Architecture,FALSE,"Bauerle,William L (Primary PI) 1173","Bauerle,William L",Primary PI,1173,Bauerle,William L,bauerle|w,TRUE,,,,FALSE
K000163090,2025,1177,Agricultural Biology,FALSE,"Nachappa,Punya (Primary PI) 1177","Nachappa,Punya",Primary PI,1177,Nachappa,Punya,nachappa|p,TRUE,,,,FALSE
K000161575,2025,1170,Soil + Crop Sciences,FALSE,"Willige,Bjorn Christopher (Primary PI) 1170","Willige,Bjorn Christopher",Primary PI,1170,Willige,Bjorn Christopher,willige|b,TRUE,,,,FALSE
K000162716,2025,1177,Agricultural Biology,FALSE,"Nachappa,Punya (Primary PI) 1177","Nachappa,Punya",Primary PI,1177,Nachappa,Punya,nachappa|p,TRUE,,,,FALSE
K000161683,2025,1170,Soil + Crop Sciences,FALSE,"Wardle,Erik M (Primary PI) 1170","Wardle,Erik M",Primary PI,1170,Wardle,Erik M,wardle|e,TRUE,,,,FALSE
K000161683,2025,1170,Soil + Crop Sciences,FALSE,"Deleon,Emmanuel (Co-PI) 1170","Deleon,Emmanuel",Co-PI,1170,Deleon,Emmanuel,deleon|e,TRUE,,,,FALSE
K000161683,2025,1170,Soil + Crop Sciences,FALSE,"Brown,Ansley Joseph (Co-PI) 1170","Brown,Ansley Joseph",Co-PI,1170,Brown,Ansley Joseph,brown|a,TRUE,,,,FALSE
K000161683,2025,1170,Soil + Crop Sciences,FALSE,"Bauder,Troy A (Co-PI) 3001","Bauder,Troy A",Co-PI,3001,Bauder,Troy A,bauder|t,TRUE,,,,FALSE
K000162761,2025,1170,Soil + Crop Sciences,FALSE,"Mason,Richard Esten (Primary PI) 1170","Mason,Richard Esten",Primary PI,1170,Mason,Richard Esten,mason|r,TRUE,,,,FALSE
K000162944,2025,1177,Agricultural Biology,FALSE,"Dao,Phuong Duc (Primary PI) 1177","Dao,Phuong Duc",Primary PI,1177,Dao,Phuong Duc,dao|p,TRUE,,,,FALSE
K000162827,2025,1177,Agricultural Biology,FALSE,"Argueso,Cristiana (Primary PI) 1177","Argueso,Cristiana",Primary PI,1177,Argueso,Cristiana,argueso|c,TRUE,,,,FALSE
K000162821,2025,1177,Agricultural Biology,FALSE,"Zink,Frida Anna (Primary PI) 1177","Zink,Frida Anna",Primary PI,1177,Zink,Frida Anna,zink|f,TRUE,,,,FALSE
K000162789,2025,1171,Animal Sciences,FALSE,"Stackhouse-Lawson,Kimberly Rose (Primary PI) 1171","Stackhouse-Lawson,Kimberly Rose",Primary PI,1171,Stackhouse-Lawson,Kimberly Rose,stackhouse lawson|k,TRUE,,,,FALSE
K000162789,2025,1171,Animal Sciences,FALSE,"Thoma,Gregory (Co-PI) 3001","Thoma,Gregory",Co-PI,3001,Thoma,Gregory,thoma|g,TRUE,,,,FALSE
K000162744,2025,1173,Horticulture + Landscape Architecture,FALSE,"Prenni,Jessica E (Primary PI) 1173","Prenni,Jessica E",Primary PI,1173,Prenni,Jessica E,prenni|j,TRUE,,,,FALSE
K000162744,2025,1173,Horticulture + Landscape Architecture,FALSE,"Chaparro,Jacqueline Michelle (Key Person) 1173","Chaparro,Jacqueline Michelle",Key Person,1173,Chaparro,Jacqueline Michelle,chaparro|j,TRUE,,,,FALSE
K000162744,2025,1173,Horticulture + Landscape Architecture,FALSE,"Craver,Joshua Ken (Key Person) 1173","Craver,Joshua Ken",Key Person,1173,Craver,Joshua Ken,craver|j,TRUE,,,,FALSE
K000162714,2025,1171,Animal Sciences,FALSE,"Bigler,Elizabeth Jaed (Primary PI) 1171","Bigler,Elizabeth Jaed",Primary PI,1171,Bigler,Elizabeth Jaed,bigler|e,TRUE,,,,FALSE
K000162714,2025,1171,Animal Sciences,FALSE,"Edwards-Callaway,Lily Nowell (Key Person) 1171","Edwards-Callaway,Lily Nowell",Key Person,1171,Edwards-Callaway,Lily Nowell,edwards callaway|l,TRUE,,,,FALSE
K000162714,2025,1171,Animal Sciences,FALSE,"Ahola,Jason Kee (Key Person) 1171","Ahola,Jason Kee",Key Person,1171,Ahola,Jason Kee,ahola|j,TRUE,,,,FALSE
K000162714,2025,1171,Animal Sciences,FALSE,"Belk,Keith (Key Person) 1171","Belk,Keith",Key Person,1171,Belk,Keith,belk|k,TRUE,,,,FALSE
K000162646,2025,1177,Agricultural Biology,FALSE,"Shergill,Lovreet S (Primary PI) 1177","Shergill,Lovreet S",Primary PI,1177,Shergill,Lovreet S,shergill|l,TRUE,,,,FALSE
K000162646,2025,1177,Agricultural Biology,FALSE,"Schipanski,Meagan Erin (Co-PI) 1170","Schipanski,Meagan Erin",Co-PI,1170,Schipanski,Meagan Erin,schipanski|m,TRUE,,,,FALSE
K000162265,2025,1171,Animal Sciences,FALSE,"Carvalho,Pedro Henrique (Primary PI) 1171","Carvalho,Pedro Henrique",Primary PI,1171,Carvalho,Pedro Henrique,carvalho|p,TRUE,,,,FALSE
K000162265,2025,1171,Animal Sciences,FALSE,"Gomes Sitorski,Leonardo (Co-PI) 1171","Gomes Sitorski,Leonardo",Co-PI,1171,Gomes Sitorski,Leonardo,gomes sitorski|l,TRUE,,,,FALSE
K000162265,2025,1171,Animal Sciences,FALSE,"Vargas Martinez,Juan de Jesus de Jesus (Co-PI) 1171","Vargas Martinez,Juan de Jesus de Jesus",Co-PI,1171,Vargas Martinez,Juan de Jesus de Jesus,vargas martinez|j,TRUE,,,,FALSE
K000162265,2025,1171,Animal Sciences,FALSE,"Place,Sara (Co-PI) 1171","Place,Sara",Co-PI,1171,Place,Sara,place|s,TRUE,,,,FALSE
K000162084,2025,1170,Soil + Crop Sciences,FALSE,"Wrighton,Kelly Catherine (Primary PI) 1170","Wrighton,Kelly Catherine",Primary PI,1170,Wrighton,Kelly Catherine,wrighton|k,TRUE,,,,FALSE
K000162084,2025,1170,Soil + Crop Sciences,FALSE,"Mook,Anneloes Chantal (Co-PI) 1730","Mook,Anneloes Chantal",Co-PI,1730,Mook,Anneloes Chantal,mook|a,TRUE,,,,FALSE
K000162084,2025,1170,Soil + Crop Sciences,FALSE,"Borton,Mikayla Ann (Co-PI) 1170","Borton,Mikayla Ann",Co-PI,1170,Borton,Mikayla Ann,borton|m,TRUE,,,,FALSE
K000160212,2025,1177,Agricultural Biology,FALSE,"Eubanks,Micky (Primary PI) 1177","Eubanks,Micky",Primary PI,1177,Eubanks,Micky,eubanks|m,TRUE,,,,FALSE
K000161607,2025,1170,Soil + Crop Sciences,FALSE,"Borton,Mikayla Ann (Primary PI) 1170","Borton,Mikayla Ann",Primary PI,1170,Borton,Mikayla Ann,borton|m,TRUE,,,,FALSE
K000161607,2025,1170,Soil + Crop Sciences,FALSE,"Boot,Claudia (Co-PI) 2019","Boot,Claudia",Co-PI,2019,Boot,Claudia,boot|c,TRUE,,,,FALSE
K000161607,2025,1170,Soil + Crop Sciences,FALSE,"Weir,Tiffany L (Co-PI) 1571","Weir,Tiffany L",Co-PI,1571,Weir,Tiffany L,weir|t,TRUE,,,,FALSE
K000161607,2025,1170,Soil + Crop Sciences,FALSE,"Wrighton,Kelly Catherine (Co-PI) 1170","Wrighton,Kelly Catherine",Co-PI,1170,Wrighton,Kelly Catherine,wrighton|k,TRUE,,,,FALSE
K000162002,2025,1177,Agricultural Biology,FALSE,"Stewart,Jane E (Primary PI) 1177","Stewart,Jane E",Primary PI,1177,Stewart,Jane E,stewart|j,TRUE,,,,FALSE
K000162477,2025,1177,Agricultural Biology,FALSE,"Shergill,Lovreet S (Primary PI) 1177","Shergill,Lovreet S",Primary PI,1177,Shergill,Lovreet S,shergill|l,TRUE,,,,FALSE
K000162477,2025,1177,Agricultural Biology,FALSE,"Dayan,Franck E (Co-PI) 1177","Dayan,Franck E",Co-PI,1177,Dayan,Franck E,dayan|f,TRUE,,,,FALSE
K000162477,2025,1177,Agricultural Biology,FALSE,"Gaines,Todd A (Co-PI) 1177","Gaines,Todd A",Co-PI,1177,Gaines,Todd A,gaines|t,TRUE,,,,FALSE
K000162479,2025,1177,Agricultural Biology,FALSE,"Nachappa,Punya (Primary PI) 1177","Nachappa,Punya",Primary PI,1177,Nachappa,Punya,nachappa|p,TRUE,,,,FALSE
K000162479,2025,1177,Agricultural Biology,FALSE,"Nalam,Vamsi (Co-PI) 1177","Nalam,Vamsi",Co-PI,1177,Nalam,Vamsi,nalam|v,TRUE,,,,FALSE
K000162518,2025,1172,Agricultural + Resource Economics,TRUE,"Burkhardt,Jesse Brodie (Primary PI) 1172","Burkhardt,Jesse Brodie",Primary PI,1172,Burkhardt,Jesse Brodie,burkhardt|j,TRUE,Burkhardt,Jesse,ENRE,TRUE
K000162541,2025,1172,Agricultural + Resource Economics,TRUE,"Burkhardt,Jesse Brodie (Primary PI) 1172","Burkhardt,Jesse Brodie",Primary PI,1172,Burkhardt,Jesse Brodie,burkhardt|j,TRUE,Burkhardt,Jesse,ENRE,TRUE
K000162541,2025,1172,Agricultural + Resource Economics,TRUE,"Pallickara,Shrideep (Co-PI) 1873","Pallickara,Shrideep",Co-PI,1873,Pallickara,Shrideep,pallickara|s,TRUE,,,,FALSE
K000162541,2025,1172,Agricultural + Resource Economics,TRUE,"Pallickara,Sangmi Lee (Co-PI) 1873","Pallickara,Sangmi Lee",Co-PI,1873,Pallickara,Sangmi Lee,pallickara|s,TRUE,,,,FALSE
K000162541,2025,1172,Agricultural + Resource Economics,TRUE,"Wu,Dien (Co-PI) 1371","Wu,Dien",Co-PI,1371,Wu,Dien,wu|d,TRUE,,,,FALSE
K000162541,2025,1172,Agricultural + Resource Economics,TRUE,"Fischer,Emily V (Co-PI) 1371","Fischer,Emily V",Co-PI,1371,Fischer,Emily V,fischer|e,TRUE,,,,FALSE
K000162545,2025,1173,Horticulture + Landscape Architecture,FALSE,"Miller,Chad (Primary PI) 1173","Miller,Chad",Primary PI,1173,Miller,Chad,miller|c,TRUE,,,,FALSE
K000162579,2025,1177,Agricultural Biology,FALSE,"Timm,Alicia Eva (Primary PI) 1177","Timm,Alicia Eva",Primary PI,1177,Timm,Alicia Eva,timm|a,TRUE,,,,FALSE
K000162662,2025,1170,Soil + Crop Sciences,FALSE,"Jones-Diamond,Sally Marie (Primary PI) 1170","Jones-Diamond,Sally Marie",Primary PI,1170,Jones-Diamond,Sally Marie,jones diamond|s,TRUE,,,,FALSE
K000162664,2025,1171,Animal Sciences,FALSE,"Manriquez Alvarez,Diego Ignacio (Primary PI) 1171","Manriquez Alvarez,Diego Ignacio",Primary PI,1171,Manriquez Alvarez,Diego Ignacio,manriquez alvarez|d,TRUE,,,,FALSE
K000162715,2025,1170,Soil + Crop Sciences,FALSE,"Jones-Diamond,Sally Marie (Primary PI) 1170","Jones-Diamond,Sally Marie",Primary PI,1170,Jones-Diamond,Sally Marie,jones diamond|s,TRUE,,,,FALSE
K000162715,2025,1170,Soil + Crop Sciences,FALSE,"Schneekloth,Joel (Co-PI) 1033","Schneekloth,Joel",Co-PI,1033,Schneekloth,Joel,schneekloth|j,TRUE,,,,FALSE
K000162742,2025,1171,Animal Sciences,FALSE,"Belk,Keith (Primary PI) 1171","Belk,Keith",Primary PI,1171,Belk,Keith,belk|k,TRUE,,,,FALSE
K000162742,2025,1171,Animal Sciences,FALSE,"Stackhouse-Lawson,Kimberly Rose (Co-PI) 1171","Stackhouse-Lawson,Kimberly Rose",Co-PI,1171,Stackhouse-Lawson,Kimberly Rose,stackhouse lawson|k,TRUE,,,,FALSE
K000162742,2025,1171,Animal Sciences,FALSE,"Delmore,Robert J (Co-PI) 1171","Delmore,Robert J",Co-PI,1171,Delmore,Robert J,delmore|r,TRUE,,,,FALSE
K000162742,2025,1171,Animal Sciences,FALSE,"Narayanan Nair,Mahesh (Co-PI) 1171","Narayanan Nair,Mahesh",Co-PI,1171,Narayanan Nair,Mahesh,narayanan nair|m,TRUE,,,,FALSE
K000162244,2025,1173,Horticulture + Landscape Architecture,FALSE,"Vivanco,Jorge M (Primary PI) 1173","Vivanco,Jorge M",Primary PI,1173,Vivanco,Jorge M,vivanco|j,TRUE,,,,FALSE
K000162244,2025,1173,Horticulture + Landscape Architecture,FALSE,"Afkairin,Antisar SM Omar (Co-PI) 1173","Afkairin,Antisar SM Omar",Co-PI,1173,Afkairin,Antisar SM Omar,afkairin|a,TRUE,,,,FALSE
K000162264,2025,1171,Animal Sciences,FALSE,"Hess,Tanja (Primary PI) 1171","Hess,Tanja",Primary PI,1171,Hess,Tanja,hess|t,TRUE,,,,FALSE
K000162264,2025,1171,Animal Sciences,FALSE,"Carvalho Seabra,Jessica (Co-PI) 1171","Carvalho Seabra,Jessica",Co-PI,1171,Carvalho Seabra,Jessica,carvalho seabra|j,TRUE,,,,FALSE
K000162266,2025,1173,Horticulture + Landscape Architecture,FALSE,"Thompson,Henry J (Primary PI) 1173","Thompson,Henry J",Primary PI,1173,Thompson,Henry J,thompson|h,TRUE,,,,FALSE
K000161861,2025,1177,Agricultural Biology,FALSE,"Argueso,Cristiana (Primary PI) 1177","Argueso,Cristiana",Primary PI,1177,Argueso,Cristiana,argueso|c,TRUE,,,,FALSE
K000162544,2025,1177,Agricultural Biology,FALSE,"Gaines,Todd A (Primary PI) 1177","Gaines,Todd A",Primary PI,1177,Gaines,Todd A,gaines|t,TRUE,,,,FALSE
K000162544,2025,1177,Agricultural Biology,FALSE,"Abdollahi,Fatemeh (Co-PI) 1177","Abdollahi,Fatemeh",Co-PI,1177,Abdollahi,Fatemeh,abdollahi|f,TRUE,,,,FALSE
K000162485,2025,1173,Horticulture + Landscape Architecture,FALSE,"Thompson,Henry J (Primary PI) 1173","Thompson,Henry J",Primary PI,1173,Thompson,Henry J,thompson|h,TRUE,,,,FALSE
K000162243,2025,1170,Soil + Crop Sciences,FALSE,"McKay,John K (Primary PI) 1170","McKay,John K",Primary PI,1170,McKay,John K,mckay|j,TRUE,,,,FALSE
K000162243,2025,1170,Soil + Crop Sciences,FALSE,"Mullen,Jack Leonard (Co-PI) 1170","Mullen,Jack Leonard",Co-PI,1170,Mullen,Jack Leonard,mullen|j,TRUE,,,,FALSE
K000162243,2025,1170,Soil + Crop Sciences,FALSE,"O'Connor,Devin Lee (Co-PI) 1878","O'Connor,Devin Lee",Co-PI,1878,O'Connor,Devin Lee,o connor|d,TRUE,,,,FALSE
K000162243,2025,1170,Soil + Crop Sciences,FALSE,"Khakhar,Arjun (Co-PI) 1878","Khakhar,Arjun",Co-PI,1878,Khakhar,Arjun,khakhar|a,TRUE,,,,FALSE
K000162074,2025,1177,Agricultural Biology,FALSE,"Nalam,Vamsi (Primary PI) 1177","Nalam,Vamsi",Primary PI,1177,Nalam,Vamsi,nalam|v,TRUE,,,,FALSE
K000162000,2025,1170,Soil + Crop Sciences,FALSE,"Wilkins,Michael James (Primary PI) 1170","Wilkins,Michael James",Primary PI,1170,Wilkins,Michael James,wilkins|m,TRUE,,,,FALSE
K000161880,2025,1177,Agricultural Biology,FALSE,"Gaines,Todd A (Primary PI) 1177","Gaines,Todd A",Primary PI,1177,Gaines,Todd A,gaines|t,TRUE,,,,FALSE
K000161880,2025,1177,Agricultural Biology,FALSE,"Brown,Cynthia S (Co-PI) 1177","Brown,Cynthia S",Co-PI,1177,Brown,Cynthia S,brown|c,TRUE,,,,FALSE
K000161880,2025,1177,Agricultural Biology,FALSE,"Shergill,Lovreet S (Co-PI) 1177","Shergill,Lovreet S",Co-PI,1177,Shergill,Lovreet S,shergill|l,TRUE,,,,FALSE
K000161880,2025,1177,Agricultural Biology,FALSE,"Dao,Phuong Duc (Co-PI) 1177","Dao,Phuong Duc",Co-PI,1177,Dao,Phuong Duc,dao|p,TRUE,,,,FALSE
K000161880,2025,1177,Agricultural Biology,FALSE,"Dayan,Franck E (Co-PI) 1177","Dayan,Franck E",Co-PI,1177,Dayan,Franck E,dayan|f,TRUE,,,,FALSE
K000161880,2025,1177,Agricultural Biology,FALSE,"Pelon,Amber Lynn (Co-PI) 1177","Pelon,Amber Lynn",Co-PI,1177,Pelon,Amber Lynn,pelon|a,TRUE,,,,FALSE
K000162269,2025,1177,Agricultural Biology,FALSE,"Gaines,Todd A (Primary PI) 1177","Gaines,Todd A",Primary PI,1177,Gaines,Todd A,gaines|t,TRUE,,,,FALSE
K000162269,2025,1177,Agricultural Biology,FALSE,"Brown,Cynthia S (Co-PI) 1177","Brown,Cynthia S",Co-PI,1177,Brown,Cynthia S,brown|c,TRUE,,,,FALSE
K000162269,2025,1177,Agricultural Biology,FALSE,"Shergill,Lovreet S (Co-PI) 1177","Shergill,Lovreet S",Co-PI,1177,Shergill,Lovreet S,shergill|l,TRUE,,,,FALSE
K000162269,2025,1177,Agricultural Biology,FALSE,"Dao,Phuong Duc (Co-PI) 1177","Dao,Phuong Duc",Co-PI,1177,Dao,Phuong Duc,dao|p,TRUE,,,,FALSE
K000162269,2025,1177,Agricultural Biology,FALSE,"Dayan,Franck E (Co-PI) 1177","Dayan,Franck E",Co-PI,1177,Dayan,Franck E,dayan|f,TRUE,,,,FALSE
K000162269,2025,1177,Agricultural Biology,FALSE,"Pelon,Amber Lynn (Co-PI) 1177","Pelon,Amber Lynn",Co-PI,1177,Pelon,Amber Lynn,pelon|a,TRUE,,,,FALSE
K000162343,2025,1173,Horticulture + Landscape Architecture,FALSE,"Vivanco,Jorge M (Primary PI) 1173","Vivanco,Jorge M",Primary PI,1173,Vivanco,Jorge M,vivanco|j,TRUE,,,,FALSE
K000162348,2025,1171,Animal Sciences,FALSE,"Belk,Keith (Primary PI) 1171","Belk,Keith",Primary PI,1171,Belk,Keith,belk|k,TRUE,,,,FALSE
K000162348,2025,1171,Animal Sciences,FALSE,"Delmore,Robert J (Co-PI) 1171","Delmore,Robert J",Co-PI,1171,Delmore,Robert J,delmore|r,TRUE,,,,FALSE
K000162348,2025,1171,Animal Sciences,FALSE,"Narayanan Nair,Mahesh (Co-PI) 1171","Narayanan Nair,Mahesh",Co-PI,1171,Narayanan Nair,Mahesh,narayanan nair|m,TRUE,,,,FALSE
K000162245,2025,1170,Soil + Crop Sciences,FALSE,"Borch,Thomas (Primary PI) 1170","Borch,Thomas",Primary PI,1170,Borch,Thomas,borch|t,TRUE,,,,FALSE
K000162245,2025,1170,Soil + Crop Sciences,FALSE,"Olson,Mitchell R (Co-PI) 1372","Olson,Mitchell R",Co-PI,1372,Olson,Mitchell R,olson|m,TRUE,,,,FALSE
K000162390,2025,1171,Animal Sciences,FALSE,"Belk,Keith (Primary PI) 1171","Belk,Keith",Primary PI,1171,Belk,Keith,belk|k,TRUE,,,,FALSE
K000162390,2025,1171,Animal Sciences,FALSE,"Edwards-Callaway,Lily Nowell (Co-PI) 1171","Edwards-Callaway,Lily Nowell",Co-PI,1171,Edwards-Callaway,Lily Nowell,edwards callaway|l,TRUE,,,,FALSE
K000162390,2025,1171,Animal Sciences,FALSE,"Zhang,Peipei (Co-PI) 1171","Zhang,Peipei",Co-PI,1171,Zhang,Peipei,zhang|p,TRUE,,,,FALSE
K000162390,2025,1171,Animal Sciences,FALSE,"Delmore,Robert J (Co-PI) 1171","Delmore,Robert J",Co-PI,1171,Delmore,Robert J,delmore|r,TRUE,,,,FALSE
K000162390,2025,1171,Animal Sciences,FALSE,"Geornaras,Ifigenia (Co-PI) 1171","Geornaras,Ifigenia",Co-PI,1171,Geornaras,Ifigenia,geornaras|i,TRUE,,,,FALSE
K000162390,2025,1171,Animal Sciences,FALSE,"Narayanan Nair,Mahesh (Co-PI) 1171","Narayanan Nair,Mahesh",Co-PI,1171,Narayanan Nair,Mahesh,narayanan nair|m,TRUE,,,,FALSE
K000162420,2025,1170,Soil + Crop Sciences,FALSE,"Borton,Mikayla Ann (Primary PI) 1170","Borton,Mikayla Ann",Primary PI,1170,Borton,Mikayla Ann,borton|m,TRUE,,,,FALSE
K000162457,2025,1170,Soil + Crop Sciences,FALSE,"Borch,Thomas (Primary PI) 1170","Borch,Thomas",Primary PI,1170,Borch,Thomas,borch|t,TRUE,,,,FALSE
K000162478,2025,1170,Soil + Crop Sciences,FALSE,"Paustian,Keith H (Primary PI) 1170","Paustian,Keith H",Primary PI,1170,Paustian,Keith H,paustian|k,TRUE,,,,FALSE
K000162478,2025,1170,Soil + Crop Sciences,FALSE,"Hong,Mu (Key Person) 1499","Hong,Mu",Key Person,1499,Hong,Mu,hong|m,TRUE,,,,FALSE
K000162478,2025,1170,Soil + Crop Sciences,FALSE,"Swan,Amy L (Key Person) 1170","Swan,Amy L",Key Person,1170,Swan,Amy L,swan|a,TRUE,,,,FALSE
K000162481,2025,1173,Horticulture + Landscape Architecture,FALSE,"Thompson,Henry J (Primary PI) 1173","Thompson,Henry J",Primary PI,1173,Thompson,Henry J,thompson|h,TRUE,,,,FALSE
K000162242,2025,1177,Agricultural Biology,FALSE,"Ode,Paul James (Primary PI) 1177","Ode,Paul James",Primary PI,1177,Ode,Paul James,ode|p,TRUE,,,,FALSE
K000161860,2025,1177,Agricultural Biology,FALSE,"Gaines,Todd A (Primary PI) 1177","Gaines,Todd A",Primary PI,1177,Gaines,Todd A,gaines|t,TRUE,,,,FALSE
K000161860,2025,1177,Agricultural Biology,FALSE,"Abdollahi,Fatemeh (Co-PI) 1177","Abdollahi,Fatemeh",Co-PI,1177,Abdollahi,Fatemeh,abdollahi|f,TRUE,,,,FALSE
K000162384,2025,1177,Agricultural Biology,FALSE,"Leach,Jan E (Primary PI) 1177","Leach,Jan E",Primary PI,1177,Leach,Jan E,leach|j,TRUE,,,,FALSE
K000162339,2025,1177,Agricultural Biology,FALSE,"Stewart,Jane E (Primary PI) 1177","Stewart,Jane E",Primary PI,1177,Stewart,Jane E,stewart|j,TRUE,,,,FALSE
K000162262,2025,1173,Horticulture + Landscape Architecture,FALSE,"Prenni,Jessica E (Primary PI) 1173","Prenni,Jessica E",Primary PI,1173,Prenni,Jessica E,prenni|j,TRUE,,,,FALSE
K000161667,2025,1177,Agricultural Biology,FALSE,"Borowiec,Marek L (Primary PI) 1177","Borowiec,Marek L",Primary PI,1177,Borowiec,Marek L,borowiec|m,TRUE,,,,FALSE
K000162299,2025,1173,Horticulture + Landscape Architecture,FALSE,"Uchanski,Mark E (Primary PI) 1173","Uchanski,Mark E",Primary PI,1173,Uchanski,Mark E,uchanski|m,TRUE,,,,FALSE
K000162183,2025,1177,Agricultural Biology,FALSE,"Nachappa,Punya (Primary PI) 1177","Nachappa,Punya",Primary PI,1177,Nachappa,Punya,nachappa|p,TRUE,,,,FALSE
K000162146,2025,1177,Agricultural Biology,FALSE,"Shergill,Lovreet S (Primary PI) 1177","Shergill,Lovreet S",Primary PI,1177,Shergill,Lovreet S,shergill|l,TRUE,,,,FALSE
K000162099,2025,1177,Agricultural Biology,FALSE,"Nalam,Vamsi (Primary PI) 1177","Nalam,Vamsi",Primary PI,1177,Nalam,Vamsi,nalam|v,TRUE,,,,FALSE
K000162076,2025,1170,Soil + Crop Sciences,FALSE,"Cotrufo,Maria Francesca (Primary PI) 1170","Cotrufo,Maria Francesca",Primary PI,1170,Cotrufo,Maria Francesca,cotrufo|m,TRUE,,,,FALSE
K000162052,2025,1173,Horticulture + Landscape Architecture,FALSE,"Jayanty,Sastry SSGM (Primary PI) 1173","Jayanty,Sastry SSGM",Primary PI,1173,Jayanty,Sastry SSGM,jayanty|s,TRUE,,,,FALSE
K000162071,2025,1173,Horticulture + Landscape Architecture,FALSE,"Bauerle,William L (Primary PI) 1173","Bauerle,William L",Primary PI,1173,Bauerle,William L,bauerle|w,TRUE,,,,FALSE
K000162153,2025,1170,Soil + Crop Sciences,FALSE,"Cotrufo,Maria Francesca (Primary PI) 1170","Cotrufo,Maria Francesca",Primary PI,1170,Cotrufo,Maria Francesca,cotrufo|m,TRUE,,,,FALSE
K000162153,2025,1170,Soil + Crop Sciences,FALSE,"Stanley,Paige Lauren (Co-PI) 1170","Stanley,Paige Lauren",Co-PI,1170,Stanley,Paige Lauren,stanley|p,TRUE,,,,FALSE
K000161967,2025,1172,Agricultural + Resource Economics,TRUE,"Burkhardt,Jesse Brodie (Primary PI) 1172","Burkhardt,Jesse Brodie",Primary PI,1172,Burkhardt,Jesse Brodie,burkhardt|j,TRUE,Burkhardt,Jesse,ENRE,TRUE
K000161967,2025,1172,Agricultural + Resource Economics,TRUE,"Fitzgerald,Brooke Anne (Co-PI) 1172","Fitzgerald,Brooke Anne",Co-PI,1172,Fitzgerald,Brooke Anne,fitzgerald|b,TRUE,,,,FALSE
K000161729,2025,1177,Agricultural Biology,FALSE,"Ode,Paul James (Primary PI) 1177","Ode,Paul James",Primary PI,1177,Ode,Paul James,ode|p,TRUE,,,,FALSE
K000161729,2025,1177,Agricultural Biology,FALSE,"Ghosh,Enakshi (Co-PI) 1170","Ghosh,Enakshi",Co-PI,1170,Ghosh,Enakshi,ghosh|e,TRUE,,,,FALSE
K000161729,2025,1177,Agricultural Biology,FALSE,"Balgopal,Meena M (Co-PI) 1878","Balgopal,Meena M",Co-PI,1878,Balgopal,Meena M,balgopal|m,TRUE,,,,FALSE
K000161797,2025,1173,Horticulture + Landscape Architecture,FALSE,"Prenni,Jessica E (Primary PI) 1173","Prenni,Jessica E",Primary PI,1173,Prenni,Jessica E,prenni|j,TRUE,,,,FALSE
K000161978,2025,1171,Animal Sciences,FALSE,"Pinedo,Pablo J (Primary PI) 1171","Pinedo,Pablo J",Primary PI,1171,Pinedo,Pablo J,pinedo|p,TRUE,,,,FALSE
K000161978,2025,1171,Animal Sciences,FALSE,"Manriquez Alvarez,Diego Ignacio (Co-PI) 1171","Manriquez Alvarez,Diego Ignacio",Co-PI,1171,Manriquez Alvarez,Diego Ignacio,manriquez alvarez|d,TRUE,,,,FALSE
K000160894,2025,1171,Animal Sciences,FALSE,"Fedorka,Carleigh Elizabeth (Primary PI) 1171","Fedorka,Carleigh Elizabeth",Primary PI,1171,Fedorka,Carleigh Elizabeth,fedorka|c,TRUE,,,,FALSE
K000160894,2025,1171,Animal Sciences,FALSE,"Sones,Jennifer L (Co-PI) 1678","Sones,Jennifer L",Co-PI,1678,Sones,Jennifer L,sones|j,TRUE,,,,FALSE
K000160894,2025,1171,Animal Sciences,FALSE,"Bosco-Lauth,Angela M (Co-PI) 1680","Bosco-Lauth,Angela M",Co-PI,1680,Bosco-Lauth,Angela M,bosco lauth|a,TRUE,,,,FALSE
K000161606,2025,1171,Animal Sciences,FALSE,"Edwards-Callaway,Lily Nowell (Primary PI) 1171","Edwards-Callaway,Lily Nowell",Primary PI,1171,Edwards-Callaway,Lily Nowell,edwards callaway|l,TRUE,,,,FALSE
K000161606,2025,1171,Animal Sciences,FALSE,"Narayanan Nair,Mahesh (Co-PI) 1171","Narayanan Nair,Mahesh",Co-PI,1171,Narayanan Nair,Mahesh,narayanan nair|m,TRUE,,,,FALSE
K000161668,2025,1171,Animal Sciences,FALSE,"Coleman,Stephen John (Primary PI) 1171","Coleman,Stephen John",Primary PI,1171,Coleman,Stephen John,coleman|s,TRUE,,,,FALSE
K000161935,2025,1177,Agricultural Biology,FALSE,"Nachappa,Punya (Primary PI) 1177","Nachappa,Punya",Primary PI,1177,Nachappa,Punya,nachappa|p,TRUE,,,,FALSE
K000161938,2025,1173,Horticulture + Landscape Architecture,FALSE,"Jayanty,Sastry SSGM (Primary PI) 1173","Jayanty,Sastry SSGM",Primary PI,1173,Jayanty,Sastry SSGM,jayanty|s,TRUE,,,,FALSE
K000161917,2025,1173,Horticulture + Landscape Architecture,FALSE,"Thompson,Henry J (Primary PI) 1173","Thompson,Henry J",Primary PI,1173,Thompson,Henry J,thompson|h,TRUE,,,,FALSE
K000161666,2025,1171,Animal Sciences,FALSE,"Vargas Martinez,Juan de Jesus de Jesus (Primary PI) 1171","Vargas Martinez,Juan de Jesus de Jesus",Primary PI,1171,Vargas Martinez,Juan de Jesus de Jesus,vargas martinez|j,TRUE,,,,FALSE
K000161666,2025,1171,Animal Sciences,FALSE,"Gomes Sitorski,Leonardo (Co-PI) 1171","Gomes Sitorski,Leonardo",Co-PI,1171,Gomes Sitorski,Leonardo,gomes sitorski|l,TRUE,,,,FALSE
K000161666,2025,1171,Animal Sciences,FALSE,"Place,Sara (Co-PI) 1171","Place,Sara",Co-PI,1171,Place,Sara,place|s,TRUE,,,,FALSE
K000161666,2025,1171,Animal Sciences,FALSE,"Engle,Terry E (Co-PI) 1171","Engle,Terry E",Co-PI,1171,Engle,Terry E,engle|t,TRUE,,,,FALSE
K000161560,2025,1177,Agricultural Biology,FALSE,"Stewart,Jane E (Primary PI) 1177","Stewart,Jane E",Primary PI,1177,Stewart,Jane E,stewart|j,TRUE,,,,FALSE
K000161558,2025,1177,Agricultural Biology,FALSE,"Stewart,Jane E (Primary PI) 1177","Stewart,Jane E",Primary PI,1177,Stewart,Jane E,stewart|j,TRUE,,,,FALSE
K000161296,2025,1173,Horticulture + Landscape Architecture,FALSE,"Thompson,Henry J (Primary PI) 1173","Thompson,Henry J",Primary PI,1173,Thompson,Henry J,thompson|h,TRUE,,,,FALSE
K000161884,2025,1170,Soil + Crop Sciences,FALSE,"Cotrufo,Maria Francesca (Primary PI) 1170","Cotrufo,Maria Francesca",Primary PI,1170,Cotrufo,Maria Francesca,cotrufo|m,TRUE,,,,FALSE
K000161884,2025,1170,Soil + Crop Sciences,FALSE,"Haddix,Michelle (Co-PI) 1170","Haddix,Michelle",Co-PI,1170,Haddix,Michelle,haddix|m,TRUE,,,,FALSE
K000162035,2025,1177,Agricultural Biology,FALSE,"Nalam,Vamsi (Primary PI) 1177","Nalam,Vamsi",Primary PI,1177,Nalam,Vamsi,nalam|v,TRUE,,,,FALSE
K000162035,2025,1177,Agricultural Biology,FALSE,"Han,Jinlong (Co-PI) 1177","Han,Jinlong",Co-PI,1177,Han,Jinlong,han|j,TRUE,,,,FALSE
K000162093,2025,1177,Agricultural Biology,FALSE,"Szczepaniec,Adrianna (Primary PI) 1177","Szczepaniec,Adrianna",Primary PI,1177,Szczepaniec,Adrianna,szczepaniec|a,TRUE,,,,FALSE
K000161740,2025,1177,Agricultural Biology,FALSE,"Gaines,Todd A (Primary PI) 1177","Gaines,Todd A",Primary PI,1177,Gaines,Todd A,gaines|t,TRUE,,,,FALSE
K000161740,2025,1177,Agricultural Biology,FALSE,"Shergill,Lovreet S (Co-PI) 1177","Shergill,Lovreet S",Co-PI,1177,Shergill,Lovreet S,shergill|l,TRUE,,,,FALSE
K000161594,2025,1177,Agricultural Biology,FALSE,"Argueso,Cristiana (Primary PI) 1177","Argueso,Cristiana",Primary PI,1177,Argueso,Cristiana,argueso|c,TRUE,,,,FALSE
K000161646,2025,1170,Soil + Crop Sciences,FALSE,"Morris,Geoffrey Preston (Primary PI) 1170","Morris,Geoffrey Preston",Primary PI,1170,Morris,Geoffrey Preston,morris|g,TRUE,,,,FALSE
K000161963,2025,1173,Horticulture + Landscape Architecture,FALSE,"Bousselot,Jennifer M (Primary PI) 1173","Bousselot,Jennifer M",Primary PI,1173,Bousselot,Jennifer M,bousselot|j,TRUE,,,,FALSE
K000162034,2025,1177,Agricultural Biology,FALSE,"Nalam,Vamsi (Primary PI) 1177","Nalam,Vamsi",Primary PI,1177,Nalam,Vamsi,nalam|v,TRUE,,,,FALSE
K000161156,2025,1173,Horticulture + Landscape Architecture,FALSE,"Thompson,Henry J (Primary PI) 1173","Thompson,Henry J",Primary PI,1173,Thompson,Henry J,thompson|h,TRUE,,,,FALSE
K000161156,2025,1173,Horticulture + Landscape Architecture,FALSE,"Weir,Tiffany L (Co-PI) 1571","Weir,Tiffany L",Co-PI,1571,Weir,Tiffany L,weir|t,TRUE,,,,FALSE
K000161723,2025,1170,Soil + Crop Sciences,FALSE,"Trujillo,Wilma (Primary PI) 1170","Trujillo,Wilma",Primary PI,1170,Trujillo,Wilma,trujillo|w,TRUE,,,,FALSE
K000161711,2025,1170,Soil + Crop Sciences,FALSE,"Pires,Joseph Chris (Primary PI) 1170","Pires,Joseph Chris",Primary PI,1170,Pires,Joseph Chris,pires|j,TRUE,,,,FALSE
K000161710,2025,1177,Agricultural Biology,FALSE,"Nachappa,Punya (Primary PI) 1177","Nachappa,Punya",Primary PI,1177,Nachappa,Punya,nachappa|p,TRUE,,,,FALSE
K000161739,2025,1177,Agricultural Biology,FALSE,"Shergill,Lovreet S (Primary PI) 1177","Shergill,Lovreet S",Primary PI,1177,Shergill,Lovreet S,shergill|l,TRUE,,,,FALSE
K000161739,2025,1177,Agricultural Biology,FALSE,"Dayan,Franck E (Co-PI) 1177","Dayan,Franck E",Co-PI,1177,Dayan,Franck E,dayan|f,TRUE,,,,FALSE
K000161739,2025,1177,Agricultural Biology,FALSE,"Gaines,Todd A (Co-PI) 1177","Gaines,Todd A",Co-PI,1177,Gaines,Todd A,gaines|t,TRUE,,,,FALSE
K000161739,2025,1177,Agricultural Biology,FALSE,"Brar,Akamjot Singh (Key Person) 1177","Brar,Akamjot Singh",Key Person,1177,Brar,Akamjot Singh,brar|a,TRUE,,,,FALSE
K000161627,2025,1177,Agricultural Biology,FALSE,"Dao,Phuong Duc (Primary PI) 1177","Dao,Phuong Duc",Primary PI,1177,Dao,Phuong Duc,dao|p,TRUE,,,,FALSE
K000161388,2025,1170,Soil + Crop Sciences,FALSE,"Gifford,Lauren (Primary PI) 1170","Gifford,Lauren",Primary PI,1170,Gifford,Lauren,gifford|l,TRUE,,,,FALSE
K000161489,2025,1171,Animal Sciences,FALSE,"Raynor,Edward James (Primary PI) 1171","Raynor,Edward James",Primary PI,1171,Raynor,Edward James,raynor|e,TRUE,,,,FALSE
K000161489,2025,1171,Animal Sciences,FALSE,"Stackhouse-Lawson,Kimberly Rose (Co-PI) 1171","Stackhouse-Lawson,Kimberly Rose",Co-PI,1171,Stackhouse-Lawson,Kimberly Rose,stackhouse lawson|k,TRUE,,,,FALSE
K000161674,2025,1173,Horticulture + Landscape Architecture,FALSE,"Prenni,Jessica E (Primary PI) 1173","Prenni,Jessica E",Primary PI,1173,Prenni,Jessica E,prenni|j,TRUE,,,,FALSE
K000160965,2025,1171,Animal Sciences,FALSE,"Place,Sara (Primary PI) 1171","Place,Sara",Primary PI,1171,Place,Sara,place|s,TRUE,,,,FALSE
K000160965,2025,1171,Animal Sciences,FALSE,"Gomes Sitorski,Leonardo (Co-PI) 1171","Gomes Sitorski,Leonardo",Co-PI,1171,Gomes Sitorski,Leonardo,gomes sitorski|l,TRUE,,,,FALSE
K000160965,2025,1171,Animal Sciences,FALSE,"Vargas Martinez,Juan de Jesus de Jesus (Co-PI) 1171","Vargas Martinez,Juan de Jesus de Jesus",Co-PI,1171,Vargas Martinez,Juan de Jesus de Jesus,vargas martinez|j,TRUE,,,,FALSE
K000160965,2025,1171,Animal Sciences,FALSE,"Carvalho,Pedro Henrique (Co-PI) 1171","Carvalho,Pedro Henrique",Co-PI,1171,Carvalho,Pedro Henrique,carvalho|p,TRUE,,,,FALSE
K000160965,2025,1171,Animal Sciences,FALSE,"Stackhouse-Lawson,Kimberly Rose (Co-PI) 1171","Stackhouse-Lawson,Kimberly Rose",Co-PI,1171,Stackhouse-Lawson,Kimberly Rose,stackhouse lawson|k,TRUE,,,,FALSE
K000161373,2025,1171,Animal Sciences,FALSE,"Vargas Martinez,Juan de Jesus de Jesus (Primary PI) 1171","Vargas Martinez,Juan de Jesus de Jesus",Primary PI,1171,Vargas Martinez,Juan de Jesus de Jesus,vargas martinez|j,TRUE,,,,FALSE
K000161373,2025,1171,Animal Sciences,FALSE,"Gomes Sitorski,Leonardo (Co-PI) 1171","Gomes Sitorski,Leonardo",Co-PI,1171,Gomes Sitorski,Leonardo,gomes sitorski|l,TRUE,,,,FALSE
K000161373,2025,1171,Animal Sciences,FALSE,"Place,Sara (Co-PI) 1171","Place,Sara",Co-PI,1171,Place,Sara,place|s,TRUE,,,,FALSE
K000161373,2025,1171,Animal Sciences,FALSE,"Carvalho,Pedro Henrique (Co-PI) 1171","Carvalho,Pedro Henrique",Co-PI,1171,Carvalho,Pedro Henrique,carvalho|p,TRUE,,,,FALSE
K000161557,2025,1170,Soil + Crop Sciences,FALSE,"Blecker,Steven (Primary PI) 3001","Blecker,Steven",Primary PI,3001,Blecker,Steven,blecker|s,TRUE,,,,FALSE
K000161557,2025,1170,Soil + Crop Sciences,FALSE,"Buchanan,Cassidy Michelle (Co-PI) 1170","Buchanan,Cassidy Michelle",Co-PI,1170,Buchanan,Cassidy Michelle,buchanan|c,TRUE,,,,FALSE
K000161689,2025,1170,Soil + Crop Sciences,FALSE,"Borch,Thomas (Primary PI) 1170","Borch,Thomas",Primary PI,1170,Borch,Thomas,borch|t,TRUE,,,,FALSE
K000161414,2025,1177,Agricultural Biology,FALSE,"Blecker,Lisa Ann (Primary PI) 1177","Blecker,Lisa Ann",Primary PI,1177,Blecker,Lisa Ann,blecker|l,TRUE,,,,FALSE
K000161414,2025,1177,Agricultural Biology,FALSE,"Geisterfer,Hannah Lisanne (Co-PI) 1177","Geisterfer,Hannah Lisanne",Co-PI,1177,Geisterfer,Hannah Lisanne,geisterfer|h,TRUE,,,,FALSE
K000161528,2025,1177,Agricultural Biology,FALSE,"Shergill,Lovreet S (Primary PI) 1177","Shergill,Lovreet S",Primary PI,1177,Shergill,Lovreet S,shergill|l,TRUE,,,,FALSE
K000161528,2025,1177,Agricultural Biology,FALSE,"Dao,Phuong Duc (Co-PI) 1177","Dao,Phuong Duc",Co-PI,1177,Dao,Phuong Duc,dao|p,TRUE,,,,FALSE
K000161528,2025,1177,Agricultural Biology,FALSE,"Cabot,Perry Edmund (Co-PI) 1033","Cabot,Perry Edmund",Co-PI,1033,Cabot,Perry Edmund,cabot|p,TRUE,,,,FALSE
K000161528,2025,1177,Agricultural Biology,FALSE,"Ballard,Todd Curtis (Co-PI) 4030","Ballard,Todd Curtis",Co-PI,4030,Ballard,Todd Curtis,ballard|t,TRUE,,,,FALSE
K000161323,2025,1172,Agricultural + Resource Economics,TRUE,"Countryman,Amanda Marie (Primary PI) 1172","Countryman,Amanda Marie",Primary PI,1172,Countryman,Amanda Marie,countryman|a,TRUE,Countryman,Amanda,Ag and Food,TRUE
K000161675,2024,1170,Soil + Crop Sciences,FALSE,"Pottorff,Laura Pickett (Primary PI) 1170","Pottorff,Laura Pickett",Primary PI,1170,Pottorff,Laura Pickett,pottorff|l,TRUE,,,,FALSE
K000161675,2024,1170,Soil + Crop Sciences,FALSE,"Crowl,Randall Lee (Co-PI) 1170","Crowl,Randall Lee",Co-PI,1170,Crowl,Randall Lee,crowl|r,TRUE,,,,FALSE
K000161556,2024,1170,Soil + Crop Sciences,FALSE,"Martin,Timothy (Primary PI) 1170","Martin,Timothy",Primary PI,1170,Martin,Timothy,martin|t,TRUE,,,,FALSE
K000161556,2024,1170,Soil + Crop Sciences,FALSE,"Kremen,Amy E (Co-PI) 1170","Kremen,Amy E",Co-PI,1170,Kremen,Amy E,kremen|a,TRUE,,,,FALSE
K000161420,2024,1170,Soil + Crop Sciences,FALSE,"Schipanski,Meagan Erin (Primary PI) 1170","Schipanski,Meagan Erin",Primary PI,1170,Schipanski,Meagan Erin,schipanski|m,TRUE,,,,FALSE
K000161420,2024,1170,Soil + Crop Sciences,FALSE,"Jackson,Erin Donley (Co-PI) 1170","Jackson,Erin Donley",Co-PI,1170,Jackson,Erin Donley,jackson|e,TRUE,,,,FALSE
K000161205,2024,1173,Horticulture + Landscape Architecture,FALSE,"Miller,Chad (Primary PI) 1173","Miller,Chad",Primary PI,1173,Miller,Chad,miller|c,TRUE,,,,FALSE
K000161205,2024,1173,Horticulture + Landscape Architecture,FALSE,"Lee,Makenzie Katherine (Key Person) 1173","Lee,Makenzie Katherine",Key Person,1173,Lee,Makenzie Katherine,lee|m,TRUE,,,,FALSE
K000161344,2024,1177,Agricultural Biology,FALSE,"Szczepaniec,Adrianna (Primary PI) 1177","Szczepaniec,Adrianna",Primary PI,1177,Szczepaniec,Adrianna,szczepaniec|a,TRUE,,,,FALSE
K000161344,2024,1177,Agricultural Biology,FALSE,"Britt,Kadie Elizabeth (Co-PI) 1177","Britt,Kadie Elizabeth",Co-PI,1177,Britt,Kadie Elizabeth,britt|k,TRUE,,,,FALSE
K000161415,2024,1177,Agricultural Biology,FALSE,"Dayan,Franck E (Primary PI) 1177","Dayan,Franck E",Primary PI,1177,Dayan,Franck E,dayan|f,TRUE,,,,FALSE
K000161415,2024,1177,Agricultural Biology,FALSE,"Gaines,Todd A (Co-PI) 1177","Gaines,Todd A",Co-PI,1177,Gaines,Todd A,gaines|t,TRUE,,,,FALSE
K000161340,2024,1177,Agricultural Biology,FALSE,"Dayan,Franck E (Primary PI) 1177","Dayan,Franck E",Primary PI,1177,Dayan,Franck E,dayan|f,TRUE,,,,FALSE
K000161340,2024,1177,Agricultural Biology,FALSE,"Gaines,Todd A (Co-PI) 1177","Gaines,Todd A",Co-PI,1177,Gaines,Todd A,gaines|t,TRUE,,,,FALSE
K000161335,2024,1170,Soil + Crop Sciences,FALSE,"Willige,Bjorn Christopher (Primary PI) 1170","Willige,Bjorn Christopher",Primary PI,1170,Willige,Bjorn Christopher,willige|b,TRUE,,,,FALSE
K000161335,2024,1170,Soil + Crop Sciences,FALSE,"Wilkins,Michael James (Co-PI) 1170","Wilkins,Michael James",Co-PI,1170,Wilkins,Michael James,wilkins|m,TRUE,,,,FALSE
K000161335,2024,1170,Soil + Crop Sciences,FALSE,"Saldierna Guzman,Jessica Paola (Co-PI) 1170","Saldierna Guzman,Jessica Paola",Co-PI,1170,Saldierna Guzman,Jessica Paola,saldierna guzman|j,TRUE,,,,FALSE
K000161335,2024,1170,Soil + Crop Sciences,FALSE,"Borch,Thomas (Co-PI) 1170","Borch,Thomas",Co-PI,1170,Borch,Thomas,borch|t,TRUE,,,,FALSE
K000159108,2024,1172,Agricultural + Resource Economics,TRUE,"Countryman,Amanda Marie (Primary PI) 1172","Countryman,Amanda Marie",Primary PI,1172,Countryman,Amanda Marie,countryman|a,TRUE,Countryman,Amanda,Ag and Food,TRUE
K000160973,2024,1177,Agricultural Biology,FALSE,"Nalam,Vamsi (Primary PI) 1177","Nalam,Vamsi",Primary PI,1177,Nalam,Vamsi,nalam|v,TRUE,,,,FALSE
K000160973,2024,1177,Agricultural Biology,FALSE,"Chikh-Ali,Mohamad (Co-PI) 3043","Chikh-Ali,Mohamad",Co-PI,3043,Chikh-Ali,Mohamad,chikh ali|m,TRUE,,,,FALSE
K000160973,2024,1177,Agricultural Biology,FALSE,"Han,Jinlong (Co-PI) 1177","Han,Jinlong",Co-PI,1177,Han,Jinlong,han|j,TRUE,,,,FALSE
K000160973,2024,1177,Agricultural Biology,FALSE,"Nachappa,Punya (Co-PI) 1177","Nachappa,Punya",Co-PI,1177,Nachappa,Punya,nachappa|p,TRUE,,,,FALSE
K000161283,2024,1171,Animal Sciences,FALSE,"Matlock,Sarah K (Primary PI) 1171","Matlock,Sarah K",Primary PI,1171,Matlock,Sarah K,matlock|s,TRUE,,,,FALSE
K000161283,2024,1171,Animal Sciences,FALSE,"Catalano,Devan Noelle (Co-PI) 1171","Catalano,Devan Noelle",Co-PI,1171,Catalano,Devan Noelle,catalano|d,TRUE,,,,FALSE
K000160554,2024,1173,Horticulture + Landscape Architecture,FALSE,"Vivanco,Jorge M (Primary PI) 1173","Vivanco,Jorge M",Primary PI,1173,Vivanco,Jorge M,vivanco|j,TRUE,,,,FALSE
K000160554,2024,1173,Horticulture + Landscape Architecture,FALSE,"Sterle,David Gabriel (Co-PI) 3046","Sterle,David Gabriel",Co-PI,3046,Sterle,David Gabriel,sterle|d,TRUE,,,,FALSE
K000160554,2024,1173,Horticulture + Landscape Architecture,FALSE,"Afkairin,Antisar SM Omar (Co-PI) 1173","Afkairin,Antisar SM Omar",Co-PI,1173,Afkairin,Antisar SM Omar,afkairin|a,TRUE,,,,FALSE
K000160554,2024,1173,Horticulture + Landscape Architecture,FALSE,"Minas,Ioannis (Co-PI) 1173","Minas,Ioannis",Co-PI,1173,Minas,Ioannis,minas|i,TRUE,,,,FALSE
K000161070,2024,1171,Animal Sciences,FALSE,"Place,Sara (Primary PI) 1171","Place,Sara",Primary PI,1171,Place,Sara,place|s,TRUE,,,,FALSE
K000161070,2024,1171,Animal Sciences,FALSE,"Sharvelle,Sybil E (Co-PI) 1372","Sharvelle,Sybil E",Co-PI,1372,Sharvelle,Sybil E,sharvelle|s,TRUE,,,,FALSE
K000161070,2024,1171,Animal Sciences,FALSE,"Lambert,Jordan Marie (Co-PI) 1101","Lambert,Jordan Marie",Co-PI,1101,Lambert,Jordan Marie,lambert|j,TRUE,,,,FALSE
K000161070,2024,1171,Animal Sciences,FALSE,"Ritten,John Patrick (Co-PI) 1172","Ritten,John Patrick",Co-PI,1172,Ritten,John Patrick,ritten|j,TRUE,Ritten,John,Ag and Food,TRUE
K000161070,2024,1171,Animal Sciences,FALSE,"Stackhouse-Lawson,Kimberly Rose (Co-PI) 1171","Stackhouse-Lawson,Kimberly Rose",Co-PI,1171,Stackhouse-Lawson,Kimberly Rose,stackhouse lawson|k,TRUE,,,,FALSE
K000161457,2024,1170,Soil + Crop Sciences,FALSE,"Paustian,Keith H (Primary PI) 1170","Paustian,Keith H",Primary PI,1170,Paustian,Keith H,paustian|k,TRUE,,,,FALSE
K000161515,2024,1170,Soil + Crop Sciences,FALSE,"Pires,Joseph Chris (Primary PI) 1170","Pires,Joseph Chris",Primary PI,1170,Pires,Joseph Chris,pires|j,TRUE,,,,FALSE
K000160799,2024,1177,Agricultural Biology,FALSE,"Blecker,Lisa Ann (Primary PI) 1177","Blecker,Lisa Ann",Primary PI,1177,Blecker,Lisa Ann,blecker|l,TRUE,,,,FALSE
K000160799,2024,1177,Agricultural Biology,FALSE,"Geisterfer,Hannah Lisanne (Co-PI) 1177","Geisterfer,Hannah Lisanne",Co-PI,1177,Geisterfer,Hannah Lisanne,geisterfer|h,TRUE,,,,FALSE
K000160914,2024,1170,Soil + Crop Sciences,FALSE,"Zelikova,Tamara J (Primary PI) 1170","Zelikova,Tamara J",Primary PI,1170,Zelikova,Tamara J,zelikova|t,TRUE,,,,FALSE
K000160914,2024,1170,Soil + Crop Sciences,FALSE,"Gifford,Lauren (Co-PI) 1170","Gifford,Lauren",Co-PI,1170,Gifford,Lauren,gifford|l,TRUE,,,,FALSE
K000160898,2024,1171,Animal Sciences,FALSE,"Raynor,Edward James (Primary PI) 1171","Raynor,Edward James",Primary PI,1171,Raynor,Edward James,raynor|e,TRUE,,,,FALSE
K000160898,2024,1171,Animal Sciences,FALSE,"Metcalf,Jessica Lynne (Co-PI) 1171","Metcalf,Jessica Lynne",Co-PI,1171,Metcalf,Jessica Lynne,metcalf|j,TRUE,,,,FALSE
K000160898,2024,1171,Animal Sciences,FALSE,"DeLay,Nathan D (Co-PI) 1172","DeLay,Nathan D",Co-PI,1172,DeLay,Nathan D,delay|n,TRUE,DeLay,Nathan,Ag and Food,TRUE
K000160898,2024,1171,Animal Sciences,FALSE,"Place,Sara (Co-PI) 1171","Place,Sara",Co-PI,1171,Place,Sara,place|s,TRUE,,,,FALSE
K000160898,2024,1171,Animal Sciences,FALSE,"Carvalho,Pedro Henrique (Co-PI) 1171","Carvalho,Pedro Henrique",Co-PI,1171,Carvalho,Pedro Henrique,carvalho|p,TRUE,,,,FALSE
K000160898,2024,1171,Animal Sciences,FALSE,"Stackhouse-Lawson,Kimberly Rose (Co-PI) 1171","Stackhouse-Lawson,Kimberly Rose",Co-PI,1171,Stackhouse-Lawson,Kimberly Rose,stackhouse lawson|k,TRUE,,,,FALSE
K000160847,2024,1177,Agricultural Biology,FALSE,"Blecker,Lisa Ann (Primary PI) 1177","Blecker,Lisa Ann",Primary PI,1177,Blecker,Lisa Ann,blecker|l,TRUE,,,,FALSE
K000160728,2024,1171,Animal Sciences,FALSE,"Engle,Terry E (Primary PI) 1171","Engle,Terry E",Primary PI,1171,Engle,Terry E,engle|t,TRUE,,,,FALSE
K000160728,2024,1171,Animal Sciences,FALSE,"Holt,Timothy N (Co-PI) 1678","Holt,Timothy N",Co-PI,1678,Holt,Timothy N,holt|t,TRUE,,,,FALSE
K000160728,2024,1171,Animal Sciences,FALSE,"Carvalho,Pedro Henrique (Co-PI) 1171","Carvalho,Pedro Henrique",Co-PI,1171,Carvalho,Pedro Henrique,carvalho|p,TRUE,,,,FALSE
K000160728,2024,1171,Animal Sciences,FALSE,"Narayanan Nair,Mahesh (Co-PI) 1171","Narayanan Nair,Mahesh",Co-PI,1171,Narayanan Nair,Mahesh,narayanan nair|m,TRUE,,,,FALSE
K000160728,2024,1171,Animal Sciences,FALSE,"Chicco,Adam Joseph (Co-PI) 1680","Chicco,Adam Joseph",Co-PI,1680,Chicco,Adam Joseph,chicco|a,TRUE,,,,FALSE
K000161260,2024,1170,Soil + Crop Sciences,FALSE,"Wrighton,Kelly Catherine (Primary PI) 1170","Wrighton,Kelly Catherine",Primary PI,1170,Wrighton,Kelly Catherine,wrighton|k,TRUE,,,,FALSE
K000160720,2024,1177,Agricultural Biology,FALSE,"Borowiec,Marek L (Primary PI) 1177","Borowiec,Marek L",Primary PI,1177,Borowiec,Marek L,borowiec|m,TRUE,,,,FALSE
K000160720,2024,1177,Agricultural Biology,FALSE,"Eskew,Stephanie Lauren (Co-PI) 1878","Eskew,Stephanie Lauren",Co-PI,1878,Eskew,Stephanie Lauren,eskew|s,TRUE,,,,FALSE
K000160801,2024,1171,Animal Sciences,FALSE,"Metcalf,Jessica Lynne (Primary PI) 1171","Metcalf,Jessica Lynne",Primary PI,1171,Metcalf,Jessica Lynne,metcalf|j,TRUE,,,,FALSE
K000160801,2024,1171,Animal Sciences,FALSE,"Talbott,Victoria M (Co-PI) 1055","Talbott,Victoria M",Co-PI,1055,Talbott,Victoria M,talbott|v,TRUE,,,,FALSE
K000160801,2024,1171,Animal Sciences,FALSE,"Cramer,Mary Caitlin (Key Person) 1171","Cramer,Mary Caitlin",Key Person,1171,Cramer,Mary Caitlin,cramer|m,TRUE,,,,FALSE
K000160801,2024,1171,Animal Sciences,FALSE,"Weir,Tiffany L (Key Person) 1571","Weir,Tiffany L",Key Person,1571,Weir,Tiffany L,weir|t,TRUE,,,,FALSE
K000161018,2024,1101,Dean of Agricultural Sciences,FALSE,"Charkowski,Amy Olymbia (Primary PI) 1101","Charkowski,Amy Olymbia",Primary PI,1101,Charkowski,Amy Olymbia,charkowski|a,TRUE,,,,FALSE
K000161018,2024,1101,Dean of Agricultural Sciences,FALSE,"Lambert,Jordan Marie (Co-PI) 1101","Lambert,Jordan Marie",Co-PI,1101,Lambert,Jordan Marie,lambert|j,TRUE,,,,FALSE
K000161050,2024,1170,Soil + Crop Sciences,FALSE,"McKay,John K (Primary PI) 1170","McKay,John K",Primary PI,1170,McKay,John K,mckay|j,TRUE,,,,FALSE
K000161050,2024,1170,Soil + Crop Sciences,FALSE,"Borton,Mikayla Ann (Co-PI) 1170","Borton,Mikayla Ann",Co-PI,1170,Borton,Mikayla Ann,borton|m,TRUE,,,,FALSE
K000161050,2024,1170,Soil + Crop Sciences,FALSE,"Wrighton,Kelly Catherine (Co-PI) 1170","Wrighton,Kelly Catherine",Co-PI,1170,Wrighton,Kelly Catherine,wrighton|k,TRUE,,,,FALSE
K000161050,2024,1170,Soil + Crop Sciences,FALSE,"Mullen,Jack Leonard (Co-PI) 1170","Mullen,Jack Leonard",Co-PI,1170,Mullen,Jack Leonard,mullen|j,TRUE,,,,FALSE
K000161050,2024,1170,Soil + Crop Sciences,FALSE,"Khakhar,Arjun (Co-PI) 1878","Khakhar,Arjun",Co-PI,1878,Khakhar,Arjun,khakhar|a,TRUE,,,,FALSE
K000161050,2024,1170,Soil + Crop Sciences,FALSE,"Dao,Phuong Duc (Co-PI) 1177","Dao,Phuong Duc",Co-PI,1177,Dao,Phuong Duc,dao|p,TRUE,,,,FALSE
K000161107,2024,1173,Horticulture + Landscape Architecture,FALSE,"Houser,Andrew J (Primary PI) 3043","Houser,Andrew J",Primary PI,3043,Houser,Andrew J,houser|a,TRUE,,,,FALSE
K000161107,2024,1173,Horticulture + Landscape Architecture,FALSE,"Wilson,Madeline (Co-PI) 4015","Wilson,Madeline",Co-PI,4015,Wilson,Madeline,wilson|m,TRUE,,,,FALSE
K000161107,2024,1173,Horticulture + Landscape Architecture,FALSE,"Nachappa,Punya (Co-PI) 1177","Nachappa,Punya",Co-PI,1177,Nachappa,Punya,nachappa|p,TRUE,,,,FALSE
K000161107,2024,1173,Horticulture + Landscape Architecture,FALSE,"Chikh-Ali,Mohamad (Co-PI) 3043","Chikh-Ali,Mohamad",Co-PI,3043,Chikh-Ali,Mohamad,chikh ali|m,TRUE,,,,FALSE
K000158191,2024,1173,Horticulture + Landscape Architecture,FALSE,"Thompson,Henry J (Primary PI) 1173","Thompson,Henry J",Primary PI,1173,Thompson,Henry J,thompson|h,TRUE,,,,FALSE
K000158191,2024,1173,Horticulture + Landscape Architecture,FALSE,"Weir,Tiffany L (Co-PI) 1571","Weir,Tiffany L",Co-PI,1571,Weir,Tiffany L,weir|t,TRUE,,,,FALSE
K000160907,2024,1171,Animal Sciences,FALSE,"Cramer,Mary Caitlin (Primary PI) 1171","Cramer,Mary Caitlin",Primary PI,1171,Cramer,Mary Caitlin,cramer|m,TRUE,,,,FALSE
K000160907,2024,1171,Animal Sciences,FALSE,"Carvalho,Pedro Henrique (Co-PI) 1171","Carvalho,Pedro Henrique",Co-PI,1171,Carvalho,Pedro Henrique,carvalho|p,TRUE,,,,FALSE
K000160907,2024,1171,Animal Sciences,FALSE,"Roman-Muniz,Ivette Noami (Co-PI) 1171","Roman-Muniz,Ivette Noami",Co-PI,1171,Roman-Muniz,Ivette Noami,roman muniz|i,TRUE,,,,FALSE
K000161086,2024,1177,Agricultural Biology,FALSE,"Ode,Paul James (Primary PI) 1177","Ode,Paul James",Primary PI,1177,Ode,Paul James,ode|p,TRUE,,,,FALSE
K000160975,2024,1170,Soil + Crop Sciences,FALSE,"Fonte,Steven John (Primary PI) 1170","Fonte,Steven John",Primary PI,1170,Fonte,Steven John,fonte|s,TRUE,,,,FALSE
K000160975,2024,1170,Soil + Crop Sciences,FALSE,"Vanek,Steven John (Co-PI) 1170","Vanek,Steven John",Co-PI,1170,Vanek,Steven John,vanek|s,TRUE,,,,FALSE
K000161165,2024,1177,Agricultural Biology,FALSE,"Nachappa,Punya (Primary PI) 1177","Nachappa,Punya",Primary PI,1177,Nachappa,Punya,nachappa|p,TRUE,,,,FALSE
K000161064,2024,1172,Agricultural + Resource Economics,TRUE,"Woerman,Matthew Augustine (Primary PI) 1172","Woerman,Matthew Augustine",Primary PI,1172,Woerman,Matthew Augustine,woerman|m,TRUE,Woerman,Matt,ENRE,TRUE
K000160730,2024,1170,Soil + Crop Sciences,FALSE,"Wilkins,Michael James (Primary PI) 1170","Wilkins,Michael James",Primary PI,1170,Wilkins,Michael James,wilkins|m,TRUE,,,,FALSE
K000160901,2024,1177,Agricultural Biology,FALSE,"Gaines,Todd A (Primary PI) 1177","Gaines,Todd A",Primary PI,1177,Gaines,Todd A,gaines|t,TRUE,,,,FALSE
K000160901,2024,1177,Agricultural Biology,FALSE,"Dayan,Franck E (Co-PI) 1177","Dayan,Franck E",Co-PI,1177,Dayan,Franck E,dayan|f,TRUE,,,,FALSE
K000160966,2024,1177,Agricultural Biology,FALSE,"Gaines,Todd A (Primary PI) 1177","Gaines,Todd A",Primary PI,1177,Gaines,Todd A,gaines|t,TRUE,,,,FALSE
K000160919,2024,1171,Animal Sciences,FALSE,"Catalano,Devan Noelle (Primary PI) 1171","Catalano,Devan Noelle",Primary PI,1171,Catalano,Devan Noelle,catalano|d,TRUE,,,,FALSE
K000160921,2024,1171,Animal Sciences,FALSE,"Catalano,Devan Noelle (Primary PI) 1171","Catalano,Devan Noelle",Primary PI,1171,Catalano,Devan Noelle,catalano|d,TRUE,,,,FALSE
K000160962,2024,1170,Soil + Crop Sciences,FALSE,"Morris,Geoffrey Preston (Primary PI) 1170","Morris,Geoffrey Preston",Primary PI,1170,Morris,Geoffrey Preston,morris|g,TRUE,,,,FALSE
K000160962,2024,1170,Soil + Crop Sciences,FALSE,"Cerimele,Gina (Co-PI) 1170","Cerimele,Gina",Co-PI,1170,Cerimele,Gina,cerimele|g,TRUE,,,,FALSE
K000161008,2024,1171,Animal Sciences,FALSE,"Engle,Terry E (Primary PI) 1171","Engle,Terry E",Primary PI,1171,Engle,Terry E,engle|t,TRUE,,,,FALSE
K000161066,2024,1171,Animal Sciences,FALSE,"Zhang,Peipei (Primary PI) 1171","Zhang,Peipei",Primary PI,1171,Zhang,Peipei,zhang|p,TRUE,,,,FALSE
K000161066,2024,1171,Animal Sciences,FALSE,"Delmore,Robert J (Co-PI) 1171","Delmore,Robert J",Co-PI,1171,Delmore,Robert J,delmore|r,TRUE,,,,FALSE
K000161066,2024,1171,Animal Sciences,FALSE,"Geornaras,Ifigenia (Co-PI) 1171","Geornaras,Ifigenia",Co-PI,1171,Geornaras,Ifigenia,geornaras|i,TRUE,,,,FALSE
K000161066,2024,1171,Animal Sciences,FALSE,"Belk,Keith (Co-PI) 1171","Belk,Keith",Co-PI,1171,Belk,Keith,belk|k,TRUE,,,,FALSE
K000160368,2024,1171,Animal Sciences,FALSE,"Manriquez Alvarez,Diego Ignacio (Primary PI) 1171","Manriquez Alvarez,Diego Ignacio",Primary PI,1171,Manriquez Alvarez,Diego Ignacio,manriquez alvarez|d,TRUE,,,,FALSE
K000160983,2024,1170,Soil + Crop Sciences,FALSE,"Schipanski,Meagan Erin (Primary PI) 1170","Schipanski,Meagan Erin",Primary PI,1170,Schipanski,Meagan Erin,schipanski|m,TRUE,,,,FALSE
K000160983,2024,1170,Soil + Crop Sciences,FALSE,"Callen,Jessica Cameron (Co-PI) 4010","Callen,Jessica Cameron",Co-PI,4010,Callen,Jessica Cameron,callen|j,TRUE,,,,FALSE
K000161085,2024,1170,Soil + Crop Sciences,FALSE,"McKay,John K (Primary PI) 1170","McKay,John K",Primary PI,1170,McKay,John K,mckay|j,TRUE,,,,FALSE
K000161085,2024,1170,Soil + Crop Sciences,FALSE,"Soenksen,Chad Alan (Key Person) 1170","Soenksen,Chad Alan",Key Person,1170,Soenksen,Chad Alan,soenksen|c,TRUE,,,,FALSE
K000161108,2024,1171,Animal Sciences,FALSE,"Narayanan Nair,Mahesh (Primary PI) 1171","Narayanan Nair,Mahesh",Primary PI,1171,Narayanan Nair,Mahesh,narayanan nair|m,TRUE,,,,FALSE
K000161108,2024,1171,Animal Sciences,FALSE,"Geornaras,Ifigenia (Key Person) 1171","Geornaras,Ifigenia",Key Person,1171,Geornaras,Ifigenia,geornaras|i,TRUE,,,,FALSE
K000161065,2024,1171,Animal Sciences,FALSE,"Manriquez Alvarez,Diego Ignacio (Primary PI) 1171","Manriquez Alvarez,Diego Ignacio",Primary PI,1171,Manriquez Alvarez,Diego Ignacio,manriquez alvarez|d,TRUE,,,,FALSE
K000160902,2024,1177,Agricultural Biology,FALSE,"Dayan,Franck E (Primary PI) 1177","Dayan,Franck E",Primary PI,1177,Dayan,Franck E,dayan|f,TRUE,,,,FALSE
K000160902,2024,1177,Agricultural Biology,FALSE,"Shergill,Lovreet S (Co-PI) 1177","Shergill,Lovreet S",Co-PI,1177,Shergill,Lovreet S,shergill|l,TRUE,,,,FALSE
K000160902,2024,1177,Agricultural Biology,FALSE,"Gaines,Todd A (Co-PI) 1177","Gaines,Todd A",Co-PI,1177,Gaines,Todd A,gaines|t,TRUE,,,,FALSE
K000160882,2024,1173,Horticulture + Landscape Architecture,FALSE,"Burcham,Daniel C (Primary PI) 1173","Burcham,Daniel C",Primary PI,1173,Burcham,Daniel C,burcham|d,TRUE,,,,FALSE
K000160846,2024,1177,Agricultural Biology,FALSE,"Zink,Frida Anna (Primary PI) 1177","Zink,Frida Anna",Primary PI,1177,Zink,Frida Anna,zink|f,TRUE,,,,FALSE
K000160793,2024,1171,Animal Sciences,FALSE,"Carvalho,Pedro Henrique (Primary PI) 1171","Carvalho,Pedro Henrique",Primary PI,1171,Carvalho,Pedro Henrique,carvalho|p,TRUE,,,,FALSE
K000160793,2024,1171,Animal Sciences,FALSE,"Vargas Martinez,Juan de Jesus de Jesus (Co-PI) 1171","Vargas Martinez,Juan de Jesus de Jesus",Co-PI,1171,Vargas Martinez,Juan de Jesus de Jesus,vargas martinez|j,TRUE,,,,FALSE
K000160793,2024,1171,Animal Sciences,FALSE,"Metcalf,Jessica Lynne (Co-PI) 1171","Metcalf,Jessica Lynne",Co-PI,1171,Metcalf,Jessica Lynne,metcalf|j,TRUE,,,,FALSE
K000160793,2024,1171,Animal Sciences,FALSE,"Ritten,John Patrick (Co-PI) 1172","Ritten,John Patrick",Co-PI,1172,Ritten,John Patrick,ritten|j,TRUE,Ritten,John,Ag and Food,TRUE
K000160793,2024,1171,Animal Sciences,FALSE,"Narayanan Nair,Mahesh (Co-PI) 1171","Narayanan Nair,Mahesh",Co-PI,1171,Narayanan Nair,Mahesh,narayanan nair|m,TRUE,,,,FALSE
K000160793,2024,1171,Animal Sciences,FALSE,"Raynor,Edward James (Co-PI)",,,,,,,FALSE,,,,FALSE
K000160098,2024,1170,Soil + Crop Sciences,FALSE,"Wrighton,Kelly Catherine (Primary PI) 1170","Wrighton,Kelly Catherine",Primary PI,1170,Wrighton,Kelly Catherine,wrighton|k,TRUE,,,,FALSE
K000160098,2024,1170,Soil + Crop Sciences,FALSE,"Ben-Hur,Asa (Co-PI) 1873","Ben-Hur,Asa",Co-PI,1873,Ben-Hur,Asa,ben hur|a,TRUE,,,,FALSE
K000160098,2024,1170,Soil + Crop Sciences,FALSE,"Machmuller,Megan B (Co-PI) 1170","Machmuller,Megan B",Co-PI,1170,Machmuller,Megan B,machmuller|m,TRUE,,,,FALSE
K000160098,2024,1170,Soil + Crop Sciences,FALSE,"Borton,Mikayla Ann (Co-PI) 1170","Borton,Mikayla Ann",Co-PI,1170,Borton,Mikayla Ann,borton|m,TRUE,,,,FALSE
K000160497,2024,1170,Soil + Crop Sciences,FALSE,"Wilkins,Michael James (Primary PI) 1170","Wilkins,Michael James",Primary PI,1170,Wilkins,Michael James,wilkins|m,TRUE,,,,FALSE
K000160497,2024,1170,Soil + Crop Sciences,FALSE,"Willige,Bjorn Christopher (Co-PI) 1170","Willige,Bjorn Christopher",Co-PI,1170,Willige,Bjorn Christopher,willige|b,TRUE,,,,FALSE
K000160499,2024,1170,Soil + Crop Sciences,FALSE,"Mason,Laura Margaret (Primary PI) 1170","Mason,Laura Margaret",Primary PI,1170,Mason,Laura Margaret,mason|l,TRUE,,,,FALSE
K000160499,2024,1170,Soil + Crop Sciences,FALSE,"Wrighton,Kelly Catherine (Key Person) 1170","Wrighton,Kelly Catherine",Key Person,1170,Wrighton,Kelly Catherine,wrighton|k,TRUE,,,,FALSE
K000160505,2024,1170,Soil + Crop Sciences,FALSE,"Schipanski,Meagan Erin (Primary PI) 1170","Schipanski,Meagan Erin",Primary PI,1170,Schipanski,Meagan Erin,schipanski|m,TRUE,,,,FALSE
K000160505,2024,1170,Soil + Crop Sciences,FALSE,"Jones-Diamond,Sally Marie (Co-PI) 1170","Jones-Diamond,Sally Marie",Co-PI,1170,Jones-Diamond,Sally Marie,jones diamond|s,TRUE,,,,FALSE
K000160505,2024,1170,Soil + Crop Sciences,FALSE,"Fonte,Steven John (Co-PI) 1170","Fonte,Steven John",Co-PI,1170,Fonte,Steven John,fonte|s,TRUE,,,,FALSE
K000160505,2024,1170,Soil + Crop Sciences,FALSE,"Deiss,Leonardo (Co-PI) 1170","Deiss,Leonardo",Co-PI,1170,Deiss,Leonardo,deiss|l,TRUE,,,,FALSE
K000160505,2024,1170,Soil + Crop Sciences,FALSE,"Schneekloth,Joel (Co-PI) 1033","Schneekloth,Joel",Co-PI,1033,Schneekloth,Joel,schneekloth|j,TRUE,,,,FALSE
K000160706,2024,1177,Agricultural Biology,FALSE,"Dao,Phuong Duc (Primary PI) 1177","Dao,Phuong Duc",Primary PI,1177,Dao,Phuong Duc,dao|p,TRUE,,,,FALSE
K000160710,2024,1177,Agricultural Biology,FALSE,"Roberts,Robyn (Primary PI) 1177","Roberts,Robyn",Primary PI,1177,Roberts,Robyn,roberts|r,TRUE,,,,FALSE
K000160768,2024,1171,Animal Sciences,FALSE,"Pinedo,Pablo J (Primary PI) 1171","Pinedo,Pablo J",Primary PI,1171,Pinedo,Pablo J,pinedo|p,TRUE,,,,FALSE
K000160768,2024,1171,Animal Sciences,FALSE,"Weng Zheng,Richard (Key Person) 1171","Weng Zheng,Richard",Key Person,1171,Weng Zheng,Richard,weng zheng|r,TRUE,,,,FALSE
K000160168,2024,1171,Animal Sciences,FALSE,"Place,Sara (Primary PI) 1171","Place,Sara",Primary PI,1171,Place,Sara,place|s,TRUE,,,,FALSE
K000160168,2024,1171,Animal Sciences,FALSE,"Gomes Sitorski,Leonardo (Co-PI) 1171","Gomes Sitorski,Leonardo",Co-PI,1171,Gomes Sitorski,Leonardo,gomes sitorski|l,TRUE,,,,FALSE
K000160171,2024,1171,Animal Sciences,FALSE,"Narayanan Nair,Mahesh (Primary PI) 1171","Narayanan Nair,Mahesh",Primary PI,1171,Narayanan Nair,Mahesh,narayanan nair|m,TRUE,,,,FALSE
K000160171,2024,1171,Animal Sciences,FALSE,"Countryman,Amanda Marie (Co-PI) 1172","Countryman,Amanda Marie",Co-PI,1172,Countryman,Amanda Marie,countryman|a,TRUE,Countryman,Amanda,Ag and Food,TRUE
K000160171,2024,1171,Animal Sciences,FALSE,"Thoma,Gregory (Co-PI) 3001","Thoma,Gregory",Co-PI,3001,Thoma,Gregory,thoma|g,TRUE,,,,FALSE
K000160276,2024,1170,Soil + Crop Sciences,FALSE,"Zelikova,Tamara J (Primary PI) 1170","Zelikova,Tamara J",Primary PI,1170,Zelikova,Tamara J,zelikova|t,TRUE,,,,FALSE
K000160276,2024,1170,Soil + Crop Sciences,FALSE,"Faria Tavares De Souza,Ligia (Co-PI) 1170","Faria Tavares De Souza,Ligia",Co-PI,1170,Faria Tavares De Souza,Ligia,faria tavares de souza|l,TRUE,,,,FALSE
K000160276,2024,1170,Soil + Crop Sciences,FALSE,"Walsh,Corinne Marie (Co-PI) 1170","Walsh,Corinne Marie",Co-PI,1170,Walsh,Corinne Marie,walsh|c,TRUE,,,,FALSE
K000160276,2024,1170,Soil + Crop Sciences,FALSE,"Fowler,Ames (Co-PI) 1170","Fowler,Ames",Co-PI,1170,Fowler,Ames,fowler|a,TRUE,,,,FALSE
K000160494,2024,1171,Animal Sciences,FALSE,"Place,Sara (Primary PI) 1171","Place,Sara",Primary PI,1171,Place,Sara,place|s,TRUE,,,,FALSE
K000160494,2024,1171,Animal Sciences,FALSE,"Carvalho,Pedro Henrique (Co-PI) 1171","Carvalho,Pedro Henrique",Co-PI,1171,Carvalho,Pedro Henrique,carvalho|p,TRUE,,,,FALSE
K000160494,2024,1171,Animal Sciences,FALSE,"Stackhouse-Lawson,Kimberly Rose (Co-PI) 1171","Stackhouse-Lawson,Kimberly Rose",Co-PI,1171,Stackhouse-Lawson,Kimberly Rose,stackhouse lawson|k,TRUE,,,,FALSE
K000160494,2024,1171,Animal Sciences,FALSE,"Gomes Sitorski,Leonardo (Key Person) 1171","Gomes Sitorski,Leonardo",Key Person,1171,Gomes Sitorski,Leonardo,gomes sitorski|l,TRUE,,,,FALSE
K000160494,2024,1171,Animal Sciences,FALSE,"Vargas Martinez,Juan de Jesus de Jesus (Key Person) 1171","Vargas Martinez,Juan de Jesus de Jesus",Key Person,1171,Vargas Martinez,Juan de Jesus de Jesus,vargas martinez|j,TRUE,,,,FALSE
K000157462,2024,1177,Agricultural Biology,FALSE,"Blecker,Lisa Ann (Primary PI) 1177","Blecker,Lisa Ann",Primary PI,1177,Blecker,Lisa Ann,blecker|l,TRUE,,,,FALSE
K000160526,2024,1177,Agricultural Biology,FALSE,"Argueso,Cristiana (Primary PI) 1177","Argueso,Cristiana",Primary PI,1177,Argueso,Cristiana,argueso|c,TRUE,,,,FALSE
K000160526,2024,1177,Agricultural Biology,FALSE,"Berenjian,Aydin (Co-PI) 1370","Berenjian,Aydin",Co-PI,1370,Berenjian,Aydin,berenjian|a,TRUE,,,,FALSE
K000160564,2024,1171,Animal Sciences,FALSE,"Fedorka,Carleigh Elizabeth (Primary PI) 1171","Fedorka,Carleigh Elizabeth",Primary PI,1171,Fedorka,Carleigh Elizabeth,fedorka|c,TRUE,,,,FALSE
K000160564,2024,1171,Animal Sciences,FALSE,"Sones,Jennifer L (Co-PI) 1678","Sones,Jennifer L",Co-PI,1678,Sones,Jennifer L,sones|j,TRUE,,,,FALSE
K000160711,2024,1172,Agricultural + Resource Economics,TRUE,"Mooney,Daniel F (Primary PI) 1172","Mooney,Daniel F",Primary PI,1172,Mooney,Daniel F,mooney|d,TRUE,Mooney,Daniel,Ag and Food,TRUE
K000157767,2024,1177,Agricultural Biology,FALSE,"Gaines,Todd A (Primary PI) 1177","Gaines,Todd A",Primary PI,1177,Gaines,Todd A,gaines|t,TRUE,,,,FALSE
K000157767,2024,1177,Agricultural Biology,FALSE,"Dayan,Franck E (Co-PI) 1177","Dayan,Franck E",Co-PI,1177,Dayan,Franck E,dayan|f,TRUE,,,,FALSE
K000160354,2024,1177,Agricultural Biology,FALSE,"Roberts,Robyn (Primary PI) 1177","Roberts,Robyn",Primary PI,1177,Roberts,Robyn,roberts|r,TRUE,,,,FALSE
K000160389,2024,1172,Agricultural + Resource Economics,TRUE,"Countryman,Amanda Marie (Primary PI) 1172","Countryman,Amanda Marie",Primary PI,1172,Countryman,Amanda Marie,countryman|a,TRUE,Countryman,Amanda,Ag and Food,TRUE
K000160802,2024,1170,Soil + Crop Sciences,FALSE,"Jones-Diamond,Sally Marie (Primary PI) 1170","Jones-Diamond,Sally Marie",Primary PI,1170,Jones-Diamond,Sally Marie,jones diamond|s,TRUE,,,,FALSE
K000160893,2024,1171,Animal Sciences,FALSE,"Hess,Tanja (Primary PI) 1171","Hess,Tanja",Primary PI,1171,Hess,Tanja,hess|t,TRUE,,,,FALSE
K000160166,2024,1171,Animal Sciences,FALSE,"Place,Sara (Primary PI) 1171","Place,Sara",Primary PI,1171,Place,Sara,place|s,TRUE,,,,FALSE
K000160166,2024,1171,Animal Sciences,FALSE,"Gomes Sitorski,Leonardo (Co-PI) 1171","Gomes Sitorski,Leonardo",Co-PI,1171,Gomes Sitorski,Leonardo,gomes sitorski|l,TRUE,,,,FALSE
K000160166,2024,1171,Animal Sciences,FALSE,"Vargas Martinez,Juan de Jesus (Co-PI) 1171","Vargas Martinez,Juan de Jesus",Co-PI,1171,Vargas Martinez,Juan de Jesus,vargas martinez|j,TRUE,,,,FALSE
K000160166,2024,1171,Animal Sciences,FALSE,"Stackhouse-Lawson,Kimberly Rose (Co-PI) 1171","Stackhouse-Lawson,Kimberly Rose",Co-PI,1171,Stackhouse-Lawson,Kimberly Rose,stackhouse lawson|k,TRUE,,,,FALSE
K000159992,2024,1170,Soil + Crop Sciences,FALSE,"Stanley,Paige Lauren (Primary PI) 1170","Stanley,Paige Lauren",Primary PI,1170,Stanley,Paige Lauren,stanley|p,TRUE,,,,FALSE
K000159992,2024,1170,Soil + Crop Sciences,FALSE,"Archibeque,Shawn (Co-PI) 1171","Archibeque,Shawn",Co-PI,1171,Archibeque,Shawn,archibeque|s,TRUE,,,,FALSE
K000159992,2024,1170,Soil + Crop Sciences,FALSE,"Wrighton,Kelly Catherine (Co-PI) 1170","Wrighton,Kelly Catherine",Co-PI,1170,Wrighton,Kelly Catherine,wrighton|k,TRUE,,,,FALSE
K000159992,2024,1170,Soil + Crop Sciences,FALSE,"Machmuller,Megan B (Co-PI) 1170","Machmuller,Megan B",Co-PI,1170,Machmuller,Megan B,machmuller|m,TRUE,,,,FALSE
K000159992,2024,1170,Soil + Crop Sciences,FALSE,"Cotrufo,Maria Francesca (Co-PI) 1170","Cotrufo,Maria Francesca",Co-PI,1170,Cotrufo,Maria Francesca,cotrufo|m,TRUE,,,,FALSE
K000160578,2024,1170,Soil + Crop Sciences,FALSE,"Pires,Joseph Chris (Primary PI) 1170","Pires,Joseph Chris",Primary PI,1170,Pires,Joseph Chris,pires|j,TRUE,,,,FALSE
K000160490,2024,1170,Soil + Crop Sciences,FALSE,"Cotrufo,Maria Francesca (Primary PI) 1170","Cotrufo,Maria Francesca",Primary PI,1170,Cotrufo,Maria Francesca,cotrufo|m,TRUE,,,,FALSE
K000160490,2024,1170,Soil + Crop Sciences,FALSE,"Zelikova,Tamara J (Co-PI) 1170","Zelikova,Tamara J",Co-PI,1170,Zelikova,Tamara J,zelikova|t,TRUE,,,,FALSE
K000160490,2024,1170,Soil + Crop Sciences,FALSE,"Gifford,Lauren (Co-PI) 1170","Gifford,Lauren",Co-PI,1170,Gifford,Lauren,gifford|l,TRUE,,,,FALSE
K000160490,2024,1170,Soil + Crop Sciences,FALSE,"Zhang,Yao (Co-PI) 1499","Zhang,Yao",Co-PI,1499,Zhang,Yao,zhang|y,TRUE,,,,FALSE
K000159325,2024,1172,Agricultural + Resource Economics,TRUE,"Bauman,Allison Gunter (Primary PI) 1172","Bauman,Allison Gunter",Primary PI,1172,Bauman,Allison Gunter,bauman|a,TRUE,,,,FALSE
K000159325,2024,1172,Agricultural + Resource Economics,TRUE,"Jablonski,Rebecca BR (Co-PI) 1172","Jablonski,Rebecca BR",Co-PI,1172,Jablonski,Rebecca BR,jablonski|b,TRUE,Jablonski,Becca,Ag and Food,TRUE
K000160501,2024,1173,Horticulture + Landscape Architecture,FALSE,"Vivanco,Jorge M (Primary PI) 1173","Vivanco,Jorge M",Primary PI,1173,Vivanco,Jorge M,vivanco|j,TRUE,,,,FALSE
K000160594,2024,1171,Animal Sciences,FALSE,"Seitz,Valerie Alissa (Primary PI) 1171","Seitz,Valerie Alissa",Primary PI,1171,Seitz,Valerie Alissa,seitz|v,TRUE,,,,FALSE
K000160489,2024,1177,Agricultural Biology,FALSE,"Shergill,Lovreet S (Primary PI) 1177","Shergill,Lovreet S",Primary PI,1177,Shergill,Lovreet S,shergill|l,TRUE,,,,FALSE
K000160353,2024,1172,Agricultural + Resource Economics,TRUE,"Suter,Jordan (Primary PI) 1172","Suter,Jordan",Primary PI,1172,Suter,Jordan,suter|j,TRUE,Suter,Jordan,ENRE,TRUE
K000160488,2024,1177,Agricultural Biology,FALSE,"Stewart,Jane E (Primary PI) 1177","Stewart,Jane E",Primary PI,1177,Stewart,Jane E,stewart|j,TRUE,,,,FALSE
K000160573,2024,1170,Soil + Crop Sciences,FALSE,"Fonte,Steven John (Primary PI) 1170","Fonte,Steven John",Primary PI,1170,Fonte,Steven John,fonte|s,TRUE,,,,FALSE
K000160573,2024,1170,Soil + Crop Sciences,FALSE,"Vanek,Steven John (Co-PI) 1170","Vanek,Steven John",Co-PI,1170,Vanek,Steven John,vanek|s,TRUE,,,,FALSE
K000160610,2024,1177,Agricultural Biology,FALSE,"Stewart,Jane E (Primary PI) 1177","Stewart,Jane E",Primary PI,1177,Stewart,Jane E,stewart|j,TRUE,,,,FALSE
K000160609,2024,1177,Agricultural Biology,FALSE,"Stewart,Jane E (Primary PI) 1177","Stewart,Jane E",Primary PI,1177,Stewart,Jane E,stewart|j,TRUE,,,,FALSE
K000159733,2024,1170,Soil + Crop Sciences,FALSE,"Fonte,Steven John (Primary PI) 1170","Fonte,Steven John",Primary PI,1170,Fonte,Steven John,fonte|s,TRUE,,,,FALSE
K000159733,2024,1170,Soil + Crop Sciences,FALSE,"Ross,Matthew Richard Voss (Co-PI) 1476","Ross,Matthew Richard Voss",Co-PI,1476,Ross,Matthew Richard Voss,ross|m,TRUE,,,,FALSE
K000159733,2024,1170,Soil + Crop Sciences,FALSE,"Wrighton,Kelly Catherine (Co-PI) 1170","Wrighton,Kelly Catherine",Co-PI,1170,Wrighton,Kelly Catherine,wrighton|k,TRUE,,,,FALSE
K000159993,2024,1172,Agricultural + Resource Economics,TRUE,"Countryman,Amanda Marie (Primary PI) 1172","Countryman,Amanda Marie",Primary PI,1172,Countryman,Amanda Marie,countryman|a,TRUE,Countryman,Amanda,Ag and Food,TRUE
K000160373,2024,1170,Soil + Crop Sciences,FALSE,"Ghosh,Enakshi (Primary PI) 1170","Ghosh,Enakshi",Primary PI,1170,Ghosh,Enakshi,ghosh|e,TRUE,,,,FALSE
K000160373,2024,1170,Soil + Crop Sciences,FALSE,"Mola,John (Co-PI) 1472","Mola,John",Co-PI,1472,Mola,John,mola|j,TRUE,,,,FALSE
K000160373,2024,1170,Soil + Crop Sciences,FALSE,"Hufbauer,Ruth A (Co-PI) 1177","Hufbauer,Ruth A",Co-PI,1177,Hufbauer,Ruth A,hufbauer|r,TRUE,,,,FALSE
K000160370,2024,1171,Animal Sciences,FALSE,"Zhang,Peipei (Primary PI) 1171","Zhang,Peipei",Primary PI,1171,Zhang,Peipei,zhang|p,TRUE,,,,FALSE
K000160370,2024,1171,Animal Sciences,FALSE,"Belk,Keith (Co-PI) 1171","Belk,Keith",Co-PI,1171,Belk,Keith,belk|k,TRUE,,,,FALSE
K000160360,2024,1172,Agricultural + Resource Economics,TRUE,"Hill,Rebecca Lynn (Primary PI) 4044","Hill,Rebecca Lynn",Primary PI,4044,Hill,Rebecca Lynn,hill|r,TRUE,,,,FALSE
K000160360,2024,1172,Agricultural + Resource Economics,TRUE,"Thilmany,Dawn D (Co-PI) 1172","Thilmany,Dawn D",Co-PI,1172,Thilmany,Dawn D,thilmany|d,TRUE,Thilmany,Dawn,Ag and Food,TRUE
K000160331,2024,1177,Agricultural Biology,FALSE,"Nalam,Vamsi (Primary PI) 1177","Nalam,Vamsi",Primary PI,1177,Nalam,Vamsi,nalam|v,TRUE,,,,FALSE
K000160331,2024,1177,Agricultural Biology,FALSE,"Han,Jinlong (Co-PI) 1177","Han,Jinlong",Co-PI,1177,Han,Jinlong,han|j,TRUE,,,,FALSE
K000159990,2024,1170,Soil + Crop Sciences,FALSE,"Willige,Bjorn Christopher (Primary PI) 1170","Willige,Bjorn Christopher",Primary PI,1170,Willige,Bjorn Christopher,willige|b,TRUE,,,,FALSE
K000160459,2024,1170,Soil + Crop Sciences,FALSE,"Gifford,Lauren (Primary PI) 1170","Gifford,Lauren",Primary PI,1170,Gifford,Lauren,gifford|l,TRUE,,,,FALSE
K000160430,2024,1172,Agricultural + Resource Economics,TRUE,"Suter,Jordan (Primary PI) 1172","Suter,Jordan",Primary PI,1172,Suter,Jordan,suter|j,TRUE,Suter,Jordan,ENRE,TRUE
K000160101,2024,1170,Soil + Crop Sciences,FALSE,"Cotrufo,Maria Francesca (Primary PI) 1170","Cotrufo,Maria Francesca",Primary PI,1170,Cotrufo,Maria Francesca,cotrufo|m,TRUE,,,,FALSE
K000160097,2024,1170,Soil + Crop Sciences,FALSE,"Cotrufo,Maria Francesca (Primary PI) 1170","Cotrufo,Maria Francesca",Primary PI,1170,Cotrufo,Maria Francesca,cotrufo|m,TRUE,,,,FALSE
K000160381,2024,1170,Soil + Crop Sciences,FALSE,"Trujillo,Wilma (Primary PI) 1170","Trujillo,Wilma",Primary PI,1170,Trujillo,Wilma,trujillo|w,TRUE,,,,FALSE
K000160226,2024,1172,Agricultural + Resource Economics,TRUE,"Thilmany,Dawn D (Primary PI) 1172","Thilmany,Dawn D",Primary PI,1172,Thilmany,Dawn D,thilmany|d,TRUE,Thilmany,Dawn,Ag and Food,TRUE
K000160148,2024,1173,Horticulture + Landscape Architecture,FALSE,"Thompson,Henry J (Primary PI) 1173","Thompson,Henry J",Primary PI,1173,Thompson,Henry J,thompson|h,TRUE,,,,FALSE
K000160147,2024,1173,Horticulture + Landscape Architecture,FALSE,"Thompson,Henry J (Primary PI) 1173","Thompson,Henry J",Primary PI,1173,Thompson,Henry J,thompson|h,TRUE,,,,FALSE
K000160147,2024,1173,Horticulture + Landscape Architecture,FALSE,"Weir,Tiffany L (Co-PI) 1571","Weir,Tiffany L",Co-PI,1571,Weir,Tiffany L,weir|t,TRUE,,,,FALSE
K000160138,2024,1170,Soil + Crop Sciences,FALSE,"Mason,Richard Esten (Primary PI) 1170","Mason,Richard Esten",Primary PI,1170,Mason,Richard Esten,mason|r,TRUE,,,,FALSE
K000160043,2024,1177,Agricultural Biology,FALSE,"Nachappa,Punya (Primary PI) 1177","Nachappa,Punya",Primary PI,1177,Nachappa,Punya,nachappa|p,TRUE,,,,FALSE
K000160043,2024,1177,Agricultural Biology,FALSE,"MacWilliams,Jacob Robert (Co-PI) 1177","MacWilliams,Jacob Robert",Co-PI,1177,MacWilliams,Jacob Robert,macwilliams|j,TRUE,,,,FALSE
K000160043,2024,1177,Agricultural Biology,FALSE,"Fulladolsa Palma,Ana Cristina (Co-PI) 1177","Fulladolsa Palma,Ana Cristina",Co-PI,1177,Fulladolsa Palma,Ana Cristina,fulladolsa palma|a,TRUE,,,,FALSE
K000160043,2024,1177,Agricultural Biology,FALSE,"Han,Jinlong (Co-PI) 1177","Han,Jinlong",Co-PI,1177,Han,Jinlong,han|j,TRUE,,,,FALSE
K000160013,2024,1173,Horticulture + Landscape Architecture,FALSE,"Miller,Chad (Primary PI) 1173","Miller,Chad",Primary PI,1173,Miller,Chad,miller|c,TRUE,,,,FALSE
K000160013,2024,1173,Horticulture + Landscape Architecture,FALSE,"Calvert,Martha Dianne (Co-PI) 3001","Calvert,Martha Dianne",Co-PI,3001,Calvert,Martha Dianne,calvert|m,TRUE,,,,FALSE
K000160013,2024,1173,Horticulture + Landscape Architecture,FALSE,"Van Buiten,Charlene Barbara (Co-PI) 1571","Van Buiten,Charlene Barbara",Co-PI,1571,Van Buiten,Charlene Barbara,van buiten|c,TRUE,,,,FALSE
K000160000,2024,1171,Animal Sciences,FALSE,"Fedorka,Carleigh Elizabeth (Primary PI) 1171","Fedorka,Carleigh Elizabeth",Primary PI,1171,Fedorka,Carleigh Elizabeth,fedorka|c,TRUE,,,,FALSE
K000160404,2024,1170,Soil + Crop Sciences,FALSE,"Pottorff,Laura Pickett (Primary PI) 1170","Pottorff,Laura Pickett",Primary PI,1170,Pottorff,Laura Pickett,pottorff|l,TRUE,,,,FALSE
K000160361,2024,1177,Agricultural Biology,FALSE,"Stewart,Jane E (Primary PI) 1177","Stewart,Jane E",Primary PI,1177,Stewart,Jane E,stewart|j,TRUE,,,,FALSE
K000159856,2024,1171,Animal Sciences,FALSE,"Carvalho Seabra,Jessica (Primary PI) 1171","Carvalho Seabra,Jessica",Primary PI,1171,Carvalho Seabra,Jessica,carvalho seabra|j,TRUE,,,,FALSE
K000159856,2024,1171,Animal Sciences,FALSE,"Hess,Tanja (Co-PI) 1171","Hess,Tanja",Co-PI,1171,Hess,Tanja,hess|t,TRUE,,,,FALSE
K000160048,2024,1172,Agricultural + Resource Economics,TRUE,"Bauman,Allison Gunter (Primary PI) 1172","Bauman,Allison Gunter",Primary PI,1172,Bauman,Allison Gunter,bauman|a,TRUE,,,,FALSE
K000160406,2024,1177,Agricultural Biology,FALSE,"Zink,Frida Anna (Primary PI) 1177","Zink,Frida Anna",Primary PI,1177,Zink,Frida Anna,zink|f,TRUE,,,,FALSE
K000160336,2024,1173,Horticulture + Landscape Architecture,FALSE,"Prenni,Jessica E (Primary PI) 1173","Prenni,Jessica E",Primary PI,1173,Prenni,Jessica E,prenni|j,TRUE,,,,FALSE
K000160338,2024,1177,Agricultural Biology,FALSE,"Nalam,Vamsi (Primary PI) 1177","Nalam,Vamsi",Primary PI,1177,Nalam,Vamsi,nalam|v,TRUE,,,,FALSE
K000160313,2024,1177,Agricultural Biology,FALSE,"Shergill,Lovreet S (Primary PI) 1177","Shergill,Lovreet S",Primary PI,1177,Shergill,Lovreet S,shergill|l,TRUE,,,,FALSE
K000160266,2024,1172,Agricultural + Resource Economics,TRUE,"Kolodinsky,Jane (Primary PI) 1172","Kolodinsky,Jane",Primary PI,1172,Kolodinsky,Jane,kolodinsky|j,TRUE,,,,FALSE
K000160236,2024,1177,Agricultural Biology,FALSE,"Brown,Cynthia S (Primary PI) 1177","Brown,Cynthia S",Primary PI,1177,Brown,Cynthia S,brown|c,TRUE,,,,FALSE
K000160179,2024,1172,Agricultural + Resource Economics,TRUE,"Burkhardt,Jesse Brodie (Primary PI) 1172","Burkhardt,Jesse Brodie",Primary PI,1172,Burkhardt,Jesse Brodie,burkhardt|j,TRUE,Burkhardt,Jesse,ENRE,TRUE
K000160179,2024,1172,Agricultural + Resource Economics,TRUE,"Guan,Yawen (Co-PI) 1877","Guan,Yawen",Co-PI,1877,Guan,Yawen,guan|y,TRUE,,,,FALSE
K000160179,2024,1172,Agricultural + Resource Economics,TRUE,"Pierce,Jeffrey Robert (Co-PI) 1371","Pierce,Jeffrey Robert",Co-PI,1371,Pierce,Jeffrey Robert,pierce|j,TRUE,,,,FALSE
K000160169,2024,1171,Animal Sciences,FALSE,"Narayanan Nair,Mahesh (Primary PI) 1171","Narayanan Nair,Mahesh",Primary PI,1171,Narayanan Nair,Mahesh,narayanan nair|m,TRUE,,,,FALSE
K000159984,2024,1171,Animal Sciences,FALSE,"Edwards-Callaway,Lily Nowell (Primary PI) 1171","Edwards-Callaway,Lily Nowell",Primary PI,1171,Edwards-Callaway,Lily Nowell,edwards callaway|l,TRUE,,,,FALSE
K000159984,2024,1171,Animal Sciences,FALSE,"Engle,Terry E (Co-PI) 1171","Engle,Terry E",Co-PI,1171,Engle,Terry E,engle|t,TRUE,,,,FALSE
K000159637,2024,1171,Animal Sciences,FALSE,"Narayanan Nair,Mahesh (Primary PI) 1171","Narayanan Nair,Mahesh",Primary PI,1171,Narayanan Nair,Mahesh,narayanan nair|m,TRUE,,,,FALSE
K000159637,2024,1171,Animal Sciences,FALSE,"Delmore,Robert J (Co-PI) 1171","Delmore,Robert J",Co-PI,1171,Delmore,Robert J,delmore|r,TRUE,,,,FALSE
K000159637,2024,1171,Animal Sciences,FALSE,"Chicco,Adam Joseph (Co-PI) 1680","Chicco,Adam Joseph",Co-PI,1680,Chicco,Adam Joseph,chicco|a,TRUE,,,,FALSE
K000159637,2024,1171,Animal Sciences,FALSE,"Speidel,Scott E (Co-PI) 1171","Speidel,Scott E",Co-PI,1171,Speidel,Scott E,speidel|s,TRUE,,,,FALSE
K000159637,2024,1171,Animal Sciences,FALSE,"Enns,Richard Mark (Co-PI) 1171","Enns,Richard Mark",Co-PI,1171,Enns,Richard Mark,enns|r,TRUE,,,,FALSE
K000159636,2024,1173,Horticulture + Landscape Architecture,FALSE,"Bousselot,Jennifer M (Primary PI) 1173","Bousselot,Jennifer M",Primary PI,1173,Bousselot,Jennifer M,bousselot|j,TRUE,,,,FALSE
K000160042,2024,1173,Horticulture + Landscape Architecture,FALSE,"Uchanski,Mark E (Primary PI) 1173","Uchanski,Mark E",Primary PI,1173,Uchanski,Mark E,uchanski|m,TRUE,,,,FALSE
K000160170,2024,1170,Soil + Crop Sciences,FALSE,"Fonte,Steven John (Primary PI) 1170","Fonte,Steven John",Primary PI,1170,Fonte,Steven John,fonte|s,TRUE,,,,FALSE
K000160132,2024,1177,Agricultural Biology,FALSE,"Shergill,Lovreet S (Primary PI) 1177","Shergill,Lovreet S",Primary PI,1177,Shergill,Lovreet S,shergill|l,TRUE,,,,FALSE
K000160124,2024,1170,Soil + Crop Sciences,FALSE,"Mason,Richard Esten (Primary PI) 1170","Mason,Richard Esten",Primary PI,1170,Mason,Richard Esten,mason|r,TRUE,,,,FALSE
K000160123,2024,1170,Soil + Crop Sciences,FALSE,"Mason,Richard Esten (Primary PI) 1170","Mason,Richard Esten",Primary PI,1170,Mason,Richard Esten,mason|r,TRUE,,,,FALSE
K000160065,2024,1171,Animal Sciences,FALSE,"Zhang,Peipei (Primary PI) 1171","Zhang,Peipei",Primary PI,1171,Zhang,Peipei,zhang|p,TRUE,,,,FALSE
K000160297,2024,1177,Agricultural Biology,FALSE,"Stewart,Jane E (Primary PI) 1177","Stewart,Jane E",Primary PI,1177,Stewart,Jane E,stewart|j,TRUE,,,,FALSE
K000160139,2024,1170,Soil + Crop Sciences,FALSE,"Cotrufo,Maria Francesca (Primary PI) 1170","Cotrufo,Maria Francesca",Primary PI,1170,Cotrufo,Maria Francesca,cotrufo|m,TRUE,,,,FALSE
K000160139,2024,1170,Soil + Crop Sciences,FALSE,"Stanley,Paige Lauren (Co-PI) 1170","Stanley,Paige Lauren",Co-PI,1170,Stanley,Paige Lauren,stanley|p,TRUE,,,,FALSE
K000160135,2024,1177,Agricultural Biology,FALSE,"Nachappa,Punya (Primary PI) 1177","Nachappa,Punya",Primary PI,1177,Nachappa,Punya,nachappa|p,TRUE,,,,FALSE
K000160079,2024,1177,Agricultural Biology,FALSE,"Roberts,Robyn (Primary PI) 1177","Roberts,Robyn",Primary PI,1177,Roberts,Robyn,roberts|r,TRUE,,,,FALSE
K000160079,2024,1177,Agricultural Biology,FALSE,"Cramer,Mary Caitlin (Co-PI) 1171","Cramer,Mary Caitlin",Co-PI,1171,Cramer,Mary Caitlin,cramer|m,TRUE,,,,FALSE
K000160128,2024,1170,Soil + Crop Sciences,FALSE,"Pires,Joseph Chris (Primary PI) 1170","Pires,Joseph Chris",Primary PI,1170,Pires,Joseph Chris,pires|j,TRUE,,,,FALSE
K000160044,2024,1177,Agricultural Biology,FALSE,"Borowiec,Marek L (Primary PI) 1177","Borowiec,Marek L",Primary PI,1177,Borowiec,Marek L,borowiec|m,TRUE,,,,FALSE
K000159961,2024,1170,Soil + Crop Sciences,FALSE,"Cotrufo,Maria Francesca (Primary PI) 1170","Cotrufo,Maria Francesca",Primary PI,1170,Cotrufo,Maria Francesca,cotrufo|m,TRUE,,,,FALSE
K000159845,2024,1170,Soil + Crop Sciences,FALSE,"Martin,Timothy (Primary PI) 1170","Martin,Timothy",Primary PI,1170,Martin,Timothy,martin|t,TRUE,,,,FALSE
K000159845,2024,1170,Soil + Crop Sciences,FALSE,"Kremen,Amy E (Co-PI) 1170","Kremen,Amy E",Co-PI,1170,Kremen,Amy E,kremen|a,TRUE,,,,FALSE
K000159815,2024,1170,Soil + Crop Sciences,FALSE,"Jones-Diamond,Sally Marie (Primary PI) 1170","Jones-Diamond,Sally Marie",Primary PI,1170,Jones-Diamond,Sally Marie,jones diamond|s,TRUE,,,,FALSE
K000159432,2024,1177,Agricultural Biology,FALSE,"Stewart,Jane E (Primary PI) 1177","Stewart,Jane E",Primary PI,1177,Stewart,Jane E,stewart|j,TRUE,,,,FALSE
K000160131,2024,1170,Soil + Crop Sciences,FALSE,"Jones-Diamond,Sally Marie (Primary PI) 1170","Jones-Diamond,Sally Marie",Primary PI,1170,Jones-Diamond,Sally Marie,jones diamond|s,TRUE,,,,FALSE
K000158124,2024,1170,Soil + Crop Sciences,FALSE,"Dillon,Jasmine Ashley (Primary PI) 1170","Dillon,Jasmine Ashley",Primary PI,1170,Dillon,Jasmine Ashley,dillon|j,TRUE,,,,FALSE
K000160130,2024,1170,Soil + Crop Sciences,FALSE,"Pottorff,Laura Pickett (Primary PI) 1170","Pottorff,Laura Pickett",Primary PI,1170,Pottorff,Laura Pickett,pottorff|l,TRUE,,,,FALSE
K000160129,2024,1177,Agricultural Biology,FALSE,"Dayan,Franck E (Primary PI) 1177","Dayan,Franck E",Primary PI,1177,Dayan,Franck E,dayan|f,TRUE,,,,FALSE
K000160127,2024,1177,Agricultural Biology,FALSE,"Gaines,Todd A (Primary PI) 1177","Gaines,Todd A",Primary PI,1177,Gaines,Todd A,gaines|t,TRUE,,,,FALSE
K000160126,2024,1177,Agricultural Biology,FALSE,"Roberts,Robyn (Primary PI) 1177","Roberts,Robyn",Primary PI,1177,Roberts,Robyn,roberts|r,TRUE,,,,FALSE
K000159382,2024,1170,Soil + Crop Sciences,FALSE,"Wilkins,Michael James (Primary PI) 1170","Wilkins,Michael James",Primary PI,1170,Wilkins,Michael James,wilkins|m,TRUE,,,,FALSE
K000159072,2024,1171,Animal Sciences,FALSE,"Peters,Brittany Caitlin (Primary PI) 1171","Peters,Brittany Caitlin",Primary PI,1171,Peters,Brittany Caitlin,peters|b,TRUE,,,,FALSE
K000159072,2024,1171,Animal Sciences,FALSE,"Rankins,Ellen Marie (Co-PI) 1171","Rankins,Ellen Marie",Co-PI,1171,Rankins,Ellen Marie,rankins|e,TRUE,,,,FALSE
K000159072,2024,1171,Animal Sciences,FALSE,"Matlock,Sarah K (Key Person) 1171","Matlock,Sarah K",Key Person,1171,Matlock,Sarah K,matlock|s,TRUE,,,,FALSE
K000160055,2024,1177,Agricultural Biology,FALSE,"Ode,Paul James (Primary PI) 1177","Ode,Paul James",Primary PI,1177,Ode,Paul James,ode|p,TRUE,,,,FALSE
K000159999,2024,1170,Soil + Crop Sciences,FALSE,"Andales,Allan A (Primary PI) 1170","Andales,Allan A",Primary PI,1170,Andales,Allan A,andales|a,TRUE,,,,FALSE
K000159999,2024,1170,Soil + Crop Sciences,FALSE,"Simmons,Lane Howard (Co-PI) 3040","Simmons,Lane Howard",Co-PI,3040,Simmons,Lane Howard,simmons|l,TRUE,,,,FALSE
K000159830,2024,1170,Soil + Crop Sciences,FALSE,"Jones-Diamond,Sally Marie (Primary PI) 1170","Jones-Diamond,Sally Marie",Primary PI,1170,Jones-Diamond,Sally Marie,jones diamond|s,TRUE,,,,FALSE
K000159776,2024,1171,Animal Sciences,FALSE,"Narayanan Nair,Mahesh (Primary PI) 1171","Narayanan Nair,Mahesh",Primary PI,1171,Narayanan Nair,Mahesh,narayanan nair|m,TRUE,,,,FALSE
K000159776,2024,1171,Animal Sciences,FALSE,"Zhang,Peipei (Co-PI) 1171","Zhang,Peipei",Co-PI,1171,Zhang,Peipei,zhang|p,TRUE,,,,FALSE
K000159776,2024,1171,Animal Sciences,FALSE,"Belk,Keith (Co-PI) 1171","Belk,Keith",Co-PI,1171,Belk,Keith,belk|k,TRUE,,,,FALSE
K000159776,2024,1171,Animal Sciences,FALSE,"Geornaras,Ifigenia (Co-PI) 1171","Geornaras,Ifigenia",Co-PI,1171,Geornaras,Ifigenia,geornaras|i,TRUE,,,,FALSE
K000159839,2024,1171,Animal Sciences,FALSE,"Zhang,Peipei (Primary PI) 1171","Zhang,Peipei",Primary PI,1171,Zhang,Peipei,zhang|p,TRUE,,,,FALSE
K000159839,2024,1171,Animal Sciences,FALSE,"Scanga,John A (Co-PI) 1171","Scanga,John A",Co-PI,1171,Scanga,John A,scanga|j,TRUE,,,,FALSE
K000159839,2024,1171,Animal Sciences,FALSE,"Geornaras,Ifigenia (Co-PI) 1171","Geornaras,Ifigenia",Co-PI,1171,Geornaras,Ifigenia,geornaras|i,TRUE,,,,FALSE
K000159839,2024,1171,Animal Sciences,FALSE,"Narayanan Nair,Mahesh (Co-PI) 1171","Narayanan Nair,Mahesh",Co-PI,1171,Narayanan Nair,Mahesh,narayanan nair|m,TRUE,,,,FALSE
K000159839,2024,1171,Animal Sciences,FALSE,"Belk,Keith (Co-PI) 1171","Belk,Keith",Co-PI,1171,Belk,Keith,belk|k,TRUE,,,,FALSE
K000159829,2024,1177,Agricultural Biology,FALSE,"Dao,Phuong Duc (Primary PI) 1177","Dao,Phuong Duc",Primary PI,1177,Dao,Phuong Duc,dao|p,TRUE,,,,FALSE
K000160177,2024,1170,Soil + Crop Sciences,FALSE,"Paustian,Keith H (Primary PI) 1170","Paustian,Keith H",Primary PI,1170,Paustian,Keith H,paustian|k,TRUE,,,,FALSE
K000159882,2024,1171,Animal Sciences,FALSE,"Edwards-Callaway,Lily Nowell (Primary PI) 1171","Edwards-Callaway,Lily Nowell",Primary PI,1171,Edwards-Callaway,Lily Nowell,edwards callaway|l,TRUE,,,,FALSE
K000159882,2024,1171,Animal Sciences,FALSE,"Engle,Terry E (Co-PI) 1171","Engle,Terry E",Co-PI,1171,Engle,Terry E,engle|t,TRUE,,,,FALSE
K000159997,2024,1170,Soil + Crop Sciences,FALSE,"Fonte,Steven John (Primary PI) 1170","Fonte,Steven John",Primary PI,1170,Fonte,Steven John,fonte|s,TRUE,,,,FALSE
K000159832,2024,1170,Soil + Crop Sciences,FALSE,"Firth,Alexandra (Primary PI) 1170","Firth,Alexandra",Primary PI,1170,Firth,Alexandra,firth|a,TRUE,,,,FALSE
K000159832,2024,1170,Soil + Crop Sciences,FALSE,"Machmuller,Megan B (Co-PI) 1170","Machmuller,Megan B",Co-PI,1170,Machmuller,Megan B,machmuller|m,TRUE,,,,FALSE
K000159653,2024,1173,Horticulture + Landscape Architecture,FALSE,"Jayanty,Sastry SSGM (Primary PI) 1173","Jayanty,Sastry SSGM",Primary PI,1173,Jayanty,Sastry SSGM,jayanty|s,TRUE,,,,FALSE
K000159653,2024,1173,Horticulture + Landscape Architecture,FALSE,"Bartolo,Kristi L (Co-PI) 4015","Bartolo,Kristi L",Co-PI,4015,Bartolo,Kristi L,bartolo|k,TRUE,,,,FALSE
K000159653,2024,1173,Horticulture + Landscape Architecture,FALSE,"Lavhale,Santosh Govind (Co-PI) 1173","Lavhale,Santosh Govind",Co-PI,1173,Lavhale,Santosh Govind,lavhale|s,TRUE,,,,FALSE
K000159586,2024,1101,Dean of Agricultural Sciences,FALSE,"Scott,Quatez Bernard (Primary PI) 1101","Scott,Quatez Bernard",Primary PI,1101,Scott,Quatez Bernard,scott|q,TRUE,,,,FALSE
K000159586,2024,1101,Dean of Agricultural Sciences,FALSE,"Atine,Patrese (Co-PI) 0100","Atine,Patrese",Co-PI,0100,Atine,Patrese,atine|p,TRUE,,,,FALSE
K000159539,2024,1101,Dean of Agricultural Sciences,FALSE,"Lambert,Jordan Marie (Primary PI) 1101","Lambert,Jordan Marie",Primary PI,1101,Lambert,Jordan Marie,lambert|j,TRUE,,,,FALSE
K000159539,2024,1101,Dean of Agricultural Sciences,FALSE,"Gabel,Michael (Co-PI) 3001","Gabel,Michael",Co-PI,3001,Gabel,Michael,gabel|m,TRUE,,,,FALSE
K000159632,2024,1170,Soil + Crop Sciences,FALSE,"Cotrufo,Maria Francesca (Primary PI) 1170","Cotrufo,Maria Francesca",Primary PI,1170,Cotrufo,Maria Francesca,cotrufo|m,TRUE,,,,FALSE
K000159632,2024,1170,Soil + Crop Sciences,FALSE,"Haddix,Michelle (Co-PI) 1170","Haddix,Michelle",Co-PI,1170,Haddix,Michelle,haddix|m,TRUE,,,,FALSE
K000159906,2024,1177,Agricultural Biology,FALSE,"Dao,Phuong Duc (Primary PI) 1177","Dao,Phuong Duc",Primary PI,1177,Dao,Phuong Duc,dao|p,TRUE,,,,FALSE
K000159449,2024,1170,Soil + Crop Sciences,FALSE,"Wardle,Erik M (Primary PI) 1170","Wardle,Erik M",Primary PI,1170,Wardle,Erik M,wardle|e,TRUE,,,,FALSE
K000159449,2024,1170,Soil + Crop Sciences,FALSE,"Bauder,Troy A (Co-PI) 3001","Bauder,Troy A",Co-PI,3001,Bauder,Troy A,bauder|t,TRUE,,,,FALSE
K000159200,2024,1172,Agricultural + Resource Economics,TRUE,"Ritten,John Patrick (Primary PI) 1172","Ritten,John Patrick",Primary PI,1172,Ritten,John Patrick,ritten|j,TRUE,Ritten,John,Ag and Food,TRUE
K000159200,2024,1172,Agricultural + Resource Economics,TRUE,"Raynor,Edward James (Co-PI) 1171","Raynor,Edward James",Co-PI,1171,Raynor,Edward James,raynor|e,TRUE,,,,FALSE
K000159200,2024,1172,Agricultural + Resource Economics,TRUE,"Carr Childers,Leisl (Co-PI) 1776","Carr Childers,Leisl",Co-PI,1776,Carr Childers,Leisl,carr childers|l,TRUE,,,,FALSE
K000159200,2024,1172,Agricultural + Resource Economics,TRUE,"Vargas Martinez,Juan de Jesus (Co-PI) 1171","Vargas Martinez,Juan de Jesus",Co-PI,1171,Vargas Martinez,Juan de Jesus,vargas martinez|j,TRUE,,,,FALSE
K000159200,2024,1172,Agricultural + Resource Economics,TRUE,"Overlin,Anne (Co-PI) 4015","Overlin,Anne",Co-PI,4015,Overlin,Anne,overlin|a,TRUE,,,,FALSE
K000159200,2024,1172,Agricultural + Resource Economics,TRUE,"Thoma,Gregory (Co-PI) 3001","Thoma,Gregory",Co-PI,3001,Thoma,Gregory,thoma|g,TRUE,,,,FALSE
K000159200,2024,1172,Agricultural + Resource Economics,TRUE,"Place,Sara (Co",,,,,,,FALSE,,,,FALSE
K000159838,2024,1170,Soil + Crop Sciences,FALSE,"Pires,Joseph Chris (Primary PI) 1170","Pires,Joseph Chris",Primary PI,1170,Pires,Joseph Chris,pires|j,TRUE,,,,FALSE
K000159804,2024,1177,Agricultural Biology,FALSE,"Zink,Frida Anna (Primary PI) 1177","Zink,Frida Anna",Primary PI,1177,Zink,Frida Anna,zink|f,TRUE,,,,FALSE
K000159803,2024,1177,Agricultural Biology,FALSE,"Leach,Jan E (Primary PI) 1177","Leach,Jan E",Primary PI,1177,Leach,Jan E,leach|j,TRUE,,,,FALSE
K000159801,2024,1177,Agricultural Biology,FALSE,"Zink,Frida Anna (Primary PI) 1177","Zink,Frida Anna",Primary PI,1177,Zink,Frida Anna,zink|f,TRUE,,,,FALSE
K000159737,2024,1177,Agricultural Biology,FALSE,"Nachappa,Punya (Primary PI) 1177","Nachappa,Punya",Primary PI,1177,Nachappa,Punya,nachappa|p,TRUE,,,,FALSE
K000159707,2024,1170,Soil + Crop Sciences,FALSE,"Morris,Geoffrey Preston (Primary PI) 1170","Morris,Geoffrey Preston",Primary PI,1170,Morris,Geoffrey Preston,morris|g,TRUE,,,,FALSE
K000159617,2024,1173,Horticulture + Landscape Architecture,FALSE,"Prenni,Jessica E (Primary PI) 1173","Prenni,Jessica E",Primary PI,1173,Prenni,Jessica E,prenni|j,TRUE,,,,FALSE
K000159594,2024,1173,Horticulture + Landscape Architecture,FALSE,"Prenni,Jessica E (Primary PI) 1173","Prenni,Jessica E",Primary PI,1173,Prenni,Jessica E,prenni|j,TRUE,,,,FALSE
K000159515,2024,1173,Horticulture + Landscape Architecture,FALSE,"Prenni,Jessica E (Primary PI) 1173","Prenni,Jessica E",Primary PI,1173,Prenni,Jessica E,prenni|j,TRUE,,,,FALSE
K000159842,2024,1172,Agricultural + Resource Economics,TRUE,"Bayham,Jude (Primary PI) 1172","Bayham,Jude",Primary PI,1172,Bayham,Jude,bayham|j,TRUE,Bayham,Jude,ENRE,TRUE
K000159266,2024,1170,Soil + Crop Sciences,FALSE,"Cotrufo,Maria Francesca (Primary PI) 1170","Cotrufo,Maria Francesca",Primary PI,1170,Cotrufo,Maria Francesca,cotrufo|m,TRUE,,,,FALSE
K000159266,2024,1170,Soil + Crop Sciences,FALSE,"Wang,Tayin (Key Person) 1170","Wang,Tayin",Key Person,1170,Wang,Tayin,wang|t,TRUE,,,,FALSE
K000159044,2024,1170,Soil + Crop Sciences,FALSE,"Cotrufo,Maria Francesca (Primary PI) 1170","Cotrufo,Maria Francesca",Primary PI,1170,Cotrufo,Maria Francesca,cotrufo|m,TRUE,,,,FALSE
K000159044,2024,1170,Soil + Crop Sciences,FALSE,"Arabi,Mazdak (Co-PI) 1372","Arabi,Mazdak",Co-PI,1372,Arabi,Mazdak,arabi|m,TRUE,,,,FALSE
K000159044,2024,1170,Soil + Crop Sciences,FALSE,"Zhang,Yao (Co-PI) 1499","Zhang,Yao",Co-PI,1499,Zhang,Yao,zhang|y,TRUE,,,,FALSE
K000159044,2024,1170,Soil + Crop Sciences,FALSE,"Paustian,Keith H (Co-PI) 1170","Paustian,Keith H",Co-PI,1170,Paustian,Keith H,paustian|k,TRUE,,,,FALSE
K000159044,2024,1170,Soil + Crop Sciences,FALSE,"Wrighton,Kelly Catherine (Co-PI) 1170","Wrighton,Kelly Catherine",Co-PI,1170,Wrighton,Kelly Catherine,wrighton|k,TRUE,,,,FALSE
K000158863,2024,1170,Soil + Crop Sciences,FALSE,"Morris,Geoffrey Preston (Primary PI) 1170","Morris,Geoffrey Preston",Primary PI,1170,Morris,Geoffrey Preston,morris|g,TRUE,,,,FALSE
K000159245,2024,1172,Agricultural + Resource Economics,TRUE,"Burkhardt,Jesse Brodie (Primary PI) 1172","Burkhardt,Jesse Brodie",Primary PI,1172,Burkhardt,Jesse Brodie,burkhardt|j,TRUE,Burkhardt,Jesse,ENRE,TRUE
K000159245,2024,1172,Agricultural + Resource Economics,TRUE,"Guan,Yawen (Co-PI) 1877","Guan,Yawen",Co-PI,1877,Guan,Yawen,guan|y,TRUE,,,,FALSE
K000159245,2024,1172,Agricultural + Resource Economics,TRUE,"Pierce,Jeffrey Robert (Co-PI) 1371","Pierce,Jeffrey Robert",Co-PI,1371,Pierce,Jeffrey Robert,pierce|j,TRUE,,,,FALSE
K000159096,2024,1170,Soil + Crop Sciences,FALSE,"Schipanski,Meagan Erin (Primary PI) 1170","Schipanski,Meagan Erin",Primary PI,1170,Schipanski,Meagan Erin,schipanski|m,TRUE,,,,FALSE
K000159038,2024,1101,Dean of Agricultural Sciences,FALSE,"Charkowski,Amy Olymbia (Primary PI) 1101","Charkowski,Amy Olymbia",Primary PI,1101,Charkowski,Amy Olymbia,charkowski|a,TRUE,,,,FALSE
K000159038,2024,1101,Dean of Agricultural Sciences,FALSE,"Scott,Quatez Bernard (Co-PI) 1101","Scott,Quatez Bernard",Co-PI,1101,Scott,Quatez Bernard,scott|q,TRUE,,,,FALSE
K000159038,2024,1101,Dean of Agricultural Sciences,FALSE,"Lambert,Jordan Marie (Co-PI) 1101","Lambert,Jordan Marie",Co-PI,1101,Lambert,Jordan Marie,lambert|j,TRUE,,,,FALSE
K000159031,2024,1171,Animal Sciences,FALSE,"Bigler,Elizabeth Jaed (Primary PI) 1171","Bigler,Elizabeth Jaed",Primary PI,1171,Bigler,Elizabeth Jaed,bigler|e,TRUE,,,,FALSE
K000159031,2024,1171,Animal Sciences,FALSE,"Belk,Keith (Co-PI) 1171","Belk,Keith",Co-PI,1171,Belk,Keith,belk|k,TRUE,,,,FALSE
K000159031,2024,1171,Animal Sciences,FALSE,"Edwards-Callaway,Lily Nowell (Co-PI) 1171","Edwards-Callaway,Lily Nowell",Co-PI,1171,Edwards-Callaway,Lily Nowell,edwards callaway|l,TRUE,,,,FALSE
K000159031,2024,1171,Animal Sciences,FALSE,"Ahola,Jason Kee (Co-PI) 1171","Ahola,Jason Kee",Co-PI,1171,Ahola,Jason Kee,ahola|j,TRUE,,,,FALSE
K000158795,2024,1170,Soil + Crop Sciences,FALSE,"McKay,John K (Primary PI) 1170","McKay,John K",Primary PI,1170,McKay,John K,mckay|j,TRUE,,,,FALSE
K000158795,2024,1170,Soil + Crop Sciences,FALSE,"Mullen,Jack Leonard (Co-PI) 1170","Mullen,Jack Leonard",Co-PI,1170,Mullen,Jack Leonard,mullen|j,TRUE,,,,FALSE
K000159547,2024,1170,Soil + Crop Sciences,FALSE,"Ham,Jay M (Primary PI) 1170","Ham,Jay M",Primary PI,1170,Ham,Jay M,ham|j,TRUE,,,,FALSE
K000159547,2024,1170,Soil + Crop Sciences,FALSE,"Folkestad,James E (Co-PI) 1588","Folkestad,James E",Co-PI,1588,Folkestad,James E,folkestad|j,TRUE,,,,FALSE
K000159547,2024,1170,Soil + Crop Sciences,FALSE,"Namuth Covert,Deana Michelle (Co-PI) 1170","Namuth Covert,Deana Michelle",Co-PI,1170,Namuth Covert,Deana Michelle,namuth covert|d,TRUE,,,,FALSE
K000159479,2024,1177,Agricultural Biology,FALSE,"Fulladolsa Palma,Ana Cristina (Primary PI) 1177","Fulladolsa Palma,Ana Cristina",Primary PI,1177,Fulladolsa Palma,Ana Cristina,fulladolsa palma|a,TRUE,,,,FALSE
K000159263,2024,1170,Soil + Crop Sciences,FALSE,"Mason,Richard Esten (Primary PI) 1170","Mason,Richard Esten",Primary PI,1170,Mason,Richard Esten,mason|r,TRUE,,,,FALSE
K000159263,2024,1170,Soil + Crop Sciences,FALSE,"Fonte,Steven John (Co-PI) 1170","Fonte,Steven John",Co-PI,1170,Fonte,Steven John,fonte|s,TRUE,,,,FALSE
K000159263,2024,1170,Soil + Crop Sciences,FALSE,"Jones-Diamond,Sally Marie (Co-PI) 1170","Jones-Diamond,Sally Marie",Co-PI,1170,Jones-Diamond,Sally Marie,jones diamond|s,TRUE,,,,FALSE
K000159263,2024,1170,Soil + Crop Sciences,FALSE,"Nachappa,Punya (Co-PI) 1177","Nachappa,Punya",Co-PI,1177,Nachappa,Punya,nachappa|p,TRUE,,,,FALSE
K000158417,2024,1177,Agricultural Biology,FALSE,"Eubanks,Micky (Primary PI) 1177","Eubanks,Micky",Primary PI,1177,Eubanks,Micky,eubanks|m,TRUE,,,,FALSE
K000158417,2024,1177,Agricultural Biology,FALSE,"Schreiner,Melissa Ann (Co-PI) 4030","Schreiner,Melissa Ann",Co-PI,4030,Schreiner,Melissa Ann,schreiner|m,TRUE,,,,FALSE
K000157466,2024,1177,Agricultural Biology,FALSE,"Stewart,Jane E (Primary PI) 1177","Stewart,Jane E",Primary PI,1177,Stewart,Jane E,stewart|j,TRUE,,,,FALSE
K000157466,2024,1177,Agricultural Biology,FALSE,"Abdo,Zaid (Co-PI) 1682","Abdo,Zaid",Co-PI,1682,Abdo,Zaid,abdo|z,TRUE,,,,FALSE
K000159339,2024,1173,Horticulture + Landscape Architecture,FALSE,"Koski,Anthony J (Primary PI) 1173","Koski,Anthony J",Primary PI,1173,Koski,Anthony J,koski|a,TRUE,,,,FALSE
K000159339,2024,1173,Horticulture + Landscape Architecture,FALSE,"Curry,Scott Henry (Co-PI) 1173","Curry,Scott Henry",Co-PI,1173,Curry,Scott Henry,curry|s,TRUE,,,,FALSE
K000159297,2024,1172,Agricultural + Resource Economics,TRUE,"Countryman,Amanda Marie (Primary PI) 1172","Countryman,Amanda Marie",Primary PI,1172,Countryman,Amanda Marie,countryman|a,TRUE,Countryman,Amanda,Ag and Food,TRUE
K000159292,2024,1177,Agricultural Biology,FALSE,"Argueso,Cristiana (Primary PI) 1177","Argueso,Cristiana",Primary PI,1177,Argueso,Cristiana,argueso|c,TRUE,,,,FALSE
K000159268,2024,1173,Horticulture + Landscape Architecture,FALSE,"Miller,Chad (Primary PI) 1173","Miller,Chad",Primary PI,1173,Miller,Chad,miller|c,TRUE,,,,FALSE
K000159381,2024,1172,Agricultural + Resource Economics,TRUE,"Suter,Jordan (Primary PI) 1172","Suter,Jordan",Primary PI,1172,Suter,Jordan,suter|j,TRUE,Suter,Jordan,ENRE,TRUE
K000159234,2024,1172,Agricultural + Resource Economics,TRUE,"Burkhardt,Jesse Brodie (Primary PI) 1172","Burkhardt,Jesse Brodie",Primary PI,1172,Burkhardt,Jesse Brodie,burkhardt|j,TRUE,Burkhardt,Jesse,ENRE,TRUE
K000159228,2024,1172,Agricultural + Resource Economics,TRUE,"Jablonski,Rebecca BR (Primary PI) 1172","Jablonski,Rebecca BR",Primary PI,1172,Jablonski,Rebecca BR,jablonski|b,TRUE,Jablonski,Becca,Ag and Food,TRUE
K000159228,2024,1172,Agricultural + Resource Economics,TRUE,"Bauman,Allison Gunter (Co-PI) 1172","Bauman,Allison Gunter",Co-PI,1172,Bauman,Allison Gunter,bauman|a,TRUE,,,,FALSE
K000159211,2024,1172,Agricultural + Resource Economics,TRUE,"Bayham,Jude (Primary PI) 1172","Bayham,Jude",Primary PI,1172,Bayham,Jude,bayham|j,TRUE,Bayham,Jude,ENRE,TRUE
K000159198,2024,1177,Agricultural Biology,FALSE,"Argueso,Cristiana (Primary PI) 1177","Argueso,Cristiana",Primary PI,1177,Argueso,Cristiana,argueso|c,TRUE,,,,FALSE
K000159198,2024,1177,Agricultural Biology,FALSE,"Edwards-Callaway,Lily Nowell (Co-PI) 1171","Edwards-Callaway,Lily Nowell",Co-PI,1171,Edwards-Callaway,Lily Nowell,edwards callaway|l,TRUE,,,,FALSE
K000159198,2024,1177,Agricultural Biology,FALSE,"Yao,Linxing (Co-PI) 2019","Yao,Linxing",Co-PI,2019,Yao,Linxing,yao|l,TRUE,,,,FALSE
K000159198,2024,1177,Agricultural Biology,FALSE,"Borch,Thomas (Co-PI) 1170","Borch,Thomas",Co-PI,1170,Borch,Thomas,borch|t,TRUE,,,,FALSE
K000159198,2024,1177,Agricultural Biology,FALSE,"Broeckling,Corey D (Co-PI) 2019","Broeckling,Corey D",Co-PI,2019,Broeckling,Corey D,broeckling|c,TRUE,,,,FALSE
K000159196,2024,1170,Soil + Crop Sciences,FALSE,"Wilkins,Michael James (Primary PI) 1170","Wilkins,Michael James",Primary PI,1170,Wilkins,Michael James,wilkins|m,TRUE,,,,FALSE
K000158947,2024,1177,Agricultural Biology,FALSE,"Trivedi,Pankaj (Primary PI) 1177","Trivedi,Pankaj",Primary PI,1177,Trivedi,Pankaj,trivedi|p,TRUE,,,,FALSE
K000158947,2024,1177,Agricultural Biology,FALSE,"Leach,Jan E (Co-PI) 1177","Leach,Jan E",Co-PI,1177,Leach,Jan E,leach|j,TRUE,,,,FALSE
K000158914,2024,1170,Soil + Crop Sciences,FALSE,"Webb,Jason (Primary PI) 1170","Webb,Jason",Primary PI,1170,Webb,Jason,webb|j,TRUE,,,,FALSE
K000158914,2024,1170,Soil + Crop Sciences,FALSE,"Jones-Diamond,Sally Marie (Co-PI) 1170","Jones-Diamond,Sally Marie",Co-PI,1170,Jones-Diamond,Sally Marie,jones diamond|s,TRUE,,,,FALSE
K000158875,2024,1173,Horticulture + Landscape Architecture,FALSE,"Thompson,Henry J (Primary PI) 1173","Thompson,Henry J",Primary PI,1173,Thompson,Henry J,thompson|h,TRUE,,,,FALSE
K000158771,2024,1177,Agricultural Biology,FALSE,"Dao,Phuong Duc (Primary PI) 1177","Dao,Phuong Duc",Primary PI,1177,Dao,Phuong Duc,dao|p,TRUE,,,,FALSE
K000158771,2024,1177,Agricultural Biology,FALSE,"Argueso,Cristiana (Co-PI) 1177","Argueso,Cristiana",Co-PI,1177,Argueso,Cristiana,argueso|c,TRUE,,,,FALSE
K000158771,2024,1177,Agricultural Biology,FALSE,"Nalam,Vamsi (Co-PI) 1177","Nalam,Vamsi",Co-PI,1177,Nalam,Vamsi,nalam|v,TRUE,,,,FALSE
K000158771,2024,1177,Agricultural Biology,FALSE,"Roberts,Robyn (Co-PI) 1177","Roberts,Robyn",Co-PI,1177,Roberts,Robyn,roberts|r,TRUE,,,,FALSE
K000158771,2024,1177,Agricultural Biology,FALSE,"Mason,Richard Esten (Co-PI) 1170","Mason,Richard Esten",Co-PI,1170,Mason,Richard Esten,mason|r,TRUE,,,,FALSE
K000158872,2024,1172,Agricultural + Resource Economics,TRUE,"Mooney,Daniel F (Primary PI) 1172","Mooney,Daniel F",Primary PI,1172,Mooney,Daniel F,mooney|d,TRUE,Mooney,Daniel,Ag and Food,TRUE
K000158872,2024,1172,Agricultural + Resource Economics,TRUE,"Wasserman-Olin,Rebecca Danielle (Co-PI) 1172","Wasserman-Olin,Rebecca Danielle",Co-PI,1172,Wasserman-Olin,Rebecca Danielle,wasserman olin|r,TRUE,,,,FALSE
K000158872,2024,1172,Agricultural + Resource Economics,TRUE,"Thilmany,Dawn D (Co-PI) 1172","Thilmany,Dawn D",Co-PI,1172,Thilmany,Dawn D,thilmany|d,TRUE,Thilmany,Dawn,Ag and Food,TRUE
K000158976,2024,1177,Agricultural Biology,FALSE,"Stewart,Jane E (Primary PI) 1177","Stewart,Jane E",Primary PI,1177,Stewart,Jane E,stewart|j,TRUE,,,,FALSE
K000158976,2024,1177,Agricultural Biology,FALSE,"Essah,Samuel YC (Co-PI) 3043","Essah,Samuel YC",Co-PI,3043,Essah,Samuel YC,essah|s,TRUE,,,,FALSE
K000158976,2024,1177,Agricultural Biology,FALSE,"Schipanski,Meagan Erin (Co-PI) 1170","Schipanski,Meagan Erin",Co-PI,1170,Schipanski,Meagan Erin,schipanski|m,TRUE,,,,FALSE
K000158976,2024,1177,Agricultural Biology,FALSE,"Chikh-Ali,Mohamad (Co-PI) 3043","Chikh-Ali,Mohamad",Co-PI,3043,Chikh-Ali,Mohamad,chikh ali|m,TRUE,,,,FALSE
K000159204,2024,1171,Animal Sciences,FALSE,"Engle,Terry E (Primary PI) 1171","Engle,Terry E",Primary PI,1171,Engle,Terry E,engle|t,TRUE,,,,FALSE
K000159248,2024,1171,Animal Sciences,FALSE,"Lebsock,Stephanie Ann (Primary PI) 1171","Lebsock,Stephanie Ann",Primary PI,1171,Lebsock,Stephanie Ann,lebsock|s,TRUE,,,,FALSE
K000159210,2024,1177,Agricultural Biology,FALSE,"Hufbauer,Ruth A (Primary PI) 1177","Hufbauer,Ruth A",Primary PI,1177,Hufbauer,Ruth A,hufbauer|r,TRUE,,,,FALSE
K000158950,2024,1172,Agricultural + Resource Economics,TRUE,"Mooney,Daniel F (Primary PI) 1172","Mooney,Daniel F",Primary PI,1172,Mooney,Daniel F,mooney|d,TRUE,Mooney,Daniel,Ag and Food,TRUE
K000158950,2024,1172,Agricultural + Resource Economics,TRUE,"Chavez,Jose L (Co-PI) 1372","Chavez,Jose L",Co-PI,1372,Chavez,Jose L,chavez|j,TRUE,,,,FALSE
K000158950,2024,1172,Agricultural + Resource Economics,TRUE,"Hoag,Dana Loyd Keske (Co-PI) 1172","Hoag,Dana Loyd Keske",Co-PI,1172,Hoag,Dana Loyd Keske,hoag|d,TRUE,Hoag,Dana,ENRE,TRUE
K000158950,2024,1172,Agricultural + Resource Economics,TRUE,"Cabot,Perry Edmund (Co-PI) 1033","Cabot,Perry Edmund",Co-PI,1033,Cabot,Perry Edmund,cabot|p,TRUE,,,,FALSE
K000158535,2024,1177,Agricultural Biology,FALSE,"Ode,Paul James (Primary PI) 1177","Ode,Paul James",Primary PI,1177,Ode,Paul James,ode|p,TRUE,,,,FALSE
K000158535,2024,1177,Agricultural Biology,FALSE,"Balgopal,Meena M (Co-PI) 1878","Balgopal,Meena M",Co-PI,1878,Balgopal,Meena M,balgopal|m,TRUE,,,,FALSE
K000158535,2024,1177,Agricultural Biology,FALSE,"Ghosh,Enakshi (Co-PI) 1170","Ghosh,Enakshi",Co-PI,1170,Ghosh,Enakshi,ghosh|e,TRUE,,,,FALSE
K000158424,2024,1177,Agricultural Biology,FALSE,"Nalam,Vamsi (Primary PI) 1177","Nalam,Vamsi",Primary PI,1177,Nalam,Vamsi,nalam|v,TRUE,,,,FALSE
K000158424,2024,1177,Agricultural Biology,FALSE,"Chikh-Ali,Mohamad (Co-PI) 3043","Chikh-Ali,Mohamad",Co-PI,3043,Chikh-Ali,Mohamad,chikh ali|m,TRUE,,,,FALSE
K000159183,2024,1177,Agricultural Biology,FALSE,"Roman-Muniz,Ivette Noami (Primary PI) 1171","Roman-Muniz,Ivette Noami",Primary PI,1171,Roman-Muniz,Ivette Noami,roman muniz|i,TRUE,,,,FALSE
K000158708,2024,1170,Soil + Crop Sciences,FALSE,"Zelikova,Tamara J (Primary PI) 1170","Zelikova,Tamara J",Primary PI,1170,Zelikova,Tamara J,zelikova|t,TRUE,,,,FALSE
K000158708,2024,1170,Soil + Crop Sciences,FALSE,"Gifford,Lauren (Co-PI) 1170","Gifford,Lauren",Co-PI,1170,Gifford,Lauren,gifford|l,TRUE,,,,FALSE
K000159197,2024,1173,Horticulture + Landscape Architecture,FALSE,"Gu,Mengmeng (Primary PI) 1173","Gu,Mengmeng",Primary PI,1173,Gu,Mengmeng,gu|m,TRUE,,,,FALSE
K000158188,2024,1172,Agricultural + Resource Economics,TRUE,"Chenarides,Lauren (Primary PI) 1172","Chenarides,Lauren",Primary PI,1172,Chenarides,Lauren,chenarides|l,TRUE,Chenarides,Lauren,Ag and Food,TRUE
K000158961,2024,1171,Animal Sciences,FALSE,"Metcalf,Jessica Lynne (Primary PI) 1171","Metcalf,Jessica Lynne",Primary PI,1171,Metcalf,Jessica Lynne,metcalf|j,TRUE,,,,FALSE
K000158873,2024,1170,Soil + Crop Sciences,FALSE,"Jones-Diamond,Sally Marie (Primary PI) 1170","Jones-Diamond,Sally Marie",Primary PI,1170,Jones-Diamond,Sally Marie,jones diamond|s,TRUE,,,,FALSE
K000158873,2024,1170,Soil + Crop Sciences,FALSE,"Fonte,Steven John (Co-PI) 1170","Fonte,Steven John",Co-PI,1170,Fonte,Steven John,fonte|s,TRUE,,,,FALSE
K000158507,2024,1172,Agricultural + Resource Economics,TRUE,"Bayham,Jude (Primary PI) 1172","Bayham,Jude",Primary PI,1172,Bayham,Jude,bayham|j,TRUE,Bayham,Jude,ENRE,TRUE
K000158860,2024,1177,Agricultural Biology,FALSE,"Stewart,Jane E (Primary PI) 1177","Stewart,Jane E",Primary PI,1177,Stewart,Jane E,stewart|j,TRUE,,,,FALSE
K000158860,2024,1177,Agricultural Biology,FALSE,"Chikh-Ali,Mohamad (Co-PI) 3043","Chikh-Ali,Mohamad",Co-PI,3043,Chikh-Ali,Mohamad,chikh ali|m,TRUE,,,,FALSE
K000158860,2024,1177,Agricultural Biology,FALSE,"Essah,Samuel YC (Co-PI) 3043","Essah,Samuel YC",Co-PI,3043,Essah,Samuel YC,essah|s,TRUE,,,,FALSE
K000158860,2024,1177,Agricultural Biology,FALSE,"Schipanski,Meagan Erin (Co-PI) 1170","Schipanski,Meagan Erin",Co-PI,1170,Schipanski,Meagan Erin,schipanski|m,TRUE,,,,FALSE
K000158374,2024,1171,Animal Sciences,FALSE,"Scanga,John A (Primary PI) 1171","Scanga,John A",Primary PI,1171,Scanga,John A,scanga|j,TRUE,,,,FALSE
K000158374,2024,1171,Animal Sciences,FALSE,"Belk,Keith (Co-PI) 1171","Belk,Keith",Co-PI,1171,Belk,Keith,belk|k,TRUE,,,,FALSE
K000158374,2024,1171,Animal Sciences,FALSE,"Zhang,Peipei (Key Person) 1171","Zhang,Peipei",Key Person,1171,Zhang,Peipei,zhang|p,TRUE,,,,FALSE
K000158374,2024,1171,Animal Sciences,FALSE,"Geornaras,Ifigenia (Key Person) 1171","Geornaras,Ifigenia",Key Person,1171,Geornaras,Ifigenia,geornaras|i,TRUE,,,,FALSE
K000158374,2024,1171,Animal Sciences,FALSE,"Martin,Jennifer Nicole (Key Person) 1171","Martin,Jennifer Nicole",Key Person,1171,Martin,Jennifer Nicole,martin|j,TRUE,,,,FALSE
K000158374,2024,1171,Animal Sciences,FALSE,"Narayanan Nair,Mahesh (Key Person) 1171","Narayanan Nair,Mahesh",Key Person,1171,Narayanan Nair,Mahesh,narayanan nair|m,TRUE,,,,FALSE
K000158374,2024,1171,Animal Sciences,FALSE,"Delmore,Ro",,,,,,,FALSE,,,,FALSE
K000158442,2024,1172,Agricultural + Resource Economics,TRUE,"Magnan,Nicholas P (Primary PI) 1172","Magnan,Nicholas P",Primary PI,1172,Magnan,Nicholas P,magnan|n,TRUE,Magnan,Nicholas,Ag and Food,TRUE
K000158560,2024,1172,Agricultural + Resource Economics,TRUE,"Kolodinsky,Jane (Primary PI) 1172","Kolodinsky,Jane",Primary PI,1172,Kolodinsky,Jane,kolodinsky|j,TRUE,,,,FALSE
K000158780,2024,1170,Soil + Crop Sciences,FALSE,"Borch,Thomas (Primary PI) 1170","Borch,Thomas",Primary PI,1170,Borch,Thomas,borch|t,TRUE,,,,FALSE
K000158778,2024,1170,Soil + Crop Sciences,FALSE,"Jones-Diamond,Sally Marie (Primary PI) 1170","Jones-Diamond,Sally Marie",Primary PI,1170,Jones-Diamond,Sally Marie,jones diamond|s,TRUE,,,,FALSE
K000158813,2024,1173,Horticulture + Landscape Architecture,FALSE,"Jayanty,Sastry SSGM (Primary PI) 1173","Jayanty,Sastry SSGM",Primary PI,1173,Jayanty,Sastry SSGM,jayanty|s,TRUE,,,,FALSE
K000158599,2024,1177,Agricultural Biology,FALSE,"Dao,Phuong Duc (Primary PI) 1177","Dao,Phuong Duc",Primary PI,1177,Dao,Phuong Duc,dao|p,TRUE,,,,FALSE
K000158232,2024,1170,Soil + Crop Sciences,FALSE,"Wardle,Erik M (Primary PI) 1170","Wardle,Erik M",Primary PI,1170,Wardle,Erik M,wardle|e,TRUE,,,,FALSE
K000158232,2024,1170,Soil + Crop Sciences,FALSE,"Deleon,Emmanuel (Co-PI) 1170","Deleon,Emmanuel",Co-PI,1170,Deleon,Emmanuel,deleon|e,TRUE,,,,FALSE
K000158232,2024,1170,Soil + Crop Sciences,FALSE,"Brown,Ansley Joseph (Co-PI) 1170","Brown,Ansley Joseph",Co-PI,1170,Brown,Ansley Joseph,brown|a,TRUE,,,,FALSE
K000157901,2024,1172,Agricultural + Resource Economics,TRUE,"Chenarides,Lauren (Primary PI) 1172","Chenarides,Lauren",Primary PI,1172,Chenarides,Lauren,chenarides|l,TRUE,Chenarides,Lauren,Ag and Food,TRUE
K000158716,2024,1173,Horticulture + Landscape Architecture,FALSE,"Jayanty,Sastry SSGM (Primary PI) 1173","Jayanty,Sastry SSGM",Primary PI,1173,Jayanty,Sastry SSGM,jayanty|s,TRUE,,,,FALSE
K000158761,2024,1177,Agricultural Biology,FALSE,"Nachappa,Punya (Primary PI) 1177","Nachappa,Punya",Primary PI,1177,Nachappa,Punya,nachappa|p,TRUE,,,,FALSE
K000158897,2024,1171,Animal Sciences,FALSE,"Engle,Terry E (Primary PI) 1171","Engle,Terry E",Primary PI,1171,Engle,Terry E,engle|t,TRUE,,,,FALSE
K000158897,2024,1171,Animal Sciences,FALSE,"Narayanan Nair,Mahesh (Co-PI) 1171","Narayanan Nair,Mahesh",Co-PI,1171,Narayanan Nair,Mahesh,narayanan nair|m,TRUE,,,,FALSE
K000158897,2024,1171,Animal Sciences,FALSE,"Edwards-Callaway,Lily Nowell (Co-PI) 1171","Edwards-Callaway,Lily Nowell",Co-PI,1171,Edwards-Callaway,Lily Nowell,edwards callaway|l,TRUE,,,,FALSE
K000158975,2024,1177,Agricultural Biology,FALSE,"Nachappa,Punya (Primary PI) 1177","Nachappa,Punya",Primary PI,1177,Nachappa,Punya,nachappa|p,TRUE,,,,FALSE
K000158815,2024,1177,Agricultural Biology,FALSE,"Nalam,Vamsi (Primary PI) 1177","Nalam,Vamsi",Primary PI,1177,Nalam,Vamsi,nalam|v,TRUE,,,,FALSE
K000158815,2024,1177,Agricultural Biology,FALSE,"Han,Jinlong (Co-PI) 1177","Han,Jinlong",Co-PI,1177,Han,Jinlong,han|j,TRUE,,,,FALSE
K000158527,2024,1170,Soil + Crop Sciences,FALSE,"Zelikova,Tamara J (Primary PI) 1170","Zelikova,Tamara J",Primary PI,1170,Zelikova,Tamara J,zelikova|t,TRUE,,,,FALSE
K000158527,2024,1170,Soil + Crop Sciences,FALSE,"Gifford,Lauren (Co-PI) 1170","Gifford,Lauren",Co-PI,1170,Gifford,Lauren,gifford|l,TRUE,,,,FALSE
K000158460,2024,1177,Agricultural Biology,FALSE,"Gaines,Todd A (Primary PI) 1177","Gaines,Todd A",Primary PI,1177,Gaines,Todd A,gaines|t,TRUE,,,,FALSE
K000158460,2024,1177,Agricultural Biology,FALSE,"Simoes Araujo,Andre Lucas (Key Person) 1177","Simoes Araujo,Andre Lucas",Key Person,1177,Simoes Araujo,Andre Lucas,simoes araujo|a,TRUE,,,,FALSE
K000157776,2024,1177,Agricultural Biology,FALSE,"Gaines,Todd A (Primary PI) 1177","Gaines,Todd A",Primary PI,1177,Gaines,Todd A,gaines|t,TRUE,,,,FALSE
K000157776,2024,1177,Agricultural Biology,FALSE,"Dayan,Franck E (Co-PI) 1177","Dayan,Franck E",Co-PI,1177,Dayan,Franck E,dayan|f,TRUE,,,,FALSE
K000158653,2024,1177,Agricultural Biology,FALSE,"Nalam,Vamsi (Primary PI) 1177","Nalam,Vamsi",Primary PI,1177,Nalam,Vamsi,nalam|v,TRUE,,,,FALSE
K000158989,2024,1170,Soil + Crop Sciences,FALSE,"Jones-Diamond,Sally Marie (Primary PI) 1170","Jones-Diamond,Sally Marie",Primary PI,1170,Jones-Diamond,Sally Marie,jones diamond|s,TRUE,,,,FALSE
K000158783,2024,1170,Soil + Crop Sciences,FALSE,"Jones-Diamond,Sally Marie (Primary PI) 1170","Jones-Diamond,Sally Marie",Primary PI,1170,Jones-Diamond,Sally Marie,jones diamond|s,TRUE,,,,FALSE
K000157902,2024,1172,Agricultural + Resource Economics,TRUE,"Chenarides,Lauren (Primary PI) 1172","Chenarides,Lauren",Primary PI,1172,Chenarides,Lauren,chenarides|l,TRUE,Chenarides,Lauren,Ag and Food,TRUE
K000158451,2024,1171,Animal Sciences,FALSE,"Pinedo,Pablo J (Primary PI) 1171","Pinedo,Pablo J",Primary PI,1171,Pinedo,Pablo J,pinedo|p,TRUE,,,,FALSE
K000158451,2024,1171,Animal Sciences,FALSE,"Munoz Boettcher,Pablo Francisco (Key Person) 1171","Munoz Boettcher,Pablo Francisco",Key Person,1171,Munoz Boettcher,Pablo Francisco,munoz boettcher|p,TRUE,,,,FALSE
K000158558,2024,1170,Soil + Crop Sciences,FALSE,"Wrighton,Kelly Catherine (Primary PI) 1170","Wrighton,Kelly Catherine",Primary PI,1170,Wrighton,Kelly Catherine,wrighton|k,TRUE,,,,FALSE
K000158558,2024,1170,Soil + Crop Sciences,FALSE,"Borton,Mikayla Ann (Co-PI) 1170","Borton,Mikayla Ann",Co-PI,1170,Borton,Mikayla Ann,borton|m,TRUE,,,,FALSE
K000158458,2024,1170,Soil + Crop Sciences,FALSE,"Jones-Diamond,Sally Marie (Primary PI) 1170","Jones-Diamond,Sally Marie",Primary PI,1170,Jones-Diamond,Sally Marie,jones diamond|s,TRUE,,,,FALSE
K000158458,2024,1170,Soil + Crop Sciences,FALSE,"Schneekloth,Joel (Co-PI) 1033","Schneekloth,Joel",Co-PI,1033,Schneekloth,Joel,schneekloth|j,TRUE,,,,FALSE
K000158377,2024,1177,Agricultural Biology,FALSE,"Dayan,Franck E (Primary PI) 1177","Dayan,Franck E",Primary PI,1177,Dayan,Franck E,dayan|f,TRUE,,,,FALSE
K000158066,2024,1172,Agricultural + Resource Economics,TRUE,"Enns,Kellie J (Primary PI) 1172","Enns,Kellie J",Primary PI,1172,Enns,Kellie J,enns|k,TRUE,Enns,Kellie,Ag Ed,TRUE
K000158066,2024,1172,Agricultural + Resource Economics,TRUE,"Eshelman,Katharine Siobhan (Co-PI) 1172","Eshelman,Katharine Siobhan",Co-PI,1172,Eshelman,Katharine Siobhan,eshelman|k,TRUE,,,,FALSE
K000158608,2024,1172,Agricultural + Resource Economics,TRUE,"Baxter,Aryn (Primary PI) 1172","Baxter,Aryn",Primary PI,1172,Baxter,Aryn,baxter|a,TRUE,,,,FALSE
K000158608,2024,1172,Agricultural + Resource Economics,TRUE,"McQuade,Amanda Ford (Co-PI) 3046","McQuade,Amanda Ford",Co-PI,3046,McQuade,Amanda Ford,mcquade|a,TRUE,,,,FALSE
K000158533,2024,1171,Animal Sciences,FALSE,"Peters,Brittany Caitlin (Primary PI) 1171","Peters,Brittany Caitlin",Primary PI,1171,Peters,Brittany Caitlin,peters|b,TRUE,,,,FALSE
K000158533,2024,1171,Animal Sciences,FALSE,"Rankins,Ellen Marie (Key Person) 1171","Rankins,Ellen Marie",Key Person,1171,Rankins,Ellen Marie,rankins|e,TRUE,,,,FALSE
K000158526,2024,1173,Horticulture + Landscape Architecture,FALSE,"Gu,Mengmeng (Primary PI) 1173","Gu,Mengmeng",Primary PI,1173,Gu,Mengmeng,gu|m,TRUE,,,,FALSE
K000158526,2024,1173,Horticulture + Landscape Architecture,FALSE,"Lentz,Amy Poston (Co-PI) 1173","Lentz,Amy Poston",Co-PI,1173,Lentz,Amy Poston,lentz|a,TRUE,,,,FALSE
K000158526,2024,1173,Horticulture + Landscape Architecture,FALSE,"Mason,Shannon Cecilia (Co-PI) 1173","Mason,Shannon Cecilia",Co-PI,1173,Mason,Shannon Cecilia,mason|s,TRUE,,,,FALSE
K000158421,2024,1172,Agricultural + Resource Economics,TRUE,"Magnan,Nicholas P (Primary PI) 1172","Magnan,Nicholas P",Primary PI,1172,Magnan,Nicholas P,magnan|n,TRUE,Magnan,Nicholas,Ag and Food,TRUE
K000158125,2024,1171,Animal Sciences,FALSE,"Fedorka,Carleigh Elizabeth (Primary PI) 1171","Fedorka,Carleigh Elizabeth",Primary PI,1171,Fedorka,Carleigh Elizabeth,fedorka|c,TRUE,,,,FALSE
K000158125,2024,1171,Animal Sciences,FALSE,"Easley,Jeremiah T (Co-PI) 1678","Easley,Jeremiah T",Co-PI,1678,Easley,Jeremiah T,easley|j,TRUE,,,,FALSE
K000158125,2024,1171,Animal Sciences,FALSE,"Hatzel,Jennifer Noelle (Co-PI) 1678","Hatzel,Jennifer Noelle",Co-PI,1678,Hatzel,Jennifer Noelle,hatzel|j,TRUE,,,,FALSE
K000158387,2024,1173,Horticulture + Landscape Architecture,FALSE,"Uchanski,Mark E (Primary PI) 1173","Uchanski,Mark E",Primary PI,1173,Uchanski,Mark E,uchanski|m,TRUE,,,,FALSE
K000158387,2024,1173,Horticulture + Landscape Architecture,FALSE,"Davey,Jane (Key Person) 1173","Davey,Jane",Key Person,1173,Davey,Jane,davey|j,TRUE,,,,FALSE
K000158290,2024,1171,Animal Sciences,FALSE,"Metcalf,Jessica Lynne (Primary PI) 1171","Metcalf,Jessica Lynne",Primary PI,1171,Metcalf,Jessica Lynne,metcalf|j,TRUE,,,,FALSE
K000158234,2024,1171,Animal Sciences,FALSE,"Engle,Terry E (Primary PI) 1171","Engle,Terry E",Primary PI,1171,Engle,Terry E,engle|t,TRUE,,,,FALSE
K000158234,2024,1171,Animal Sciences,FALSE,"Place,Sara (Co-PI) 1171","Place,Sara",Co-PI,1171,Place,Sara,place|s,TRUE,,,,FALSE
K000158085,2024,1173,Horticulture + Landscape Architecture,FALSE,"Vivanco,Jorge M (Primary PI) 1173","Vivanco,Jorge M",Primary PI,1173,Vivanco,Jorge M,vivanco|j,TRUE,,,,FALSE
K000158085,2024,1173,Horticulture + Landscape Architecture,FALSE,"Afkairin,Antisar SM Omar (Co-PI) 1173","Afkairin,Antisar SM Omar",Co-PI,1173,Afkairin,Antisar SM Omar,afkairin|a,TRUE,,,,FALSE
K000158381,2024,1173,Horticulture + Landscape Architecture,FALSE,"Gutierrez-Rodriguez,Eduardo (Primary PI) 1173","Gutierrez-Rodriguez,Eduardo",Primary PI,1173,Gutierrez-Rodriguez,Eduardo,gutierrez rodriguez|e,TRUE,,,,FALSE
K000158381,2024,1173,Horticulture + Landscape Architecture,FALSE,"Didero,Nicole Marie (Co-PI) 4030","Didero,Nicole Marie",Co-PI,4030,Didero,Nicole Marie,didero|n,TRUE,,,,FALSE
K000158381,2024,1173,Horticulture + Landscape Architecture,FALSE,"Uchanski,Mark E (Co-PI) 1173","Uchanski,Mark E",Co-PI,1173,Uchanski,Mark E,uchanski|m,TRUE,,,,FALSE
K000157296,2024,1170,Soil + Crop Sciences,FALSE,"Morris,Geoffrey Preston (Primary PI) 1170","Morris,Geoffrey Preston",Primary PI,1170,Morris,Geoffrey Preston,morris|g,TRUE,,,,FALSE
K000158384,2024,1173,Horticulture + Landscape Architecture,FALSE,"Gutierrez-Rodriguez,Eduardo (Primary PI) 1173","Gutierrez-Rodriguez,Eduardo",Primary PI,1173,Gutierrez-Rodriguez,Eduardo,gutierrez rodriguez|e,TRUE,,,,FALSE
K000158384,2024,1173,Horticulture + Landscape Architecture,FALSE,"Goldhamer,Daniel Arthur (Co-PI) 1044","Goldhamer,Daniel Arthur",Co-PI,1044,Goldhamer,Daniel Arthur,goldhamer|d,TRUE,,,,FALSE
K000158384,2024,1173,Horticulture + Landscape Architecture,FALSE,"Holley,Jacob (Co-PI) 3001","Holley,Jacob",Co-PI,3001,Holley,Jacob,holley|j,TRUE,,,,FALSE
K000158384,2024,1173,Horticulture + Landscape Architecture,FALSE,"Craver,Joshua Ken (Co-PI) 1173","Craver,Joshua Ken",Co-PI,1173,Craver,Joshua Ken,craver|j,TRUE,,,,FALSE
K000158384,2024,1173,Horticulture + Landscape Architecture,FALSE,"Uchanski,Mark E (Co-PI) 1173","Uchanski,Mark E",Co-PI,1173,Uchanski,Mark E,uchanski|m,TRUE,,,,FALSE
K000158279,2024,1172,Agricultural + Resource Economics,TRUE,"Bonanno,Alessandro (Primary PI) 1172","Bonanno,Alessandro",Primary PI,1172,Bonanno,Alessandro,bonanno|a,TRUE,Bonanno,Alessandro,Ag and Food,TRUE
K000158279,2024,1172,Agricultural + Resource Economics,TRUE,"Chenarides,Lauren (Co-PI) 1172","Chenarides,Lauren",Co-PI,1172,Chenarides,Lauren,chenarides|l,TRUE,Chenarides,Lauren,Ag and Food,TRUE
K000158435,2024,1173,Horticulture + Landscape Architecture,FALSE,"Gutierrez-Rodriguez,Eduardo (Primary PI) 1173","Gutierrez-Rodriguez,Eduardo",Primary PI,1173,Gutierrez-Rodriguez,Eduardo,gutierrez rodriguez|e,TRUE,,,,FALSE
K000158435,2024,1173,Horticulture + Landscape Architecture,FALSE,"Bartolo,Kristi L (Co-PI) 4015","Bartolo,Kristi L",Co-PI,4015,Bartolo,Kristi L,bartolo|k,TRUE,,,,FALSE
K000158435,2024,1173,Horticulture + Landscape Architecture,FALSE,"Ma,Jianbing (Co-PI) 3040","Ma,Jianbing",Co-PI,3040,Ma,Jianbing,ma|j,TRUE,,,,FALSE
K000158435,2024,1173,Horticulture + Landscape Architecture,FALSE,"Didero,Nicole Marie (Co-PI) 4030","Didero,Nicole Marie",Co-PI,4030,Didero,Nicole Marie,didero|n,TRUE,,,,FALSE
K000158284,2024,1177,Agricultural Biology,FALSE,"Borowiec,Marek L (Primary PI) 1177","Borowiec,Marek L",Primary PI,1177,Borowiec,Marek L,borowiec|m,TRUE,,,,FALSE
K000158246,2024,1177,Agricultural Biology,FALSE,"Szczepaniec,Adrianna (Primary PI) 1177","Szczepaniec,Adrianna",Primary PI,1177,Szczepaniec,Adrianna,szczepaniec|a,TRUE,,,,FALSE
K000158246,2024,1177,Agricultural Biology,FALSE,"Gaines,Todd A (Co-PI) 1177","Gaines,Todd A",Co-PI,1177,Gaines,Todd A,gaines|t,TRUE,,,,FALSE
K000158246,2024,1177,Agricultural Biology,FALSE,"Eubanks,Micky (Co-PI) 1177","Eubanks,Micky",Co-PI,1177,Eubanks,Micky,eubanks|m,TRUE,,,,FALSE
K000158246,2024,1177,Agricultural Biology,FALSE,"Roberts,Robyn (Co-PI) 1177","Roberts,Robyn",Co-PI,1177,Roberts,Robyn,roberts|r,TRUE,,,,FALSE
K000158246,2024,1177,Agricultural Biology,FALSE,"Nachappa,Punya (Co-PI) 1177","Nachappa,Punya",Co-PI,1177,Nachappa,Punya,nachappa|p,TRUE,,,,FALSE
K000158246,2024,1177,Agricultural Biology,FALSE,"Stewart,Jane E (Co-PI) 1177","Stewart,Jane E",Co-PI,1177,Stewart,Jane E,stewart|j,TRUE,,,,FALSE
K000158181,2024,1177,Agricultural Biology,FALSE,"Borowiec,Marek L (Primary PI) 1177","Borowiec,Marek L",Primary PI,1177,Borowiec,Marek L,borowiec|m,TRUE,,,,FALSE
K000158181,2024,1177,Agricultural Biology,FALSE,"Magee,Christianne (Co-PI) 1680","Magee,Christianne",Co-PI,1680,Magee,Christianne,magee|c,TRUE,,,,FALSE
K000158425,2024,1170,Soil + Crop Sciences,FALSE,"Mason,Richard Esten (Primary PI) 1170","Mason,Richard Esten",Primary PI,1170,Mason,Richard Esten,mason|r,TRUE,,,,FALSE
K000158367,2024,1173,Horticulture + Landscape Architecture,FALSE,"Miller,Chad (Primary PI) 1173","Miller,Chad",Primary PI,1173,Miller,Chad,miller|c,TRUE,,,,FALSE
K000158367,2024,1173,Horticulture + Landscape Architecture,FALSE,"Craver,Joshua Ken (Co-PI) 1173","Craver,Joshua Ken",Co-PI,1173,Craver,Joshua Ken,craver|j,TRUE,,,,FALSE
K000158325,2024,1173,Horticulture + Landscape Architecture,FALSE,"Prenni,Jessica E (Primary PI) 1173","Prenni,Jessica E",Primary PI,1173,Prenni,Jessica E,prenni|j,TRUE,,,,FALSE
K000158252,2024,1171,Animal Sciences,FALSE,"Enns,Richard Mark (Primary PI) 1171","Enns,Richard Mark",Primary PI,1171,Enns,Richard Mark,enns|r,TRUE,,,,FALSE
K000158247,2024,1172,Agricultural + Resource Economics,TRUE,"Cleary,Rebecca Leigh Osborne (Primary PI) 1172","Cleary,Rebecca Leigh Osborne",Primary PI,1172,Cleary,Rebecca Leigh Osborne,cleary|r,TRUE,Cleary,Rebecca,Ag and Food,TRUE
K000158247,2024,1172,Agricultural + Resource Economics,TRUE,"Brock,Clare-Lieb (Co-PI) 1782","Brock,Clare-Lieb",Co-PI,1782,Brock,Clare-Lieb,brock|c,TRUE,,,,FALSE
K000158247,2024,1172,Agricultural + Resource Economics,TRUE,"Mueller,Megan Paige (Co-PI) 1571","Mueller,Megan Paige",Co-PI,1571,Mueller,Megan Paige,mueller|m,TRUE,,,,FALSE
K000157904,2024,1171,Animal Sciences,FALSE,"Bigler,Elizabeth Jaed (Primary PI) 1171","Bigler,Elizabeth Jaed",Primary PI,1171,Bigler,Elizabeth Jaed,bigler|e,TRUE,,,,FALSE
K000157904,2024,1171,Animal Sciences,FALSE,"Edwards-Callaway,Lily Nowell (Co-PI) 1171","Edwards-Callaway,Lily Nowell",Co-PI,1171,Edwards-Callaway,Lily Nowell,edwards callaway|l,TRUE,,,,FALSE
K000157904,2024,1171,Animal Sciences,FALSE,"Ahola,Jason Kee (Co-PI) 1171","Ahola,Jason Kee",Co-PI,1171,Ahola,Jason Kee,ahola|j,TRUE,,,,FALSE
K000158179,2024,1177,Agricultural Biology,FALSE,"Borowiec,Marek L (Primary PI) 1177","Borowiec,Marek L",Primary PI,1177,Borowiec,Marek L,borowiec|m,TRUE,,,,FALSE
K000157840,2024,1170,Soil + Crop Sciences,FALSE,"Morris,Geoffrey Preston (Primary PI) 1170","Morris,Geoffrey Preston",Primary PI,1170,Morris,Geoffrey Preston,morris|g,TRUE,,,,FALSE
K000158009,2024,1170,Soil + Crop Sciences,FALSE,"Pottorff,Laura Pickett (Primary PI) 1170","Pottorff,Laura Pickett",Primary PI,1170,Pottorff,Laura Pickett,pottorff|l,TRUE,,,,FALSE
K000158009,2024,1170,Soil + Crop Sciences,FALSE,"Crowl,Randall Lee (Co-PI) 1170","Crowl,Randall Lee",Co-PI,1170,Crowl,Randall Lee,crowl|r,TRUE,,,,FALSE
K000158189,2024,1171,Animal Sciences,FALSE,"Pinedo,Pablo J (Primary PI) 1171","Pinedo,Pablo J",Primary PI,1171,Pinedo,Pablo J,pinedo|p,TRUE,,,,FALSE
K000158169,2024,1177,Agricultural Biology,FALSE,"Gaines,Todd A (Primary PI) 1177","Gaines,Todd A",Primary PI,1177,Gaines,Todd A,gaines|t,TRUE,,,,FALSE
K000158065,2024,1177,Agricultural Biology,FALSE,"Nalam,Vamsi (Primary PI) 1177","Nalam,Vamsi",Primary PI,1177,Nalam,Vamsi,nalam|v,TRUE,,,,FALSE
K000158065,2024,1177,Agricultural Biology,FALSE,"Dao,Phuong Duc (Co-PI) 1177","Dao,Phuong Duc",Co-PI,1177,Dao,Phuong Duc,dao|p,TRUE,,,,FALSE
K000158113,2024,1177,Agricultural Biology,FALSE,"Brown,Cynthia S (Primary PI) 1177","Brown,Cynthia S",Primary PI,1177,Brown,Cynthia S,brown|c,TRUE,,,,FALSE
K000158113,2024,1177,Agricultural Biology,FALSE,"Myers,Lauren (Co-PI) 1177","Myers,Lauren",Co-PI,1177,Myers,Lauren,myers|l,TRUE,,,,FALSE
K000158113,2024,1177,Agricultural Biology,FALSE,"Dayan,Franck E (Co-PI) 1177","Dayan,Franck E",Co-PI,1177,Dayan,Franck E,dayan|f,TRUE,,,,FALSE
K000158071,2024,1177,Agricultural Biology,FALSE,"Nachappa,Punya (Primary PI) 1177","Nachappa,Punya",Primary PI,1177,Nachappa,Punya,nachappa|p,TRUE,,,,FALSE
K000158130,2024,1173,Horticulture + Landscape Architecture,FALSE,"Thompson,Henry J (Primary PI) 1173","Thompson,Henry J",Primary PI,1173,Thompson,Henry J,thompson|h,TRUE,,,,FALSE
K000157930,2024,1173,Horticulture + Landscape Architecture,FALSE,"Bousselot,Jennifer M (Primary PI) 1173","Bousselot,Jennifer M",Primary PI,1173,Bousselot,Jennifer M,bousselot|j,TRUE,,,,FALSE
K000157890,2024,1171,Animal Sciences,FALSE,"Catalano,Devan Noelle (Primary PI) 1171","Catalano,Devan Noelle",Primary PI,1171,Catalano,Devan Noelle,catalano|d,TRUE,,,,FALSE
K000157763,2024,1170,Soil + Crop Sciences,FALSE,"Machmuller,Megan B (Primary PI) 1170","Machmuller,Megan B",Primary PI,1170,Machmuller,Megan B,machmuller|m,TRUE,,,,FALSE
K000157763,2024,1170,Soil + Crop Sciences,FALSE,"Pallickara,Sangmi Lee (Co-PI) 1873","Pallickara,Sangmi Lee",Co-PI,1873,Pallickara,Sangmi Lee,pallickara|s,TRUE,,,,FALSE
K000157763,2024,1170,Soil + Crop Sciences,FALSE,"Hale,James W (Co-PI) 1784","Hale,James W",Co-PI,1784,Hale,James W,hale|j,TRUE,,,,FALSE
K000158042,2024,1170,Soil + Crop Sciences,FALSE,"Morris,Geoffrey Preston (Primary PI) 1170","Morris,Geoffrey Preston",Primary PI,1170,Morris,Geoffrey Preston,morris|g,TRUE,,,,FALSE
K000157681,2024,1171,Animal Sciences,FALSE,"Fedorka,Carleigh Elizabeth (Primary PI) 1171","Fedorka,Carleigh Elizabeth",Primary PI,1171,Fedorka,Carleigh Elizabeth,fedorka|c,TRUE,,,,FALSE
K000157681,2024,1171,Animal Sciences,FALSE,"Coleman,Stephen John (Co-PI) 1171","Coleman,Stephen John",Co-PI,1171,Coleman,Stephen John,coleman|s,TRUE,,,,FALSE
K000157681,2024,1171,Animal Sciences,FALSE,"Dow,Steven W (Key Person) 1678","Dow,Steven W",Key Person,1678,Dow,Steven W,dow|s,TRUE,,,,FALSE
K000157681,2024,1171,Animal Sciences,FALSE,"Pezzanite,Lynn Marie (Key Person) 1678","Pezzanite,Lynn Marie",Key Person,1678,Pezzanite,Lynn Marie,pezzanite|l,TRUE,,,,FALSE
K000157681,2024,1171,Animal Sciences,FALSE,"Hatzel,Jennifer Noelle (Key Person) 1678","Hatzel,Jennifer Noelle",Key Person,1678,Hatzel,Jennifer Noelle,hatzel|j,TRUE,,,,FALSE
K000157681,2024,1171,Animal Sciences,FALSE,"Sones,Jennifer L (Key Person) 1678","Sones,Jennifer L",Key Person,1678,Sones,Jennifer L,sones|j,TRUE,,,,FALSE
K000158018,2024,1177,Agricultural Biology,FALSE,"Nalam,Vamsi (Primary PI) 1177","Nalam,Vamsi",Primary PI,1177,Nalam,Vamsi,nalam|v,TRUE,,,,FALSE
K000158019,2024,1177,Agricultural Biology,FALSE,"Nalam,Vamsi (Primary PI) 1177","Nalam,Vamsi",Primary PI,1177,Nalam,Vamsi,nalam|v,TRUE,,,,FALSE
K000157970,2024,1173,Horticulture + Landscape Architecture,FALSE,"Burcham,Daniel C (Primary PI) 1173","Burcham,Daniel C",Primary PI,1173,Burcham,Daniel C,burcham|d,TRUE,,,,FALSE
K000157722,2024,1170,Soil + Crop Sciences,FALSE,"Namuth Covert,Deana Michelle (Primary PI) 1170","Namuth Covert,Deana Michelle",Primary PI,1170,Namuth Covert,Deana Michelle,namuth covert|d,TRUE,,,,FALSE
K000157722,2024,1170,Soil + Crop Sciences,FALSE,"Folkestad,James E (Co-PI) 1588","Folkestad,James E",Co-PI,1588,Folkestad,James E,folkestad|j,TRUE,,,,FALSE
K000157722,2024,1170,Soil + Crop Sciences,FALSE,"Ham,Jay M (Co-PI) 1170","Ham,Jay M",Co-PI,1170,Ham,Jay M,ham|j,TRUE,,,,FALSE
K000157694,2024,1177,Agricultural Biology,FALSE,"Szczepaniec,Adrianna (Primary PI) 1177","Szczepaniec,Adrianna",Primary PI,1177,Szczepaniec,Adrianna,szczepaniec|a,TRUE,,,,FALSE
K000157694,2024,1177,Agricultural Biology,FALSE,"Amiri-Kazaz,Lara Maria (Key Person) 1177","Amiri-Kazaz,Lara Maria",Key Person,1177,Amiri-Kazaz,Lara Maria,amiri kazaz|l,TRUE,,,,FALSE
K000157850,2023,1170,Soil + Crop Sciences,FALSE,"Wardle,Erik M (Primary PI) 1170","Wardle,Erik M",Primary PI,1170,Wardle,Erik M,wardle|e,TRUE,,,,FALSE
K000157850,2023,1170,Soil + Crop Sciences,FALSE,"Deleon,Emmanuel (Co-PI) 1170","Deleon,Emmanuel",Co-PI,1170,Deleon,Emmanuel,deleon|e,TRUE,,,,FALSE
K000157850,2023,1170,Soil + Crop Sciences,FALSE,"Brown,Ansley Joseph (Co-PI) 1170","Brown,Ansley Joseph",Co-PI,1170,Brown,Ansley Joseph,brown|a,TRUE,,,,FALSE
K000157475,2023,1170,Soil + Crop Sciences,FALSE,"Namuth Covert,Deana Michelle (Primary PI) 1170","Namuth Covert,Deana Michelle",Primary PI,1170,Namuth Covert,Deana Michelle,namuth covert|d,TRUE,,,,FALSE
K000157475,2023,1170,Soil + Crop Sciences,FALSE,"Folkestad,James E (Co-PI) 1588","Folkestad,James E",Co-PI,1588,Folkestad,James E,folkestad|j,TRUE,,,,FALSE
K000157475,2023,1170,Soil + Crop Sciences,FALSE,"Ham,Jay M (Co-PI) 1170","Ham,Jay M",Co-PI,1170,Ham,Jay M,ham|j,TRUE,,,,FALSE
K000157475,2023,1170,Soil + Crop Sciences,FALSE,"O'Connor,Alison Stoven (Key Person) 4010","O'Connor,Alison Stoven",Key Person,4010,O'Connor,Alison Stoven,o connor|a,TRUE,,,,FALSE
K000157475,2023,1170,Soil + Crop Sciences,FALSE,"Goldhamer,Daniel Arthur (Key Person) 1044","Goldhamer,Daniel Arthur",Key Person,1044,Goldhamer,Daniel Arthur,goldhamer|d,TRUE,,,,FALSE
K000158046,2023,1170,Soil + Crop Sciences,FALSE,"Borch,Thomas (Primary PI) 1170","Borch,Thomas",Primary PI,1170,Borch,Thomas,borch|t,TRUE,,,,FALSE
K000157859,2023,1173,Horticulture + Landscape Architecture,FALSE,"Bauerle,William L (Primary PI) 1173","Bauerle,William L",Primary PI,1173,Bauerle,William L,bauerle|w,TRUE,,,,FALSE
K000157844,2023,1171,Animal Sciences,FALSE,"Hess,Tanja (Primary PI) 1171","Hess,Tanja",Primary PI,1171,Hess,Tanja,hess|t,TRUE,,,,FALSE
K000157844,2023,1171,Animal Sciences,FALSE,"Carvalho Seabra,Jessica (Co-PI) 1171","Carvalho Seabra,Jessica",Co-PI,1171,Carvalho Seabra,Jessica,carvalho seabra|j,TRUE,,,,FALSE
K000157822,2023,1173,Horticulture + Landscape Architecture,FALSE,"Gutierrez-Rodriguez,Eduardo (Primary PI) 1173","Gutierrez-Rodriguez,Eduardo",Primary PI,1173,Gutierrez-Rodriguez,Eduardo,gutierrez rodriguez|e,TRUE,,,,FALSE
K000157804,2023,1177,Agricultural Biology,FALSE,"Nachappa,Punya (Primary PI) 1177","Nachappa,Punya",Primary PI,1177,Nachappa,Punya,nachappa|p,TRUE,,,,FALSE
K000157801,2023,1177,Agricultural Biology,FALSE,"Stewart,Jane E (Primary PI) 1177","Stewart,Jane E",Primary PI,1177,Stewart,Jane E,stewart|j,TRUE,,,,FALSE
K000157660,2023,1171,Animal Sciences,FALSE,"Manriquez Alvarez,Diego Ignacio (Primary PI) 1171","Manriquez Alvarez,Diego Ignacio",Primary PI,1171,Manriquez Alvarez,Diego Ignacio,manriquez alvarez|d,TRUE,,,,FALSE
K000157660,2023,1171,Animal Sciences,FALSE,"Jannat,Afrin (Co-PI) 1171","Jannat,Afrin",Co-PI,1171,Jannat,Afrin,jannat|a,TRUE,,,,FALSE
K000157790,2023,1173,Horticulture + Landscape Architecture,FALSE,"Prenni,Jessica E (Primary PI) 1173","Prenni,Jessica E",Primary PI,1173,Prenni,Jessica E,prenni|j,TRUE,,,,FALSE
K000157676,2023,1173,Horticulture + Landscape Architecture,FALSE,"Craver,Joshua Ken (Primary PI) 1173","Craver,Joshua Ken",Primary PI,1173,Craver,Joshua Ken,craver|j,TRUE,,,,FALSE
K000157676,2023,1173,Horticulture + Landscape Architecture,FALSE,"Holley,Jacob (Co-PI) 3001","Holley,Jacob",Co-PI,3001,Holley,Jacob,holley|j,TRUE,,,,FALSE
K000157676,2023,1173,Horticulture + Landscape Architecture,FALSE,"Rosado,Samantha Pearl (Co-PI) 1173","Rosado,Samantha Pearl",Co-PI,1173,Rosado,Samantha Pearl,rosado|s,TRUE,,,,FALSE
K000157018,2023,1170,Soil + Crop Sciences,FALSE,"Willige,Bjorn Christopher (Primary PI) 1170","Willige,Bjorn Christopher",Primary PI,1170,Willige,Bjorn Christopher,willige|b,TRUE,,,,FALSE
K000157018,2023,1170,Soil + Crop Sciences,FALSE,"Wilkins,Michael James (Co-PI) 1170","Wilkins,Michael James",Co-PI,1170,Wilkins,Michael James,wilkins|m,TRUE,,,,FALSE
K000157018,2023,1170,Soil + Crop Sciences,FALSE,"Borch,Thomas (Co-PI) 1170","Borch,Thomas",Co-PI,1170,Borch,Thomas,borch|t,TRUE,,,,FALSE
K000157739,2023,1171,Animal Sciences,FALSE,"Carvalho,Pedro Henrique (Primary PI) 1171","Carvalho,Pedro Henrique",Primary PI,1171,Carvalho,Pedro Henrique,carvalho|p,TRUE,,,,FALSE
K000157739,2023,1171,Animal Sciences,FALSE,"Velasquez Rios,Cesar Armando (Key Person) 1171","Velasquez Rios,Cesar Armando",Key Person,1171,Velasquez Rios,Cesar Armando,velasquez rios|c,TRUE,,,,FALSE
K000157795,2023,1171,Animal Sciences,FALSE,"Ahola,Jason Kee (Primary PI) 1171","Ahola,Jason Kee",Primary PI,1171,Ahola,Jason Kee,ahola|j,TRUE,,,,FALSE
K000157795,2023,1171,Animal Sciences,FALSE,"Bigler,Elizabeth Jaed (Co-PI) 1171","Bigler,Elizabeth Jaed",Co-PI,1171,Bigler,Elizabeth Jaed,bigler|e,TRUE,,,,FALSE
K000157795,2023,1171,Animal Sciences,FALSE,"Edwards-Callaway,Lily Nowell (Co-PI) 1171","Edwards-Callaway,Lily Nowell",Co-PI,1171,Edwards-Callaway,Lily Nowell,edwards callaway|l,TRUE,,,,FALSE
K000157813,2023,1172,Agricultural + Resource Economics,TRUE,"Bayham,Jude (Primary PI) 1172","Bayham,Jude",Primary PI,1172,Bayham,Jude,bayham|j,TRUE,Bayham,Jude,ENRE,TRUE
K000157421,2023,1172,Agricultural + Resource Economics,TRUE,"Chenarides,Lauren (Primary PI) 1172","Chenarides,Lauren",Primary PI,1172,Chenarides,Lauren,chenarides|l,TRUE,Chenarides,Lauren,Ag and Food,TRUE
K000157599,2023,1172,Agricultural + Resource Economics,TRUE,"Chenarides,Lauren (Primary PI) 1172","Chenarides,Lauren",Primary PI,1172,Chenarides,Lauren,chenarides|l,TRUE,Chenarides,Lauren,Ag and Food,TRUE
K000157599,2023,1172,Agricultural + Resource Economics,TRUE,"Bauman,Allison Gunter (Co-PI) 1172","Bauman,Allison Gunter",Co-PI,1172,Bauman,Allison Gunter,bauman|a,TRUE,,,,FALSE
K000157599,2023,1172,Agricultural + Resource Economics,TRUE,"Cleary,Rebecca Leigh Osborne (Key Person) 1172","Cleary,Rebecca Leigh Osborne",Key Person,1172,Cleary,Rebecca Leigh Osborne,cleary|r,TRUE,Cleary,Rebecca,Ag and Food,TRUE
K000157599,2023,1172,Agricultural + Resource Economics,TRUE,"Bonanno,Alessandro (Key Person) 1172","Bonanno,Alessandro",Key Person,1172,Bonanno,Alessandro,bonanno|a,TRUE,Bonanno,Alessandro,Ag and Food,TRUE
K000157482,2023,1170,Soil + Crop Sciences,FALSE,"Wrighton,Kelly Catherine (Primary PI) 1170","Wrighton,Kelly Catherine",Primary PI,1170,Wrighton,Kelly Catherine,wrighton|k,TRUE,,,,FALSE
K000157467,2023,1177,Agricultural Biology,FALSE,"Blecker,Lisa Ann (Primary PI) 1177","Blecker,Lisa Ann",Primary PI,1177,Blecker,Lisa Ann,blecker|l,TRUE,,,,FALSE
K000157418,2023,1177,Agricultural Biology,FALSE,"Blecker,Lisa Ann (Primary PI) 1177","Blecker,Lisa Ann",Primary PI,1177,Blecker,Lisa Ann,blecker|l,TRUE,,,,FALSE
K000157468,2023,1172,Agricultural + Resource Economics,TRUE,"Chenarides,Lauren (Primary PI) 1172","Chenarides,Lauren",Primary PI,1172,Chenarides,Lauren,chenarides|l,TRUE,Chenarides,Lauren,Ag and Food,TRUE
K000157472,2023,1172,Agricultural + Resource Economics,TRUE,"Chenarides,Lauren (Primary PI) 1172","Chenarides,Lauren",Primary PI,1172,Chenarides,Lauren,chenarides|l,TRUE,Chenarides,Lauren,Ag and Food,TRUE
K000157623,2023,1172,Agricultural + Resource Economics,TRUE,"Countryman,Amanda Marie (Primary PI) 1172","Countryman,Amanda Marie",Primary PI,1172,Countryman,Amanda Marie,countryman|a,TRUE,Countryman,Amanda,Ag and Food,TRUE
K000157610,2023,1172,Agricultural + Resource Economics,TRUE,"Hoag,Dana Loyd Keske (Primary PI) 1172","Hoag,Dana Loyd Keske",Primary PI,1172,Hoag,Dana Loyd Keske,hoag|d,TRUE,Hoag,Dana,ENRE,TRUE
K000157555,2023,1170,Soil + Crop Sciences,FALSE,"Kremen,Amy E (Primary PI) 1170","Kremen,Amy E",Primary PI,1170,Kremen,Amy E,kremen|a,TRUE,,,,FALSE
K000157537,2023,1170,Soil + Crop Sciences,FALSE,"Zelikova,Tamara J (Primary PI) 1170","Zelikova,Tamara J",Primary PI,1170,Zelikova,Tamara J,zelikova|t,TRUE,,,,FALSE
K000157537,2023,1170,Soil + Crop Sciences,FALSE,"Machmuller,Megan B (Co-PI) 1170","Machmuller,Megan B",Co-PI,1170,Machmuller,Megan B,machmuller|m,TRUE,,,,FALSE
K000157457,2023,1171,Animal Sciences,FALSE,"Rieskamp,Jennifer L (Primary PI) 1171","Rieskamp,Jennifer L",Primary PI,1171,Rieskamp,Jennifer L,rieskamp|j,TRUE,,,,FALSE
K000157457,2023,1171,Animal Sciences,FALSE,"DeLay,Nathan D (Co-PI) 1172","DeLay,Nathan D",Co-PI,1172,DeLay,Nathan D,delay|n,TRUE,DeLay,Nathan,Ag and Food,TRUE
K000157457,2023,1171,Animal Sciences,FALSE,"Carvalho,Pedro Henrique (Co-PI) 1171","Carvalho,Pedro Henrique",Co-PI,1171,Carvalho,Pedro Henrique,carvalho|p,TRUE,,,,FALSE
K000157457,2023,1171,Animal Sciences,FALSE,"Giesenhagen,Erica There (Co-PI) 1171","Giesenhagen,Erica There",Co-PI,1171,Giesenhagen,Erica There,giesenhagen|e,TRUE,,,,FALSE
K000157373,2023,1170,Soil + Crop Sciences,FALSE,"Gifford,Lauren (Primary PI) 1170","Gifford,Lauren",Primary PI,1170,Gifford,Lauren,gifford|l,TRUE,,,,FALSE
K000157335,2023,1171,Animal Sciences,FALSE,"Fedorka,Carleigh Elizabeth (Primary PI) 1171","Fedorka,Carleigh Elizabeth",Primary PI,1171,Fedorka,Carleigh Elizabeth,fedorka|c,TRUE,,,,FALSE
K000157335,2023,1171,Animal Sciences,FALSE,"Hatzel,Jennifer Noelle (Co-PI) 1678","Hatzel,Jennifer Noelle",Co-PI,1678,Hatzel,Jennifer Noelle,hatzel|j,TRUE,,,,FALSE
K000157335,2023,1171,Animal Sciences,FALSE,"Coleman,Stephen John (Co-PI) 1171","Coleman,Stephen John",Co-PI,1171,Coleman,Stephen John,coleman|s,TRUE,,,,FALSE
K000157335,2023,1171,Animal Sciences,FALSE,"Hollinshead,Fiona Kate (Co-PI) 1678","Hollinshead,Fiona Kate",Co-PI,1678,Hollinshead,Fiona Kate,hollinshead|f,TRUE,,,,FALSE
K000157332,2023,1173,Horticulture + Landscape Architecture,FALSE,"Gutierrez-Rodriguez,Eduardo (Primary PI) 1173","Gutierrez-Rodriguez,Eduardo",Primary PI,1173,Gutierrez-Rodriguez,Eduardo,gutierrez rodriguez|e,TRUE,,,,FALSE
K000157332,2023,1173,Horticulture + Landscape Architecture,FALSE,"Ma,Jianbing (Co-PI) 3040","Ma,Jianbing",Co-PI,3040,Ma,Jianbing,ma|j,TRUE,,,,FALSE
K000157332,2023,1173,Horticulture + Landscape Architecture,FALSE,"Bartolo,Kristi L (Co-PI) 4015","Bartolo,Kristi L",Co-PI,4015,Bartolo,Kristi L,bartolo|k,TRUE,,,,FALSE
K000157256,2023,1177,Agricultural Biology,FALSE,"Nalam,Vamsi (Primary PI) 1177","Nalam,Vamsi",Primary PI,1177,Nalam,Vamsi,nalam|v,TRUE,,,,FALSE
K000157256,2023,1177,Agricultural Biology,FALSE,"Kunk,Daniel Anthony (Co-PI) 1878","Kunk,Daniel Anthony",Co-PI,1878,Kunk,Daniel Anthony,kunk|d,TRUE,,,,FALSE
K000157193,2023,1170,Soil + Crop Sciences,FALSE,"Dillon,Jasmine Ashley (Primary PI) 1171","Dillon,Jasmine Ashley",Primary PI,1171,Dillon,Jasmine Ashley,dillon|j,TRUE,,,,FALSE
K000157193,2023,1170,Soil + Crop Sciences,FALSE,"Caswell,Katherine (Co-PI) 4010","Caswell,Katherine",Co-PI,4010,Caswell,Katherine,caswell|k,TRUE,,,,FALSE
K000157193,2023,1170,Soil + Crop Sciences,FALSE,"Archibeque,Shawn (Co-PI) 1171","Archibeque,Shawn",Co-PI,1171,Archibeque,Shawn,archibeque|s,TRUE,,,,FALSE
K000157193,2023,1170,Soil + Crop Sciences,FALSE,"Fonte,Steven John (Co-PI) 1170","Fonte,Steven John",Co-PI,1170,Fonte,Steven John,fonte|s,TRUE,,,,FALSE
K000157193,2023,1170,Soil + Crop Sciences,FALSE,"Schipanski,Meagan Erin (Co-PI) 1170","Schipanski,Meagan Erin",Co-PI,1170,Schipanski,Meagan Erin,schipanski|m,TRUE,,,,FALSE
K000157177,2023,1171,Animal Sciences,FALSE,"Place,Sara (Primary PI) 1171","Place,Sara",Primary PI,1171,Place,Sara,place|s,TRUE,,,,FALSE
K000157177,2023,1171,Animal Sciences,FALSE,"Engle,Terry E (Co-PI) 1171","Engle,Terry E",Co-PI,1171,Engle,Terry E,engle|t,TRUE,,,,FALSE
K000157177,2023,1171,Animal Sciences,FALSE,"Stackhouse-Lawson,Kimberly Rose (Co-PI) 1171","Stackhouse-Lawson,Kimberly Rose",Co-PI,1171,Stackhouse-Lawson,Kimberly Rose,stackhouse lawson|k,TRUE,,,,FALSE
K000157177,2023,1171,Animal Sciences,FALSE,"Carvalho,Pedro Henrique (Co-PI) 1171","Carvalho,Pedro Henrique",Co-PI,1171,Carvalho,Pedro Henrique,carvalho|p,TRUE,,,,FALSE
K000157662,2023,1173,Horticulture + Landscape Architecture,FALSE,"Uchanski,Mark E (Primary PI) 1173","Uchanski,Mark E",Primary PI,1173,Uchanski,Mark E,uchanski|m,TRUE,,,,FALSE
K000157672,2023,1173,Horticulture + Landscape Architecture,FALSE,"Minas,Ioannis (Primary PI) 1173","Minas,Ioannis",Primary PI,1173,Minas,Ioannis,minas|i,TRUE,,,,FALSE
K000157672,2023,1173,Horticulture + Landscape Architecture,FALSE,"Sterle,David Gabriel (Co-PI) 3046","Sterle,David Gabriel",Co-PI,3046,Sterle,David Gabriel,sterle|d,TRUE,,,,FALSE
K000157672,2023,1173,Horticulture + Landscape Architecture,FALSE,"Koslovsky,Matthew David (Co-PI) 1877","Koslovsky,Matthew David",Co-PI,1877,Koslovsky,Matthew David,koslovsky|m,TRUE,,,,FALSE
K000156371,2023,1177,Agricultural Biology,FALSE,"Borowiec,Marek L (Primary PI) 1177","Borowiec,Marek L",Primary PI,1177,Borowiec,Marek L,borowiec|m,TRUE,,,,FALSE
K000156371,2023,1177,Agricultural Biology,FALSE,"Cooke,Crystal Lee (Co-PI) 1177","Cooke,Crystal Lee",Co-PI,1177,Cooke,Crystal Lee,cooke|c,TRUE,,,,FALSE
K000157626,2023,1171,Animal Sciences,FALSE,"Carvalho,Pedro Henrique (Primary PI) 1171","Carvalho,Pedro Henrique",Primary PI,1171,Carvalho,Pedro Henrique,carvalho|p,TRUE,,,,FALSE
K000157465,2023,1171,Animal Sciences,FALSE,"Edwards-Callaway,Lily Nowell (Primary PI) 1171","Edwards-Callaway,Lily Nowell",Primary PI,1171,Edwards-Callaway,Lily Nowell,edwards callaway|l,TRUE,,,,FALSE
K000157465,2023,1171,Animal Sciences,FALSE,"Engle,Terry E (Co-PI) 1171","Engle,Terry E",Co-PI,1171,Engle,Terry E,engle|t,TRUE,,,,FALSE
K000157554,2023,1172,Agricultural + Resource Economics,TRUE,"Mooney,Daniel F (Primary PI) 1172","Mooney,Daniel F",Primary PI,1172,Mooney,Daniel F,mooney|d,TRUE,Mooney,Daniel,Ag and Food,TRUE
K000157554,2023,1172,Agricultural + Resource Economics,TRUE,"Uchanski,Mark E (Co-PI) 1173","Uchanski,Mark E",Co-PI,1173,Uchanski,Mark E,uchanski|m,TRUE,,,,FALSE
K000157554,2023,1172,Agricultural + Resource Economics,TRUE,"Hoag,Dana Loyd Keske (Co-PI) 1172","Hoag,Dana Loyd Keske",Co-PI,1172,Hoag,Dana Loyd Keske,hoag|d,TRUE,Hoag,Dana,ENRE,TRUE
K000157554,2023,1172,Agricultural + Resource Economics,TRUE,"Buzzelli,Maria (Key Person) 1172","Buzzelli,Maria",Key Person,1172,Buzzelli,Maria,buzzelli|m,TRUE,,,,FALSE
K000155886,2023,1170,Soil + Crop Sciences,FALSE,"Wardle,Erik M (Primary PI) 1170","Wardle,Erik M",Primary PI,1170,Wardle,Erik M,wardle|e,TRUE,,,,FALSE
K000155886,2023,1170,Soil + Crop Sciences,FALSE,"Deleon,Emmanuel (Co-PI) 1170","Deleon,Emmanuel",Co-PI,1170,Deleon,Emmanuel,deleon|e,TRUE,,,,FALSE
K000155886,2023,1170,Soil + Crop Sciences,FALSE,"Bauder,Troy A (Co-PI) 3001","Bauder,Troy A",Co-PI,3001,Bauder,Troy A,bauder|t,TRUE,,,,FALSE
K000157536,2023,1173,Horticulture + Landscape Architecture,FALSE,"Uchanski,Mark E (Primary PI) 1173","Uchanski,Mark E",Primary PI,1173,Uchanski,Mark E,uchanski|m,TRUE,,,,FALSE
K000157498,2023,1170,Soil + Crop Sciences,FALSE,"Wilkins,Michael James (Primary PI) 1170","Wilkins,Michael James",Primary PI,1170,Wilkins,Michael James,wilkins|m,TRUE,,,,FALSE
K000157485,2023,1177,Agricultural Biology,FALSE,"Norton,Andrew P (Primary PI) 1177","Norton,Andrew P",Primary PI,1177,Norton,Andrew P,norton|a,TRUE,,,,FALSE
K000157478,2023,1173,Horticulture + Landscape Architecture,FALSE,"Bousselot,Jennifer M (Primary PI) 1173","Bousselot,Jennifer M",Primary PI,1173,Bousselot,Jennifer M,bousselot|j,TRUE,,,,FALSE
K000157478,2023,1173,Horticulture + Landscape Architecture,FALSE,"Chavez,Maria Yvonne (Co-PI) 1173","Chavez,Maria Yvonne",Co-PI,1173,Chavez,Maria Yvonne,chavez|m,TRUE,,,,FALSE
K000157477,2023,1170,Soil + Crop Sciences,FALSE,"Ham,Jay M (Primary PI) 1170","Ham,Jay M",Primary PI,1170,Ham,Jay M,ham|j,TRUE,,,,FALSE
K000157477,2023,1170,Soil + Crop Sciences,FALSE,"Namuth Covert,Deana Michelle (Co-PI) 1170","Namuth Covert,Deana Michelle",Co-PI,1170,Namuth Covert,Deana Michelle,namuth covert|d,TRUE,,,,FALSE
K000157442,2023,1177,Agricultural Biology,FALSE,"Ode,Paul James (Primary PI) 1177","Ode,Paul James",Primary PI,1177,Ode,Paul James,ode|p,TRUE,,,,FALSE
K000157439,2023,1171,Animal Sciences,FALSE,"Stackhouse-Lawson,Kimberly Rose (Primary PI) 1171","Stackhouse-Lawson,Kimberly Rose",Primary PI,1171,Stackhouse-Lawson,Kimberly Rose,stackhouse lawson|k,TRUE,,,,FALSE
K000157439,2023,1171,Animal Sciences,FALSE,"Raynor,Edward James (Co-PI) 1171","Raynor,Edward James",Co-PI,1171,Raynor,Edward James,raynor|e,TRUE,,,,FALSE
K000157439,2023,1171,Animal Sciences,FALSE,"Shadbolt,Anna Margaux (Co-PI) 1171","Shadbolt,Anna Margaux",Co-PI,1171,Shadbolt,Anna Margaux,shadbolt|a,TRUE,,,,FALSE
K000157333,2023,1177,Agricultural Biology,FALSE,"Hufbauer,Ruth A (Primary PI) 1177","Hufbauer,Ruth A",Primary PI,1177,Hufbauer,Ruth A,hufbauer|r,TRUE,,,,FALSE
K000157333,2023,1177,Agricultural Biology,FALSE,"Jardeleza,Marcel Kate Guarin (Key Person) 1878","Jardeleza,Marcel Kate Guarin",Key Person,1878,Jardeleza,Marcel Kate Guarin,jardeleza|m,TRUE,,,,FALSE
K000154945,2023,1177,Agricultural Biology,FALSE,"Blecker,Lisa Ann (Primary PI) 1177","Blecker,Lisa Ann",Primary PI,1177,Blecker,Lisa Ann,blecker|l,TRUE,,,,FALSE
K000157252,2023,1171,Animal Sciences,FALSE,"Fedorka,Carleigh Elizabeth (Primary PI) 1171","Fedorka,Carleigh Elizabeth",Primary PI,1171,Fedorka,Carleigh Elizabeth,fedorka|c,TRUE,,,,FALSE
K000157252,2023,1171,Animal Sciences,FALSE,"Sones,Jennifer L (Co-PI) 1678","Sones,Jennifer L",Co-PI,1678,Sones,Jennifer L,sones|j,TRUE,,,,FALSE
K000157252,2023,1171,Animal Sciences,FALSE,"Bosco-Lauth,Angela M (Key Person) 1680","Bosco-Lauth,Angela M",Key Person,1680,Bosco-Lauth,Angela M,bosco lauth|a,TRUE,,,,FALSE
K000157252,2023,1171,Animal Sciences,FALSE,"Coleman,Stephen John (Key Person) 1171","Coleman,Stephen John",Key Person,1171,Coleman,Stephen John,coleman|s,TRUE,,,,FALSE
K000157411,2023,1177,Agricultural Biology,FALSE,"Dao,Phuong Duc (Primary PI) 1177","Dao,Phuong Duc",Primary PI,1177,Dao,Phuong Duc,dao|p,TRUE,,,,FALSE
K000157411,2023,1177,Agricultural Biology,FALSE,"Roberts,Robyn (Co-PI) 1177","Roberts,Robyn",Co-PI,1177,Roberts,Robyn,roberts|r,TRUE,,,,FALSE
K000157384,2023,1177,Agricultural Biology,FALSE,"Ode,Paul James (Primary PI) 1177","Ode,Paul James",Primary PI,1177,Ode,Paul James,ode|p,TRUE,,,,FALSE
K000157133,2023,1177,Agricultural Biology,FALSE,"Roberts,Robyn (Primary PI) 1177","Roberts,Robyn",Primary PI,1177,Roberts,Robyn,roberts|r,TRUE,,,,FALSE
K000157133,2023,1177,Agricultural Biology,FALSE,"Mason,Richard Esten (Co-PI) 1170","Mason,Richard Esten",Co-PI,1170,Mason,Richard Esten,mason|r,TRUE,,,,FALSE
K000157367,2023,1170,Soil + Crop Sciences,FALSE,"Wardle,Erik M (Primary PI) 1170","Wardle,Erik M",Primary PI,1170,Wardle,Erik M,wardle|e,TRUE,,,,FALSE
K000157367,2023,1170,Soil + Crop Sciences,FALSE,"Essah,Samuel YC (Co-PI) 3043","Essah,Samuel YC",Co-PI,3043,Essah,Samuel YC,essah|s,TRUE,,,,FALSE
K000157367,2023,1170,Soil + Crop Sciences,FALSE,"Jones-Diamond,Sally Marie (Co-PI) 1170","Jones-Diamond,Sally Marie",Co-PI,1170,Jones-Diamond,Sally Marie,jones diamond|s,TRUE,,,,FALSE
K000157367,2023,1170,Soil + Crop Sciences,FALSE,"Bauder,Troy A (Co-PI) 3001","Bauder,Troy A",Co-PI,3001,Bauder,Troy A,bauder|t,TRUE,,,,FALSE
K000157232,2023,1171,Animal Sciences,FALSE,"Edwards-Callaway,Lily Nowell (Primary PI) 1171","Edwards-Callaway,Lily Nowell",Primary PI,1171,Edwards-Callaway,Lily Nowell,edwards callaway|l,TRUE,,,,FALSE
K000157232,2023,1171,Animal Sciences,FALSE,"Engle,Terry E (Co-PI) 1171","Engle,Terry E",Co-PI,1171,Engle,Terry E,engle|t,TRUE,,,,FALSE
K000157232,2023,1171,Animal Sciences,FALSE,"Narayanan Nair,Mahesh (Co-PI) 1171","Narayanan Nair,Mahesh",Co-PI,1171,Narayanan Nair,Mahesh,narayanan nair|m,TRUE,,,,FALSE
K000157233,2023,1171,Animal Sciences,FALSE,"Manriquez Alvarez,Diego Ignacio (Primary PI) 1171","Manriquez Alvarez,Diego Ignacio",Primary PI,1171,Manriquez Alvarez,Diego Ignacio,manriquez alvarez|d,TRUE,,,,FALSE
K000157225,2023,1173,Horticulture + Landscape Architecture,FALSE,"Chitwood-Brown,Jessica (Primary PI) 1173","Chitwood-Brown,Jessica",Primary PI,1173,Chitwood-Brown,Jessica,chitwood brown|j,TRUE,,,,FALSE
K000157225,2023,1173,Horticulture + Landscape Architecture,FALSE,"Rhodes,Davina Hope (Co-PI) 1173","Rhodes,Davina Hope",Co-PI,1173,Rhodes,Davina Hope,rhodes|d,TRUE,,,,FALSE
K000157074,2023,1177,Agricultural Biology,FALSE,"Roberts,Robyn (Primary PI) 1177","Roberts,Robyn",Primary PI,1177,Roberts,Robyn,roberts|r,TRUE,,,,FALSE
K000156682,2023,1177,Agricultural Biology,FALSE,"Leach,Jan E (Primary PI) 1177","Leach,Jan E",Primary PI,1177,Leach,Jan E,leach|j,TRUE,,,,FALSE
K000156682,2023,1177,Agricultural Biology,FALSE,"Trivedi,Pankaj (Co-PI) 1177","Trivedi,Pankaj",Co-PI,1177,Trivedi,Pankaj,trivedi|p,TRUE,,,,FALSE
K000156425,2023,1171,Animal Sciences,FALSE,"Hess,Tanja (Primary PI) 1171","Hess,Tanja",Primary PI,1171,Hess,Tanja,hess|t,TRUE,,,,FALSE
K000156425,2023,1171,Animal Sciences,FALSE,"Grandin,Temple (Co-PI) 1171","Grandin,Temple",Co-PI,1171,Grandin,Temple,grandin|t,TRUE,,,,FALSE
K000156425,2023,1171,Animal Sciences,FALSE,"Peters,Brittany Caitlin (Key Person) 1171","Peters,Brittany Caitlin",Key Person,1171,Peters,Brittany Caitlin,peters|b,TRUE,,,,FALSE
K000154722,2023,1170,Soil + Crop Sciences,FALSE,"Morris,Geoffrey Preston (Primary PI) 1170","Morris,Geoffrey Preston",Primary PI,1170,Morris,Geoffrey Preston,morris|g,TRUE,,,,FALSE
K000154722,2023,1170,Soil + Crop Sciences,FALSE,"Rhodes,Davina Hope (Co-PI) 1173","Rhodes,Davina Hope",Co-PI,1173,Rhodes,Davina Hope,rhodes|d,TRUE,,,,FALSE
K000154722,2023,1170,Soil + Crop Sciences,FALSE,"Khakhar,Arjun (Co-PI) 1878","Khakhar,Arjun",Co-PI,1878,Khakhar,Arjun,khakhar|a,TRUE,,,,FALSE
K000154722,2023,1170,Soil + Crop Sciences,FALSE,"McKay,John K (Co-PI) 1177","McKay,John K",Co-PI,1177,McKay,John K,mckay|j,TRUE,,,,FALSE
K000157292,2023,1170,Soil + Crop Sciences,FALSE,"Morris,Geoffrey Preston (Primary PI) 1170","Morris,Geoffrey Preston",Primary PI,1170,Morris,Geoffrey Preston,morris|g,TRUE,,,,FALSE
K000157229,2023,1173,Horticulture + Landscape Architecture,FALSE,"Burcham,Daniel C (Primary PI) 1173","Burcham,Daniel C",Primary PI,1173,Burcham,Daniel C,burcham|d,TRUE,,,,FALSE
K000157359,2023,1177,Agricultural Biology,FALSE,"Argueso,Cristiana (Primary PI) 1177","Argueso,Cristiana",Primary PI,1177,Argueso,Cristiana,argueso|c,TRUE,,,,FALSE
K000156976,2023,1170,Soil + Crop Sciences,FALSE,"Kremen,Amy E (Primary PI) 1170","Kremen,Amy E",Primary PI,1170,Kremen,Amy E,kremen|a,TRUE,,,,FALSE
K000156976,2023,1170,Soil + Crop Sciences,FALSE,"Martin,Timothy (Co-PI) 1170","Martin,Timothy",Co-PI,1170,Martin,Timothy,martin|t,TRUE,,,,FALSE
K000156690,2023,1170,Soil + Crop Sciences,FALSE,"Stanley,Paige Lauren (Primary PI) 1170","Stanley,Paige Lauren",Primary PI,1170,Stanley,Paige Lauren,stanley|p,TRUE,,,,FALSE
K000156690,2023,1170,Soil + Crop Sciences,FALSE,"Wrighton,Kelly Catherine (Co-PI) 1170","Wrighton,Kelly Catherine",Co-PI,1170,Wrighton,Kelly Catherine,wrighton|k,TRUE,,,,FALSE
K000156690,2023,1170,Soil + Crop Sciences,FALSE,"Archibeque,Shawn (Co-PI) 1171","Archibeque,Shawn",Co-PI,1171,Archibeque,Shawn,archibeque|s,TRUE,,,,FALSE
K000156690,2023,1170,Soil + Crop Sciences,FALSE,"Machmuller,Megan B (Co-PI) 1170","Machmuller,Megan B",Co-PI,1170,Machmuller,Megan B,machmuller|m,TRUE,,,,FALSE
K000156690,2023,1170,Soil + Crop Sciences,FALSE,"Cotrufo,Maria Francesca (Co-PI) 1170","Cotrufo,Maria Francesca",Co-PI,1170,Cotrufo,Maria Francesca,cotrufo|m,TRUE,,,,FALSE
K000156927,2023,1171,Animal Sciences,FALSE,"Carvalho,Pedro Henrique (Primary PI) 1171","Carvalho,Pedro Henrique",Primary PI,1171,Carvalho,Pedro Henrique,carvalho|p,TRUE,,,,FALSE
K000156927,2023,1171,Animal Sciences,FALSE,"Stackhouse-Lawson,Kimberly Rose (Co-PI) 1171","Stackhouse-Lawson,Kimberly Rose",Co-PI,1171,Stackhouse-Lawson,Kimberly Rose,stackhouse lawson|k,TRUE,,,,FALSE
K000156927,2023,1171,Animal Sciences,FALSE,"Thoma,Gregory (Co-PI) 3001","Thoma,Gregory",Co-PI,3001,Thoma,Gregory,thoma|g,TRUE,,,,FALSE
K000156927,2023,1171,Animal Sciences,FALSE,"Manriquez Alvarez,Diego Ignacio (Co-PI) 1171","Manriquez Alvarez,Diego Ignacio",Co-PI,1171,Manriquez Alvarez,Diego Ignacio,manriquez alvarez|d,TRUE,,,,FALSE
K000156927,2023,1171,Animal Sciences,FALSE,"Place,Sara (Co-PI) 1171","Place,Sara",Co-PI,1171,Place,Sara,place|s,TRUE,,,,FALSE
K000156687,2023,1170,Soil + Crop Sciences,FALSE,"Wilkins,Michael James (Primary PI) 1170","Wilkins,Michael James",Primary PI,1170,Wilkins,Michael James,wilkins|m,TRUE,,,,FALSE
K000156687,2023,1170,Soil + Crop Sciences,FALSE,"Willige,Bjorn Christopher (Co-PI) 1170","Willige,Bjorn Christopher",Co-PI,1170,Willige,Bjorn Christopher,willige|b,TRUE,,,,FALSE
K000157217,2023,1170,Soil + Crop Sciences,FALSE,"Pires,Joseph Chris (Primary PI) 1170","Pires,Joseph Chris",Primary PI,1170,Pires,Joseph Chris,pires|j,TRUE,,,,FALSE
K000157124,2023,1171,Animal Sciences,FALSE,"Edwards-Callaway,Lily Nowell (Primary PI) 1171","Edwards-Callaway,Lily Nowell",Primary PI,1171,Edwards-Callaway,Lily Nowell,edwards callaway|l,TRUE,,,,FALSE
K000157251,2023,1171,Animal Sciences,FALSE,"Manriquez Alvarez,Diego Ignacio (Primary PI) 1171","Manriquez Alvarez,Diego Ignacio",Primary PI,1171,Manriquez Alvarez,Diego Ignacio,manriquez alvarez|d,TRUE,,,,FALSE
K000157271,2023,1173,Horticulture + Landscape Architecture,FALSE,"Heuberger,Adam L (Primary PI) 1173","Heuberger,Adam L",Primary PI,1173,Heuberger,Adam L,heuberger|a,TRUE,,,,FALSE
K000157006,2023,1177,Agricultural Biology,FALSE,"Tembrock,Luke R (Primary PI) 1177","Tembrock,Luke R",Primary PI,1177,Tembrock,Luke R,tembrock|l,TRUE,,,,FALSE
K000157081,2023,1177,Agricultural Biology,FALSE,"Nachappa,Punya (Primary PI) 1177","Nachappa,Punya",Primary PI,1177,Nachappa,Punya,nachappa|p,TRUE,,,,FALSE
K000157081,2023,1177,Agricultural Biology,FALSE,"MacWilliams,Jacob Robert (Co-PI) 1177","MacWilliams,Jacob Robert",Co-PI,1177,MacWilliams,Jacob Robert,macwilliams|j,TRUE,,,,FALSE
K000156943,2023,1173,Horticulture + Landscape Architecture,FALSE,"Bagheri Toulabi,Sahar (Primary PI) 1173","Bagheri Toulabi,Sahar",Primary PI,1173,Bagheri Toulabi,Sahar,bagheri toulabi|s,TRUE,,,,FALSE
K000156943,2023,1173,Horticulture + Landscape Architecture,FALSE,"Weir,Tiffany L (Key Person) 1571","Weir,Tiffany L",Key Person,1571,Weir,Tiffany L,weir|t,TRUE,,,,FALSE
K000156943,2023,1173,Horticulture + Landscape Architecture,FALSE,"Prenni,Jessica E (Key Person) 1173","Prenni,Jessica E",Key Person,1173,Prenni,Jessica E,prenni|j,TRUE,,,,FALSE
K000156943,2023,1173,Horticulture + Landscape Architecture,FALSE,"Thompson,Henry J (Key Person) 1173","Thompson,Henry J",Key Person,1173,Thompson,Henry J,thompson|h,TRUE,,,,FALSE
K000156978,2023,1177,Agricultural Biology,FALSE,"Eubanks,Micky (Primary PI) 1177","Eubanks,Micky",Primary PI,1177,Eubanks,Micky,eubanks|m,TRUE,,,,FALSE
K000156978,2023,1177,Agricultural Biology,FALSE,"Schreiner,Melissa Ann (Co-PI) 4030","Schreiner,Melissa Ann",Co-PI,4030,Schreiner,Melissa Ann,schreiner|m,TRUE,,,,FALSE
K000157095,2023,1177,Agricultural Biology,FALSE,"Nalam,Vamsi (Primary PI) 1177","Nalam,Vamsi",Primary PI,1177,Nalam,Vamsi,nalam|v,TRUE,,,,FALSE
K000157095,2023,1177,Agricultural Biology,FALSE,"Han,Jinlong (Co-PI) 1177","Han,Jinlong",Co-PI,1177,Han,Jinlong,han|j,TRUE,,,,FALSE
K000155874,2023,1177,Agricultural Biology,FALSE,"Stewart,Jane E (Primary PI) 1177","Stewart,Jane E",Primary PI,1177,Stewart,Jane E,stewart|j,TRUE,,,,FALSE
K000157099,2023,1170,Soil + Crop Sciences,FALSE,"Bauder,Troy A (Primary PI) 3001","Bauder,Troy A",Primary PI,3001,Bauder,Troy A,bauder|t,TRUE,,,,FALSE
K000156792,2023,1173,Horticulture + Landscape Architecture,FALSE,"Minas,Ioannis (Primary PI) 1173","Minas,Ioannis",Primary PI,1173,Minas,Ioannis,minas|i,TRUE,,,,FALSE
K000156792,2023,1173,Horticulture + Landscape Architecture,FALSE,"Koslovsky,Matthew David (Co-PI) 1877","Koslovsky,Matthew David",Co-PI,1877,Koslovsky,Matthew David,koslovsky|m,TRUE,,,,FALSE
K000156792,2023,1173,Horticulture + Landscape Architecture,FALSE,"Prenni,Jessica E (Co-PI) 1173","Prenni,Jessica E",Co-PI,1173,Prenni,Jessica E,prenni|j,TRUE,,,,FALSE
K000156791,2023,1170,Soil + Crop Sciences,FALSE,"Fonte,Steven John (Primary PI) 1170","Fonte,Steven John",Primary PI,1170,Fonte,Steven John,fonte|s,TRUE,,,,FALSE
K000156791,2023,1170,Soil + Crop Sciences,FALSE,"Ross,Matthew Richard Voss (Co-PI) 1476","Ross,Matthew Richard Voss",Co-PI,1476,Ross,Matthew Richard Voss,ross|m,TRUE,,,,FALSE
K000156791,2023,1170,Soil + Crop Sciences,FALSE,"Wall,Diana H (Co-PI) 1036","Wall,Diana H",Co-PI,1036,Wall,Diana H,wall|d,TRUE,,,,FALSE
K000156791,2023,1170,Soil + Crop Sciences,FALSE,"Wrighton,Kelly Catherine (Co-PI) 1170","Wrighton,Kelly Catherine",Co-PI,1170,Wrighton,Kelly Catherine,wrighton|k,TRUE,,,,FALSE
K000156761,2023,1170,Soil + Crop Sciences,FALSE,"Prairie,Aaron Michael (Primary PI) 1170","Prairie,Aaron Michael",Primary PI,1170,Prairie,Aaron Michael,prairie|a,TRUE,,,,FALSE
K000156761,2023,1170,Soil + Crop Sciences,FALSE,"Wrighton,Kelly Catherine (Key Person) 1170","Wrighton,Kelly Catherine",Key Person,1170,Wrighton,Kelly Catherine,wrighton|k,TRUE,,,,FALSE
K000156761,2023,1170,Soil + Crop Sciences,FALSE,"Fonte,Steven John (Key Person) 1170","Fonte,Steven John",Key Person,1170,Fonte,Steven John,fonte|s,TRUE,,,,FALSE
K000157056,2023,1170,Soil + Crop Sciences,FALSE,"Schipanski,Meagan Erin (Primary PI) 1170","Schipanski,Meagan Erin",Primary PI,1170,Schipanski,Meagan Erin,schipanski|m,TRUE,,,,FALSE
K000156850,2023,1173,Horticulture + Landscape Architecture,FALSE,"Bousselot,Jennifer M (Primary PI) 1173","Bousselot,Jennifer M",Primary PI,1173,Bousselot,Jennifer M,bousselot|j,TRUE,,,,FALSE
K000157015,2023,1170,Soil + Crop Sciences,FALSE,"Blecker,Steven (Primary PI) 3001","Blecker,Steven",Primary PI,3001,Blecker,Steven,blecker|s,TRUE,,,,FALSE
K000156752,2023,1171,Animal Sciences,FALSE,"Cadaret,Caitlin (Primary PI) 1171","Cadaret,Caitlin",Primary PI,1171,Cadaret,Caitlin,cadaret|c,TRUE,,,,FALSE
K000156752,2023,1171,Animal Sciences,FALSE,"Coleman,Stephen John (Co-PI) 1171","Coleman,Stephen John",Co-PI,1171,Coleman,Stephen John,coleman|s,TRUE,,,,FALSE
K000156833,2023,1171,Animal Sciences,FALSE,"Martin,Jennifer Nicole (Primary PI) 1171","Martin,Jennifer Nicole",Primary PI,1171,Martin,Jennifer Nicole,martin|j,TRUE,,,,FALSE
K000156684,2023,1170,Soil + Crop Sciences,FALSE,"Wilkins,Michael James (Primary PI) 1170","Wilkins,Michael James",Primary PI,1170,Wilkins,Michael James,wilkins|m,TRUE,,,,FALSE
K000156614,2023,1172,Agricultural + Resource Economics,TRUE,"Suter,Jordan (Primary PI) 1172","Suter,Jordan",Primary PI,1172,Suter,Jordan,suter|j,TRUE,Suter,Jordan,ENRE,TRUE
K000156614,2023,1172,Agricultural + Resource Economics,TRUE,"DeLay,Nathan D (Key Person) 1172","DeLay,Nathan D",Key Person,1172,DeLay,Nathan D,delay|n,TRUE,DeLay,Nathan,Ag and Food,TRUE
K000156614,2023,1172,Agricultural + Resource Economics,TRUE,"Mooney,Daniel F (Key Person) 1172","Mooney,Daniel F",Key Person,1172,Mooney,Daniel F,mooney|d,TRUE,Mooney,Daniel,Ag and Food,TRUE
K000156597,2023,1177,Agricultural Biology,FALSE,"Dayan,Franck E (Primary PI) 1177","Dayan,Franck E",Primary PI,1177,Dayan,Franck E,dayan|f,TRUE,,,,FALSE
K000156578,2023,1171,Animal Sciences,FALSE,"Manriquez Alvarez,Diego Ignacio (Primary PI) 1171","Manriquez Alvarez,Diego Ignacio",Primary PI,1171,Manriquez Alvarez,Diego Ignacio,manriquez alvarez|d,TRUE,,,,FALSE
K000156578,2023,1171,Animal Sciences,FALSE,"Raabis,Sarah Marie (Co-PI) 1678","Raabis,Sarah Marie",Co-PI,1678,Raabis,Sarah Marie,raabis|s,TRUE,,,,FALSE
K000156578,2023,1171,Animal Sciences,FALSE,"Pinedo,Pablo J (Co-PI) 1171","Pinedo,Pablo J",Co-PI,1171,Pinedo,Pablo J,pinedo|p,TRUE,,,,FALSE
K000156578,2023,1171,Animal Sciences,FALSE,"Cramer,Mary Caitlin (Co-PI) 1171","Cramer,Mary Caitlin",Co-PI,1171,Cramer,Mary Caitlin,cramer|m,TRUE,,,,FALSE
K000156578,2023,1171,Animal Sciences,FALSE,"Carvalho,Pedro Henrique (Co-PI) 1171","Carvalho,Pedro Henrique",Co-PI,1171,Carvalho,Pedro Henrique,carvalho|p,TRUE,,,,FALSE
K000156288,2023,1171,Animal Sciences,FALSE,"Cramer,Mary Caitlin (Primary PI) 1171","Cramer,Mary Caitlin",Primary PI,1171,Cramer,Mary Caitlin,cramer|m,TRUE,,,,FALSE
K000156288,2023,1171,Animal Sciences,FALSE,"Keller,Kayleigh (Co-PI) 1877","Keller,Kayleigh",Co-PI,1877,Keller,Kayleigh,keller|k,TRUE,,,,FALSE
K000156288,2023,1171,Animal Sciences,FALSE,"Edwards-Callaway,Lily Nowell (Co-PI) 1171","Edwards-Callaway,Lily Nowell",Co-PI,1171,Edwards-Callaway,Lily Nowell,edwards callaway|l,TRUE,,,,FALSE
K000156288,2023,1171,Animal Sciences,FALSE,"Roman-Muniz,Ivette Noami (Co-PI) 1171","Roman-Muniz,Ivette Noami",Co-PI,1171,Roman-Muniz,Ivette Noami,roman muniz|i,TRUE,,,,FALSE
K000156804,2023,1173,Horticulture + Landscape Architecture,FALSE,"Goetz,Bradley C (Primary PI) 1173","Goetz,Bradley C",Primary PI,1173,Goetz,Bradley C,goetz|b,TRUE,,,,FALSE
K000156804,2023,1173,Horticulture + Landscape Architecture,FALSE,"Curl,Kelly Anne (Co-PI) 1173","Curl,Kelly Anne",Co-PI,1173,Curl,Kelly Anne,curl|k,TRUE,,,,FALSE
K000156633,2023,1177,Agricultural Biology,FALSE,"Szczepaniec,Adrianna (Primary PI) 1177","Szczepaniec,Adrianna",Primary PI,1177,Szczepaniec,Adrianna,szczepaniec|a,TRUE,,,,FALSE
K000156774,2023,1170,Soil + Crop Sciences,FALSE,"Schipanski,Meagan Erin (Primary PI) 1170","Schipanski,Meagan Erin",Primary PI,1170,Schipanski,Meagan Erin,schipanski|m,TRUE,,,,FALSE
K000156774,2023,1170,Soil + Crop Sciences,FALSE,"Schneekloth,Joel (Co-PI) 1033","Schneekloth,Joel",Co-PI,1033,Schneekloth,Joel,schneekloth|j,TRUE,,,,FALSE
K000156774,2023,1170,Soil + Crop Sciences,FALSE,"Prenni,Jessica E (Co-PI) 1173","Prenni,Jessica E",Co-PI,1173,Prenni,Jessica E,prenni|j,TRUE,,,,FALSE
K000156774,2023,1170,Soil + Crop Sciences,FALSE,"Wrighton,Kelly Catherine (Co-PI) 1170","Wrighton,Kelly Catherine",Co-PI,1170,Wrighton,Kelly Catherine,wrighton|k,TRUE,,,,FALSE
K000156774,2023,1170,Soil + Crop Sciences,FALSE,"Avera,Bethany (Co-PI) 1170","Avera,Bethany",Co-PI,1170,Avera,Bethany,avera|b,TRUE,,,,FALSE
K000155449,2023,1170,Soil + Crop Sciences,FALSE,"Brown,Ansley Joseph (Primary PI) 1170","Brown,Ansley Joseph",Primary PI,1170,Brown,Ansley Joseph,brown|a,TRUE,,,,FALSE
K000155449,2023,1170,Soil + Crop Sciences,FALSE,"Welch,Christina N (Co-PI) 1170","Welch,Christina N",Co-PI,1170,Welch,Christina N,welch|c,TRUE,,,,FALSE
K000155449,2023,1170,Soil + Crop Sciences,FALSE,"Wardle,Erik M (Co-PI) 1170","Wardle,Erik M",Co-PI,1170,Wardle,Erik M,wardle|e,TRUE,,,,FALSE
K000155449,2023,1170,Soil + Crop Sciences,FALSE,"Deleon,Emmanuel (Co-PI) 1170","Deleon,Emmanuel",Co-PI,1170,Deleon,Emmanuel,deleon|e,TRUE,,,,FALSE
K000155738,2023,1177,Agricultural Biology,FALSE,"Stewart,Jane E (Primary PI) 1177","Stewart,Jane E",Primary PI,1177,Stewart,Jane E,stewart|j,TRUE,,,,FALSE
K000155747,2023,1177,Agricultural Biology,FALSE,"Stewart,Jane E (Primary PI) 1177","Stewart,Jane E",Primary PI,1177,Stewart,Jane E,stewart|j,TRUE,,,,FALSE
K000156554,2023,1177,Agricultural Biology,FALSE,"Stewart,Jane E (Primary PI) 1177","Stewart,Jane E",Primary PI,1177,Stewart,Jane E,stewart|j,TRUE,,,,FALSE
K000156534,2023,1172,Agricultural + Resource Economics,TRUE,"Woerman,Matthew Augustine (Primary PI) 1172","Woerman,Matthew Augustine",Primary PI,1172,Woerman,Matthew Augustine,woerman|m,TRUE,Woerman,Matt,ENRE,TRUE
K000156522,2023,1173,Horticulture + Landscape Architecture,FALSE,"Thompson,Henry J (Primary PI) 1173","Thompson,Henry J",Primary PI,1173,Thompson,Henry J,thompson|h,TRUE,,,,FALSE
K000156065,2023,1177,Agricultural Biology,FALSE,"Stewart,Jane E (Primary PI) 1177","Stewart,Jane E",Primary PI,1177,Stewart,Jane E,stewart|j,TRUE,,,,FALSE
K000156712,2023,1177,Agricultural Biology,FALSE,"Fulladolsa Palma,Ana Cristina (Primary PI) 1177","Fulladolsa Palma,Ana Cristina",Primary PI,1177,Fulladolsa Palma,Ana Cristina,fulladolsa palma|a,TRUE,,,,FALSE
K000156712,2023,1177,Agricultural Biology,FALSE,"Charkowski,Amy Olymbia (Key Person) 1177","Charkowski,Amy Olymbia",Key Person,1177,Charkowski,Amy Olymbia,charkowski|a,TRUE,,,,FALSE
K000156802,2023,1173,Horticulture + Landscape Architecture,FALSE,"Miller,Chad (Primary PI) 1173","Miller,Chad",Primary PI,1173,Miller,Chad,miller|c,TRUE,,,,FALSE
K000155340,2023,1172,Agricultural + Resource Economics,TRUE,"Bauman,Allison Gunter (Primary PI) 1172","Bauman,Allison Gunter",Primary PI,1172,Bauman,Allison Gunter,bauman|a,TRUE,,,,FALSE
K000155340,2023,1172,Agricultural + Resource Economics,TRUE,"Jablonski,Rebecca BR (Co-PI) 1172","Jablonski,Rebecca BR",Co-PI,1172,Jablonski,Rebecca BR,jablonski|b,TRUE,Jablonski,Becca,Ag and Food,TRUE
K000156644,2023,1170,Soil + Crop Sciences,FALSE,"Mason,Richard Esten (Primary PI) 1170","Mason,Richard Esten",Primary PI,1170,Mason,Richard Esten,mason|r,TRUE,,,,FALSE
K000156645,2023,1170,Soil + Crop Sciences,FALSE,"Mason,Richard Esten (Primary PI) 1170","Mason,Richard Esten",Primary PI,1170,Mason,Richard Esten,mason|r,TRUE,,,,FALSE
K000156646,2023,1177,Agricultural Biology,FALSE,"Nachappa,Punya (Primary PI) 1177","Nachappa,Punya",Primary PI,1177,Nachappa,Punya,nachappa|p,TRUE,,,,FALSE
K000156553,2023,1177,Agricultural Biology,FALSE,"Stewart,Jane E (Primary PI) 1177","Stewart,Jane E",Primary PI,1177,Stewart,Jane E,stewart|j,TRUE,,,,FALSE
K000156104,2023,1171,Animal Sciences,FALSE,"Edwards-Callaway,Lily Nowell (Primary PI) 1171","Edwards-Callaway,Lily Nowell",Primary PI,1171,Edwards-Callaway,Lily Nowell,edwards callaway|l,TRUE,,,,FALSE
K000156104,2023,1171,Animal Sciences,FALSE,"Engle,Terry E (Co-PI) 1171","Engle,Terry E",Co-PI,1171,Engle,Terry E,engle|t,TRUE,,,,FALSE
K000156555,2023,1177,Agricultural Biology,FALSE,"Nachappa,Punya (Primary PI) 1177","Nachappa,Punya",Primary PI,1177,Nachappa,Punya,nachappa|p,TRUE,,,,FALSE
K000156555,2023,1177,Agricultural Biology,FALSE,"Mason,Richard Esten (Co-PI) 1170","Mason,Richard Esten",Co-PI,1170,Mason,Richard Esten,mason|r,TRUE,,,,FALSE
K000156760,2023,1173,Horticulture + Landscape Architecture,FALSE,"Heuberger,Adam L (Primary PI) 1173","Heuberger,Adam L",Primary PI,1173,Heuberger,Adam L,heuberger|a,TRUE,,,,FALSE
K000156760,2023,1173,Horticulture + Landscape Architecture,FALSE,"Broeckling,Corey D (Co-PI) 2019","Broeckling,Corey D",Co-PI,2019,Broeckling,Corey D,broeckling|c,TRUE,,,,FALSE
K000156517,2023,1173,Horticulture + Landscape Architecture,FALSE,"Thompson,Henry J (Primary PI) 1173","Thompson,Henry J",Primary PI,1173,Thompson,Henry J,thompson|h,TRUE,,,,FALSE
K000156517,2023,1173,Horticulture + Landscape Architecture,FALSE,"Weir,Tiffany L (Co-PI) 1571","Weir,Tiffany L",Co-PI,1571,Weir,Tiffany L,weir|t,TRUE,,,,FALSE
K000156745,2023,1177,Agricultural Biology,FALSE,"Nachappa,Punya (Primary PI) 1177","Nachappa,Punya",Primary PI,1177,Nachappa,Punya,nachappa|p,TRUE,,,,FALSE
K000156658,2023,1177,Agricultural Biology,FALSE,"Dayan,Franck E (Primary PI) 1177","Dayan,Franck E",Primary PI,1177,Dayan,Franck E,dayan|f,TRUE,,,,FALSE
K000156658,2023,1177,Agricultural Biology,FALSE,"Gaines,Todd A (Co-PI) 1177","Gaines,Todd A",Co-PI,1177,Gaines,Todd A,gaines|t,TRUE,,,,FALSE
K000156650,2023,1170,Soil + Crop Sciences,FALSE,"Pottorff,Laura Pickett (Primary PI) 1170","Pottorff,Laura Pickett",Primary PI,1170,Pottorff,Laura Pickett,pottorff|l,TRUE,,,,FALSE
K000156649,2023,1177,Agricultural Biology,FALSE,"Dayan,Franck E (Primary PI) 1177","Dayan,Franck E",Primary PI,1177,Dayan,Franck E,dayan|f,TRUE,,,,FALSE
K000156648,2023,1177,Agricultural Biology,FALSE,"Gaines,Todd A (Primary PI) 1177","Gaines,Todd A",Primary PI,1177,Gaines,Todd A,gaines|t,TRUE,,,,FALSE
K000156647,2023,1177,Agricultural Biology,FALSE,"Roberts,Robyn (Primary PI) 1177","Roberts,Robyn",Primary PI,1177,Roberts,Robyn,roberts|r,TRUE,,,,FALSE
K000156212,2023,1173,Horticulture + Landscape Architecture,FALSE,"Chitwood-Brown,Jessica (Primary PI) 1173","Chitwood-Brown,Jessica",Primary PI,1173,Chitwood-Brown,Jessica,chitwood brown|j,TRUE,,,,FALSE
K000156212,2023,1173,Horticulture + Landscape Architecture,FALSE,"Gray,Caroline Porter (Co-PI) 3043","Gray,Caroline Porter",Co-PI,3043,Gray,Caroline Porter,gray|c,TRUE,,,,FALSE
K000156651,2023,1170,Soil + Crop Sciences,FALSE,"Jones-Diamond,Sally Marie (Primary PI) 1170","Jones-Diamond,Sally Marie",Primary PI,1170,Jones-Diamond,Sally Marie,jones diamond|s,TRUE,,,,FALSE
K000155748,2023,1177,Agricultural Biology,FALSE,"Stewart,Jane E (Primary PI) 1177","Stewart,Jane E",Primary PI,1177,Stewart,Jane E,stewart|j,TRUE,,,,FALSE
K000156220,2023,1173,Horticulture + Landscape Architecture,FALSE,"Heuberger,Adam L (Primary PI) 1173","Heuberger,Adam L",Primary PI,1173,Heuberger,Adam L,heuberger|a,TRUE,,,,FALSE
K000156220,2023,1173,Horticulture + Landscape Architecture,FALSE,"Chitwood-Brown,Jessica (Co-PI) 1173","Chitwood-Brown,Jessica",Co-PI,1173,Chitwood-Brown,Jessica,chitwood brown|j,TRUE,,,,FALSE
K000156370,2023,1171,Animal Sciences,FALSE,"Narayanan Nair,Mahesh (Primary PI) 1171","Narayanan Nair,Mahesh",Primary PI,1171,Narayanan Nair,Mahesh,narayanan nair|m,TRUE,,,,FALSE
K000156638,2023,1170,Soil + Crop Sciences,FALSE,"Pires,Joseph Chris (Primary PI) 1170","Pires,Joseph Chris",Primary PI,1170,Pires,Joseph Chris,pires|j,TRUE,,,,FALSE
K000156638,2023,1170,Soil + Crop Sciences,FALSE,"Byrne,Patrick F (Co-PI) 1170","Byrne,Patrick F",Co-PI,1170,Byrne,Patrick F,byrne|p,TRUE,,,,FALSE
K000156652,2023,1171,Animal Sciences,FALSE,"Engle,Terry E (Primary PI) 1171","Engle,Terry E",Primary PI,1171,Engle,Terry E,engle|t,TRUE,,,,FALSE
K000156640,2023,1171,Animal Sciences,FALSE,"Engle,Terry E (Primary PI) 1171","Engle,Terry E",Primary PI,1171,Engle,Terry E,engle|t,TRUE,,,,FALSE
K000156562,2023,1177,Agricultural Biology,FALSE,"Ode,Paul James (Primary PI) 1177","Ode,Paul James",Primary PI,1177,Ode,Paul James,ode|p,TRUE,,,,FALSE
K000156562,2023,1177,Agricultural Biology,FALSE,"Ghosh,Enakshi (Co-PI) 1177","Ghosh,Enakshi",Co-PI,1177,Ghosh,Enakshi,ghosh|e,TRUE,,,,FALSE
K000156524,2023,1177,Agricultural Biology,FALSE,"Borowiec,Marek L (Primary PI) 1177","Borowiec,Marek L",Primary PI,1177,Borowiec,Marek L,borowiec|m,TRUE,,,,FALSE
K000156068,2023,1171,Animal Sciences,FALSE,"Place,Sara (Primary PI) 1171","Place,Sara",Primary PI,1171,Place,Sara,place|s,TRUE,,,,FALSE
K000156068,2023,1171,Animal Sciences,FALSE,"DeLay,Nathan D (Co-PI) 1172","DeLay,Nathan D",Co-PI,1172,DeLay,Nathan D,delay|n,TRUE,DeLay,Nathan,Ag and Food,TRUE
K000156068,2023,1171,Animal Sciences,FALSE,"Ritten,John Patrick (Co-PI) 1172","Ritten,John Patrick",Co-PI,1172,Ritten,John Patrick,ritten|j,TRUE,Ritten,John,Ag and Food,TRUE
K000156068,2023,1171,Animal Sciences,FALSE,"Raynor,Edward James (Co-PI) 1171","Raynor,Edward James",Co-PI,1171,Raynor,Edward James,raynor|e,TRUE,,,,FALSE
K000156068,2023,1171,Animal Sciences,FALSE,"Speidel,Scott E (Co-PI) 1171","Speidel,Scott E",Co-PI,1171,Speidel,Scott E,speidel|s,TRUE,,,,FALSE
K000156068,2023,1171,Animal Sciences,FALSE,"Enns,Richard Mark (Co-PI) 1171","Enns,Richard Mark",Co-PI,1171,Enns,Richard Mark,enns|r,TRUE,,,,FALSE
K000156068,2023,1171,Animal Sciences,FALSE,"Stackhouse-Lawson,Kimberly Rose (Co",,,,,,,FALSE,,,,FALSE
K000156506,2023,1170,Soil + Crop Sciences,FALSE,"Raymundo Carhuapoma,Rubi Maribel (Primary PI) 1170","Raymundo Carhuapoma,Rubi Maribel",Primary PI,1170,Raymundo Carhuapoma,Rubi Maribel,raymundo carhuapoma|r,TRUE,,,,FALSE
K000156506,2023,1170,Soil + Crop Sciences,FALSE,"Morris,Geoffrey Preston (Co-PI) 1170","Morris,Geoffrey Preston",Co-PI,1170,Morris,Geoffrey Preston,morris|g,TRUE,,,,FALSE
K000156506,2023,1170,Soil + Crop Sciences,FALSE,"Mason,Richard Esten (Co-PI) 1170","Mason,Richard Esten",Co-PI,1170,Mason,Richard Esten,mason|r,TRUE,,,,FALSE
K000156435,2023,1177,Agricultural Biology,FALSE,"Trivedi,Pankaj (Primary PI) 1177","Trivedi,Pankaj",Primary PI,1177,Trivedi,Pankaj,trivedi|p,TRUE,,,,FALSE
K000155589,2023,1172,Agricultural + Resource Economics,TRUE,"Mooney,Daniel F (Primary PI) 1172","Mooney,Daniel F",Primary PI,1172,Mooney,Daniel F,mooney|d,TRUE,Mooney,Daniel,Ag and Food,TRUE
K000155589,2023,1172,Agricultural + Resource Economics,TRUE,"Chavez,Jose L (Co-PI) 1372","Chavez,Jose L",Co-PI,1372,Chavez,Jose L,chavez|j,TRUE,,,,FALSE
K000155589,2023,1172,Agricultural + Resource Economics,TRUE,"Hoag,Dana Loyd Keske (Co-PI) 1172","Hoag,Dana Loyd Keske",Co-PI,1172,Hoag,Dana Loyd Keske,hoag|d,TRUE,Hoag,Dana,ENRE,TRUE
K000155589,2023,1172,Agricultural + Resource Economics,TRUE,"Cabot,Perry Edmund (Co-PI) 1033","Cabot,Perry Edmund",Co-PI,1033,Cabot,Perry Edmund,cabot|p,TRUE,,,,FALSE
K000156596,2023,1173,Horticulture + Landscape Architecture,FALSE,"Bousselot,Jennifer M (Primary PI) 1173","Bousselot,Jennifer M",Primary PI,1173,Bousselot,Jennifer M,bousselot|j,TRUE,,,,FALSE
K000156390,2023,1171,Animal Sciences,FALSE,"Scanga,John A (Primary PI) 1171","Scanga,John A",Primary PI,1171,Scanga,John A,scanga|j,TRUE,,,,FALSE
K000156390,2023,1171,Animal Sciences,FALSE,"Delmore,Robert J (Key Person) 1171","Delmore,Robert J",Key Person,1171,Delmore,Robert J,delmore|r,TRUE,,,,FALSE
K000156390,2023,1171,Animal Sciences,FALSE,"Narayanan Nair,Mahesh (Key Person) 1171","Narayanan Nair,Mahesh",Key Person,1171,Narayanan Nair,Mahesh,narayanan nair|m,TRUE,,,,FALSE
K000156390,2023,1171,Animal Sciences,FALSE,"Belk,Keith (Key Person) 1171","Belk,Keith",Key Person,1171,Belk,Keith,belk|k,TRUE,,,,FALSE
K000156222,2023,1171,Animal Sciences,FALSE,"Narayanan Nair,Mahesh (Primary PI) 1171","Narayanan Nair,Mahesh",Primary PI,1171,Narayanan Nair,Mahesh,narayanan nair|m,TRUE,,,,FALSE
K000156222,2023,1171,Animal Sciences,FALSE,"Metcalf,Jessica Lynne (Key Person) 1171","Metcalf,Jessica Lynne",Key Person,1171,Metcalf,Jessica Lynne,metcalf|j,TRUE,,,,FALSE
K000156222,2023,1171,Animal Sciences,FALSE,"Nishimura,Erin Asayo (Key Person) 1870","Nishimura,Erin Asayo",Key Person,1870,Nishimura,Erin Asayo,nishimura|e,TRUE,,,,FALSE
K000156222,2023,1171,Animal Sciences,FALSE,"Delmore,Robert J (Key Person) 1171","Delmore,Robert J",Key Person,1171,Delmore,Robert J,delmore|r,TRUE,,,,FALSE
K000156222,2023,1171,Animal Sciences,FALSE,"Belk,Keith (Key Person) 1171","Belk,Keith",Key Person,1171,Belk,Keith,belk|k,TRUE,,,,FALSE
K000156222,2023,1171,Animal Sciences,FALSE,"Scanga,John A (Key Person) 1171","Scanga,John A",Key Person,1171,Scanga,John A,scanga|j,TRUE,,,,FALSE
K000156222,2023,1171,Animal Sciences,FALSE,Ge,,,,,,,FALSE,,,,FALSE
K000156549,2023,1173,Horticulture + Landscape Architecture,FALSE,"Burcham,Daniel C (Primary PI) 1173","Burcham,Daniel C",Primary PI,1173,Burcham,Daniel C,burcham|d,TRUE,,,,FALSE
K000156616,2023,1173,Horticulture + Landscape Architecture,FALSE,"Bauerle,William L (Primary PI) 1173","Bauerle,William L",Primary PI,1173,Bauerle,William L,bauerle|w,TRUE,,,,FALSE
K000156290,2023,1170,Soil + Crop Sciences,FALSE,"Zelikova,Tamara J (Primary PI) 1170","Zelikova,Tamara J",Primary PI,1170,Zelikova,Tamara J,zelikova|t,TRUE,,,,FALSE
K000155983,2023,1171,Animal Sciences,FALSE,"Engle,Terry E (Primary PI) 1171","Engle,Terry E",Primary PI,1171,Engle,Terry E,engle|t,TRUE,,,,FALSE
K000156601,2023,1170,Soil + Crop Sciences,FALSE,"Paustian,Keith H (Primary PI) 1170","Paustian,Keith H",Primary PI,1170,Paustian,Keith H,paustian|k,TRUE,,,,FALSE
K000155727,2023,1173,Horticulture + Landscape Architecture,FALSE,"Chitwood-Brown,Jessica (Primary PI) 1173","Chitwood-Brown,Jessica",Primary PI,1173,Chitwood-Brown,Jessica,chitwood brown|j,TRUE,,,,FALSE
K000155727,2023,1173,Horticulture + Landscape Architecture,FALSE,"Chikh-Ali,Mohamad (Co-PI) 3043","Chikh-Ali,Mohamad",Co-PI,3043,Chikh-Ali,Mohamad,chikh ali|m,TRUE,,,,FALSE
K000156424,2023,1170,Soil + Crop Sciences,FALSE,"Martin,Timothy (Primary PI) 1170","Martin,Timothy",Primary PI,1170,Martin,Timothy,martin|t,TRUE,,,,FALSE
K000156424,2023,1170,Soil + Crop Sciences,FALSE,"Kremen,Amy E (Co-PI) 1170","Kremen,Amy E",Co-PI,1170,Kremen,Amy E,kremen|a,TRUE,,,,FALSE
K000156252,2023,1171,Animal Sciences,FALSE,"Manriquez Alvarez,Diego Ignacio (Primary PI) 1171","Manriquez Alvarez,Diego Ignacio",Primary PI,1171,Manriquez Alvarez,Diego Ignacio,manriquez alvarez|d,TRUE,,,,FALSE
K000156356,2023,1170,Soil + Crop Sciences,FALSE,"Pottorff,Laura Pickett (Primary PI) 1170","Pottorff,Laura Pickett",Primary PI,1170,Pottorff,Laura Pickett,pottorff|l,TRUE,,,,FALSE
K000156508,2023,1170,Soil + Crop Sciences,FALSE,"Melzer,Susan E (Primary PI) 1170","Melzer,Susan E",Primary PI,1170,Melzer,Susan E,melzer|s,TRUE,,,,FALSE
K000156392,2023,1172,Agricultural + Resource Economics,TRUE,"Ritten,John Patrick (Primary PI) 1172","Ritten,John Patrick",Primary PI,1172,Ritten,John Patrick,ritten|j,TRUE,Ritten,John,Ag and Food,TRUE
K000156392,2023,1172,Agricultural + Resource Economics,TRUE,"Shadbolt,Anna Margaux (Key Person) 1171","Shadbolt,Anna Margaux",Key Person,1171,Shadbolt,Anna Margaux,shadbolt|a,TRUE,,,,FALSE
K000156392,2023,1172,Agricultural + Resource Economics,TRUE,"Carvalho,Pedro Henrique (Key Person) 1171","Carvalho,Pedro Henrique",Key Person,1171,Carvalho,Pedro Henrique,carvalho|p,TRUE,,,,FALSE
K000156392,2023,1172,Agricultural + Resource Economics,TRUE,"Stackhouse-Lawson,Kimberly Rose (Key Person) 1171","Stackhouse-Lawson,Kimberly Rose",Key Person,1171,Stackhouse-Lawson,Kimberly Rose,stackhouse lawson|k,TRUE,,,,FALSE
K000156391,2023,1172,Agricultural + Resource Economics,TRUE,"Ritten,John Patrick (Primary PI) 1172","Ritten,John Patrick",Primary PI,1172,Ritten,John Patrick,ritten|j,TRUE,Ritten,John,Ag and Food,TRUE
K000156391,2023,1172,Agricultural + Resource Economics,TRUE,"Stackhouse-Lawson,Kimberly Rose (Key Person) 1171","Stackhouse-Lawson,Kimberly Rose",Key Person,1171,Stackhouse-Lawson,Kimberly Rose,stackhouse lawson|k,TRUE,,,,FALSE
K000156369,2023,1177,Agricultural Biology,FALSE,"Fulladolsa Palma,Ana Cristina (Primary PI) 1177","Fulladolsa Palma,Ana Cristina",Primary PI,1177,Fulladolsa Palma,Ana Cristina,fulladolsa palma|a,TRUE,,,,FALSE
K000155736,2023,1170,Soil + Crop Sciences,FALSE,"Schipanski,Meagan Erin (Primary PI) 1170","Schipanski,Meagan Erin",Primary PI,1170,Schipanski,Meagan Erin,schipanski|m,TRUE,,,,FALSE
K000156192,2023,1173,Horticulture + Landscape Architecture,FALSE,"Chitwood-Brown,Jessica (Primary PI) 1173","Chitwood-Brown,Jessica",Primary PI,1173,Chitwood-Brown,Jessica,chitwood brown|j,TRUE,,,,FALSE
K000156075,2023,1173,Horticulture + Landscape Architecture,FALSE,"Uchanski,Mark E (Primary PI) 1173","Uchanski,Mark E",Primary PI,1173,Uchanski,Mark E,uchanski|m,TRUE,,,,FALSE
K000155735,2023,1177,Agricultural Biology,FALSE,"Stewart,Jane E (Primary PI) 1177","Stewart,Jane E",Primary PI,1177,Stewart,Jane E,stewart|j,TRUE,,,,FALSE
K000156193,2023,1173,Horticulture + Landscape Architecture,FALSE,"Chitwood-Brown,Jessica (Primary PI) 1173","Chitwood-Brown,Jessica",Primary PI,1173,Chitwood-Brown,Jessica,chitwood brown|j,TRUE,,,,FALSE
K000156194,2023,1173,Horticulture + Landscape Architecture,FALSE,"Chitwood-Brown,Jessica (Primary PI) 1173","Chitwood-Brown,Jessica",Primary PI,1173,Chitwood-Brown,Jessica,chitwood brown|j,TRUE,,,,FALSE
K000156366,2023,1170,Soil + Crop Sciences,FALSE,"Trujillo,Wilma (Primary PI) 1170","Trujillo,Wilma",Primary PI,1170,Trujillo,Wilma,trujillo|w,TRUE,,,,FALSE
K000156210,2023,1173,Horticulture + Landscape Architecture,FALSE,"Chitwood-Brown,Jessica (Primary PI) 1173","Chitwood-Brown,Jessica",Primary PI,1173,Chitwood-Brown,Jessica,chitwood brown|j,TRUE,,,,FALSE
K000156307,2023,1171,Animal Sciences,FALSE,"Narayanan Nair,Mahesh (Primary PI) 1171","Narayanan Nair,Mahesh",Primary PI,1171,Narayanan Nair,Mahesh,narayanan nair|m,TRUE,,,,FALSE
K000156307,2023,1171,Animal Sciences,FALSE,"Geornaras,Ifigenia (Co-PI) 1171","Geornaras,Ifigenia",Co-PI,1171,Geornaras,Ifigenia,geornaras|i,TRUE,,,,FALSE
K000155981,2023,1170,Soil + Crop Sciences,FALSE,"Schipanski,Meagan Erin (Primary PI) 1170","Schipanski,Meagan Erin",Primary PI,1170,Schipanski,Meagan Erin,schipanski|m,TRUE,,,,FALSE
K000155981,2023,1170,Soil + Crop Sciences,FALSE,"Donovan,Tyler Caleb (Co-PI) 1170","Donovan,Tyler Caleb",Co-PI,1170,Donovan,Tyler Caleb,donovan|t,TRUE,,,,FALSE
K000155981,2023,1170,Soil + Crop Sciences,FALSE,"Schneekloth,Joel (Key Person) 1033","Schneekloth,Joel",Key Person,1033,Schneekloth,Joel,schneekloth|j,TRUE,,,,FALSE
K000155981,2023,1170,Soil + Crop Sciences,FALSE,"Cotrufo,Maria Francesca (Key Person) 1170","Cotrufo,Maria Francesca",Key Person,1170,Cotrufo,Maria Francesca,cotrufo|m,TRUE,,,,FALSE
K000156361,2023,1173,Horticulture + Landscape Architecture,FALSE,"Prenni,Jessica E (Primary PI) 1173","Prenni,Jessica E",Primary PI,1173,Prenni,Jessica E,prenni|j,TRUE,,,,FALSE
K000155891,2023,1170,Soil + Crop Sciences,FALSE,"Wardle,Erik M (Primary PI) 1170","Wardle,Erik M",Primary PI,1170,Wardle,Erik M,wardle|e,TRUE,,,,FALSE
K000155891,2023,1170,Soil + Crop Sciences,FALSE,"Deleon,Emmanuel (Co-PI) 1170","Deleon,Emmanuel",Co-PI,1170,Deleon,Emmanuel,deleon|e,TRUE,,,,FALSE
K000155891,2023,1170,Soil + Crop Sciences,FALSE,"Bauder,Troy A (Co-PI) 3001","Bauder,Troy A",Co-PI,3001,Bauder,Troy A,bauder|t,TRUE,,,,FALSE
K000152489,2023,1172,Agricultural + Resource Economics,TRUE,"Jablonski,Rebecca BR (Primary PI) 1172","Jablonski,Rebecca BR",Primary PI,1172,Jablonski,Rebecca BR,jablonski|b,TRUE,Jablonski,Becca,Ag and Food,TRUE
K000156282,2023,1171,Animal Sciences,FALSE,"Enns,Richard Mark (Primary PI) 1171","Enns,Richard Mark",Primary PI,1171,Enns,Richard Mark,enns|r,TRUE,,,,FALSE
K000156159,2023,1170,Soil + Crop Sciences,FALSE,"Borton,Mikayla Ann (Primary PI) 1170","Borton,Mikayla Ann",Primary PI,1170,Borton,Mikayla Ann,borton|m,TRUE,,,,FALSE
K000155884,2023,1177,Agricultural Biology,FALSE,"Nalam,Vamsi (Primary PI) 1177","Nalam,Vamsi",Primary PI,1177,Nalam,Vamsi,nalam|v,TRUE,,,,FALSE
K000155884,2023,1177,Agricultural Biology,FALSE,"Charkowski,Amy Olymbia (Co-PI) 1177","Charkowski,Amy Olymbia",Co-PI,1177,Charkowski,Amy Olymbia,charkowski|a,TRUE,,,,FALSE
K000155884,2023,1177,Agricultural Biology,FALSE,"Houser,Andrew J (Co-PI) 3043","Houser,Andrew J",Co-PI,3043,Houser,Andrew J,houser|a,TRUE,,,,FALSE
K000155884,2023,1177,Agricultural Biology,FALSE,"Fulladolsa Palma,Ana Cristina (Co-PI) 1177","Fulladolsa Palma,Ana Cristina",Co-PI,1177,Fulladolsa Palma,Ana Cristina,fulladolsa palma|a,TRUE,,,,FALSE
K000155884,2023,1177,Agricultural Biology,FALSE,"Chikh-Ali,Mohamad (Co-PI) 3043","Chikh-Ali,Mohamad",Co-PI,3043,Chikh-Ali,Mohamad,chikh ali|m,TRUE,,,,FALSE
K000155878,2023,1177,Agricultural Biology,FALSE,"Stewart,Jane E (Primary PI) 1177","Stewart,Jane E",Primary PI,1177,Stewart,Jane E,stewart|j,TRUE,,,,FALSE
K000156207,2023,1170,Soil + Crop Sciences,FALSE,"Borch,Thomas (Primary PI) 1170","Borch,Thomas",Primary PI,1170,Borch,Thomas,borch|t,TRUE,,,,FALSE
K000156207,2023,1170,Soil + Crop Sciences,FALSE,"Mokris,Denali Joy (Key Person) 1872","Mokris,Denali Joy",Key Person,1872,Mokris,Denali Joy,mokris|d,TRUE,,,,FALSE
K000156158,2023,1173,Horticulture + Landscape Architecture,FALSE,"Bousselot,Jennifer M (Primary PI) 1173","Bousselot,Jennifer M",Primary PI,1173,Bousselot,Jennifer M,bousselot|j,TRUE,,,,FALSE
K000156158,2023,1173,Horticulture + Landscape Architecture,FALSE,"Linfield,Allisa (Co-PI) 4010","Linfield,Allisa",Co-PI,4010,Linfield,Allisa,linfield|a,TRUE,,,,FALSE
K000156100,2023,1170,Soil + Crop Sciences,FALSE,"Pottorff,Laura Pickett (Primary PI) 1170","Pottorff,Laura Pickett",Primary PI,1170,Pottorff,Laura Pickett,pottorff|l,TRUE,,,,FALSE
K000156100,2023,1170,Soil + Crop Sciences,FALSE,"Crowl,Randall Lee (Co-PI) 1170","Crowl,Randall Lee",Co-PI,1170,Crowl,Randall Lee,crowl|r,TRUE,,,,FALSE
K000156018,2023,1172,Agricultural + Resource Economics,TRUE,"Suter,Jordan (Primary PI) 1172","Suter,Jordan",Primary PI,1172,Suter,Jordan,suter|j,TRUE,Suter,Jordan,ENRE,TRUE
K000156018,2023,1172,Agricultural + Resource Economics,TRUE,"Goemans,Christopher G (Co-PI) 1172","Goemans,Christopher G",Co-PI,1172,Goemans,Christopher G,goemans|c,TRUE,Goemans,Chris,ENRE,TRUE
K000156018,2023,1172,Agricultural + Resource Economics,TRUE,"Manning,Dale Thomas (Co-PI) 1172","Manning,Dale Thomas",Co-PI,1172,Manning,Dale Thomas,manning|d,TRUE,Manning,Dale,ENRE,TRUE
K000156018,2023,1172,Agricultural + Resource Economics,TRUE,"Bayham,Jude (Co-PI) 1172","Bayham,Jude",Co-PI,1172,Bayham,Jude,bayham|j,TRUE,Bayham,Jude,ENRE,TRUE
K000155893,2023,1171,Animal Sciences,FALSE,"Dillon,Jasmine Ashley (Primary PI) 1171","Dillon,Jasmine Ashley",Primary PI,1171,Dillon,Jasmine Ashley,dillon|j,TRUE,,,,FALSE
K000155046,2023,1172,Agricultural + Resource Economics,TRUE,"Suter,Jordan (Primary PI) 1172","Suter,Jordan",Primary PI,1172,Suter,Jordan,suter|j,TRUE,Suter,Jordan,ENRE,TRUE
K000155854,2023,1177,Agricultural Biology,FALSE,"Stewart,Jane E (Primary PI) 1177","Stewart,Jane E",Primary PI,1177,Stewart,Jane E,stewart|j,TRUE,,,,FALSE
K000155995,2023,1177,Agricultural Biology,FALSE,"Trivedi,Pankaj (Primary PI) 1177","Trivedi,Pankaj",Primary PI,1177,Trivedi,Pankaj,trivedi|p,TRUE,,,,FALSE
K000155995,2023,1177,Agricultural Biology,FALSE,"Leach,Jan E (Co-PI) 1177","Leach,Jan E",Co-PI,1177,Leach,Jan E,leach|j,TRUE,,,,FALSE
K000155904,2023,1177,Agricultural Biology,FALSE,"Nachappa,Punya (Primary PI) 1177","Nachappa,Punya",Primary PI,1177,Nachappa,Punya,nachappa|p,TRUE,,,,FALSE
K000155904,2023,1177,Agricultural Biology,FALSE,"Nalam,Vamsi (Co-PI) 1177","Nalam,Vamsi",Co-PI,1177,Nalam,Vamsi,nalam|v,TRUE,,,,FALSE
K000155892,2023,1170,Soil + Crop Sciences,FALSE,"Jones-Diamond,Sally Marie (Primary PI) 1170","Jones-Diamond,Sally Marie",Primary PI,1170,Jones-Diamond,Sally Marie,jones diamond|s,TRUE,,,,FALSE
K000155887,2023,1172,Agricultural + Resource Economics,TRUE,"Thilmany,Dawn D (Primary PI) 1172","Thilmany,Dawn D",Primary PI,1172,Thilmany,Dawn D,thilmany|d,TRUE,Thilmany,Dawn,Ag and Food,TRUE
K000155820,2023,1177,Agricultural Biology,FALSE,"Stewart,Jane E (Primary PI) 1177","Stewart,Jane E",Primary PI,1177,Stewart,Jane E,stewart|j,TRUE,,,,FALSE
K000155820,2023,1177,Agricultural Biology,FALSE,"Schipanski,Meagan Erin (Co-PI) 1170","Schipanski,Meagan Erin",Co-PI,1170,Schipanski,Meagan Erin,schipanski|m,TRUE,,,,FALSE
K000155717,2023,1173,Horticulture + Landscape Architecture,FALSE,"Vivanco,Jorge M (Primary PI) 1173","Vivanco,Jorge M",Primary PI,1173,Vivanco,Jorge M,vivanco|j,TRUE,,,,FALSE
K000155717,2023,1173,Horticulture + Landscape Architecture,FALSE,"Davis,Jessica G (Co-PI) 3001","Davis,Jessica G",Co-PI,3001,Davis,Jessica G,davis|j,TRUE,,,,FALSE
K000155717,2023,1173,Horticulture + Landscape Architecture,FALSE,"Afkairin,Antisar SM Omar (Co-PI) 1173","Afkairin,Antisar SM Omar",Co-PI,1173,Afkairin,Antisar SM Omar,afkairin|a,TRUE,,,,FALSE
K000155691,2023,1173,Horticulture + Landscape Architecture,FALSE,"Chitwood-Brown,Jessica (Primary PI) 1173","Chitwood-Brown,Jessica",Primary PI,1173,Chitwood-Brown,Jessica,chitwood brown|j,TRUE,,,,FALSE
K000155691,2023,1173,Horticulture + Landscape Architecture,FALSE,"Holm,David G (Co-PI) 3043","Holm,David G",Co-PI,3043,Holm,David G,holm|d,TRUE,,,,FALSE
K000155691,2023,1173,Horticulture + Landscape Architecture,FALSE,"Essah,Samuel YC (Co-PI) 3043","Essah,Samuel YC",Co-PI,3043,Essah,Samuel YC,essah|s,TRUE,,,,FALSE
K000155691,2023,1173,Horticulture + Landscape Architecture,FALSE,"Chikh-Ali,Mohamad (Co-PI) 3043","Chikh-Ali,Mohamad",Co-PI,3043,Chikh-Ali,Mohamad,chikh ali|m,TRUE,,,,FALSE
K000155691,2023,1173,Horticulture + Landscape Architecture,FALSE,"Jayanty,Sastry SSGM (Co-PI) 1173","Jayanty,Sastry SSGM",Co-PI,1173,Jayanty,Sastry SSGM,jayanty|s,TRUE,,,,FALSE
K000155517,2023,1177,Agricultural Biology,FALSE,"Dayan,Franck E (Primary PI) 1177","Dayan,Franck E",Primary PI,1177,Dayan,Franck E,dayan|f,TRUE,,,,FALSE
K000156044,2023,1172,Agricultural + Resource Economics,TRUE,"Burkhardt,Jesse Brodie (Primary PI) 1172","Burkhardt,Jesse Brodie",Primary PI,1172,Burkhardt,Jesse Brodie,burkhardt|j,TRUE,Burkhardt,Jesse,ENRE,TRUE
K000155811,2023,1170,Soil + Crop Sciences,FALSE,"Jones-Diamond,Sally Marie (Primary PI) 1170","Jones-Diamond,Sally Marie",Primary PI,1170,Jones-Diamond,Sally Marie,jones diamond|s,TRUE,,,,FALSE
K000155811,2023,1170,Soil + Crop Sciences,FALSE,"Fonte,Steven John (Co-PI) 1170","Fonte,Steven John",Co-PI,1170,Fonte,Steven John,fonte|s,TRUE,,,,FALSE
K000155331,2023,1170,Soil + Crop Sciences,FALSE,"Conway,Kerri Wright Platais (Primary PI) 0001","Conway,Kerri Wright Platais",Primary PI,0001,Conway,Kerri Wright Platais,conway|k,TRUE,,,,FALSE
K000155331,2023,1170,Soil + Crop Sciences,FALSE,"Weller,Lauren Jean (Co-PI) 0004","Weller,Lauren Jean",Co-PI,0004,Weller,Lauren Jean,weller|l,TRUE,,,,FALSE
K000155331,2023,1170,Soil + Crop Sciences,FALSE,"Popara,Rebecca (Co-PI) 0004","Popara,Rebecca",Co-PI,0004,Popara,Rebecca,popara|r,TRUE,,,,FALSE
K000155984,2023,1177,Agricultural Biology,FALSE,"Gaines,Todd A (Primary PI) 1177","Gaines,Todd A",Primary PI,1177,Gaines,Todd A,gaines|t,TRUE,,,,FALSE
K000155170,2023,1173,Horticulture + Landscape Architecture,FALSE,"Minas,Ioannis (Primary PI) 1173","Minas,Ioannis",Primary PI,1173,Minas,Ioannis,minas|i,TRUE,,,,FALSE
K000155829,2023,1177,Agricultural Biology,FALSE,"Nachappa,Punya (Primary PI) 1177","Nachappa,Punya",Primary PI,1177,Nachappa,Punya,nachappa|p,TRUE,,,,FALSE
K000155789,2023,1171,Animal Sciences,FALSE,"Bigler,Elizabeth Jaed (Primary PI) 1171","Bigler,Elizabeth Jaed",Primary PI,1171,Bigler,Elizabeth Jaed,bigler|e,TRUE,,,,FALSE
K000155789,2023,1171,Animal Sciences,FALSE,"Edwards-Callaway,Lily Nowell (Key Person) 1171","Edwards-Callaway,Lily Nowell",Key Person,1171,Edwards-Callaway,Lily Nowell,edwards callaway|l,TRUE,,,,FALSE
K000155789,2023,1171,Animal Sciences,FALSE,"Ahola,Jason Kee (Key Person) 1171","Ahola,Jason Kee",Key Person,1171,Ahola,Jason Kee,ahola|j,TRUE,,,,FALSE
K000155426,2023,1171,Animal Sciences,FALSE,"Carvalho,Pedro Henrique (Primary PI) 1171","Carvalho,Pedro Henrique",Primary PI,1171,Carvalho,Pedro Henrique,carvalho|p,TRUE,,,,FALSE
K000154978,2023,1173,Horticulture + Landscape Architecture,FALSE,"Afkairin,Antisar SM Omar (Primary PI) 1173","Afkairin,Antisar SM Omar",Primary PI,1173,Afkairin,Antisar SM Omar,afkairin|a,TRUE,,,,FALSE
K000154978,2023,1173,Horticulture + Landscape Architecture,FALSE,"Davis,Jessica G (Co-PI) 3001","Davis,Jessica G",Co-PI,3001,Davis,Jessica G,davis|j,TRUE,,,,FALSE
K000154978,2023,1173,Horticulture + Landscape Architecture,FALSE,"Vivanco,Jorge M (Co-PI) 1173","Vivanco,Jorge M",Co-PI,1173,Vivanco,Jorge M,vivanco|j,TRUE,,,,FALSE
K000155385,2023,1173,Horticulture + Landscape Architecture,FALSE,"Uchanski,Mark E (Primary PI) 1173","Uchanski,Mark E",Primary PI,1173,Uchanski,Mark E,uchanski|m,TRUE,,,,FALSE
K000155385,2023,1173,Horticulture + Landscape Architecture,FALSE,"Prenni,Jessica E (Co-PI) 1173","Prenni,Jessica E",Co-PI,1173,Prenni,Jessica E,prenni|j,TRUE,,,,FALSE
K000155385,2023,1173,Horticulture + Landscape Architecture,FALSE,"Salyer,Makenzie Katherine (Co-PI) 1173","Salyer,Makenzie Katherine",Co-PI,1173,Salyer,Makenzie Katherine,salyer|m,TRUE,,,,FALSE
K000156050,2023,1177,Agricultural Biology,FALSE,"Dayan,Franck E (Primary PI) 1177","Dayan,Franck E",Primary PI,1177,Dayan,Franck E,dayan|f,TRUE,,,,FALSE
K000156050,2023,1177,Agricultural Biology,FALSE,"Gaines,Todd A (Co-PI) 1177","Gaines,Todd A",Co-PI,1177,Gaines,Todd A,gaines|t,TRUE,,,,FALSE
K000155704,2023,1171,Animal Sciences,FALSE,"Cramer,Mary Caitlin (Primary PI) 1171","Cramer,Mary Caitlin",Primary PI,1171,Cramer,Mary Caitlin,cramer|m,TRUE,,,,FALSE
K000155704,2023,1171,Animal Sciences,FALSE,"Keller,Kayleigh (Co-PI) 1877","Keller,Kayleigh",Co-PI,1877,Keller,Kayleigh,keller|k,TRUE,,,,FALSE
K000155704,2023,1171,Animal Sciences,FALSE,"Stallones,Lorann (Co-PI) 1876","Stallones,Lorann",Co-PI,1876,Stallones,Lorann,stallones|l,TRUE,,,,FALSE
K000155704,2023,1171,Animal Sciences,FALSE,"Roman-Muniz,Ivette Noami (Co-PI) 1171","Roman-Muniz,Ivette Noami",Co-PI,1171,Roman-Muniz,Ivette Noami,roman muniz|i,TRUE,,,,FALSE
K000155704,2023,1171,Animal Sciences,FALSE,"Edwards-Callaway,Lily Nowell (Co-PI) 1171","Edwards-Callaway,Lily Nowell",Co-PI,1171,Edwards-Callaway,Lily Nowell,edwards callaway|l,TRUE,,,,FALSE
K000155848,2023,1172,Agricultural + Resource Economics,TRUE,"Mooney,Daniel F (Primary PI) 1172","Mooney,Daniel F",Primary PI,1172,Mooney,Daniel F,mooney|d,TRUE,Mooney,Daniel,Ag and Food,TRUE
K000155848,2023,1172,Agricultural + Resource Economics,TRUE,"Thilmany,Dawn D (Co-PI) 1172","Thilmany,Dawn D",Co-PI,1172,Thilmany,Dawn D,thilmany|d,TRUE,Thilmany,Dawn,Ag and Food,TRUE
K000155088,2023,1172,Agricultural + Resource Economics,TRUE,"Jablonski,Rebecca BR (Primary PI) 1172","Jablonski,Rebecca BR",Primary PI,1172,Jablonski,Rebecca BR,jablonski|b,TRUE,Jablonski,Becca,Ag and Food,TRUE
K000155731,2023,1172,Agricultural + Resource Economics,TRUE,"Jablonski,Rebecca BR (Primary PI) 1172","Jablonski,Rebecca BR",Primary PI,1172,Jablonski,Rebecca BR,jablonski|b,TRUE,Jablonski,Becca,Ag and Food,TRUE
K000155731,2023,1172,Agricultural + Resource Economics,TRUE,"Christensen,Elizabeth O'Sullivan (Co-PI) 4044","Christensen,Elizabeth O'Sullivan",Co-PI,4044,Christensen,Elizabeth O'Sullivan,christensen|e,TRUE,,,,FALSE
K000155939,2023,1172,Agricultural + Resource Economics,TRUE,"Suter,Jordan (Primary PI) 1172","Suter,Jordan",Primary PI,1172,Suter,Jordan,suter|j,TRUE,Suter,Jordan,ENRE,TRUE
K000155305,2023,1172,Agricultural + Resource Economics,TRUE,"Bayham,Jude (Primary PI) 1172","Bayham,Jude",Primary PI,1172,Bayham,Jude,bayham|j,TRUE,Bayham,Jude,ENRE,TRUE
K000155847,2023,1172,Agricultural + Resource Economics,TRUE,"Baxter,Aryn (Primary PI) 1172","Baxter,Aryn",Primary PI,1172,Baxter,Aryn,baxter|a,TRUE,,,,FALSE
K000155728,2023,1177,Agricultural Biology,FALSE,"Nachappa,Punya (Primary PI) 1177","Nachappa,Punya",Primary PI,1177,Nachappa,Punya,nachappa|p,TRUE,,,,FALSE
K000155777,2023,1173,Horticulture + Landscape Architecture,FALSE,"Vivanco,Jorge M (Primary PI) 1173","Vivanco,Jorge M",Primary PI,1173,Vivanco,Jorge M,vivanco|j,TRUE,,,,FALSE
K000155608,2023,1173,Horticulture + Landscape Architecture,FALSE,"Thompson,Henry J (Primary PI) 1173","Thompson,Henry J",Primary PI,1173,Thompson,Henry J,thompson|h,TRUE,,,,FALSE
K000155559,2023,1177,Agricultural Biology,FALSE,"Nachappa,Punya (Primary PI) 1177","Nachappa,Punya",Primary PI,1177,Nachappa,Punya,nachappa|p,TRUE,,,,FALSE
K000155182,2023,1177,Agricultural Biology,FALSE,"Szczepaniec,Adrianna (Primary PI) 1177","Szczepaniec,Adrianna",Primary PI,1177,Szczepaniec,Adrianna,szczepaniec|a,TRUE,,,,FALSE
K000155182,2023,1177,Agricultural Biology,FALSE,"Nachappa,Punya (Co-PI) 1177","Nachappa,Punya",Co-PI,1177,Nachappa,Punya,nachappa|p,TRUE,,,,FALSE
K000155818,2023,1171,Animal Sciences,FALSE,"Stackhouse-Lawson,Kimberly Rose (Primary PI) 1171","Stackhouse-Lawson,Kimberly Rose",Primary PI,1171,Stackhouse-Lawson,Kimberly Rose,stackhouse lawson|k,TRUE,,,,FALSE
K000155818,2023,1171,Animal Sciences,FALSE,"Raynor,Edward James (Co-PI) 1171","Raynor,Edward James",Co-PI,1171,Raynor,Edward James,raynor|e,TRUE,,,,FALSE
K000155818,2023,1171,Animal Sciences,FALSE,"Carvalho,Pedro Henrique (Co-PI) 1171","Carvalho,Pedro Henrique",Co-PI,1171,Carvalho,Pedro Henrique,carvalho|p,TRUE,,,,FALSE
K000155818,2023,1171,Animal Sciences,FALSE,"Place,Sara (Co-PI) 1171","Place,Sara",Co-PI,1171,Place,Sara,place|s,TRUE,,,,FALSE
K000155813,2023,1177,Agricultural Biology,FALSE,"Dao,Phuong Duc (Primary PI) 1177","Dao,Phuong Duc",Primary PI,1177,Dao,Phuong Duc,dao|p,TRUE,,,,FALSE
K000155813,2023,1177,Agricultural Biology,FALSE,"Mason,Richard Esten (Co-PI) 1170","Mason,Richard Esten",Co-PI,1170,Mason,Richard Esten,mason|r,TRUE,,,,FALSE
K000155812,2023,1177,Agricultural Biology,FALSE,"McKay,John K (Primary PI) 1177","McKay,John K",Primary PI,1177,McKay,John K,mckay|j,TRUE,,,,FALSE
K000155419,2023,1171,Animal Sciences,FALSE,"Martin,Jennifer Nicole (Primary PI) 1171","Martin,Jennifer Nicole",Primary PI,1171,Martin,Jennifer Nicole,martin|j,TRUE,,,,FALSE
K000155419,2023,1171,Animal Sciences,FALSE,"Fidler,Deborah (Co-PI) 1570","Fidler,Deborah",Co-PI,1570,Fidler,Deborah,fidler|d,TRUE,,,,FALSE
K000155609,2023,1173,Horticulture + Landscape Architecture,FALSE,"Thompson,Henry J (Primary PI) 1173","Thompson,Henry J",Primary PI,1173,Thompson,Henry J,thompson|h,TRUE,,,,FALSE
K000155389,2023,1177,Agricultural Biology,FALSE,"Nalam,Vamsi (Primary PI) 1177","Nalam,Vamsi",Primary PI,1177,Nalam,Vamsi,nalam|v,TRUE,,,,FALSE
K000155205,2023,1177,Agricultural Biology,FALSE,"Fulladolsa Palma,Ana Cristina (Primary PI) 1177","Fulladolsa Palma,Ana Cristina",Primary PI,1177,Fulladolsa Palma,Ana Cristina,fulladolsa palma|a,TRUE,,,,FALSE
K000155080,2023,1173,Horticulture + Landscape Architecture,FALSE,"Bousselot,Jennifer M (Primary PI) 1173","Bousselot,Jennifer M",Primary PI,1173,Bousselot,Jennifer M,bousselot|j,TRUE,,,,FALSE
K000155791,2023,1173,Horticulture + Landscape Architecture,FALSE,"Thompson,Henry J (Primary PI) 1173","Thompson,Henry J",Primary PI,1173,Thompson,Henry J,thompson|h,TRUE,,,,FALSE
K000155656,2023,1173,Horticulture + Landscape Architecture,FALSE,"Bauerle,William L (Primary PI) 1173","Bauerle,William L",Primary PI,1173,Bauerle,William L,bauerle|w,TRUE,,,,FALSE
K000155655,2023,1173,Horticulture + Landscape Architecture,FALSE,"Prenni,Jessica E (Primary PI) 1173","Prenni,Jessica E",Primary PI,1173,Prenni,Jessica E,prenni|j,TRUE,,,,FALSE
K000155655,2023,1173,Horticulture + Landscape Architecture,FALSE,"Weir,Tiffany L (Co-PI) 1571","Weir,Tiffany L",Co-PI,1571,Weir,Tiffany L,weir|t,TRUE,,,,FALSE
K000155639,2023,1173,Horticulture + Landscape Architecture,FALSE,"Thompson,Henry J (Primary PI) 1173","Thompson,Henry J",Primary PI,1173,Thompson,Henry J,thompson|h,TRUE,,,,FALSE
K000155332,2023,1177,Agricultural Biology,FALSE,"Borowiec,Marek L (Primary PI) 1177","Borowiec,Marek L",Primary PI,1177,Borowiec,Marek L,borowiec|m,TRUE,,,,FALSE
K000155676,2023,1170,Soil + Crop Sciences,FALSE,"Borch,Thomas (Primary PI) 1170","Borch,Thomas",Primary PI,1170,Borch,Thomas,borch|t,TRUE,,,,FALSE
K000155674,2023,1177,Agricultural Biology,FALSE,"Tembrock,Luke R (Primary PI) 1177","Tembrock,Luke R",Primary PI,1177,Tembrock,Luke R,tembrock|l,TRUE,,,,FALSE
K000155599,2023,1171,Animal Sciences,FALSE,"Narayanan Nair,Mahesh (Primary PI) 1171","Narayanan Nair,Mahesh",Primary PI,1171,Narayanan Nair,Mahesh,narayanan nair|m,TRUE,,,,FALSE
K000155599,2023,1171,Animal Sciences,FALSE,"Engle,Terry E (Co-PI) 1171","Engle,Terry E",Co-PI,1171,Engle,Terry E,engle|t,TRUE,,,,FALSE
K000155599,2023,1171,Animal Sciences,FALSE,"Martin,Jennifer Nicole (Co-PI) 1171","Martin,Jennifer Nicole",Co-PI,1171,Martin,Jennifer Nicole,martin|j,TRUE,,,,FALSE
K000155599,2023,1171,Animal Sciences,FALSE,"Edwards-Callaway,Lily Nowell (Co-PI) 1171","Edwards-Callaway,Lily Nowell",Co-PI,1171,Edwards-Callaway,Lily Nowell,edwards callaway|l,TRUE,,,,FALSE
K000155599,2023,1171,Animal Sciences,FALSE,"Stackhouse-Lawson,Kimberly Rose (Co-PI) 1171","Stackhouse-Lawson,Kimberly Rose",Co-PI,1171,Stackhouse-Lawson,Kimberly Rose,stackhouse lawson|k,TRUE,,,,FALSE
K000155384,2023,1172,Agricultural + Resource Economics,TRUE,"Baxter,Aryn (Primary PI) 1172","Baxter,Aryn",Primary PI,1172,Baxter,Aryn,baxter|a,TRUE,,,,FALSE
K000155384,2023,1172,Agricultural + Resource Economics,TRUE,"Bradeen,James Mathew (Co-PI) 0100","Bradeen,James Mathew",Co-PI,0100,Bradeen,James Mathew,bradeen|j,TRUE,,,,FALSE
K000155384,2023,1172,Agricultural + Resource Economics,TRUE,"Conway,Kerri Wright Platais (Key Person) 0001","Conway,Kerri Wright Platais",Key Person,0001,Conway,Kerri Wright Platais,conway|k,TRUE,,,,FALSE
K000155554,2023,1171,Animal Sciences,FALSE,"Pinedo,Pablo J (Primary PI) 1171","Pinedo,Pablo J",Primary PI,1171,Pinedo,Pablo J,pinedo|p,TRUE,,,,FALSE
K000155591,2023,1173,Horticulture + Landscape Architecture,FALSE,"Uchanski,Mark E (Primary PI) 1173","Uchanski,Mark E",Primary PI,1173,Uchanski,Mark E,uchanski|m,TRUE,,,,FALSE
K000155531,2023,1173,Horticulture + Landscape Architecture,FALSE,"Miller,Chad (Primary PI) 1173","Miller,Chad",Primary PI,1173,Miller,Chad,miller|c,TRUE,,,,FALSE
K000155308,2023,1170,Soil + Crop Sciences,FALSE,"Borch,Thomas (Primary PI) 1170","Borch,Thomas",Primary PI,1170,Borch,Thomas,borch|t,TRUE,,,,FALSE
K000155308,2023,1170,Soil + Crop Sciences,FALSE,"Conrad,Steven Allen (Co-PI) 1377","Conrad,Steven Allen",Co-PI,1377,Conrad,Steven Allen,conrad|s,TRUE,,,,FALSE
K000155308,2023,1170,Soil + Crop Sciences,FALSE,"Bradley,Thomas Heenan (Co-PI) 1377","Bradley,Thomas Heenan",Co-PI,1377,Bradley,Thomas Heenan,bradley|t,TRUE,,,,FALSE
K000155308,2023,1170,Soil + Crop Sciences,FALSE,"Nazemi,Mohammadreza (Co-PI) 1374","Nazemi,Mohammadreza",Co-PI,1374,Nazemi,Mohammadreza,nazemi|m,TRUE,,,,FALSE
K000155358,2023,1172,Agricultural + Resource Economics,TRUE,"Enns,Kellie J (Primary PI) 1172","Enns,Kellie J",Primary PI,1172,Enns,Kellie J,enns|k,TRUE,Enns,Kellie,Ag Ed,TRUE
K000155358,2023,1172,Agricultural + Resource Economics,TRUE,"Bennett,Jennifer Evans (Co-PI) 1172","Bennett,Jennifer Evans",Co-PI,1172,Bennett,Jennifer Evans,bennett|j,TRUE,Bennett,Jenny,Ag Ed,TRUE
K000155513,2023,1170,Soil + Crop Sciences,FALSE,"Wrighton,Kelly Catherine (Primary PI) 1170","Wrighton,Kelly Catherine",Primary PI,1170,Wrighton,Kelly Catherine,wrighton|k,TRUE,,,,FALSE
K000155401,2023,1177,Agricultural Biology,FALSE,"Tembrock,Luke R (Primary PI) 1177","Tembrock,Luke R",Primary PI,1177,Tembrock,Luke R,tembrock|l,TRUE,,,,FALSE
K000154389,2023,1177,Agricultural Biology,FALSE,"Borowiec,Marek L (Primary PI) 1177","Borowiec,Marek L",Primary PI,1177,Borowiec,Marek L,borowiec|m,TRUE,,,,FALSE
K000155561,2023,1177,Agricultural Biology,FALSE,"Nachappa,Punya (Primary PI) 1177","Nachappa,Punya",Primary PI,1177,Nachappa,Punya,nachappa|p,TRUE,,,,FALSE
K000155364,2023,1173,Horticulture + Landscape Architecture,FALSE,"Gutierrez-Rodriguez,Eduardo (Primary PI) 1173","Gutierrez-Rodriguez,Eduardo",Primary PI,1173,Gutierrez-Rodriguez,Eduardo,gutierrez rodriguez|e,TRUE,,,,FALSE
K000155306,2023,1172,Agricultural + Resource Economics,TRUE,"Countryman,Amanda Marie (Primary PI) 1172","Countryman,Amanda Marie",Primary PI,1172,Countryman,Amanda Marie,countryman|a,TRUE,Countryman,Amanda,Ag and Food,TRUE
K000155083,2023,1170,Soil + Crop Sciences,FALSE,"Wrighton,Kelly Catherine (Primary PI) 1170","Wrighton,Kelly Catherine",Primary PI,1170,Wrighton,Kelly Catherine,wrighton|k,TRUE,,,,FALSE
K000155083,2023,1170,Soil + Crop Sciences,FALSE,"Borton,Mikayla Ann (Co-PI) 1170","Borton,Mikayla Ann",Co-PI,1170,Borton,Mikayla Ann,borton|m,TRUE,,,,FALSE
K000154484,2023,1177,Agricultural Biology,FALSE,"Nachappa,Punya (Primary PI) 1177","Nachappa,Punya",Primary PI,1177,Nachappa,Punya,nachappa|p,TRUE,,,,FALSE
K000154484,2023,1177,Agricultural Biology,FALSE,"Mason,Richard Esten (Co-PI) 1170","Mason,Richard Esten",Co-PI,1170,Mason,Richard Esten,mason|r,TRUE,,,,FALSE
K000155527,2023,1177,Agricultural Biology,FALSE,"Gaines,Todd A (Primary PI) 1177","Gaines,Todd A",Primary PI,1177,Gaines,Todd A,gaines|t,TRUE,,,,FALSE
K000155452,2023,1177,Agricultural Biology,FALSE,"Szczepaniec,Adrianna (Primary PI) 1177","Szczepaniec,Adrianna",Primary PI,1177,Szczepaniec,Adrianna,szczepaniec|a,TRUE,,,,FALSE
K000155113,2023,1171,Animal Sciences,FALSE,"Edwards-Callaway,Lily Nowell (Primary PI) 1171","Edwards-Callaway,Lily Nowell",Primary PI,1171,Edwards-Callaway,Lily Nowell,edwards callaway|l,TRUE,,,,FALSE
K000155113,2023,1171,Animal Sciences,FALSE,"Cramer,Mary Caitlin (Co-PI) 1171","Cramer,Mary Caitlin",Co-PI,1171,Cramer,Mary Caitlin,cramer|m,TRUE,,,,FALSE
K000155113,2023,1171,Animal Sciences,FALSE,"Roman-Muniz,Ivette Noami (Key Person) 1171","Roman-Muniz,Ivette Noami",Key Person,1171,Roman-Muniz,Ivette Noami,roman muniz|i,TRUE,,,,FALSE
K000155394,2023,1171,Animal Sciences,FALSE,"Engle,Terry E (Primary PI) 1171","Engle,Terry E",Primary PI,1171,Engle,Terry E,engle|t,TRUE,,,,FALSE
K000155394,2023,1171,Animal Sciences,FALSE,"Stackhouse-Lawson,Kimberly Rose (Co-PI) 1171","Stackhouse-Lawson,Kimberly Rose",Co-PI,1171,Stackhouse-Lawson,Kimberly Rose,stackhouse lawson|k,TRUE,,,,FALSE
K000155330,2023,1177,Agricultural Biology,FALSE,"Nalam,Vamsi (Primary PI) 1177","Nalam,Vamsi",Primary PI,1177,Nalam,Vamsi,nalam|v,TRUE,,,,FALSE
K000155330,2023,1177,Agricultural Biology,FALSE,"Han,Jinlong (Co-PI) 1177","Han,Jinlong",Co-PI,1177,Han,Jinlong,han|j,TRUE,,,,FALSE
K000155328,2023,1177,Agricultural Biology,FALSE,"Nalam,Vamsi (Primary PI) 1177","Nalam,Vamsi",Primary PI,1177,Nalam,Vamsi,nalam|v,TRUE,,,,FALSE
K000155304,2023,1170,Soil + Crop Sciences,FALSE,"Borch,Thomas (Primary PI) 1170","Borch,Thomas",Primary PI,1170,Borch,Thomas,borch|t,TRUE,,,,FALSE
K000155295,2023,1177,Agricultural Biology,FALSE,"Trivedi,Pankaj (Primary PI) 1177","Trivedi,Pankaj",Primary PI,1177,Trivedi,Pankaj,trivedi|p,TRUE,,,,FALSE
K000155294,2023,1177,Agricultural Biology,FALSE,"Trivedi,Pankaj (Primary PI) 1177","Trivedi,Pankaj",Primary PI,1177,Trivedi,Pankaj,trivedi|p,TRUE,,,,FALSE
K000155237,2023,1177,Agricultural Biology,FALSE,"Nalam,Vamsi (Primary PI) 1177","Nalam,Vamsi",Primary PI,1177,Nalam,Vamsi,nalam|v,TRUE,,,,FALSE
K000155069,2023,1171,Animal Sciences,FALSE,"Cadaret,Caitlin (Primary PI) 1171","Cadaret,Caitlin",Primary PI,1171,Cadaret,Caitlin,cadaret|c,TRUE,,,,FALSE
K000155312,2023,1171,Animal Sciences,FALSE,"Stackhouse-Lawson,Kimberly Rose (Primary PI) 1171","Stackhouse-Lawson,Kimberly Rose",Primary PI,1171,Stackhouse-Lawson,Kimberly Rose,stackhouse lawson|k,TRUE,,,,FALSE
K000155312,2023,1171,Animal Sciences,FALSE,"Ritten,John Patrick (Co-PI) 1172","Ritten,John Patrick",Co-PI,1172,Ritten,John Patrick,ritten|j,TRUE,Ritten,John,Ag and Food,TRUE
K000155171,2023,1170,Soil + Crop Sciences,FALSE,"Fonte,Steven John (Primary PI) 1170","Fonte,Steven John",Primary PI,1170,Fonte,Steven John,fonte|s,TRUE,,,,FALSE
K000155171,2023,1170,Soil + Crop Sciences,FALSE,"Vanek,Steven John (Co-PI) 1170","Vanek,Steven John",Co-PI,1170,Vanek,Steven John,vanek|s,TRUE,,,,FALSE
K000155148,2023,1177,Agricultural Biology,FALSE,"Leach,Jan E (Primary PI) 1177","Leach,Jan E",Primary PI,1177,Leach,Jan E,leach|j,TRUE,,,,FALSE
K000155101,2023,1170,Soil + Crop Sciences,FALSE,"Jones-Diamond,Sally Marie (Primary PI) 1170","Jones-Diamond,Sally Marie",Primary PI,1170,Jones-Diamond,Sally Marie,jones diamond|s,TRUE,,,,FALSE
K000154957,2023,1177,Agricultural Biology,FALSE,"Borowiec,Marek L (Primary PI) 1177","Borowiec,Marek L",Primary PI,1177,Borowiec,Marek L,borowiec|m,TRUE,,,,FALSE
K000154957,2023,1177,Agricultural Biology,FALSE,"Magee,Christianne (Co-PI) 1680","Magee,Christianne",Co-PI,1680,Magee,Christianne,magee|c,TRUE,,,,FALSE
K000155223,2023,1170,Soil + Crop Sciences,FALSE,"Paustian,Keith H (Primary PI) 1170","Paustian,Keith H",Primary PI,1170,Paustian,Keith H,paustian|k,TRUE,,,,FALSE
K000155071,2023,1170,Soil + Crop Sciences,FALSE,"Borton,Mikayla Ann (Primary PI) 1170","Borton,Mikayla Ann",Primary PI,1170,Borton,Mikayla Ann,borton|m,TRUE,,,,FALSE
K000155050,2023,1177,Agricultural Biology,FALSE,"Gaines,Todd A (Primary PI) 1177","Gaines,Todd A",Primary PI,1177,Gaines,Todd A,gaines|t,TRUE,,,,FALSE
K000155129,2023,1173,Horticulture + Landscape Architecture,FALSE,"Gutierrez-Rodriguez,Eduardo (Primary PI) 1173","Gutierrez-Rodriguez,Eduardo",Primary PI,1173,Gutierrez-Rodriguez,Eduardo,gutierrez rodriguez|e,TRUE,,,,FALSE
K000155087,2023,1172,Agricultural + Resource Economics,TRUE,"Bayham,Jude (Primary PI) 1172","Bayham,Jude",Primary PI,1172,Bayham,Jude,bayham|j,TRUE,Bayham,Jude,ENRE,TRUE
K000155075,2023,1170,Soil + Crop Sciences,FALSE,"Jones-Diamond,Sally Marie (Primary PI) 1170","Jones-Diamond,Sally Marie",Primary PI,1170,Jones-Diamond,Sally Marie,jones diamond|s,TRUE,,,,FALSE
K000154854,2023,1173,Horticulture + Landscape Architecture,FALSE,"Thompson,Henry J (Primary PI) 1173","Thompson,Henry J",Primary PI,1173,Thompson,Henry J,thompson|h,TRUE,,,,FALSE
K000154930,2023,1170,Soil + Crop Sciences,FALSE,"Wilkins,Michael James (Primary PI) 1170","Wilkins,Michael James",Primary PI,1170,Wilkins,Michael James,wilkins|m,TRUE,,,,FALSE
K000154989,2023,1173,Horticulture + Landscape Architecture,FALSE,"Thompson,Henry J (Primary PI) 1173","Thompson,Henry J",Primary PI,1173,Thompson,Henry J,thompson|h,TRUE,,,,FALSE
K000154973,2023,1173,Horticulture + Landscape Architecture,FALSE,"Minas,Ioannis (Primary PI) 1173","Minas,Ioannis",Primary PI,1173,Minas,Ioannis,minas|i,TRUE,,,,FALSE
K000154973,2023,1173,Horticulture + Landscape Architecture,FALSE,"Card,Adrian B (Co-PI) 4044","Card,Adrian B",Co-PI,4044,Card,Adrian B,card|a,TRUE,,,,FALSE
K000154911,2023,1171,Animal Sciences,FALSE,"Peters,Brittany Caitlin (Primary PI) 1171","Peters,Brittany Caitlin",Primary PI,1171,Peters,Brittany Caitlin,peters|b,TRUE,,,,FALSE
K000154231,2023,1172,Agricultural + Resource Economics,TRUE,"Thilmany,Dawn D (Primary PI) 1172","Thilmany,Dawn D",Primary PI,1172,Thilmany,Dawn D,thilmany|d,TRUE,Thilmany,Dawn,Ag and Food,TRUE
K000154231,2023,1172,Agricultural + Resource Economics,TRUE,"Sullins,Martha J (Co-PI) 4010","Sullins,Martha J",Co-PI,4010,Sullins,Martha J,sullins|m,TRUE,,,,FALSE
K000154231,2023,1172,Agricultural + Resource Economics,TRUE,"Brislen,Lilian (Co-PI) 1172","Brislen,Lilian",Co-PI,1172,Brislen,Lilian,brislen|l,TRUE,,,,FALSE
K000154231,2023,1172,Agricultural + Resource Economics,TRUE,"Jablonski,Rebecca BR (Co-PI) 1172","Jablonski,Rebecca BR",Co-PI,1172,Jablonski,Rebecca BR,jablonski|b,TRUE,Jablonski,Becca,Ag and Food,TRUE
K000154826,2023,1170,Soil + Crop Sciences,FALSE,"Mason,Richard Esten (Primary PI) 1170","Mason,Richard Esten",Primary PI,1170,Mason,Richard Esten,mason|r,TRUE,,,,FALSE
K000154667,2023,1177,Agricultural Biology,FALSE,"Trivedi,Pankaj (Primary PI) 1177","Trivedi,Pankaj",Primary PI,1177,Trivedi,Pankaj,trivedi|p,TRUE,,,,FALSE
K000154864,2023,1170,Soil + Crop Sciences,FALSE,"Paustian,Keith H (Primary PI) 1170","Paustian,Keith H",Primary PI,1170,Paustian,Keith H,paustian|k,TRUE,,,,FALSE
K000154864,2023,1170,Soil + Crop Sciences,FALSE,"Zhang,Yao (Key Person) 1499","Zhang,Yao",Key Person,1499,Zhang,Yao,zhang|y,TRUE,,,,FALSE
K000154617,2023,1171,Animal Sciences,FALSE,"Engle,Terry E (Primary PI) 1171","Engle,Terry E",Primary PI,1171,Engle,Terry E,engle|t,TRUE,,,,FALSE
K000154729,2023,1170,Soil + Crop Sciences,FALSE,"Wardle,Erik M (Primary PI) 1170","Wardle,Erik M",Primary PI,1170,Wardle,Erik M,wardle|e,TRUE,,,,FALSE
K000154729,2023,1170,Soil + Crop Sciences,FALSE,"Deleon,Emmanuel (Co-PI) 1170","Deleon,Emmanuel",Co-PI,1170,Deleon,Emmanuel,deleon|e,TRUE,,,,FALSE
K000154729,2023,1170,Soil + Crop Sciences,FALSE,"Brown,Ansley Joseph (Co-PI) 1170","Brown,Ansley Joseph",Co-PI,1170,Brown,Ansley Joseph,brown|a,TRUE,,,,FALSE
K000154551,2022,1172,Agricultural + Resource Economics,TRUE,"Ritten,John Patrick (Primary PI) 1172","Ritten,John Patrick",Primary PI,1172,Ritten,John Patrick,ritten|j,TRUE,Ritten,John,Ag and Food,TRUE
K000154551,2022,1172,Agricultural + Resource Economics,TRUE,"Raynor,Edward James (Key Person) 1171","Raynor,Edward James",Key Person,1171,Raynor,Edward James,raynor|e,TRUE,,,,FALSE
K000154551,2022,1172,Agricultural + Resource Economics,TRUE,"Stackhouse-Lawson,Kimberly Rose (Key Person) 1171","Stackhouse-Lawson,Kimberly Rose",Key Person,1171,Stackhouse-Lawson,Kimberly Rose,stackhouse lawson|k,TRUE,,,,FALSE
K000154551,2022,1172,Agricultural + Resource Economics,TRUE,"DeLay,Nathan D (Key Person) 1172","DeLay,Nathan D",Key Person,1172,DeLay,Nathan D,delay|n,TRUE,DeLay,Nathan,Ag and Food,TRUE
K000154551,2022,1172,Agricultural + Resource Economics,TRUE,"Place,Sara (Key Person) 1171","Place,Sara",Key Person,1171,Place,Sara,place|s,TRUE,,,,FALSE
K000154551,2022,1172,Agricultural + Resource Economics,TRUE,"Thoma,Gregory (Key Person) 3001","Thoma,Gregory",Key Person,3001,Thoma,Gregory,thoma|g,TRUE,,,,FALSE
K000154685,2022,1173,Horticulture + Landscape Architecture,FALSE,"Prenni,Jessica E (Primary PI) 1173","Prenni,Jessica E",Primary PI,1173,Prenni,Jessica E,prenni|j,TRUE,,,,FALSE
K000154606,2022,1172,Agricultural + Resource Economics,TRUE,"Jablonski,Rebecca BR (Primary PI) 1172","Jablonski,Rebecca BR",Primary PI,1172,Jablonski,Rebecca BR,jablonski|b,TRUE,Jablonski,Becca,Ag and Food,TRUE
K000154641,2022,1170,Soil + Crop Sciences,FALSE,"Paustian,Keith H (Primary PI) 1170","Paustian,Keith H",Primary PI,1170,Paustian,Keith H,paustian|k,TRUE,,,,FALSE
K000154641,2022,1170,Soil + Crop Sciences,FALSE,"Zhang,Yao (Co-PI) 1499","Zhang,Yao",Co-PI,1499,Zhang,Yao,zhang|y,TRUE,,,,FALSE
K000154593,2022,1171,Animal Sciences,FALSE,"Stackhouse-Lawson,Kimberly Rose (Primary PI) 1171","Stackhouse-Lawson,Kimberly Rose",Primary PI,1171,Stackhouse-Lawson,Kimberly Rose,stackhouse lawson|k,TRUE,,,,FALSE
K000154593,2022,1171,Animal Sciences,FALSE,"Raynor,Edward James (Key Person) 1171","Raynor,Edward James",Key Person,1171,Raynor,Edward James,raynor|e,TRUE,,,,FALSE
K000154593,2022,1171,Animal Sciences,FALSE,"Ritten,John Patrick (Key Person) 1172","Ritten,John Patrick",Key Person,1172,Ritten,John Patrick,ritten|j,TRUE,Ritten,John,Ag and Food,TRUE
K000154552,2022,1171,Animal Sciences,FALSE,"Place,Sara (Primary PI) 1171","Place,Sara",Primary PI,1171,Place,Sara,place|s,TRUE,,,,FALSE
K000154552,2022,1171,Animal Sciences,FALSE,"Engle,Terry E (Co-PI) 1171","Engle,Terry E",Co-PI,1171,Engle,Terry E,engle|t,TRUE,,,,FALSE
K000154552,2022,1171,Animal Sciences,FALSE,"Stackhouse-Lawson,Kimberly Rose (Co-PI) 1171","Stackhouse-Lawson,Kimberly Rose",Co-PI,1171,Stackhouse-Lawson,Kimberly Rose,stackhouse lawson|k,TRUE,,,,FALSE
K000154544,2022,1172,Agricultural + Resource Economics,TRUE,"Ritten,John Patrick (Primary PI) 1172","Ritten,John Patrick",Primary PI,1172,Ritten,John Patrick,ritten|j,TRUE,Ritten,John,Ag and Food,TRUE
K000154457,2022,1171,Animal Sciences,FALSE,"Bigler,Elizabeth Jaed (Primary PI) 1171","Bigler,Elizabeth Jaed",Primary PI,1171,Bigler,Elizabeth Jaed,bigler|e,TRUE,,,,FALSE
K000154457,2022,1171,Animal Sciences,FALSE,"Edwards-Callaway,Lily Nowell (Key Person) 1171","Edwards-Callaway,Lily Nowell",Key Person,1171,Edwards-Callaway,Lily Nowell,edwards callaway|l,TRUE,,,,FALSE
K000154457,2022,1171,Animal Sciences,FALSE,"Ahola,Jason Kee (Key Person) 1171","Ahola,Jason Kee",Key Person,1171,Ahola,Jason Kee,ahola|j,TRUE,,,,FALSE
K000154446,2022,1172,Agricultural + Resource Economics,TRUE,"Ritten,John Patrick (Primary PI) 1172","Ritten,John Patrick",Primary PI,1172,Ritten,John Patrick,ritten|j,TRUE,Ritten,John,Ag and Food,TRUE
K000154530,2022,1170,Soil + Crop Sciences,FALSE,"Schipanski,Meagan Erin (Primary PI) 1170","Schipanski,Meagan Erin",Primary PI,1170,Schipanski,Meagan Erin,schipanski|m,TRUE,,,,FALSE
K000154530,2022,1170,Soil + Crop Sciences,FALSE,"Toy,Christopher Ryan (Co-PI) 1170","Toy,Christopher Ryan",Co-PI,1170,Toy,Christopher Ryan,toy|c,TRUE,,,,FALSE
K000154522,2022,1173,Horticulture + Landscape Architecture,FALSE,"Burcham,Daniel C (Primary PI) 1173","Burcham,Daniel C",Primary PI,1173,Burcham,Daniel C,burcham|d,TRUE,,,,FALSE
K000154470,2022,1171,Animal Sciences,FALSE,"Narayanan Nair,Mahesh (Primary PI) 1171","Narayanan Nair,Mahesh",Primary PI,1171,Narayanan Nair,Mahesh,narayanan nair|m,TRUE,,,,FALSE
K000154470,2022,1171,Animal Sciences,FALSE,"Nishimura,Erin Asayo (Key Person) 1870","Nishimura,Erin Asayo",Key Person,1870,Nishimura,Erin Asayo,nishimura|e,TRUE,,,,FALSE
K000154470,2022,1171,Animal Sciences,FALSE,"Metcalf,Jessica Lynne (Key Person) 1171","Metcalf,Jessica Lynne",Key Person,1171,Metcalf,Jessica Lynne,metcalf|j,TRUE,,,,FALSE
K000154470,2022,1171,Animal Sciences,FALSE,"Geornaras,Ifigenia (Key Person) 1171","Geornaras,Ifigenia",Key Person,1171,Geornaras,Ifigenia,geornaras|i,TRUE,,,,FALSE
K000154456,2022,1171,Animal Sciences,FALSE,"Bigler,Elizabeth Jaed (Primary PI) 1171","Bigler,Elizabeth Jaed",Primary PI,1171,Bigler,Elizabeth Jaed,bigler|e,TRUE,,,,FALSE
K000154456,2022,1171,Animal Sciences,FALSE,"Edwards-Callaway,Lily Nowell (Key Person) 1171","Edwards-Callaway,Lily Nowell",Key Person,1171,Edwards-Callaway,Lily Nowell,edwards callaway|l,TRUE,,,,FALSE
K000154456,2022,1171,Animal Sciences,FALSE,"Ahola,Jason Kee (Key Person) 1171","Ahola,Jason Kee",Key Person,1171,Ahola,Jason Kee,ahola|j,TRUE,,,,FALSE
K000154096,2022,1177,Agricultural Biology,FALSE,"Stewart,Jane E (Primary PI) 1177","Stewart,Jane E",Primary PI,1177,Stewart,Jane E,stewart|j,TRUE,,,,FALSE
K000154096,2022,1177,Agricultural Biology,FALSE,"Dobbs,John (Co-PI) 1177","Dobbs,John",Co-PI,1177,Dobbs,John,dobbs|j,TRUE,,,,FALSE
K000152085,2022,1173,Horticulture + Landscape Architecture,FALSE,"Minas,Ioannis (Primary PI) 1173","Minas,Ioannis",Primary PI,1173,Minas,Ioannis,minas|i,TRUE,,,,FALSE
K000152045,2022,1170,Soil + Crop Sciences,FALSE,"Morris,Geoffrey Preston (Primary PI) 1170","Morris,Geoffrey Preston",Primary PI,1170,Morris,Geoffrey Preston,morris|g,TRUE,,,,FALSE
K000154416,2022,1171,Animal Sciences,FALSE,"Martin,Jennifer Nicole (Primary PI) 1171","Martin,Jennifer Nicole",Primary PI,1171,Martin,Jennifer Nicole,martin|j,TRUE,,,,FALSE
K000154416,2022,1171,Animal Sciences,FALSE,"Delmore,Robert J (Co-PI) 1171","Delmore,Robert J",Co-PI,1171,Delmore,Robert J,delmore|r,TRUE,,,,FALSE
K000154416,2022,1171,Animal Sciences,FALSE,"Narayanan Nair,Mahesh (Co-PI) 1171","Narayanan Nair,Mahesh",Co-PI,1171,Narayanan Nair,Mahesh,narayanan nair|m,TRUE,,,,FALSE
K000154395,2022,1170,Soil + Crop Sciences,FALSE,"Jones-Diamond,Sally Marie (Primary PI) 1170","Jones-Diamond,Sally Marie",Primary PI,1170,Jones-Diamond,Sally Marie,jones diamond|s,TRUE,,,,FALSE
K000154375,2022,1171,Animal Sciences,FALSE,"Narayanan Nair,Mahesh (Primary PI) 1171","Narayanan Nair,Mahesh",Primary PI,1171,Narayanan Nair,Mahesh,narayanan nair|m,TRUE,,,,FALSE
K000154375,2022,1171,Animal Sciences,FALSE,"Geornaras,Ifigenia (Key Person) 1171","Geornaras,Ifigenia",Key Person,1171,Geornaras,Ifigenia,geornaras|i,TRUE,,,,FALSE
K000154379,2022,1171,Animal Sciences,FALSE,"Cramer,Mary Caitlin (Primary PI) 1171","Cramer,Mary Caitlin",Primary PI,1171,Cramer,Mary Caitlin,cramer|m,TRUE,,,,FALSE
K000152488,2022,1172,Agricultural + Resource Economics,TRUE,"Jablonski,Rebecca BR (Primary PI) 1172","Jablonski,Rebecca BR",Primary PI,1172,Jablonski,Rebecca BR,jablonski|b,TRUE,Jablonski,Becca,Ag and Food,TRUE
K000152488,2022,1172,Agricultural + Resource Economics,TRUE,"Boone,Randall B (Co-PI) 1476","Boone,Randall B",Co-PI,1476,Boone,Randall B,boone|r,TRUE,,,,FALSE
K000154580,2022,1173,Horticulture + Landscape Architecture,FALSE,"Bousselot,Jennifer M (Primary PI) 1173","Bousselot,Jennifer M",Primary PI,1173,Bousselot,Jennifer M,bousselot|j,TRUE,,,,FALSE
K000154580,2022,1173,Horticulture + Landscape Architecture,FALSE,"Linfield,Allisa (Co-PI) 1173","Linfield,Allisa",Co-PI,1173,Linfield,Allisa,linfield|a,TRUE,,,,FALSE
K000154394,2022,1170,Soil + Crop Sciences,FALSE,"Jones-Diamond,Sally Marie (Primary PI) 1170","Jones-Diamond,Sally Marie",Primary PI,1170,Jones-Diamond,Sally Marie,jones diamond|s,TRUE,,,,FALSE
K000154360,2022,1171,Animal Sciences,FALSE,"Martin,Jennifer Nicole (Primary PI) 1171","Martin,Jennifer Nicole",Primary PI,1171,Martin,Jennifer Nicole,martin|j,TRUE,,,,FALSE
K000154310,2022,1172,Agricultural + Resource Economics,TRUE,"Hoag,Dana Loyd Keske (Primary PI) 1172","Hoag,Dana Loyd Keske",Primary PI,1172,Hoag,Dana Loyd Keske,hoag|d,TRUE,Hoag,Dana,ENRE,TRUE
K000154310,2022,1172,Agricultural + Resource Economics,TRUE,"Stewart,Jane E (Co-PI) 1177","Stewart,Jane E",Co-PI,1177,Stewart,Jane E,stewart|j,TRUE,,,,FALSE
K000154185,2022,1177,Agricultural Biology,FALSE,"Nalam,Vamsi (Primary PI) 1177","Nalam,Vamsi",Primary PI,1177,Nalam,Vamsi,nalam|v,TRUE,,,,FALSE
K000154185,2022,1177,Agricultural Biology,FALSE,"Rushton,Jennifer (Key Person) 1177","Rushton,Jennifer",Key Person,1177,Rushton,Jennifer,rushton|j,TRUE,,,,FALSE
K000153886,2022,1172,Agricultural + Resource Economics,TRUE,"DeLay,Nathan D (Primary PI) 1172","DeLay,Nathan D",Primary PI,1172,DeLay,Nathan D,delay|n,TRUE,DeLay,Nathan,Ag and Food,TRUE
K000153886,2022,1172,Agricultural + Resource Economics,TRUE,"Hess,Ann Marie (Co-PI) 1877","Hess,Ann Marie",Co-PI,1877,Hess,Ann Marie,hess|a,TRUE,,,,FALSE
K000153886,2022,1172,Agricultural + Resource Economics,TRUE,"Ritten,John Patrick (Co-PI) 1172","Ritten,John Patrick",Co-PI,1172,Ritten,John Patrick,ritten|j,TRUE,Ritten,John,Ag and Food,TRUE
K000153886,2022,1172,Agricultural + Resource Economics,TRUE,"Place,Sara (Co-PI) 1171","Place,Sara",Co-PI,1171,Place,Sara,place|s,TRUE,,,,FALSE
K000153886,2022,1172,Agricultural + Resource Economics,TRUE,"Enns,Richard Mark (Co-PI) 1171","Enns,Richard Mark",Co-PI,1171,Enns,Richard Mark,enns|r,TRUE,,,,FALSE
K000153886,2022,1172,Agricultural + Resource Economics,TRUE,"Stackhouse-Lawson,Kimberly Rose (Co-PI) 1171","Stackhouse-Lawson,Kimberly Rose",Co-PI,1171,Stackhouse-Lawson,Kimberly Rose,stackhouse lawson|k,TRUE,,,,FALSE
K000154359,2022,1173,Horticulture + Landscape Architecture,FALSE,"Jayanty,Sastry SSGM (Primary PI) 1173","Jayanty,Sastry SSGM",Primary PI,1173,Jayanty,Sastry SSGM,jayanty|s,TRUE,,,,FALSE
K000154296,2022,1171,Animal Sciences,FALSE,"Coleman,Stephen John (Primary PI) 1171","Coleman,Stephen John",Primary PI,1171,Coleman,Stephen John,coleman|s,TRUE,,,,FALSE
K000154352,2022,1172,Agricultural + Resource Economics,TRUE,"Hill,Rebecca Lynn (Primary PI) 1172","Hill,Rebecca Lynn",Primary PI,1172,Hill,Rebecca Lynn,hill|r,TRUE,,,,FALSE
K000154253,2022,1170,Soil + Crop Sciences,FALSE,"Wrighton,Kelly Catherine (Primary PI) 1170","Wrighton,Kelly Catherine",Primary PI,1170,Wrighton,Kelly Catherine,wrighton|k,TRUE,,,,FALSE
K000154253,2022,1170,Soil + Crop Sciences,FALSE,"Borton,Mikayla Ann (Co-PI) 1170","Borton,Mikayla Ann",Co-PI,1170,Borton,Mikayla Ann,borton|m,TRUE,,,,FALSE
K000153986,2022,1170,Soil + Crop Sciences,FALSE,"Schipanski,Meagan Erin (Primary PI) 1170","Schipanski,Meagan Erin",Primary PI,1170,Schipanski,Meagan Erin,schipanski|m,TRUE,,,,FALSE
K000153986,2022,1170,Soil + Crop Sciences,FALSE,"Schneekloth,Joel (Co-PI) 1033","Schneekloth,Joel",Co-PI,1033,Schneekloth,Joel,schneekloth|j,TRUE,,,,FALSE
K000153986,2022,1170,Soil + Crop Sciences,FALSE,"Raymundo Carhuapoma,Rubi Maribel (Co-PI) 1170","Raymundo Carhuapoma,Rubi Maribel",Co-PI,1170,Raymundo Carhuapoma,Rubi Maribel,raymundo carhuapoma|r,TRUE,,,,FALSE
K000153986,2022,1170,Soil + Crop Sciences,FALSE,"Avera,Bethany (Co-PI) 1170","Avera,Bethany",Co-PI,1170,Avera,Bethany,avera|b,TRUE,,,,FALSE
K000153986,2022,1170,Soil + Crop Sciences,FALSE,"Wrighton,Kelly Catherine (Key Person) 1170","Wrighton,Kelly Catherine",Key Person,1170,Wrighton,Kelly Catherine,wrighton|k,TRUE,,,,FALSE
K000154126,2022,1170,Soil + Crop Sciences,FALSE,"Ippolito,Jim (Primary PI) 1170","Ippolito,Jim",Primary PI,1170,Ippolito,Jim,ippolito|j,TRUE,,,,FALSE
K000154126,2022,1170,Soil + Crop Sciences,FALSE,"Buchanan,Cassidy Michelle (Co-PI) 1170","Buchanan,Cassidy Michelle",Co-PI,1170,Buchanan,Cassidy Michelle,buchanan|c,TRUE,,,,FALSE
K000154370,2022,1171,Animal Sciences,FALSE,"Speidel,Scott E (Primary PI) 1171","Speidel,Scott E",Primary PI,1171,Speidel,Scott E,speidel|s,TRUE,,,,FALSE
K000154370,2022,1171,Animal Sciences,FALSE,"Enns,Richard Mark (Co-PI) 1171","Enns,Richard Mark",Co-PI,1171,Enns,Richard Mark,enns|r,TRUE,,,,FALSE
K000154315,2022,1173,Horticulture + Landscape Architecture,FALSE,"Klett,James E (Primary PI) 1173","Klett,James E",Primary PI,1173,Klett,James E,klett|j,TRUE,,,,FALSE
K000154311,2022,1177,Agricultural Biology,FALSE,"Szczepaniec,Adrianna (Primary PI) 1177","Szczepaniec,Adrianna",Primary PI,1177,Szczepaniec,Adrianna,szczepaniec|a,TRUE,,,,FALSE
K000154206,2022,1173,Horticulture + Landscape Architecture,FALSE,"Heuberger,Adam L (Primary PI) 1173","Heuberger,Adam L",Primary PI,1173,Heuberger,Adam L,heuberger|a,TRUE,,,,FALSE
K000154206,2022,1173,Horticulture + Landscape Architecture,FALSE,"Charkowski,Amy Olymbia (Co-PI) 1177","Charkowski,Amy Olymbia",Co-PI,1177,Charkowski,Amy Olymbia,charkowski|a,TRUE,,,,FALSE
K000154206,2022,1173,Horticulture + Landscape Architecture,FALSE,"Joshi,Janak Raj (Co-PI) 1173","Joshi,Janak Raj",Co-PI,1173,Joshi,Janak Raj,joshi|j,TRUE,,,,FALSE
K000154013,2022,1173,Horticulture + Landscape Architecture,FALSE,"Minas,Ioannis (Primary PI) 1173","Minas,Ioannis",Primary PI,1173,Minas,Ioannis,minas|i,TRUE,,,,FALSE
K000154013,2022,1173,Horticulture + Landscape Architecture,FALSE,"Koslovsky,Matthew David (Co-PI) 1877","Koslovsky,Matthew David",Co-PI,1877,Koslovsky,Matthew David,koslovsky|m,TRUE,,,,FALSE
K000154013,2022,1173,Horticulture + Landscape Architecture,FALSE,"Prenni,Jessica E (Co-PI) 1173","Prenni,Jessica E",Co-PI,1173,Prenni,Jessica E,prenni|j,TRUE,,,,FALSE
K000153889,2022,1170,Soil + Crop Sciences,FALSE,"Schipanski,Meagan Erin (Primary PI) 1170","Schipanski,Meagan Erin",Primary PI,1170,Schipanski,Meagan Erin,schipanski|m,TRUE,,,,FALSE
K000153889,2022,1170,Soil + Crop Sciences,FALSE,"Meyer,Ronald Francis (Co-PI) 4020","Meyer,Ronald Francis",Co-PI,4020,Meyer,Ronald Francis,meyer|r,TRUE,,,,FALSE
K000153883,2022,1177,Agricultural Biology,FALSE,"Argueso,Cristiana (Primary PI) 1177","Argueso,Cristiana",Primary PI,1177,Argueso,Cristiana,argueso|c,TRUE,,,,FALSE
K000153883,2022,1177,Agricultural Biology,FALSE,"Juarez-Guzman,Carlos A (Key Person) 1055","Juarez-Guzman,Carlos A",Key Person,1055,Juarez-Guzman,Carlos A,juarez guzman|c,TRUE,,,,FALSE
K000153252,2022,1172,Agricultural + Resource Economics,TRUE,"Hill,Rebecca Lynn (Primary PI) 1172","Hill,Rebecca Lynn",Primary PI,1172,Hill,Rebecca Lynn,hill|r,TRUE,,,,FALSE
K000153252,2022,1172,Agricultural + Resource Economics,TRUE,"Jablonski,Rebecca BR (Co-PI) 1172","Jablonski,Rebecca BR",Co-PI,1172,Jablonski,Rebecca BR,jablonski|b,TRUE,Jablonski,Becca,Ag and Food,TRUE
K000153252,2022,1172,Agricultural + Resource Economics,TRUE,"Carolan,Michael S (Co-PI) 1784","Carolan,Michael S",Co-PI,1784,Carolan,Michael S,carolan|m,TRUE,,,,FALSE
K000153252,2022,1172,Agricultural + Resource Economics,TRUE,"Ishiwata,Eric (Co-PI) 1790","Ishiwata,Eric",Co-PI,1790,Ishiwata,Eric,ishiwata|e,TRUE,,,,FALSE
K000154367,2022,1170,Soil + Crop Sciences,FALSE,"Ippolito,Jim (Primary PI) 1170","Ippolito,Jim",Primary PI,1170,Ippolito,Jim,ippolito|j,TRUE,,,,FALSE
K000154250,2022,1173,Horticulture + Landscape Architecture,FALSE,"Uchanski,Mark E (Primary PI) 1173","Uchanski,Mark E",Primary PI,1173,Uchanski,Mark E,uchanski|m,TRUE,,,,FALSE
K000154182,2022,1170,Soil + Crop Sciences,FALSE,"Fonte,Steven John (Primary PI) 1170","Fonte,Steven John",Primary PI,1170,Fonte,Steven John,fonte|s,TRUE,,,,FALSE
K000154182,2022,1170,Soil + Crop Sciences,FALSE,"Vanek,Steven John (Co-PI) 1170","Vanek,Steven John",Co-PI,1170,Vanek,Steven John,vanek|s,TRUE,,,,FALSE
K000153355,2022,1170,Soil + Crop Sciences,FALSE,"King,Alison Elinor (Primary PI) 1170","King,Alison Elinor",Primary PI,1170,King,Alison Elinor,king|a,TRUE,,,,FALSE
K000153355,2022,1170,Soil + Crop Sciences,FALSE,"Cotrufo,Maria Francesca (Co-PI) 1170","Cotrufo,Maria Francesca",Co-PI,1170,Cotrufo,Maria Francesca,cotrufo|m,TRUE,,,,FALSE
K000153355,2022,1170,Soil + Crop Sciences,FALSE,"Mueller,Nathaniel Dean (Co-PI) 1476","Mueller,Nathaniel Dean",Co-PI,1476,Mueller,Nathaniel Dean,mueller|n,TRUE,,,,FALSE
K000154012,2022,1173,Horticulture + Landscape Architecture,FALSE,"Minas,Ioannis (Primary PI) 1173","Minas,Ioannis",Primary PI,1173,Minas,Ioannis,minas|i,TRUE,,,,FALSE
K000154012,2022,1173,Horticulture + Landscape Architecture,FALSE,"Koslovsky,Matthew David (Co-PI) 1877","Koslovsky,Matthew David",Co-PI,1877,Koslovsky,Matthew David,koslovsky|m,TRUE,,,,FALSE
K000154232,2022,1170,Soil + Crop Sciences,FALSE,"Schipanski,Meagan Erin (Primary PI) 1170","Schipanski,Meagan Erin",Primary PI,1170,Schipanski,Meagan Erin,schipanski|m,TRUE,,,,FALSE
K000154232,2022,1170,Soil + Crop Sciences,FALSE,"Toy,Christopher Ryan (Co-PI) 1170","Toy,Christopher Ryan",Co-PI,1170,Toy,Christopher Ryan,toy|c,TRUE,,,,FALSE
K000154223,2022,1177,Agricultural Biology,FALSE,"Ode,Paul James (Primary PI) 1177","Ode,Paul James",Primary PI,1177,Ode,Paul James,ode|p,TRUE,,,,FALSE
K000154223,2022,1177,Agricultural Biology,FALSE,"Hardin,Janet G (Co-PI) 1177","Hardin,Janet G",Co-PI,1177,Hardin,Janet G,hardin|j,TRUE,,,,FALSE
K000154179,2022,1173,Horticulture + Landscape Architecture,FALSE,"Thompson,Henry J (Primary PI) 1173","Thompson,Henry J",Primary PI,1173,Thompson,Henry J,thompson|h,TRUE,,,,FALSE
K000154171,2022,1177,Agricultural Biology,FALSE,"Ode,Paul James (Primary PI) 1177","Ode,Paul James",Primary PI,1177,Ode,Paul James,ode|p,TRUE,,,,FALSE
K000153995,2022,1172,Agricultural + Resource Economics,TRUE,"Countryman,Amanda Marie (Primary PI) 1172","Countryman,Amanda Marie",Primary PI,1172,Countryman,Amanda Marie,countryman|a,TRUE,Countryman,Amanda,Ag and Food,TRUE
K000153995,2022,1172,Agricultural + Resource Economics,TRUE,"Manning,Dale Thomas (Co-PI) 1172","Manning,Dale Thomas",Co-PI,1172,Manning,Dale Thomas,manning|d,TRUE,Manning,Dale,ENRE,TRUE
K000153973,2022,1177,Agricultural Biology,FALSE,"Trivedi,Pankaj (Primary PI) 1177","Trivedi,Pankaj",Primary PI,1177,Trivedi,Pankaj,trivedi|p,TRUE,,,,FALSE
K000153973,2022,1177,Agricultural Biology,FALSE,"Leach,Jan E (Co-PI) 1177","Leach,Jan E",Co-PI,1177,Leach,Jan E,leach|j,TRUE,,,,FALSE
K000154241,2022,1173,Horticulture + Landscape Architecture,FALSE,"Jayanty,Sastry SSGM (Primary PI) 1173","Jayanty,Sastry SSGM",Primary PI,1173,Jayanty,Sastry SSGM,jayanty|s,TRUE,,,,FALSE
K000153959,2022,1172,Agricultural + Resource Economics,TRUE,"Bonanno,Alessandro (Primary PI) 1172","Bonanno,Alessandro",Primary PI,1172,Bonanno,Alessandro,bonanno|a,TRUE,Bonanno,Alessandro,Ag and Food,TRUE
K000153959,2022,1172,Agricultural + Resource Economics,TRUE,"Cleary,Rebecca Leigh Osborne (Co-PI) 1172","Cleary,Rebecca Leigh Osborne",Co-PI,1172,Cleary,Rebecca Leigh Osborne,cleary|r,TRUE,Cleary,Rebecca,Ag and Food,TRUE
K000153959,2022,1172,Agricultural + Resource Economics,TRUE,"Berning,Joshua (Co-PI) 1172","Berning,Joshua",Co-PI,1172,Berning,Joshua,berning|j,TRUE,Berning,Joshua,Ag and Food,TRUE
K000154083,2022,1177,Agricultural Biology,FALSE,"McKay,John K (Primary PI) 1177","McKay,John K",Primary PI,1177,McKay,John K,mckay|j,TRUE,,,,FALSE
K000154083,2022,1177,Agricultural Biology,FALSE,"Quinn,Jason Charles (Co-PI) 1374","Quinn,Jason Charles",Co-PI,1374,Quinn,Jason Charles,quinn|j,TRUE,,,,FALSE
K000154069,2022,1170,Soil + Crop Sciences,FALSE,"Kremen,Amy E (Primary PI) 1170","Kremen,Amy E",Primary PI,1170,Kremen,Amy E,kremen|a,TRUE,,,,FALSE
K000154064,2022,1177,Agricultural Biology,FALSE,"McKay,John K (Primary PI) 1177","McKay,John K",Primary PI,1177,McKay,John K,mckay|j,TRUE,,,,FALSE
K000154064,2022,1177,Agricultural Biology,FALSE,"Quinn,Jason Charles (Co-PI) 1374","Quinn,Jason Charles",Co-PI,1374,Quinn,Jason Charles,quinn|j,TRUE,,,,FALSE
K000153839,2022,1170,Soil + Crop Sciences,FALSE,"Pottorff,Laura Pickett (Primary PI) 1170","Pottorff,Laura Pickett",Primary PI,1170,Pottorff,Laura Pickett,pottorff|l,TRUE,,,,FALSE
K000153990,2022,1171,Animal Sciences,FALSE,"Hess,Tanja (Primary PI) 1171","Hess,Tanja",Primary PI,1171,Hess,Tanja,hess|t,TRUE,,,,FALSE
K000153990,2022,1171,Animal Sciences,FALSE,"Nout-Lomas,Yvette S (Co-PI) 1678","Nout-Lomas,Yvette S",Co-PI,1678,Nout-Lomas,Yvette S,nout lomas|y,TRUE,,,,FALSE
K000153990,2022,1171,Animal Sciences,FALSE,"Coleman,Stephen John (Co-PI) 1171","Coleman,Stephen John",Co-PI,1171,Coleman,Stephen John,coleman|s,TRUE,,,,FALSE
K000153981,2022,1177,Agricultural Biology,FALSE,"Blecker,Lisa Ann (Primary PI) 1177","Blecker,Lisa Ann",Primary PI,1177,Blecker,Lisa Ann,blecker|l,TRUE,,,,FALSE
K000153930,2022,1172,Agricultural + Resource Economics,TRUE,"Countryman,Amanda Marie (Primary PI) 1172","Countryman,Amanda Marie",Primary PI,1172,Countryman,Amanda Marie,countryman|a,TRUE,Countryman,Amanda,Ag and Food,TRUE
K000153791,2022,1177,Agricultural Biology,FALSE,"Nachappa,Punya (Primary PI) 1177","Nachappa,Punya",Primary PI,1177,Nachappa,Punya,nachappa|p,TRUE,,,,FALSE
K000153775,2022,1173,Horticulture + Landscape Architecture,FALSE,"Chitwood-Brown,Jessica (Primary PI) 1173","Chitwood-Brown,Jessica",Primary PI,1173,Chitwood-Brown,Jessica,chitwood brown|j,TRUE,,,,FALSE
K000153775,2022,1173,Horticulture + Landscape Architecture,FALSE,"Rhodes,Davina Hope (Co-PI) 1173","Rhodes,Davina Hope",Co-PI,1173,Rhodes,Davina Hope,rhodes|d,TRUE,,,,FALSE
K000153759,2022,1171,Animal Sciences,FALSE,"Cadaret,Caitlin (Primary PI) 1171","Cadaret,Caitlin",Primary PI,1171,Cadaret,Caitlin,cadaret|c,TRUE,,,,FALSE
K000153692,2022,1171,Animal Sciences,FALSE,"Edwards-Callaway,Lily Nowell (Primary PI) 1171","Edwards-Callaway,Lily Nowell",Primary PI,1171,Edwards-Callaway,Lily Nowell,edwards callaway|l,TRUE,,,,FALSE
K000153692,2022,1171,Animal Sciences,FALSE,"Stallones,Lorann (Co-PI) 1876","Stallones,Lorann",Co-PI,1876,Stallones,Lorann,stallones|l,TRUE,,,,FALSE
K000153692,2022,1171,Animal Sciences,FALSE,"Keller,Joshua (Co-PI) 1877","Keller,Joshua",Co-PI,1877,Keller,Joshua,keller|j,TRUE,,,,FALSE
K000153692,2022,1171,Animal Sciences,FALSE,"Roman-Muniz,Ivette Noami (Co-PI) 1171","Roman-Muniz,Ivette Noami",Co-PI,1171,Roman-Muniz,Ivette Noami,roman muniz|i,TRUE,,,,FALSE
K000153692,2022,1171,Animal Sciences,FALSE,"Cramer,Mary Caitlin (Co-PI) 1171","Cramer,Mary Caitlin",Co-PI,1171,Cramer,Mary Caitlin,cramer|m,TRUE,,,,FALSE
K000153641,2022,1177,Agricultural Biology,FALSE,"Nachappa,Punya (Primary PI) 1177","Nachappa,Punya",Primary PI,1177,Nachappa,Punya,nachappa|p,TRUE,,,,FALSE
K000153641,2022,1177,Agricultural Biology,FALSE,"Khakhar,Arjun (Co-PI) 1878","Khakhar,Arjun",Co-PI,1878,Khakhar,Arjun,khakhar|a,TRUE,,,,FALSE
K000153641,2022,1177,Agricultural Biology,FALSE,"McKay,John K (Co-PI) 1177","McKay,John K",Co-PI,1177,McKay,John K,mckay|j,TRUE,,,,FALSE
K000154005,2022,1171,Animal Sciences,FALSE,"Coleman,Stephen John (Primary PI) 1171","Coleman,Stephen John",Primary PI,1171,Coleman,Stephen John,coleman|s,TRUE,,,,FALSE
K000154007,2022,1177,Agricultural Biology,FALSE,"Dayan,Franck E (Primary PI) 1177","Dayan,Franck E",Primary PI,1177,Dayan,Franck E,dayan|f,TRUE,,,,FALSE
K000154007,2022,1177,Agricultural Biology,FALSE,"Gaines,Todd A (Co-PI) 1177","Gaines,Todd A",Co-PI,1177,Gaines,Todd A,gaines|t,TRUE,,,,FALSE
K000153287,2022,1173,Horticulture + Landscape Architecture,FALSE,"Thompson,Henry J (Primary PI) 1173","Thompson,Henry J",Primary PI,1173,Thompson,Henry J,thompson|h,TRUE,,,,FALSE
K000153287,2022,1173,Horticulture + Landscape Architecture,FALSE,"Prenni,Jessica E (Co-PI) 1173","Prenni,Jessica E",Co-PI,1173,Prenni,Jessica E,prenni|j,TRUE,,,,FALSE
K000153287,2022,1173,Horticulture + Landscape Architecture,FALSE,"Foster,Michelle Tranace (Co-PI) 1501","Foster,Michelle Tranace",Co-PI,1501,Foster,Michelle Tranace,foster|m,TRUE,,,,FALSE
K000153287,2022,1173,Horticulture + Landscape Architecture,FALSE,"Weir,Tiffany L (Co-PI) 1571","Weir,Tiffany L",Co-PI,1571,Weir,Tiffany L,weir|t,TRUE,,,,FALSE
K000153832,2022,1177,Agricultural Biology,FALSE,"Dayan,Franck E (Primary PI) 1177","Dayan,Franck E",Primary PI,1177,Dayan,Franck E,dayan|f,TRUE,,,,FALSE
K000153832,2022,1177,Agricultural Biology,FALSE,"Gaines,Todd A (Co-PI) 1177","Gaines,Todd A",Co-PI,1177,Gaines,Todd A,gaines|t,TRUE,,,,FALSE
K000154037,2022,1171,Animal Sciences,FALSE,"Belk,Keith (Primary PI) 1171","Belk,Keith",Primary PI,1171,Belk,Keith,belk|k,TRUE,,,,FALSE
K000153678,2022,1173,Horticulture + Landscape Architecture,FALSE,"Prenni,Jessica E (Primary PI) 1173","Prenni,Jessica E",Primary PI,1173,Prenni,Jessica E,prenni|j,TRUE,,,,FALSE
K000153593,2022,1170,Soil + Crop Sciences,FALSE,"Mason,Richard Esten (Primary PI) 1170","Mason,Richard Esten",Primary PI,1170,Mason,Richard Esten,mason|r,TRUE,,,,FALSE
K000153595,2022,1170,Soil + Crop Sciences,FALSE,"Mason,Richard Esten (Primary PI) 1170","Mason,Richard Esten",Primary PI,1170,Mason,Richard Esten,mason|r,TRUE,,,,FALSE
K000153596,2022,1177,Agricultural Biology,FALSE,"Nachappa,Punya (Primary PI) 1177","Nachappa,Punya",Primary PI,1177,Nachappa,Punya,nachappa|p,TRUE,,,,FALSE
K000153597,2022,1101,Dean of Agricultural Sciences,FALSE,"Roberts,Robyn (Primary PI) 1177","Roberts,Robyn",Primary PI,1177,Roberts,Robyn,roberts|r,TRUE,,,,FALSE
K000153598,2022,1177,Agricultural Biology,FALSE,"Gaines,Todd A (Primary PI) 1177","Gaines,Todd A",Primary PI,1177,Gaines,Todd A,gaines|t,TRUE,,,,FALSE
K000153599,2022,1177,Agricultural Biology,FALSE,"Dayan,Franck E (Primary PI) 1177","Dayan,Franck E",Primary PI,1177,Dayan,Franck E,dayan|f,TRUE,,,,FALSE
K000153601,2022,1170,Soil + Crop Sciences,FALSE,"Jones-Diamond,Sally Marie (Primary PI) 1170","Jones-Diamond,Sally Marie",Primary PI,1170,Jones-Diamond,Sally Marie,jones diamond|s,TRUE,,,,FALSE
K000153600,2022,1170,Soil + Crop Sciences,FALSE,"Pottorff,Laura Pickett (Primary PI) 1170","Pottorff,Laura Pickett",Primary PI,1170,Pottorff,Laura Pickett,pottorff|l,TRUE,,,,FALSE
K000153133,2022,1172,Agricultural + Resource Economics,TRUE,"Burkhardt,Jesse Brodie (Primary PI) 1172","Burkhardt,Jesse Brodie",Primary PI,1172,Burkhardt,Jesse Brodie,burkhardt|j,TRUE,Burkhardt,Jesse,ENRE,TRUE
K000153133,2022,1172,Agricultural + Resource Economics,TRUE,"Carolan,Michael S (Co-PI) 1784","Carolan,Michael S",Co-PI,1784,Carolan,Michael S,carolan|m,TRUE,,,,FALSE
K000153133,2022,1172,Agricultural + Resource Economics,TRUE,"Hale,James W (Co-PI) 1784","Hale,James W",Co-PI,1784,Hale,James W,hale|j,TRUE,,,,FALSE
K000153689,2022,1177,Agricultural Biology,FALSE,"Szczepaniec,Adrianna (Primary PI) 1177","Szczepaniec,Adrianna",Primary PI,1177,Szczepaniec,Adrianna,szczepaniec|a,TRUE,,,,FALSE
K000153689,2022,1177,Agricultural Biology,FALSE,"Stewart,Jane E (Co-PI) 1177","Stewart,Jane E",Co-PI,1177,Stewart,Jane E,stewart|j,TRUE,,,,FALSE
K000153542,2022,1173,Horticulture + Landscape Architecture,FALSE,"Bagheri Toulabi,Sahar (Primary PI) 1173","Bagheri Toulabi,Sahar",Primary PI,1173,Bagheri Toulabi,Sahar,bagheri toulabi|s,TRUE,,,,FALSE
K000153542,2022,1173,Horticulture + Landscape Architecture,FALSE,"Weir,Tiffany L (Key Person) 1571","Weir,Tiffany L",Key Person,1571,Weir,Tiffany L,weir|t,TRUE,,,,FALSE
K000153542,2022,1173,Horticulture + Landscape Architecture,FALSE,"Thompson,Henry J (Key Person) 1173","Thompson,Henry J",Key Person,1173,Thompson,Henry J,thompson|h,TRUE,,,,FALSE
K000153542,2022,1173,Horticulture + Landscape Architecture,FALSE,"Prenni,Jessica E (Key Person) 1173","Prenni,Jessica E",Key Person,1173,Prenni,Jessica E,prenni|j,TRUE,,,,FALSE
K000153542,2022,1173,Horticulture + Landscape Architecture,FALSE,"Holm,David G (Key Person) 3043","Holm,David G",Key Person,3043,Holm,David G,holm|d,TRUE,,,,FALSE
K000153900,2022,1170,Soil + Crop Sciences,FALSE,"Mason,Richard Esten (Primary PI) 1170","Mason,Richard Esten",Primary PI,1170,Mason,Richard Esten,mason|r,TRUE,,,,FALSE
K000153831,2022,1170,Soil + Crop Sciences,FALSE,"Wilkins,Michael James (Primary PI) 1170","Wilkins,Michael James",Primary PI,1170,Wilkins,Michael James,wilkins|m,TRUE,,,,FALSE
K000153795,2022,1170,Soil + Crop Sciences,FALSE,"Morris,Geoffrey Preston (Primary PI) 1170","Morris,Geoffrey Preston",Primary PI,1170,Morris,Geoffrey Preston,morris|g,TRUE,,,,FALSE
K000153677,2022,1177,Agricultural Biology,FALSE,"Stewart,Jane E (Primary PI) 1177","Stewart,Jane E",Primary PI,1177,Stewart,Jane E,stewart|j,TRUE,,,,FALSE
K000153675,2022,1172,Agricultural + Resource Economics,TRUE,"Chouinard,Hayley (Primary PI) 1172","Chouinard,Hayley",Primary PI,1172,Chouinard,Hayley,chouinard|h,TRUE,Chouinard,Hayley,Ag and Food,TRUE
K000153474,2022,1170,Soil + Crop Sciences,FALSE,"Wrighton,Kelly Catherine (Primary PI) 1170","Wrighton,Kelly Catherine",Primary PI,1170,Wrighton,Kelly Catherine,wrighton|k,TRUE,,,,FALSE
K000153909,2022,1177,Agricultural Biology,FALSE,"Stewart,Jane E (Primary PI) 1177","Stewart,Jane E",Primary PI,1177,Stewart,Jane E,stewart|j,TRUE,,,,FALSE
K000153589,2022,1173,Horticulture + Landscape Architecture,FALSE,"Craver,Joshua Ken (Primary PI) 1173","Craver,Joshua Ken",Primary PI,1173,Craver,Joshua Ken,craver|j,TRUE,,,,FALSE
K000153611,2022,1173,Horticulture + Landscape Architecture,FALSE,"Gutierrez-Rodriguez,Eduardo (Primary PI) 1173","Gutierrez-Rodriguez,Eduardo",Primary PI,1173,Gutierrez-Rodriguez,Eduardo,gutierrez rodriguez|e,TRUE,,,,FALSE
K000153611,2022,1173,Horticulture + Landscape Architecture,FALSE,"Uchanski,Mark E (Co-PI) 1173","Uchanski,Mark E",Co-PI,1173,Uchanski,Mark E,uchanski|m,TRUE,,,,FALSE
K000153606,2022,1170,Soil + Crop Sciences,FALSE,"Pottorff,Laura Pickett (Primary PI) 1170","Pottorff,Laura Pickett",Primary PI,1170,Pottorff,Laura Pickett,pottorff|l,TRUE,,,,FALSE
K000153658,2022,1173,Horticulture + Landscape Architecture,FALSE,"Vivanco,Jorge M (Primary PI) 1173","Vivanco,Jorge M",Primary PI,1173,Vivanco,Jorge M,vivanco|j,TRUE,,,,FALSE
K000153740,2022,1172,Agricultural + Resource Economics,TRUE,"Suter,Jordan (Primary PI) 1172","Suter,Jordan",Primary PI,1172,Suter,Jordan,suter|j,TRUE,Suter,Jordan,ENRE,TRUE
K000153514,2022,1170,Soil + Crop Sciences,FALSE,"Andales,Allan A (Primary PI) 1170","Andales,Allan A",Primary PI,1170,Andales,Allan A,andales|a,TRUE,,,,FALSE
K000153514,2022,1170,Soil + Crop Sciences,FALSE,"Simmons,Lane Howard (Co-PI) 3040","Simmons,Lane Howard",Co-PI,3040,Simmons,Lane Howard,simmons|l,TRUE,,,,FALSE
K000153683,2022,1172,Agricultural + Resource Economics,TRUE,"Bayham,Jude (Primary PI) 1172","Bayham,Jude",Primary PI,1172,Bayham,Jude,bayham|j,TRUE,Bayham,Jude,ENRE,TRUE
K000153671,2022,1172,Agricultural + Resource Economics,TRUE,"Suter,Jordan (Primary PI) 1172","Suter,Jordan",Primary PI,1172,Suter,Jordan,suter|j,TRUE,Suter,Jordan,ENRE,TRUE
K000153286,2022,1173,Horticulture + Landscape Architecture,FALSE,"Thompson,Henry J (Primary PI) 1173","Thompson,Henry J",Primary PI,1173,Thompson,Henry J,thompson|h,TRUE,,,,FALSE
K000153286,2022,1173,Horticulture + Landscape Architecture,FALSE,"Weir,Tiffany L (Co-PI) 1571","Weir,Tiffany L",Co-PI,1571,Weir,Tiffany L,weir|t,TRUE,,,,FALSE
K000153500,2022,1170,Soil + Crop Sciences,FALSE,"van der Pol,Laura (Primary PI) 1499","van der Pol,Laura",Primary PI,1499,van der Pol,Laura,van der pol|l,TRUE,,,,FALSE
K000153500,2022,1170,Soil + Crop Sciences,FALSE,"Schipanski,Meagan Erin (Key Person) 1170","Schipanski,Meagan Erin",Key Person,1170,Schipanski,Meagan Erin,schipanski|m,TRUE,,,,FALSE
K000153500,2022,1170,Soil + Crop Sciences,FALSE,"Machmuller,Megan B (Key Person) 1170","Machmuller,Megan B",Key Person,1170,Machmuller,Megan B,machmuller|m,TRUE,,,,FALSE
K000153584,2022,1177,Agricultural Biology,FALSE,"Roberts,Robyn (Primary PI) 1177","Roberts,Robyn",Primary PI,1177,Roberts,Robyn,roberts|r,TRUE,,,,FALSE
K000153584,2022,1177,Agricultural Biology,FALSE,"Gutierrez Castillo,Diego Ernesto (Key Person) 1177","Gutierrez Castillo,Diego Ernesto",Key Person,1177,Gutierrez Castillo,Diego Ernesto,gutierrez castillo|d,TRUE,,,,FALSE
K000153371,2022,1177,Agricultural Biology,FALSE,"Nalam,Vamsi (Primary PI) 1177","Nalam,Vamsi",Primary PI,1177,Nalam,Vamsi,nalam|v,TRUE,,,,FALSE
K000153317,2022,1177,Agricultural Biology,FALSE,"Stewart,Jane E (Primary PI) 1177","Stewart,Jane E",Primary PI,1177,Stewart,Jane E,stewart|j,TRUE,,,,FALSE
K000153250,2022,1173,Horticulture + Landscape Architecture,FALSE,"Thompson,Henry J (Primary PI) 1173","Thompson,Henry J",Primary PI,1173,Thompson,Henry J,thompson|h,TRUE,,,,FALSE
K000153250,2022,1173,Horticulture + Landscape Architecture,FALSE,"Didinger,Chelsea Marie (Key Person) 1173","Didinger,Chelsea Marie",Key Person,1173,Didinger,Chelsea Marie,didinger|c,TRUE,,,,FALSE
K000153653,2022,1172,Agricultural + Resource Economics,TRUE,"Suter,Jordan (Primary PI) 1172","Suter,Jordan",Primary PI,1172,Suter,Jordan,suter|j,TRUE,Suter,Jordan,ENRE,TRUE
K000153056,2022,1171,Animal Sciences,FALSE,"Cramer,Mary Caitlin (Primary PI) 1171","Cramer,Mary Caitlin",Primary PI,1171,Cramer,Mary Caitlin,cramer|m,TRUE,,,,FALSE
K000153056,2022,1171,Animal Sciences,FALSE,"Keller,Joshua (Co-PI) 1877","Keller,Joshua",Co-PI,1877,Keller,Joshua,keller|j,TRUE,,,,FALSE
K000153056,2022,1171,Animal Sciences,FALSE,"Edwards-Callaway,Lily Nowell (Co-PI) 1171","Edwards-Callaway,Lily Nowell",Co-PI,1171,Edwards-Callaway,Lily Nowell,edwards callaway|l,TRUE,,,,FALSE
K000153056,2022,1171,Animal Sciences,FALSE,"Roman-Muniz,Ivette Noami (Co-PI) 1171","Roman-Muniz,Ivette Noami",Co-PI,1171,Roman-Muniz,Ivette Noami,roman muniz|i,TRUE,,,,FALSE
K000152035,2022,1173,Horticulture + Landscape Architecture,FALSE,"Bousselot,Jennifer M (Primary PI) 1173","Bousselot,Jennifer M",Primary PI,1173,Bousselot,Jennifer M,bousselot|j,TRUE,,,,FALSE
K000152035,2022,1173,Horticulture + Landscape Architecture,FALSE,"Burkhardt,Jesse Brodie (Co-PI) 1172","Burkhardt,Jesse Brodie",Co-PI,1172,Burkhardt,Jesse Brodie,burkhardt|j,TRUE,Burkhardt,Jesse,ENRE,TRUE
K000152035,2022,1173,Horticulture + Landscape Architecture,FALSE,"Conrad,Steven Allen (Co-PI) 1377","Conrad,Steven Allen",Co-PI,1377,Conrad,Steven Allen,conrad|s,TRUE,,,,FALSE
K000152035,2022,1173,Horticulture + Landscape Architecture,FALSE,"Uchanski,Mark E (Co-PI) 1173","Uchanski,Mark E",Co-PI,1173,Uchanski,Mark E,uchanski|m,TRUE,,,,FALSE
K000153624,2022,1172,Agricultural + Resource Economics,TRUE,"Graff,Gregory D (Primary PI) 1172","Graff,Gregory D",Primary PI,1172,Graff,Gregory D,graff|g,TRUE,Graff,Gregory,Ag and Food,TRUE
K000153320,2022,1170,Soil + Crop Sciences,FALSE,"Schipanski,Meagan Erin (Primary PI) 1170","Schipanski,Meagan Erin",Primary PI,1170,Schipanski,Meagan Erin,schipanski|m,TRUE,,,,FALSE
K000153460,2022,1177,Agricultural Biology,FALSE,"Gaines,Todd A (Primary PI) 1177","Gaines,Todd A",Primary PI,1177,Gaines,Todd A,gaines|t,TRUE,,,,FALSE
K000152938,2022,1177,Agricultural Biology,FALSE,"Nalam,Vamsi (Primary PI) 1177","Nalam,Vamsi",Primary PI,1177,Nalam,Vamsi,nalam|v,TRUE,,,,FALSE
K000152938,2022,1177,Agricultural Biology,FALSE,"Holm,David G (Co-PI) 3043","Holm,David G",Co-PI,3043,Holm,David G,holm|d,TRUE,,,,FALSE
K000152938,2022,1177,Agricultural Biology,FALSE,"Chikh-Ali,Mohamad (Co-PI) 3043","Chikh-Ali,Mohamad",Co-PI,3043,Chikh-Ali,Mohamad,chikh ali|m,TRUE,,,,FALSE
K000152938,2022,1177,Agricultural Biology,FALSE,"Chitwood-Brown,Jessica (Co-PI) 1173","Chitwood-Brown,Jessica",Co-PI,1173,Chitwood-Brown,Jessica,chitwood brown|j,TRUE,,,,FALSE
K000153331,2022,1171,Animal Sciences,FALSE,"Stackhouse-Lawson,Kimberly Rose (Primary PI) 1171","Stackhouse-Lawson,Kimberly Rose",Primary PI,1171,Stackhouse-Lawson,Kimberly Rose,stackhouse lawson|k,TRUE,,,,FALSE
K000153331,2022,1171,Animal Sciences,FALSE,"Dillon,Jasmine Ashley (Co-PI) 1171","Dillon,Jasmine Ashley",Co-PI,1171,Dillon,Jasmine Ashley,dillon|j,TRUE,,,,FALSE
K000153331,2022,1171,Animal Sciences,FALSE,"Sheehan,John Joseph (Co-PI) 1171","Sheehan,John Joseph",Co-PI,1171,Sheehan,John Joseph,sheehan|j,TRUE,,,,FALSE
K000153612,2022,1172,Agricultural + Resource Economics,TRUE,"Bayham,Jude (Primary PI) 1172","Bayham,Jude",Primary PI,1172,Bayham,Jude,bayham|j,TRUE,Bayham,Jude,ENRE,TRUE
K000153511,2022,1173,Horticulture + Landscape Architecture,FALSE,"Burcham,Daniel C (Primary PI) 1173","Burcham,Daniel C",Primary PI,1173,Burcham,Daniel C,burcham|d,TRUE,,,,FALSE
K000153495,2022,1172,Agricultural + Resource Economics,TRUE,"Suter,Jordan (Primary PI) 1172","Suter,Jordan",Primary PI,1172,Suter,Jordan,suter|j,TRUE,Suter,Jordan,ENRE,TRUE
K000153495,2022,1172,Agricultural + Resource Economics,TRUE,"Burkhardt,Jesse Brodie (Co-PI) 1172","Burkhardt,Jesse Brodie",Co-PI,1172,Burkhardt,Jesse Brodie,burkhardt|j,TRUE,Burkhardt,Jesse,ENRE,TRUE
K000153290,2022,1171,Animal Sciences,FALSE,"Cadaret,Caitlin (Primary PI) 1171","Cadaret,Caitlin",Primary PI,1171,Cadaret,Caitlin,cadaret|c,TRUE,,,,FALSE
K000153290,2022,1171,Animal Sciences,FALSE,"Coleman,Stephen John (Co-PI) 1171","Coleman,Stephen John",Co-PI,1171,Coleman,Stephen John,coleman|s,TRUE,,,,FALSE
K000153602,2022,1173,Horticulture + Landscape Architecture,FALSE,"Heuberger,Adam L (Primary PI) 1173","Heuberger,Adam L",Primary PI,1173,Heuberger,Adam L,heuberger|a,TRUE,,,,FALSE
K000153249,2022,1172,Agricultural + Resource Economics,TRUE,"Cleary,Rebecca Leigh Osborne (Primary PI) 1172","Cleary,Rebecca Leigh Osborne",Primary PI,1172,Cleary,Rebecca Leigh Osborne,cleary|r,TRUE,Cleary,Rebecca,Ag and Food,TRUE
K000153249,2022,1172,Agricultural + Resource Economics,TRUE,"Mueller,Megan Paige (Co-PI) 1571","Mueller,Megan Paige",Co-PI,1571,Mueller,Megan Paige,mueller|m,TRUE,,,,FALSE
K000152790,2022,1173,Horticulture + Landscape Architecture,FALSE,"Heuberger,Adam L (Primary PI) 1173","Heuberger,Adam L",Primary PI,1173,Heuberger,Adam L,heuberger|a,TRUE,,,,FALSE
K000152790,2022,1173,Horticulture + Landscape Architecture,FALSE,"Joshi,Janak Raj (Co-PI) 1173","Joshi,Janak Raj",Co-PI,1173,Joshi,Janak Raj,joshi|j,TRUE,,,,FALSE
K000152789,2022,1173,Horticulture + Landscape Architecture,FALSE,"Chitwood-Brown,Jessica (Primary PI) 1173","Chitwood-Brown,Jessica",Primary PI,1173,Chitwood-Brown,Jessica,chitwood brown|j,TRUE,,,,FALSE
K000153284,2022,1170,Soil + Crop Sciences,FALSE,"Zelikova,Tamara J (Primary PI) 1170","Zelikova,Tamara J",Primary PI,1170,Zelikova,Tamara J,zelikova|t,TRUE,,,,FALSE
K000153284,2022,1170,Soil + Crop Sciences,FALSE,"McKay,John K (Co-PI) 1177","McKay,John K",Co-PI,1177,McKay,John K,mckay|j,TRUE,,,,FALSE
K000153284,2022,1170,Soil + Crop Sciences,FALSE,"Conant,Richard T (Co-PI) 1476","Conant,Richard T",Co-PI,1476,Conant,Richard T,conant|r,TRUE,,,,FALSE
K000153284,2022,1170,Soil + Crop Sciences,FALSE,"Manning,Dale Thomas (Co-PI) 1172","Manning,Dale Thomas",Co-PI,1172,Manning,Dale Thomas,manning|d,TRUE,Manning,Dale,ENRE,TRUE
K000153284,2022,1170,Soil + Crop Sciences,FALSE,"Machmuller,Megan B (Co-PI) 1170","Machmuller,Megan B",Co-PI,1170,Machmuller,Megan B,machmuller|m,TRUE,,,,FALSE
K000153284,2022,1170,Soil + Crop Sciences,FALSE,"Cotrufo,Maria Francesca (Co-PI) 1170","Cotrufo,Maria Francesca",Co-PI,1170,Cotrufo,Maria Francesca,cotrufo|m,TRUE,,,,FALSE
K000153284,2022,1170,Soil + Crop Sciences,FALSE,"Paustian,Keith H (Co-PI)",,,,,,,FALSE,,,,FALSE
K000153480,2022,1177,Agricultural Biology,FALSE,"Stewart,Jane E (Primary PI) 1177","Stewart,Jane E",Primary PI,1177,Stewart,Jane E,stewart|j,TRUE,,,,FALSE
K000153351,2022,1171,Animal Sciences,FALSE,"Edwards-Callaway,Lily Nowell (Primary PI) 1171","Edwards-Callaway,Lily Nowell",Primary PI,1171,Edwards-Callaway,Lily Nowell,edwards callaway|l,TRUE,,,,FALSE
K000153351,2022,1171,Animal Sciences,FALSE,"Engle,Terry E (Co-PI) 1171","Engle,Terry E",Co-PI,1171,Engle,Terry E,engle|t,TRUE,,,,FALSE
K000151769,2022,1170,Soil + Crop Sciences,FALSE,"Morris,Geoffrey Preston (Primary PI) 1170","Morris,Geoffrey Preston",Primary PI,1170,Morris,Geoffrey Preston,morris|g,TRUE,,,,FALSE
K000153168,2022,1170,Soil + Crop Sciences,FALSE,"Morris,Geoffrey Preston (Primary PI) 1170","Morris,Geoffrey Preston",Primary PI,1170,Morris,Geoffrey Preston,morris|g,TRUE,,,,FALSE
K000153294,2022,1170,Soil + Crop Sciences,FALSE,"Ippolito,Jim (Primary PI) 1170","Ippolito,Jim",Primary PI,1170,Ippolito,Jim,ippolito|j,TRUE,,,,FALSE
K000153294,2022,1170,Soil + Crop Sciences,FALSE,"Borch,Thomas (Co-PI) 1170","Borch,Thomas",Co-PI,1170,Borch,Thomas,borch|t,TRUE,,,,FALSE
K000153294,2022,1170,Soil + Crop Sciences,FALSE,"Kelly,Eugene F (Co-PI) 3001","Kelly,Eugene F",Co-PI,3001,Kelly,Eugene F,kelly|e,TRUE,,,,FALSE
K000153438,2022,1171,Animal Sciences,FALSE,"Pinedo,Pablo J (Primary PI) 1171","Pinedo,Pablo J",Primary PI,1171,Pinedo,Pablo J,pinedo|p,TRUE,,,,FALSE
K000153302,2022,1171,Animal Sciences,FALSE,"Narayanan Nair,Mahesh (Primary PI) 1171","Narayanan Nair,Mahesh",Primary PI,1171,Narayanan Nair,Mahesh,narayanan nair|m,TRUE,,,,FALSE
K000153348,2022,1170,Soil + Crop Sciences,FALSE,"Paustian,Keith H (Primary PI) 1170","Paustian,Keith H",Primary PI,1170,Paustian,Keith H,paustian|k,TRUE,,,,FALSE
K000153257,2022,1171,Animal Sciences,FALSE,"Narayanan Nair,Mahesh (Primary PI) 1171","Narayanan Nair,Mahesh",Primary PI,1171,Narayanan Nair,Mahesh,narayanan nair|m,TRUE,,,,FALSE
K000152973,2022,1170,Soil + Crop Sciences,FALSE,"Schipanski,Meagan Erin (Primary PI) 1170","Schipanski,Meagan Erin",Primary PI,1170,Schipanski,Meagan Erin,schipanski|m,TRUE,,,,FALSE
K000152973,2022,1170,Soil + Crop Sciences,FALSE,"Knapp,Alan Keith (Co-PI) 1878","Knapp,Alan Keith",Co-PI,1878,Knapp,Alan Keith,knapp|a,TRUE,,,,FALSE
K000153376,2022,1170,Soil + Crop Sciences,FALSE,"Melzer,Susan E (Primary PI) 1170","Melzer,Susan E",Primary PI,1170,Melzer,Susan E,melzer|s,TRUE,,,,FALSE
K000153155,2022,1171,Animal Sciences,FALSE,"Peters,Brittany Caitlin (Primary PI) 1171","Peters,Brittany Caitlin",Primary PI,1171,Peters,Brittany Caitlin,peters|b,TRUE,,,,FALSE
K000152824,2022,1171,Animal Sciences,FALSE,"Stackhouse-Lawson,Kimberly Rose (Primary PI) 1171","Stackhouse-Lawson,Kimberly Rose",Primary PI,1171,Stackhouse-Lawson,Kimberly Rose,stackhouse lawson|k,TRUE,,,,FALSE
K000152824,2022,1171,Animal Sciences,FALSE,"Engle,Terry E (Co-PI) 1171","Engle,Terry E",Co-PI,1171,Engle,Terry E,engle|t,TRUE,,,,FALSE
K000152824,2022,1171,Animal Sciences,FALSE,"Archibeque,Shawn (Co-PI) 1171","Archibeque,Shawn",Co-PI,1171,Archibeque,Shawn,archibeque|s,TRUE,,,,FALSE
K000152824,2022,1171,Animal Sciences,FALSE,"Thompson,Logan (Co-PI) 1171","Thompson,Logan",Co-PI,1171,Thompson,Logan,thompson|l,TRUE,,,,FALSE
K000152806,2022,1177,Agricultural Biology,FALSE,"Dayan,Franck E (Primary PI) 1177","Dayan,Franck E",Primary PI,1177,Dayan,Franck E,dayan|f,TRUE,,,,FALSE
K000152806,2022,1177,Agricultural Biology,FALSE,"Rigon,Carlos Alberto Gonsiorkiewicz (Co-PI) 1177","Rigon,Carlos Alberto Gonsiorkiewicz",Co-PI,1177,Rigon,Carlos Alberto Gonsiorkiewicz,rigon|c,TRUE,,,,FALSE
K000152806,2022,1177,Agricultural Biology,FALSE,"Gaines,Todd A (Co-PI) 1177","Gaines,Todd A",Co-PI,1177,Gaines,Todd A,gaines|t,TRUE,,,,FALSE
K000153220,2022,1177,Agricultural Biology,FALSE,"Nalam,Vamsi (Primary PI) 1177","Nalam,Vamsi",Primary PI,1177,Nalam,Vamsi,nalam|v,TRUE,,,,FALSE
K000153236,2022,1170,Soil + Crop Sciences,FALSE,"Kremen,Amy E (Primary PI) 1170","Kremen,Amy E",Primary PI,1170,Kremen,Amy E,kremen|a,TRUE,,,,FALSE
K000153236,2022,1170,Soil + Crop Sciences,FALSE,"Schneekloth,Joel (Co-PI) 4020","Schneekloth,Joel",Co-PI,4020,Schneekloth,Joel,schneekloth|j,TRUE,,,,FALSE
K000153236,2022,1170,Soil + Crop Sciences,FALSE,"Manning,Dale Thomas (Co-PI) 1172","Manning,Dale Thomas",Co-PI,1172,Manning,Dale Thomas,manning|d,TRUE,Manning,Dale,ENRE,TRUE
K000153236,2022,1170,Soil + Crop Sciences,FALSE,"Schipanski,Meagan Erin (Co-PI) 1170","Schipanski,Meagan Erin",Co-PI,1170,Schipanski,Meagan Erin,schipanski|m,TRUE,,,,FALSE
K000152711,2022,1170,Soil + Crop Sciences,FALSE,"Cotrufo,Maria Francesca (Primary PI) 1170","Cotrufo,Maria Francesca",Primary PI,1170,Cotrufo,Maria Francesca,cotrufo|m,TRUE,,,,FALSE
K000152711,2022,1170,Soil + Crop Sciences,FALSE,"Ogle,Stephen M (Co-PI) 1476","Ogle,Stephen M",Co-PI,1476,Ogle,Stephen M,ogle|s,TRUE,,,,FALSE
K000152711,2022,1170,Soil + Crop Sciences,FALSE,"Zhang,Yao (Co-PI) 1499","Zhang,Yao",Co-PI,1499,Zhang,Yao,zhang|y,TRUE,,,,FALSE
K000152711,2022,1170,Soil + Crop Sciences,FALSE,"Paustian,Keith H (Co-PI) 1170","Paustian,Keith H",Co-PI,1170,Paustian,Keith H,paustian|k,TRUE,,,,FALSE
K000153065,2022,1177,Agricultural Biology,FALSE,"Roberts,Robyn (Primary PI) 1177","Roberts,Robyn",Primary PI,1177,Roberts,Robyn,roberts|r,TRUE,,,,FALSE
K000153118,2022,1171,Animal Sciences,FALSE,"Stackhouse-Lawson,Kimberly Rose (Primary PI) 1171","Stackhouse-Lawson,Kimberly Rose",Primary PI,1171,Stackhouse-Lawson,Kimberly Rose,stackhouse lawson|k,TRUE,,,,FALSE
K000153090,2022,1172,Agricultural + Resource Economics,TRUE,"Burkhardt,Jesse Brodie (Primary PI) 1172","Burkhardt,Jesse Brodie",Primary PI,1172,Burkhardt,Jesse Brodie,burkhardt|j,TRUE,Burkhardt,Jesse,ENRE,TRUE
K000153037,2022,1171,Animal Sciences,FALSE,"Engle,Terry E (Primary PI) 1171","Engle,Terry E",Primary PI,1171,Engle,Terry E,engle|t,TRUE,,,,FALSE
K000153037,2022,1171,Animal Sciences,FALSE,"Edwards-Callaway,Lily Nowell (Co-PI) 1171","Edwards-Callaway,Lily Nowell",Co-PI,1171,Edwards-Callaway,Lily Nowell,edwards callaway|l,TRUE,,,,FALSE
K000153037,2022,1171,Animal Sciences,FALSE,"Stackhouse-Lawson,Kimberly Rose (Co-PI) 1171","Stackhouse-Lawson,Kimberly Rose",Co-PI,1171,Stackhouse-Lawson,Kimberly Rose,stackhouse lawson|k,TRUE,,,,FALSE
K000153170,2022,1177,Agricultural Biology,FALSE,"Stewart,Jane E (Primary PI) 1177","Stewart,Jane E",Primary PI,1177,Stewart,Jane E,stewart|j,TRUE,,,,FALSE
K000153170,2022,1177,Agricultural Biology,FALSE,"Ibarra Caballero,Jorge Rafael (Co-PI) 1177","Ibarra Caballero,Jorge Rafael",Co-PI,1177,Ibarra Caballero,Jorge Rafael,ibarra caballero|j,TRUE,,,,FALSE
K000153148,2022,1177,Agricultural Biology,FALSE,"Trivedi,Pankaj (Primary PI) 1177","Trivedi,Pankaj",Primary PI,1177,Trivedi,Pankaj,trivedi|p,TRUE,,,,FALSE
K000152536,2022,1177,Agricultural Biology,FALSE,"Dayan,Franck E (Primary PI) 1177","Dayan,Franck E",Primary PI,1177,Dayan,Franck E,dayan|f,TRUE,,,,FALSE
K000152536,2022,1177,Agricultural Biology,FALSE,"Rigon,Carlos Alberto Gonsiorkiewicz (Co-PI) 1177","Rigon,Carlos Alberto Gonsiorkiewicz",Co-PI,1177,Rigon,Carlos Alberto Gonsiorkiewicz,rigon|c,TRUE,,,,FALSE
K000152536,2022,1177,Agricultural Biology,FALSE,"Gaines,Todd A (Co-PI) 1177","Gaines,Todd A",Co-PI,1177,Gaines,Todd A,gaines|t,TRUE,,,,FALSE
K000153059,2022,1170,Soil + Crop Sciences,FALSE,"Martin,Timothy (Primary PI) 1170","Martin,Timothy",Primary PI,1170,Martin,Timothy,martin|t,TRUE,,,,FALSE
K000153059,2022,1170,Soil + Crop Sciences,FALSE,"Kremen,Amy E (Co-PI) 1170","Kremen,Amy E",Co-PI,1170,Kremen,Amy E,kremen|a,TRUE,,,,FALSE
K000153059,2022,1170,Soil + Crop Sciences,FALSE,"Schulte,Darin K (Co-PI) 1499","Schulte,Darin K",Co-PI,1499,Schulte,Darin K,schulte|d,TRUE,,,,FALSE
K000152943,2022,1170,Soil + Crop Sciences,FALSE,"Morris,Geoffrey Preston (Primary PI) 1170","Morris,Geoffrey Preston",Primary PI,1170,Morris,Geoffrey Preston,morris|g,TRUE,,,,FALSE
K000152943,2022,1170,Soil + Crop Sciences,FALSE,"Raymundo Carhuapoma,Rubi Maribel (Co-PI) 1170","Raymundo Carhuapoma,Rubi Maribel",Co-PI,1170,Raymundo Carhuapoma,Rubi Maribel,raymundo carhuapoma|r,TRUE,,,,FALSE
K000152943,2022,1170,Soil + Crop Sciences,FALSE,"Mason,Richard Esten (Co-PI) 1170","Mason,Richard Esten",Co-PI,1170,Mason,Richard Esten,mason|r,TRUE,,,,FALSE
K000153098,2022,1171,Animal Sciences,FALSE,"Martin,Jennifer Nicole (Primary PI) 1171","Martin,Jennifer Nicole",Primary PI,1171,Martin,Jennifer Nicole,martin|j,TRUE,,,,FALSE
K000152753,2022,1170,Soil + Crop Sciences,FALSE,"Wardle,Erik M (Primary PI) 1170","Wardle,Erik M",Primary PI,1170,Wardle,Erik M,wardle|e,TRUE,,,,FALSE
K000152753,2022,1170,Soil + Crop Sciences,FALSE,"Bauder,Troy A (Co-PI) 3001","Bauder,Troy A",Co-PI,3001,Bauder,Troy A,bauder|t,TRUE,,,,FALSE
K000152616,2022,1171,Animal Sciences,FALSE,"Speidel,Scott E (Primary PI) 1171","Speidel,Scott E",Primary PI,1171,Speidel,Scott E,speidel|s,TRUE,,,,FALSE
K000152616,2022,1171,Animal Sciences,FALSE,"Thomas,Milton (Co-PI) 1171","Thomas,Milton",Co-PI,1171,Thomas,Milton,thomas|m,TRUE,,,,FALSE
K000152616,2022,1171,Animal Sciences,FALSE,"Enns,Richard Mark (Co-PI) 1171","Enns,Richard Mark",Co-PI,1171,Enns,Richard Mark,enns|r,TRUE,,,,FALSE
K000152425,2022,1172,Agricultural + Resource Economics,TRUE,"Jablonski,Rebecca BR (Primary PI) 1172","Jablonski,Rebecca BR",Primary PI,1172,Jablonski,Rebecca BR,jablonski|b,TRUE,Jablonski,Becca,Ag and Food,TRUE
K000152425,2022,1172,Agricultural + Resource Economics,TRUE,"Ritchie,Michele L (Co-PI) 4020","Ritchie,Michele L",Co-PI,4020,Ritchie,Michele L,ritchie|m,TRUE,,,,FALSE
K000152425,2022,1172,Agricultural + Resource Economics,TRUE,"Kelly,Eugene F (Co-PI) 3001","Kelly,Eugene F",Co-PI,3001,Kelly,Eugene F,kelly|e,TRUE,,,,FALSE
K000152425,2022,1172,Agricultural + Resource Economics,TRUE,"Sullins,Martha J (Co-PI) 4010","Sullins,Martha J",Co-PI,4010,Sullins,Martha J,sullins|m,TRUE,,,,FALSE
K000152605,2022,1170,Soil + Crop Sciences,FALSE,"Ippolito,Jim (Primary PI) 1170","Ippolito,Jim",Primary PI,1170,Ippolito,Jim,ippolito|j,TRUE,,,,FALSE
K000152605,2022,1170,Soil + Crop Sciences,FALSE,"Hale,James W (Co-PI) 1784","Hale,James W",Co-PI,1784,Hale,James W,hale|j,TRUE,,,,FALSE
K000152605,2022,1170,Soil + Crop Sciences,FALSE,"Carolan,Michael S (Co-PI) 1784","Carolan,Michael S",Co-PI,1784,Carolan,Michael S,carolan|m,TRUE,,,,FALSE
K000152605,2022,1170,Soil + Crop Sciences,FALSE,"Jacobsen,Jaime L (Co-PI) 1785","Jacobsen,Jaime L",Co-PI,1785,Jacobsen,Jaime L,jacobsen|j,TRUE,,,,FALSE
K000152605,2022,1170,Soil + Crop Sciences,FALSE,"Young,Roy Brent (Co-PI) 4020","Young,Roy Brent",Co-PI,4020,Young,Roy Brent,young|r,TRUE,,,,FALSE
K000152605,2022,1170,Soil + Crop Sciences,FALSE,"Beiermann,Jenny (Key Person) 4030","Beiermann,Jenny",Key Person,4030,Beiermann,Jenny,beiermann|j,TRUE,,,,FALSE
K000152605,2022,1170,Soil + Crop Sciences,FALSE,"Tranel,Jeffrey E (Key Person) 4020","Tranel,Jeffrey E",Key Person,4020,Tranel,Jeffrey E,tranel|j,TRUE,,,,FALSE
K000153021,2022,1177,Agricultural Biology,FALSE,"Tembrock,Luke R (Primary PI) 1177","Tembrock,Luke R",Primary PI,1177,Tembrock,Luke R,tembrock|l,TRUE,,,,FALSE
K000152833,2022,1171,Animal Sciences,FALSE,"Dillon,Jasmine Ashley (Primary PI) 1171","Dillon,Jasmine Ashley",Primary PI,1171,Dillon,Jasmine Ashley,dillon|j,TRUE,,,,FALSE
K000152833,2022,1171,Animal Sciences,FALSE,"Stackhouse-Lawson,Kimberly Rose (Co-PI) 1171","Stackhouse-Lawson,Kimberly Rose",Co-PI,1171,Stackhouse-Lawson,Kimberly Rose,stackhouse lawson|k,TRUE,,,,FALSE
K000153043,2022,1170,Soil + Crop Sciences,FALSE,"Morris,Geoffrey Preston (Primary PI) 1170","Morris,Geoffrey Preston",Primary PI,1170,Morris,Geoffrey Preston,morris|g,TRUE,,,,FALSE
K000152843,2022,1171,Animal Sciences,FALSE,"Jablonski,Kevin E (Primary PI) 1171","Jablonski,Kevin E",Primary PI,1171,Jablonski,Kevin E,jablonski|k,TRUE,,,,FALSE
K000152843,2022,1171,Animal Sciences,FALSE,"Courkamp,Jacob S (Co-PI) 1472","Courkamp,Jacob S",Co-PI,1472,Courkamp,Jacob S,courkamp|j,TRUE,,,,FALSE
K000152952,2022,1177,Agricultural Biology,FALSE,"Tembrock,Luke R (Primary PI) 1177","Tembrock,Luke R",Primary PI,1177,Tembrock,Luke R,tembrock|l,TRUE,,,,FALSE
K000152952,2022,1177,Agricultural Biology,FALSE,"Zink,Frida Anna (Co-PI) 1177","Zink,Frida Anna",Co-PI,1177,Zink,Frida Anna,zink|f,TRUE,,,,FALSE
K000152952,2022,1177,Agricultural Biology,FALSE,"Timm,Alicia Eva (Co-PI) 1177","Timm,Alicia Eva",Co-PI,1177,Timm,Alicia Eva,timm|a,TRUE,,,,FALSE
K000152224,2022,1171,Animal Sciences,FALSE,"Stackhouse-Lawson,Kimberly Rose (Primary PI) 1171","Stackhouse-Lawson,Kimberly Rose",Primary PI,1171,Stackhouse-Lawson,Kimberly Rose,stackhouse lawson|k,TRUE,,,,FALSE
K000152224,2022,1171,Animal Sciences,FALSE,"Edwards-Callaway,Lily Nowell (Co-PI) 1171","Edwards-Callaway,Lily Nowell",Co-PI,1171,Edwards-Callaway,Lily Nowell,edwards callaway|l,TRUE,,,,FALSE
K000152224,2022,1171,Animal Sciences,FALSE,"Taylor,Travis (Co-PI) 4020","Taylor,Travis",Co-PI,4020,Taylor,Travis,taylor|t,TRUE,,,,FALSE
K000152224,2022,1171,Animal Sciences,FALSE,"Overlin,Anne (Co-PI) 4020","Overlin,Anne",Co-PI,4020,Overlin,Anne,overlin|a,TRUE,,,,FALSE
K000152224,2022,1171,Animal Sciences,FALSE,"Sheehan,John Joseph (Co-PI) 1370","Sheehan,John Joseph",Co-PI,1370,Sheehan,John Joseph,sheehan|j,TRUE,,,,FALSE
K000152224,2022,1171,Animal Sciences,FALSE,"Jablonski,Kevin E (Co-PI) 1171","Jablonski,Kevin E",Co-PI,1171,Jablonski,Kevin E,jablonski|k,TRUE,,,,FALSE
K000152224,2022,1171,Animal Sciences,FALSE,Thompson,,,,,,,FALSE,,,,FALSE
K000152810,2022,1173,Horticulture + Landscape Architecture,FALSE,"Craver,Joshua Ken (Primary PI) 1173","Craver,Joshua Ken",Primary PI,1173,Craver,Joshua Ken,craver|j,TRUE,,,,FALSE
K000152856,2022,1171,Animal Sciences,FALSE,"Narayanan Nair,Mahesh (Primary PI) 1171","Narayanan Nair,Mahesh",Primary PI,1171,Narayanan Nair,Mahesh,narayanan nair|m,TRUE,,,,FALSE
K000152856,2022,1171,Animal Sciences,FALSE,"Geornaras,Ifigenia (Key Person) 1171","Geornaras,Ifigenia",Key Person,1171,Geornaras,Ifigenia,geornaras|i,TRUE,,,,FALSE
K000152242,2022,1171,Animal Sciences,FALSE,"Metcalf,Jessica Lynne (Primary PI) 1171","Metcalf,Jessica Lynne",Primary PI,1171,Metcalf,Jessica Lynne,metcalf|j,TRUE,,,,FALSE
K000152242,2022,1171,Animal Sciences,FALSE,"Ben-Hur,Asa (Co-PI) 1873","Ben-Hur,Asa",Co-PI,1873,Ben-Hur,Asa,ben hur|a,TRUE,,,,FALSE
K000152813,2022,1171,Animal Sciences,FALSE,"Pinedo,Pablo J (Primary PI) 1171","Pinedo,Pablo J",Primary PI,1171,Pinedo,Pablo J,pinedo|p,TRUE,,,,FALSE
K000152813,2022,1171,Animal Sciences,FALSE,"Metcalf,Jessica Lynne (Co-PI) 1171","Metcalf,Jessica Lynne",Co-PI,1171,Metcalf,Jessica Lynne,metcalf|j,TRUE,,,,FALSE
K000152706,2022,1177,Agricultural Biology,FALSE,"Jahn,Courtney Elaine (Primary PI) 1177","Jahn,Courtney Elaine",Primary PI,1177,Jahn,Courtney Elaine,jahn|c,TRUE,,,,FALSE
K000152745,2022,1170,Soil + Crop Sciences,FALSE,"Brummer,Joe E (Primary PI) 1170","Brummer,Joe E",Primary PI,1170,Brummer,Joe E,brummer|j,TRUE,,,,FALSE
K000152770,2022,1172,Agricultural + Resource Economics,TRUE,"Brislen,Lilian (Primary PI) 1172","Brislen,Lilian",Primary PI,1172,Brislen,Lilian,brislen|l,TRUE,,,,FALSE
K000152644,2022,1170,Soil + Crop Sciences,FALSE,"Wrighton,Kelly Catherine (Primary PI) 1170","Wrighton,Kelly Catherine",Primary PI,1170,Wrighton,Kelly Catherine,wrighton|k,TRUE,,,,FALSE
K000152767,2022,1177,Agricultural Biology,FALSE,"Ode,Paul James (Primary PI) 1177","Ode,Paul James",Primary PI,1177,Ode,Paul James,ode|p,TRUE,,,,FALSE
K000152807,2022,1177,Agricultural Biology,FALSE,"Fulladolsa Palma,Ana Cristina (Primary PI) 1177","Fulladolsa Palma,Ana Cristina",Primary PI,1177,Fulladolsa Palma,Ana Cristina,fulladolsa palma|a,TRUE,,,,FALSE
K000150893,2022,1171,Animal Sciences,FALSE,"Daurio,Daniel Adam (Primary PI) 1171","Daurio,Daniel Adam",Primary PI,1171,Daurio,Daniel Adam,daurio|d,TRUE,,,,FALSE
K000152206,2022,1171,Animal Sciences,FALSE,"Narayanan Nair,Mahesh (Primary PI) 1171","Narayanan Nair,Mahesh",Primary PI,1171,Narayanan Nair,Mahesh,narayanan nair|m,TRUE,,,,FALSE
K000152206,2022,1171,Animal Sciences,FALSE,"Rhoades,Ryan Douglas (Co-PI) 1171","Rhoades,Ryan Douglas",Co-PI,1171,Rhoades,Ryan Douglas,rhoades|r,TRUE,,,,FALSE
K000152206,2022,1171,Animal Sciences,FALSE,"Morgan,James Brad (Co-PI) 1171","Morgan,James Brad",Co-PI,1171,Morgan,James Brad,morgan|j,TRUE,,,,FALSE
K000152427,2022,1171,Animal Sciences,FALSE,"Cramer,Mary Caitlin (Primary PI) 1171","Cramer,Mary Caitlin",Primary PI,1171,Cramer,Mary Caitlin,cramer|m,TRUE,,,,FALSE
K000152427,2022,1171,Animal Sciences,FALSE,"Stallones,Lorann (Key Person) 1876","Stallones,Lorann",Key Person,1876,Stallones,Lorann,stallones|l,TRUE,,,,FALSE
K000152427,2022,1171,Animal Sciences,FALSE,"Edwards-Callaway,Lily Nowell (Key Person) 1171","Edwards-Callaway,Lily Nowell",Key Person,1171,Edwards-Callaway,Lily Nowell,edwards callaway|l,TRUE,,,,FALSE
K000152427,2022,1171,Animal Sciences,FALSE,"Roman-Muniz,Ivette Noami (Key Person) 1171","Roman-Muniz,Ivette Noami",Key Person,1171,Roman-Muniz,Ivette Noami,roman muniz|i,TRUE,,,,FALSE
K000152716,2022,1172,Agricultural + Resource Economics,TRUE,"Suter,Jordan (Primary PI) 1172","Suter,Jordan",Primary PI,1172,Suter,Jordan,suter|j,TRUE,Suter,Jordan,ENRE,TRUE
K000151878,2022,1173,Horticulture + Landscape Architecture,FALSE,"Uchanski,Mark E (Primary PI) 1173","Uchanski,Mark E",Primary PI,1173,Uchanski,Mark E,uchanski|m,TRUE,,,,FALSE
K000151878,2022,1173,Horticulture + Landscape Architecture,FALSE,"Davey,Jane (Co-PI) 1173","Davey,Jane",Co-PI,1173,Davey,Jane,davey|j,TRUE,,,,FALSE
K000151875,2022,1173,Horticulture + Landscape Architecture,FALSE,"Minas,Ioannis (Primary PI) 1173","Minas,Ioannis",Primary PI,1173,Minas,Ioannis,minas|i,TRUE,,,,FALSE
K000151875,2022,1173,Horticulture + Landscape Architecture,FALSE,"Sterle,David Gabriel (Key Person) 3046","Sterle,David Gabriel",Key Person,3046,Sterle,David Gabriel,sterle|d,TRUE,,,,FALSE
K000152730,2022,1171,Animal Sciences,FALSE,"Stackhouse-Lawson,Kimberly Rose (Primary PI) 1171","Stackhouse-Lawson,Kimberly Rose",Primary PI,1171,Stackhouse-Lawson,Kimberly Rose,stackhouse lawson|k,TRUE,,,,FALSE
K000151709,2022,1170,Soil + Crop Sciences,FALSE,"Wardle,Erik M (Primary PI) 1170","Wardle,Erik M",Primary PI,1170,Wardle,Erik M,wardle|e,TRUE,,,,FALSE
K000151709,2022,1170,Soil + Crop Sciences,FALSE,"Brown,Ansley Joseph (Co-PI) 1170","Brown,Ansley Joseph",Co-PI,1170,Brown,Ansley Joseph,brown|a,TRUE,,,,FALSE
K000152515,2022,1177,Agricultural Biology,FALSE,"Nachappa,Punya (Primary PI) 1177","Nachappa,Punya",Primary PI,1177,Nachappa,Punya,nachappa|p,TRUE,,,,FALSE
K000152515,2022,1177,Agricultural Biology,FALSE,"Khakhar,Arjun (Co-PI) 1878","Khakhar,Arjun",Co-PI,1878,Khakhar,Arjun,khakhar|a,TRUE,,,,FALSE
K000152515,2022,1177,Agricultural Biology,FALSE,"McKay,John K (Co-PI) 1177","McKay,John K",Co-PI,1177,McKay,John K,mckay|j,TRUE,,,,FALSE
K000152516,2022,1172,Agricultural + Resource Economics,TRUE,"Hill,Alexandra E (Primary PI) 1172","Hill,Alexandra E",Primary PI,1172,Hill,Alexandra E,hill|a,TRUE,Hill,Alexandra,Ag and Food,TRUE
K000152516,2022,1172,Agricultural + Resource Economics,TRUE,"Thilmany,Dawn D (Co-PI) 1172","Thilmany,Dawn D",Co-PI,1172,Thilmany,Dawn D,thilmany|d,TRUE,Thilmany,Dawn,Ag and Food,TRUE
K000152243,2022,1170,Soil + Crop Sciences,FALSE,"Ippolito,Jim (Primary PI) 1170","Ippolito,Jim",Primary PI,1170,Ippolito,Jim,ippolito|j,TRUE,,,,FALSE
K000152243,2022,1170,Soil + Crop Sciences,FALSE,"Goldhamer,Daniel Arthur (Co-PI) 4010","Goldhamer,Daniel Arthur",Co-PI,4010,Goldhamer,Daniel Arthur,goldhamer|d,TRUE,,,,FALSE
K000152243,2022,1170,Soil + Crop Sciences,FALSE,"Blecker,Steven (Co-PI) 3001","Blecker,Steven",Co-PI,3001,Blecker,Steven,blecker|s,TRUE,,,,FALSE
K000152243,2022,1170,Soil + Crop Sciences,FALSE,"Hale,James W (Co-PI) 1784","Hale,James W",Co-PI,1784,Hale,James W,hale|j,TRUE,,,,FALSE
K000152243,2022,1170,Soil + Crop Sciences,FALSE,"Carolan,Michael S (Co-PI) 1784","Carolan,Michael S",Co-PI,1784,Carolan,Michael S,carolan|m,TRUE,,,,FALSE
K000152243,2022,1170,Soil + Crop Sciences,FALSE,"Machmuller,Megan B (Co-PI) 1170","Machmuller,Megan B",Co-PI,1170,Machmuller,Megan B,machmuller|m,TRUE,,,,FALSE
K000152654,2022,1177,Agricultural Biology,FALSE,"Tembrock,Luke R (Primary PI) 1177","Tembrock,Luke R",Primary PI,1177,Tembrock,Luke R,tembrock|l,TRUE,,,,FALSE
K000152598,2022,1177,Agricultural Biology,FALSE,"Nalam,Vamsi (Primary PI) 1177","Nalam,Vamsi",Primary PI,1177,Nalam,Vamsi,nalam|v,TRUE,,,,FALSE
K000152597,2022,1171,Animal Sciences,FALSE,"Narayanan Nair,Mahesh (Primary PI) 1171","Narayanan Nair,Mahesh",Primary PI,1171,Narayanan Nair,Mahesh,narayanan nair|m,TRUE,,,,FALSE
K000152597,2022,1171,Animal Sciences,FALSE,"Delmore,Robert J (Co-PI) 1171","Delmore,Robert J",Co-PI,1171,Delmore,Robert J,delmore|r,TRUE,,,,FALSE
K000152597,2022,1171,Animal Sciences,FALSE,"Geornaras,Ifigenia (Co-PI) 1171","Geornaras,Ifigenia",Co-PI,1171,Geornaras,Ifigenia,geornaras|i,TRUE,,,,FALSE
K000152146,2022,1170,Soil + Crop Sciences,FALSE,"Zelikova,Tamara J (Primary PI) 1170","Zelikova,Tamara J",Primary PI,1170,Zelikova,Tamara J,zelikova|t,TRUE,,,,FALSE
K000152146,2022,1170,Soil + Crop Sciences,FALSE,"Zhang,Yao (Co-PI) 1499","Zhang,Yao",Co-PI,1499,Zhang,Yao,zhang|y,TRUE,,,,FALSE
K000152146,2022,1170,Soil + Crop Sciences,FALSE,"Manning,Dale Thomas (Co-PI) 1172","Manning,Dale Thomas",Co-PI,1172,Manning,Dale Thomas,manning|d,TRUE,Manning,Dale,ENRE,TRUE
K000152146,2022,1170,Soil + Crop Sciences,FALSE,"Machmuller,Megan B (Co-PI) 1170","Machmuller,Megan B",Co-PI,1170,Machmuller,Megan B,machmuller|m,TRUE,,,,FALSE
K000152146,2022,1170,Soil + Crop Sciences,FALSE,"Paustian,Keith H (Co-PI) 1170","Paustian,Keith H",Co-PI,1170,Paustian,Keith H,paustian|k,TRUE,,,,FALSE
K000152146,2022,1170,Soil + Crop Sciences,FALSE,"Cotrufo,Maria Francesca (Co-PI) 1170","Cotrufo,Maria Francesca",Co-PI,1170,Cotrufo,Maria Francesca,cotrufo|m,TRUE,,,,FALSE
K000151884,2022,1170,Soil + Crop Sciences,FALSE,"Wrighton,Kelly Catherine (Primary PI) 1170","Wrighton,Kelly Catherine",Primary PI,1170,Wrighton,Kelly Catherine,wrighton|k,TRUE,,,,FALSE
K000151884,2022,1170,Soil + Crop Sciences,FALSE,"Borton,Mikayla Ann (Co-PI) 1170","Borton,Mikayla Ann",Co-PI,1170,Borton,Mikayla Ann,borton|m,TRUE,,,,FALSE
K000151884,2022,1170,Soil + Crop Sciences,FALSE,"Wilkins,Michael James (Co-PI) 1170","Wilkins,Michael James",Co-PI,1170,Wilkins,Michael James,wilkins|m,TRUE,,,,FALSE
K000152699,2022,1177,Agricultural Biology,FALSE,"Timm,Alicia Eva (Primary PI) 1177","Timm,Alicia Eva",Primary PI,1177,Timm,Alicia Eva,timm|a,TRUE,,,,FALSE
K000152433,2022,1177,Agricultural Biology,FALSE,"Dayan,Franck E (Primary PI) 1177","Dayan,Franck E",Primary PI,1177,Dayan,Franck E,dayan|f,TRUE,,,,FALSE
K000152705,2022,1177,Agricultural Biology,FALSE,"McKay,John K (Primary PI) 1177","McKay,John K",Primary PI,1177,McKay,John K,mckay|j,TRUE,,,,FALSE
K000152544,2022,1172,Agricultural + Resource Economics,TRUE,"Manning,Dale Thomas (Primary PI) 1172","Manning,Dale Thomas",Primary PI,1172,Manning,Dale Thomas,manning|d,TRUE,Manning,Dale,ENRE,TRUE
K000152199,2022,1170,Soil + Crop Sciences,FALSE,"Zhang,Yao (Primary PI) 1499","Zhang,Yao",Primary PI,1499,Zhang,Yao,zhang|y,TRUE,,,,FALSE
K000152199,2022,1170,Soil + Crop Sciences,FALSE,"Cotrufo,Maria Francesca (Co-PI) 1170","Cotrufo,Maria Francesca",Co-PI,1170,Cotrufo,Maria Francesca,cotrufo|m,TRUE,,,,FALSE
K000152199,2022,1170,Soil + Crop Sciences,FALSE,"Paustian,Keith H (Co-PI) 1170","Paustian,Keith H",Co-PI,1170,Paustian,Keith H,paustian|k,TRUE,,,,FALSE
K000152552,2022,1170,Soil + Crop Sciences,FALSE,"Paustian,Keith H (Primary PI) 1170","Paustian,Keith H",Primary PI,1170,Paustian,Keith H,paustian|k,TRUE,,,,FALSE
K000152552,2022,1170,Soil + Crop Sciences,FALSE,"Manning,Dale Thomas (Co-PI) 1172","Manning,Dale Thomas",Co-PI,1172,Manning,Dale Thomas,manning|d,TRUE,Manning,Dale,ENRE,TRUE
K000151846,2022,1177,Agricultural Biology,FALSE,"Nachappa,Punya (Primary PI) 1177","Nachappa,Punya",Primary PI,1177,Nachappa,Punya,nachappa|p,TRUE,,,,FALSE
K000151846,2022,1177,Agricultural Biology,FALSE,"Trivedi,Chanda (Co-PI) 3001","Trivedi,Chanda",Co-PI,3001,Trivedi,Chanda,trivedi|c,TRUE,,,,FALSE
K000151846,2022,1177,Agricultural Biology,FALSE,"Uchanski,Mark E (Co-PI) 1173","Uchanski,Mark E",Co-PI,1173,Uchanski,Mark E,uchanski|m,TRUE,,,,FALSE
K000151846,2022,1177,Agricultural Biology,FALSE,"Prenni,Jessica E (Co-PI) 1173","Prenni,Jessica E",Co-PI,1173,Prenni,Jessica E,prenni|j,TRUE,,,,FALSE
K000151846,2022,1177,Agricultural Biology,FALSE,"Szczepaniec,Adrianna (Co-PI) 1177","Szczepaniec,Adrianna",Co-PI,1177,Szczepaniec,Adrianna,szczepaniec|a,TRUE,,,,FALSE
K000152557,2022,1170,Soil + Crop Sciences,FALSE,"Jones-Diamond,Sally Marie (Primary PI) 1170","Jones-Diamond,Sally Marie",Primary PI,1170,Jones-Diamond,Sally Marie,jones diamond|s,TRUE,,,,FALSE
K000152495,2022,1177,Agricultural Biology,FALSE,"Stewart,Jane E (Primary PI) 1177","Stewart,Jane E",Primary PI,1177,Stewart,Jane E,stewart|j,TRUE,,,,FALSE
K000152369,2022,1173,Horticulture + Landscape Architecture,FALSE,"Uchanski,Mark E (Primary PI) 1173","Uchanski,Mark E",Primary PI,1173,Uchanski,Mark E,uchanski|m,TRUE,,,,FALSE
K000152563,2022,1171,Animal Sciences,FALSE,"Stackhouse-Lawson,Kimberly Rose (Primary PI) 1171","Stackhouse-Lawson,Kimberly Rose",Primary PI,1171,Stackhouse-Lawson,Kimberly Rose,stackhouse lawson|k,TRUE,,,,FALSE
K000152090,2022,1172,Agricultural + Resource Economics,TRUE,"Thilmany,Dawn D (Primary PI) 1172","Thilmany,Dawn D",Primary PI,1172,Thilmany,Dawn D,thilmany|d,TRUE,Thilmany,Dawn,Ag and Food,TRUE
K000152086,2022,1170,Soil + Crop Sciences,FALSE,"Zelikova,Tamara J (Primary PI) 1170","Zelikova,Tamara J",Primary PI,1170,Zelikova,Tamara J,zelikova|t,TRUE,,,,FALSE
K000152086,2022,1170,Soil + Crop Sciences,FALSE,"Paustian,Keith H (Co-PI) 1170","Paustian,Keith H",Co-PI,1170,Paustian,Keith H,paustian|k,TRUE,,,,FALSE
K000152578,2022,1170,Soil + Crop Sciences,FALSE,"Paustian,Keith H (Primary PI) 1170","Paustian,Keith H",Primary PI,1170,Paustian,Keith H,paustian|k,TRUE,,,,FALSE
K000152528,2022,1172,Agricultural + Resource Economics,TRUE,"Graff,Gregory D (Primary PI) 1172","Graff,Gregory D",Primary PI,1172,Graff,Gregory D,graff|g,TRUE,Graff,Gregory,Ag and Food,TRUE
K000152201,2022,1171,Animal Sciences,FALSE,"Peters,Brittany Caitlin (Primary PI) 1171","Peters,Brittany Caitlin",Primary PI,1171,Peters,Brittany Caitlin,peters|b,TRUE,,,,FALSE
K000152459,2022,1172,Agricultural + Resource Economics,TRUE,"Thilmany,Dawn D (Primary PI) 1172","Thilmany,Dawn D",Primary PI,1172,Thilmany,Dawn D,thilmany|d,TRUE,Thilmany,Dawn,Ag and Food,TRUE
K000152308,2022,1170,Soil + Crop Sciences,FALSE,"Fonte,Steven John (Primary PI) 1170","Fonte,Steven John",Primary PI,1170,Fonte,Steven John,fonte|s,TRUE,,,,FALSE
K000152308,2022,1170,Soil + Crop Sciences,FALSE,"Vanek,Steven John (Co-PI) 1170","Vanek,Steven John",Co-PI,1170,Vanek,Steven John,vanek|s,TRUE,,,,FALSE
K000152066,2022,1172,Agricultural + Resource Economics,TRUE,"Cleary,Rebecca Leigh Osborne (Primary PI) 1172","Cleary,Rebecca Leigh Osborne",Primary PI,1172,Cleary,Rebecca Leigh Osborne,cleary|r,TRUE,Cleary,Rebecca,Ag and Food,TRUE
K000152380,2022,1170,Soil + Crop Sciences,FALSE,"Ham,Jay M (Primary PI) 1170","Ham,Jay M",Primary PI,1170,Ham,Jay M,ham|j,TRUE,,,,FALSE
K000152368,2022,1177,Agricultural Biology,FALSE,"Nalam,Vamsi (Primary PI) 1177","Nalam,Vamsi",Primary PI,1177,Nalam,Vamsi,nalam|v,TRUE,,,,FALSE
K000152335,2022,1173,Horticulture + Landscape Architecture,FALSE,"Thompson,Henry J (Primary PI) 1173","Thompson,Henry J",Primary PI,1173,Thompson,Henry J,thompson|h,TRUE,,,,FALSE
K000152334,2022,1173,Horticulture + Landscape Architecture,FALSE,"Thompson,Henry J (Primary PI) 1173","Thompson,Henry J",Primary PI,1173,Thompson,Henry J,thompson|h,TRUE,,,,FALSE
K000152331,2022,1173,Horticulture + Landscape Architecture,FALSE,"Prenni,Jessica E (Primary PI) 1173","Prenni,Jessica E",Primary PI,1173,Prenni,Jessica E,prenni|j,TRUE,,,,FALSE
K000152168,2022,1177,Agricultural Biology,FALSE,"Ode,Paul James (Primary PI) 1177","Ode,Paul James",Primary PI,1177,Ode,Paul James,ode|p,TRUE,,,,FALSE
K000152097,2022,1177,Agricultural Biology,FALSE,"McKay,John K (Primary PI) 1177","McKay,John K",Primary PI,1177,McKay,John K,mckay|j,TRUE,,,,FALSE
K000152097,2022,1177,Agricultural Biology,FALSE,"Khakhar,Arjun (Co-PI) 1878","Khakhar,Arjun",Co-PI,1878,Khakhar,Arjun,khakhar|a,TRUE,,,,FALSE
K000152097,2022,1177,Agricultural Biology,FALSE,"Morris,Geoffrey Preston (Co-PI) 1170","Morris,Geoffrey Preston",Co-PI,1170,Morris,Geoffrey Preston,morris|g,TRUE,,,,FALSE
K000152097,2022,1177,Agricultural Biology,FALSE,"Mullen,Jack Leonard (Key Person) 1177","Mullen,Jack Leonard",Key Person,1177,Mullen,Jack Leonard,mullen|j,TRUE,,,,FALSE
K000151456,2022,1171,Animal Sciences,FALSE,"Pinedo,Pablo J (Primary PI) 1171","Pinedo,Pablo J",Primary PI,1171,Pinedo,Pablo J,pinedo|p,TRUE,,,,FALSE
K000152332,2022,1177,Agricultural Biology,FALSE,"Nachappa,Punya (Primary PI) 1177","Nachappa,Punya",Primary PI,1177,Nachappa,Punya,nachappa|p,TRUE,,,,FALSE
K000152255,2022,1172,Agricultural + Resource Economics,TRUE,"Jablonski,Rebecca BR (Primary PI) 1172","Jablonski,Rebecca BR",Primary PI,1172,Jablonski,Rebecca BR,jablonski|b,TRUE,Jablonski,Becca,Ag and Food,TRUE
K000152178,2022,1171,Animal Sciences,FALSE,"Bigler,Elizabeth Jaed (Primary PI) 1171","Bigler,Elizabeth Jaed",Primary PI,1171,Bigler,Elizabeth Jaed,bigler|e,TRUE,,,,FALSE
K000152178,2022,1171,Animal Sciences,FALSE,"Stinnett,Scott Charles (Key Person) 4020","Stinnett,Scott Charles",Key Person,4020,Stinnett,Scott Charles,stinnett|s,TRUE,,,,FALSE
K000152178,2022,1171,Animal Sciences,FALSE,"Taylor,Travis (Key Person) 4020","Taylor,Travis",Key Person,4020,Taylor,Travis,taylor|t,TRUE,,,,FALSE
K000152178,2022,1171,Animal Sciences,FALSE,"Edwards-Callaway,Lily Nowell (Key Person) 1171","Edwards-Callaway,Lily Nowell",Key Person,1171,Edwards-Callaway,Lily Nowell,edwards callaway|l,TRUE,,,,FALSE
K000152178,2022,1171,Animal Sciences,FALSE,"Ahola,Jason Kee (Key Person) 1171","Ahola,Jason Kee",Key Person,1171,Ahola,Jason Kee,ahola|j,TRUE,,,,FALSE
K000152157,2022,1170,Soil + Crop Sciences,FALSE,"Wrighton,Kelly Catherine (Primary PI) 1170","Wrighton,Kelly Catherine",Primary PI,1170,Wrighton,Kelly Catherine,wrighton|k,TRUE,,,,FALSE
K000152156,2022,1170,Soil + Crop Sciences,FALSE,"Wrighton,Kelly Catherine (Primary PI) 1170","Wrighton,Kelly Catherine",Primary PI,1170,Wrighton,Kelly Catherine,wrighton|k,TRUE,,,,FALSE
K000152176,2022,1171,Animal Sciences,FALSE,"Bigler,Elizabeth Jaed (Primary PI) 1171","Bigler,Elizabeth Jaed",Primary PI,1171,Bigler,Elizabeth Jaed,bigler|e,TRUE,,,,FALSE
K000152176,2022,1171,Animal Sciences,FALSE,"Edwards-Callaway,Lily Nowell (Key Person) 1171","Edwards-Callaway,Lily Nowell",Key Person,1171,Edwards-Callaway,Lily Nowell,edwards callaway|l,TRUE,,,,FALSE
K000152176,2022,1171,Animal Sciences,FALSE,"Ahola,Jason Kee (Key Person) 1171","Ahola,Jason Kee",Key Person,1171,Ahola,Jason Kee,ahola|j,TRUE,,,,FALSE
K000152176,2022,1171,Animal Sciences,FALSE,"Belk,Keith (Key Person) 1171","Belk,Keith",Key Person,1171,Belk,Keith,belk|k,TRUE,,,,FALSE
K000152152,2022,1171,Animal Sciences,FALSE,"Stackhouse-Lawson,Kimberly Rose (Primary PI) 1171","Stackhouse-Lawson,Kimberly Rose",Primary PI,1171,Stackhouse-Lawson,Kimberly Rose,stackhouse lawson|k,TRUE,,,,FALSE
K000152152,2022,1171,Animal Sciences,FALSE,"Archibeque,Shawn (Co-PI) 1171","Archibeque,Shawn",Co-PI,1171,Archibeque,Shawn,archibeque|s,TRUE,,,,FALSE
K000152152,2022,1171,Animal Sciences,FALSE,"Engle,Terry E (Co-PI) 1171","Engle,Terry E",Co-PI,1171,Engle,Terry E,engle|t,TRUE,,,,FALSE
K000152152,2022,1171,Animal Sciences,FALSE,"Thompson,Logan (Key Person) 1171","Thompson,Logan",Key Person,1171,Thompson,Logan,thompson|l,TRUE,,,,FALSE
K000152050,2022,1171,Animal Sciences,FALSE,"Enns,Richard Mark (Primary PI) 1171","Enns,Richard Mark",Primary PI,1171,Enns,Richard Mark,enns|r,TRUE,,,,FALSE
K000152050,2022,1171,Animal Sciences,FALSE,"Thompson,Logan (Co-PI) 1171","Thompson,Logan",Co-PI,1171,Thompson,Logan,thompson|l,TRUE,,,,FALSE
K000152050,2022,1171,Animal Sciences,FALSE,"Huffhines,Craig Prewitt (Key Person) 1171","Huffhines,Craig Prewitt",Key Person,1171,Huffhines,Craig Prewitt,huffhines|c,TRUE,,,,FALSE
K000152050,2022,1171,Animal Sciences,FALSE,"Thomas,Milton (Key Person) 1171","Thomas,Milton",Key Person,1171,Thomas,Milton,thomas|m,TRUE,,,,FALSE
K000152050,2022,1171,Animal Sciences,FALSE,"Stackhouse-Lawson,Kimberly Rose (Key Person) 1171","Stackhouse-Lawson,Kimberly Rose",Key Person,1171,Stackhouse-Lawson,Kimberly Rose,stackhouse lawson|k,TRUE,,,,FALSE
K000152050,2022,1171,Animal Sciences,FALSE,"Speidel,Scott E (Key Person) 1171","Speidel,Scott E",Key Person,1171,Speidel,Scott E,speidel|s,TRUE,,,,FALSE
K000152006,2022,1170,Soil + Crop Sciences,FALSE,"Jones-Diamond,Sally Marie (Primary PI) 1170","Jones-Diamond,Sally Marie",Primary PI,1170,Jones-Diamond,Sally Marie,jones diamond|s,TRUE,,,,FALSE
K000152005,2022,1170,Soil + Crop Sciences,FALSE,"Ogg,James Barry (Primary PI) 1170","Ogg,James Barry",Primary PI,1170,Ogg,James Barry,ogg|j,TRUE,,,,FALSE
K000152002,2022,1173,Horticulture + Landscape Architecture,FALSE,"Thompson,Henry J (Primary PI) 1173","Thompson,Henry J",Primary PI,1173,Thompson,Henry J,thompson|h,TRUE,,,,FALSE
K000151077,2022,1177,Agricultural Biology,FALSE,"McKay,John K (Primary PI) 1177","McKay,John K",Primary PI,1177,McKay,John K,mckay|j,TRUE,,,,FALSE
K000151077,2022,1177,Agricultural Biology,FALSE,"Cotrufo,Maria Francesca (Co-PI) 1170","Cotrufo,Maria Francesca",Co-PI,1170,Cotrufo,Maria Francesca,cotrufo|m,TRUE,,,,FALSE
K000151077,2022,1177,Agricultural Biology,FALSE,"Paustian,Keith H (Co-PI) 1170","Paustian,Keith H",Co-PI,1170,Paustian,Keith H,paustian|k,TRUE,,,,FALSE
K000152261,2022,1177,Agricultural Biology,FALSE,"Nalam,Vamsi (Primary PI) 1177","Nalam,Vamsi",Primary PI,1177,Nalam,Vamsi,nalam|v,TRUE,,,,FALSE
K000152259,2022,1177,Agricultural Biology,FALSE,"Nalam,Vamsi (Primary PI) 1177","Nalam,Vamsi",Primary PI,1177,Nalam,Vamsi,nalam|v,TRUE,,,,FALSE
K000152137,2022,1171,Animal Sciences,FALSE,"Stackhouse-Lawson,Kimberly Rose (Primary PI) 1171","Stackhouse-Lawson,Kimberly Rose",Primary PI,1171,Stackhouse-Lawson,Kimberly Rose,stackhouse lawson|k,TRUE,,,,FALSE
K000152137,2022,1171,Animal Sciences,FALSE,"Thompson,Logan (Co-PI) 1171","Thompson,Logan",Co-PI,1171,Thompson,Logan,thompson|l,TRUE,,,,FALSE
K000152089,2022,1170,Soil + Crop Sciences,FALSE,"Wilkins,Michael James (Primary PI) 1170","Wilkins,Michael James",Primary PI,1170,Wilkins,Michael James,wilkins|m,TRUE,,,,FALSE
K000152076,2022,1171,Animal Sciences,FALSE,"Metcalf,Jessica Lynne (Primary PI) 1171","Metcalf,Jessica Lynne",Primary PI,1171,Metcalf,Jessica Lynne,metcalf|j,TRUE,,,,FALSE
K000152076,2022,1171,Animal Sciences,FALSE,"Cramer,Mary Caitlin (Co-PI) 1171","Cramer,Mary Caitlin",Co-PI,1171,Cramer,Mary Caitlin,cramer|m,TRUE,,,,FALSE
K000152131,2022,1173,Horticulture + Landscape Architecture,FALSE,"Minas,Ioannis (Primary PI) 1173","Minas,Ioannis",Primary PI,1173,Minas,Ioannis,minas|i,TRUE,,,,FALSE
K000152105,2022,1177,Agricultural Biology,FALSE,"Trivedi,Pankaj (Primary PI) 1177","Trivedi,Pankaj",Primary PI,1177,Trivedi,Pankaj,trivedi|p,TRUE,,,,FALSE
K000152104,2022,1177,Agricultural Biology,FALSE,"Trivedi,Pankaj (Primary PI) 1177","Trivedi,Pankaj",Primary PI,1177,Trivedi,Pankaj,trivedi|p,TRUE,,,,FALSE
K000151959,2022,1177,Agricultural Biology,FALSE,"Nachappa,Punya (Primary PI) 1177","Nachappa,Punya",Primary PI,1177,Nachappa,Punya,nachappa|p,TRUE,,,,FALSE
K000151959,2022,1177,Agricultural Biology,FALSE,"MacWilliams,Jacob Robert (Co-PI) 1177","MacWilliams,Jacob Robert",Co-PI,1177,MacWilliams,Jacob Robert,macwilliams|j,TRUE,,,,FALSE
K000151891,2022,1170,Soil + Crop Sciences,FALSE,"Jones-Diamond,Sally Marie (Primary PI) 1170","Jones-Diamond,Sally Marie",Primary PI,1170,Jones-Diamond,Sally Marie,jones diamond|s,TRUE,,,,FALSE
K000151920,2022,1171,Animal Sciences,FALSE,"Stackhouse-Lawson,Kimberly Rose (Primary PI) 1171","Stackhouse-Lawson,Kimberly Rose",Primary PI,1171,Stackhouse-Lawson,Kimberly Rose,stackhouse lawson|k,TRUE,,,,FALSE
K000151920,2022,1171,Animal Sciences,FALSE,"Kutz,Mesa Bryann (Co-PI) 1171","Kutz,Mesa Bryann",Co-PI,1171,Kutz,Mesa Bryann,kutz|m,TRUE,,,,FALSE
K000151935,2022,1171,Animal Sciences,FALSE,"Rhoades,Ryan Douglas (Primary PI) 1171","Rhoades,Ryan Douglas",Primary PI,1171,Rhoades,Ryan Douglas,rhoades|r,TRUE,,,,FALSE
K000151935,2022,1171,Animal Sciences,FALSE,"Mcquagge,Matthew R (Key Person) 1171","Mcquagge,Matthew R",Key Person,1171,Mcquagge,Matthew R,mcquagge|m,TRUE,,,,FALSE
K000152088,2022,1170,Soil + Crop Sciences,FALSE,"Ippolito,Jim (Primary PI) 1170","Ippolito,Jim",Primary PI,1170,Ippolito,Jim,ippolito|j,TRUE,,,,FALSE
K000152088,2022,1170,Soil + Crop Sciences,FALSE,"Machmuller,Megan B (Co-PI) 1170","Machmuller,Megan B",Co-PI,1170,Machmuller,Megan B,machmuller|m,TRUE,,,,FALSE
K000152061,2022,1170,Soil + Crop Sciences,FALSE,"King,Alison Elinor (Primary PI) 1170","King,Alison Elinor",Primary PI,1170,King,Alison Elinor,king|a,TRUE,,,,FALSE
K000151918,2022,1171,Animal Sciences,FALSE,"Stackhouse-Lawson,Kimberly Rose (Primary PI) 1171","Stackhouse-Lawson,Kimberly Rose",Primary PI,1171,Stackhouse-Lawson,Kimberly Rose,stackhouse lawson|k,TRUE,,,,FALSE
K000151918,2022,1171,Animal Sciences,FALSE,"Clark,Samantha Maye (Co-PI) 1171","Clark,Samantha Maye",Co-PI,1171,Clark,Samantha Maye,clark|s,TRUE,,,,FALSE
K000151782,2022,1171,Animal Sciences,FALSE,"Martell,Kristen Wheeler (Primary PI) 1171","Martell,Kristen Wheeler",Primary PI,1171,Martell,Kristen Wheeler,martell|k,TRUE,,,,FALSE
K000151782,2022,1171,Animal Sciences,FALSE,"Daurio,Daniel Adam (Key Person) 1171","Daurio,Daniel Adam",Key Person,1171,Daurio,Daniel Adam,daurio|d,TRUE,,,,FALSE
K000151957,2022,1177,Agricultural Biology,FALSE,"Szczepaniec,Adrianna (Primary PI) 1177","Szczepaniec,Adrianna",Primary PI,1177,Szczepaniec,Adrianna,szczepaniec|a,TRUE,,,,FALSE
K000151957,2022,1177,Agricultural Biology,FALSE,"Nachappa,Punya (Co-PI) 1177","Nachappa,Punya",Co-PI,1177,Nachappa,Punya,nachappa|p,TRUE,,,,FALSE
K000152008,2022,1170,Soil + Crop Sciences,FALSE,"Paustian,Keith H (Primary PI) 1170","Paustian,Keith H",Primary PI,1170,Paustian,Keith H,paustian|k,TRUE,,,,FALSE
K000151985,2022,1177,Agricultural Biology,FALSE,"Nachappa,Punya (Primary PI) 1177","Nachappa,Punya",Primary PI,1177,Nachappa,Punya,nachappa|p,TRUE,,,,FALSE
K000151944,2022,1170,Soil + Crop Sciences,FALSE,"Zhang,Yao (Primary PI) 1499","Zhang,Yao",Primary PI,1499,Zhang,Yao,zhang|y,TRUE,,,,FALSE
K000151944,2022,1170,Soil + Crop Sciences,FALSE,"Cotrufo,Maria Francesca (Co-PI) 1170","Cotrufo,Maria Francesca",Co-PI,1170,Cotrufo,Maria Francesca,cotrufo|m,TRUE,,,,FALSE
K000151921,2022,1171,Animal Sciences,FALSE,"Stackhouse-Lawson,Kimberly Rose (Primary PI) 1171","Stackhouse-Lawson,Kimberly Rose",Primary PI,1171,Stackhouse-Lawson,Kimberly Rose,stackhouse lawson|k,TRUE,,,,FALSE
K000151921,2022,1171,Animal Sciences,FALSE,"Schilling,Ashley K (Co-PI) 1171","Schilling,Ashley K",Co-PI,1171,Schilling,Ashley K,schilling|a,TRUE,,,,FALSE
K000151822,2022,1171,Animal Sciences,FALSE,"Engle,Terry E (Primary PI) 1171","Engle,Terry E",Primary PI,1171,Engle,Terry E,engle|t,TRUE,,,,FALSE
K000151822,2022,1171,Animal Sciences,FALSE,"Edwards-Callaway,Lily Nowell (Co-PI) 1171","Edwards-Callaway,Lily Nowell",Co-PI,1171,Edwards-Callaway,Lily Nowell,edwards callaway|l,TRUE,,,,FALSE
K000151638,2022,1170,Soil + Crop Sciences,FALSE,"Wilkins,Michael James (Primary PI) 1170","Wilkins,Michael James",Primary PI,1170,Wilkins,Michael James,wilkins|m,TRUE,,,,FALSE
K000151638,2022,1170,Soil + Crop Sciences,FALSE,"Hart,Sarah Jane (Co-PI) 1472","Hart,Sarah Jane",Co-PI,1472,Hart,Sarah Jane,hart|s,TRUE,,,,FALSE
K000151638,2022,1170,Soil + Crop Sciences,FALSE,"Covino,Timothy P (Co-PI) 1476","Covino,Timothy P",Co-PI,1476,Covino,Timothy P,covino|t,TRUE,,,,FALSE
K000151638,2022,1170,Soil + Crop Sciences,FALSE,"Borch,Thomas (Co-PI) 1170","Borch,Thomas",Co-PI,1170,Borch,Thomas,borch|t,TRUE,,,,FALSE
K000151651,2022,1170,Soil + Crop Sciences,FALSE,"Wardle,Erik M (Primary PI) 1170","Wardle,Erik M",Primary PI,1170,Wardle,Erik M,wardle|e,TRUE,,,,FALSE
K000151651,2022,1170,Soil + Crop Sciences,FALSE,"Welch,Christina N (Co-PI) 1170","Welch,Christina N",Co-PI,1170,Welch,Christina N,welch|c,TRUE,,,,FALSE
K000151651,2022,1170,Soil + Crop Sciences,FALSE,"Deleon,Emmanuel (Co-PI) 1170","Deleon,Emmanuel",Co-PI,1170,Deleon,Emmanuel,deleon|e,TRUE,,,,FALSE
K000151651,2022,1170,Soil + Crop Sciences,FALSE,"Brown,Ansley Joseph (Co-PI) 1170","Brown,Ansley Joseph",Co-PI,1170,Brown,Ansley Joseph,brown|a,TRUE,,,,FALSE
K000151672,2022,1177,Agricultural Biology,FALSE,"McKay,John K (Primary PI) 1177","McKay,John K",Primary PI,1177,McKay,John K,mckay|j,TRUE,,,,FALSE
K000151672,2022,1177,Agricultural Biology,FALSE,"Mullen,Jack Leonard (Co-PI) 1177","Mullen,Jack Leonard",Co-PI,1177,Mullen,Jack Leonard,mullen|j,TRUE,,,,FALSE
K000151845,2022,1173,Horticulture + Landscape Architecture,FALSE,"Uchanski,Mark E (Primary PI) 1173","Uchanski,Mark E",Primary PI,1173,Uchanski,Mark E,uchanski|m,TRUE,,,,FALSE
K000151729,2022,1171,Animal Sciences,FALSE,"Bigler,Elizabeth Jaed (Primary PI) 1171","Bigler,Elizabeth Jaed",Primary PI,1171,Bigler,Elizabeth Jaed,bigler|e,TRUE,,,,FALSE
K000151729,2022,1171,Animal Sciences,FALSE,"Stinnett,Scott Charles (Key Person) 4020","Stinnett,Scott Charles",Key Person,4020,Stinnett,Scott Charles,stinnett|s,TRUE,,,,FALSE
K000151729,2022,1171,Animal Sciences,FALSE,"Edwards-Callaway,Lily Nowell (Key Person) 1171","Edwards-Callaway,Lily Nowell",Key Person,1171,Edwards-Callaway,Lily Nowell,edwards callaway|l,TRUE,,,,FALSE
K000151729,2022,1171,Animal Sciences,FALSE,"Ahola,Jason Kee (Key Person) 1171","Ahola,Jason Kee",Key Person,1171,Ahola,Jason Kee,ahola|j,TRUE,,,,FALSE
K000151729,2022,1171,Animal Sciences,FALSE,"Taylor,Travis (Key Person) 4020","Taylor,Travis",Key Person,4020,Taylor,Travis,taylor|t,TRUE,,,,FALSE
K000151236,2022,1170,Soil + Crop Sciences,FALSE,"Jones-Diamond,Sally Marie (Primary PI) 1170","Jones-Diamond,Sally Marie",Primary PI,1170,Jones-Diamond,Sally Marie,jones diamond|s,TRUE,,,,FALSE
K000151236,2022,1170,Soil + Crop Sciences,FALSE,"Schneekloth,Joel (Co-PI) 4020","Schneekloth,Joel",Co-PI,4020,Schneekloth,Joel,schneekloth|j,TRUE,,,,FALSE
K000151794,2022,1170,Soil + Crop Sciences,FALSE,"Wardle,Erik M (Primary PI) 1170","Wardle,Erik M",Primary PI,1170,Wardle,Erik M,wardle|e,TRUE,,,,FALSE
K000151794,2022,1170,Soil + Crop Sciences,FALSE,"Deleon,Emmanuel (Co-PI) 1170","Deleon,Emmanuel",Co-PI,1170,Deleon,Emmanuel,deleon|e,TRUE,,,,FALSE
K000151794,2022,1170,Soil + Crop Sciences,FALSE,"Brown,Ansley Joseph (Co-PI) 1170","Brown,Ansley Joseph",Co-PI,1170,Brown,Ansley Joseph,brown|a,TRUE,,,,FALSE
K000151307,2022,1173,Horticulture + Landscape Architecture,FALSE,"Gutierrez-Rodriguez,Eduardo (Primary PI) 1173","Gutierrez-Rodriguez,Eduardo",Primary PI,1173,Gutierrez-Rodriguez,Eduardo,gutierrez rodriguez|e,TRUE,,,,FALSE
K000151307,2022,1173,Horticulture + Landscape Architecture,FALSE,"Patton,Toni (Co-PI) 1173","Patton,Toni",Co-PI,1173,Patton,Toni,patton|t,TRUE,,,,FALSE
K000151705,2022,1170,Soil + Crop Sciences,FALSE,"Zelikova,Tamara J (Primary PI) 1170","Zelikova,Tamara J",Primary PI,1170,Zelikova,Tamara J,zelikova|t,TRUE,,,,FALSE
K000151705,2022,1170,Soil + Crop Sciences,FALSE,"Machmuller,Megan B (Co-PI) 1170","Machmuller,Megan B",Co-PI,1170,Machmuller,Megan B,machmuller|m,TRUE,,,,FALSE
K000151705,2022,1170,Soil + Crop Sciences,FALSE,"Cotrufo,Maria Francesca (Co-PI) 1170","Cotrufo,Maria Francesca",Co-PI,1170,Cotrufo,Maria Francesca,cotrufo|m,TRUE,,,,FALSE
K000151658,2022,1170,Soil + Crop Sciences,FALSE,"Morris,Geoffrey Preston (Primary PI) 1170","Morris,Geoffrey Preston",Primary PI,1170,Morris,Geoffrey Preston,morris|g,TRUE,,,,FALSE
K000151716,2022,1172,Agricultural + Resource Economics,TRUE,"Hill,Alexandra E (Primary PI) 1172","Hill,Alexandra E",Primary PI,1172,Hill,Alexandra E,hill|a,TRUE,Hill,Alexandra,Ag and Food,TRUE
K000151710,2022,1173,Horticulture + Landscape Architecture,FALSE,"Bauerle,William L (Primary PI) 1173","Bauerle,William L",Primary PI,1173,Bauerle,William L,bauerle|w,TRUE,,,,FALSE
K000151714,2022,1173,Horticulture + Landscape Architecture,FALSE,"Bousselot,Jennifer M (Primary PI) 1173","Bousselot,Jennifer M",Primary PI,1173,Bousselot,Jennifer M,bousselot|j,TRUE,,,,FALSE
K000151431,2022,1172,Agricultural + Resource Economics,TRUE,"Hill,Rebecca Lynn (Primary PI) 1172","Hill,Rebecca Lynn",Primary PI,1172,Hill,Rebecca Lynn,hill|r,TRUE,,,,FALSE
K000151431,2022,1172,Agricultural + Resource Economics,TRUE,"Fetsch,Robert J (Co-PI) 1570","Fetsch,Robert J",Co-PI,1570,Fetsch,Robert J,fetsch|r,TRUE,,,,FALSE
K000151702,2022,1177,Agricultural Biology,FALSE,"Hufbauer,Ruth A (Primary PI) 1177","Hufbauer,Ruth A",Primary PI,1177,Hufbauer,Ruth A,hufbauer|r,TRUE,,,,FALSE
K000151719,2022,1177,Agricultural Biology,FALSE,"Ode,Paul James (Primary PI) 1177","Ode,Paul James",Primary PI,1177,Ode,Paul James,ode|p,TRUE,,,,FALSE
K000151719,2022,1177,Agricultural Biology,FALSE,"Hardin,Janet G (Co-PI) 1177","Hardin,Janet G",Co-PI,1177,Hardin,Janet G,hardin|j,TRUE,,,,FALSE
K000151695,2022,1173,Horticulture + Landscape Architecture,FALSE,"Thompson,Henry J (Primary PI) 1173","Thompson,Henry J",Primary PI,1173,Thompson,Henry J,thompson|h,TRUE,,,,FALSE
K000151690,2022,1177,Agricultural Biology,FALSE,"Gaines,Todd A (Primary PI) 1177","Gaines,Todd A",Primary PI,1177,Gaines,Todd A,gaines|t,TRUE,,,,FALSE
K000151234,2022,1170,Soil + Crop Sciences,FALSE,"Jones-Diamond,Sally Marie (Primary PI) 1170","Jones-Diamond,Sally Marie",Primary PI,1170,Jones-Diamond,Sally Marie,jones diamond|s,TRUE,,,,FALSE
K000151190,2022,1177,Agricultural Biology,FALSE,"Stewart,Jane E (Primary PI) 1177","Stewart,Jane E",Primary PI,1177,Stewart,Jane E,stewart|j,TRUE,,,,FALSE
K000151591,2022,1170,Soil + Crop Sciences,FALSE,"Paustian,Keith H (Primary PI) 1170","Paustian,Keith H",Primary PI,1170,Paustian,Keith H,paustian|k,TRUE,,,,FALSE
K000151591,2022,1170,Soil + Crop Sciences,FALSE,"Zhang,Yao (Key Person) 1499","Zhang,Yao",Key Person,1499,Zhang,Yao,zhang|y,TRUE,,,,FALSE
K000151671,2022,1170,Soil + Crop Sciences,FALSE,"Melzer,Susan E (Primary PI) 1170","Melzer,Susan E",Primary PI,1170,Melzer,Susan E,melzer|s,TRUE,,,,FALSE
K000151625,2022,1177,Agricultural Biology,FALSE,"Dayan,Franck E (Primary PI) 1177","Dayan,Franck E",Primary PI,1177,Dayan,Franck E,dayan|f,TRUE,,,,FALSE
K000151582,2022,1173,Horticulture + Landscape Architecture,FALSE,"Prenni,Jessica E (Primary PI) 1173","Prenni,Jessica E",Primary PI,1173,Prenni,Jessica E,prenni|j,TRUE,,,,FALSE
K000151556,2022,1173,Horticulture + Landscape Architecture,FALSE,"Prenni,Jessica E (Primary PI) 1173","Prenni,Jessica E",Primary PI,1173,Prenni,Jessica E,prenni|j,TRUE,,,,FALSE
K000151547,2022,1171,Animal Sciences,FALSE,"Narayanan Nair,Mahesh (Primary PI) 1171","Narayanan Nair,Mahesh",Primary PI,1171,Narayanan Nair,Mahesh,narayanan nair|m,TRUE,,,,FALSE
K000151547,2022,1171,Animal Sciences,FALSE,"Edwards-Callaway,Lily Nowell (Co-PI) 1171","Edwards-Callaway,Lily Nowell",Co-PI,1171,Edwards-Callaway,Lily Nowell,edwards callaway|l,TRUE,,,,FALSE
K000151547,2022,1171,Animal Sciences,FALSE,"Morgan,James Brad (Co-PI) 1171","Morgan,James Brad",Co-PI,1171,Morgan,James Brad,morgan|j,TRUE,,,,FALSE
K000151484,2022,1177,Agricultural Biology,FALSE,"Cooke,Crystal Lee (Primary PI) 1177","Cooke,Crystal Lee",Primary PI,1177,Cooke,Crystal Lee,cooke|c,TRUE,,,,FALSE
K000150375,2022,1171,Animal Sciences,FALSE,"Morgan,James Brad (Primary PI) 1171","Morgan,James Brad",Primary PI,1171,Morgan,James Brad,morgan|j,TRUE,,,,FALSE
K000151623,2022,1170,Soil + Crop Sciences,FALSE,"Mason,Richard Esten (Primary PI) 1170","Mason,Richard Esten",Primary PI,1170,Mason,Richard Esten,mason|r,TRUE,,,,FALSE
K000151628,2022,1172,Agricultural + Resource Economics,TRUE,"Hill,Rebecca Lynn (Primary PI) 1172","Hill,Rebecca Lynn",Primary PI,1172,Hill,Rebecca Lynn,hill|r,TRUE,,,,FALSE
K000151527,2021,1177,Agricultural Biology,FALSE,"Blecker,Lisa Ann (Primary PI) 1177","Blecker,Lisa Ann",Primary PI,1177,Blecker,Lisa Ann,blecker|l,TRUE,,,,FALSE
K000151489,2021,1177,Agricultural Biology,FALSE,"Roberts,Robyn (Primary PI) 1177","Roberts,Robyn",Primary PI,1177,Roberts,Robyn,roberts|r,TRUE,,,,FALSE
K000151370,2021,1170,Soil + Crop Sciences,FALSE,"Wrighton,Kelly Catherine (Primary PI) 1170","Wrighton,Kelly Catherine",Primary PI,1170,Wrighton,Kelly Catherine,wrighton|k,TRUE,,,,FALSE
K000151496,2021,1173,Horticulture + Landscape Architecture,FALSE,"Thompson,Henry J (Primary PI) 1173","Thompson,Henry J",Primary PI,1173,Thompson,Henry J,thompson|h,TRUE,,,,FALSE
K000151434,2021,1170,Soil + Crop Sciences,FALSE,"Jones-Diamond,Sally Marie (Primary PI) 1170","Jones-Diamond,Sally Marie",Primary PI,1170,Jones-Diamond,Sally Marie,jones diamond|s,TRUE,,,,FALSE
K000151434,2021,1170,Soil + Crop Sciences,FALSE,"Asfeld,Edward P (Co-PI) 1170","Asfeld,Edward P",Co-PI,1170,Asfeld,Edward P,asfeld|e,TRUE,,,,FALSE
K000151445,2021,1173,Horticulture + Landscape Architecture,FALSE,"Heuberger,Adam L (Primary PI) 1173","Heuberger,Adam L",Primary PI,1173,Heuberger,Adam L,heuberger|a,TRUE,,,,FALSE
K000151445,2021,1173,Horticulture + Landscape Architecture,FALSE,"Joshi,Janak Raj (Co-PI) 1173","Joshi,Janak Raj",Co-PI,1173,Joshi,Janak Raj,joshi|j,TRUE,,,,FALSE
K000151445,2021,1173,Horticulture + Landscape Architecture,FALSE,"Charkowski,Amy Olymbia (Co-PI) 1177","Charkowski,Amy Olymbia",Co-PI,1177,Charkowski,Amy Olymbia,charkowski|a,TRUE,,,,FALSE
K000151194,2021,1172,Agricultural + Resource Economics,TRUE,"Thilmany,Dawn D (Primary PI) 1172","Thilmany,Dawn D",Primary PI,1172,Thilmany,Dawn D,thilmany|d,TRUE,Thilmany,Dawn,Ag and Food,TRUE
K000151194,2021,1172,Agricultural + Resource Economics,TRUE,"Jablonski,Rebecca BR (Co-PI) 1172","Jablonski,Rebecca BR",Co-PI,1172,Jablonski,Rebecca BR,jablonski|b,TRUE,Jablonski,Becca,Ag and Food,TRUE
K000151194,2021,1172,Agricultural + Resource Economics,TRUE,"Bauman,Allison Gunter (Co-PI) 1172","Bauman,Allison Gunter",Co-PI,1172,Bauman,Allison Gunter,bauman|a,TRUE,,,,FALSE
K000150948,2021,1171,Animal Sciences,FALSE,"Peters,Brittany Caitlin (Primary PI) 1171","Peters,Brittany Caitlin",Primary PI,1171,Peters,Brittany Caitlin,peters|b,TRUE,,,,FALSE
K000150948,2021,1171,Animal Sciences,FALSE,"Aichele,Stephen (Co-PI) 1570","Aichele,Stephen",Co-PI,1570,Aichele,Stephen,aichele|s,TRUE,,,,FALSE
K000150948,2021,1171,Animal Sciences,FALSE,"Schmid,Arlene (Co-PI) 1573","Schmid,Arlene",Co-PI,1573,Schmid,Arlene,schmid|a,TRUE,,,,FALSE
K000150948,2021,1171,Animal Sciences,FALSE,"Hepburn,Susan (Co-PI) 1570","Hepburn,Susan",Co-PI,1570,Hepburn,Susan,hepburn|s,TRUE,,,,FALSE
K000150939,2021,1171,Animal Sciences,FALSE,"Pinedo,Pablo J (Primary PI) 1171","Pinedo,Pablo J",Primary PI,1171,Pinedo,Pablo J,pinedo|p,TRUE,,,,FALSE
K000150939,2021,1171,Animal Sciences,FALSE,"Zimmerle,Daniel J (Co-PI) 2026","Zimmerle,Daniel J",Co-PI,2026,Zimmerle,Daniel J,zimmerle|d,TRUE,,,,FALSE
K000150939,2021,1171,Animal Sciences,FALSE,"Paustian,Keith H (Co-PI) 1170","Paustian,Keith H",Co-PI,1170,Paustian,Keith H,paustian|k,TRUE,,,,FALSE
K000150939,2021,1171,Animal Sciences,FALSE,"Ippolito,Jim (Co-PI) 1170","Ippolito,Jim",Co-PI,1170,Ippolito,Jim,ippolito|j,TRUE,,,,FALSE
K000150939,2021,1171,Animal Sciences,FALSE,"Willson,Bryan D (Co-PI) 1374","Willson,Bryan D",Co-PI,1374,Willson,Bryan D,willson|b,TRUE,,,,FALSE
K000150939,2021,1171,Animal Sciences,FALSE,"Stackhouse-Lawson,Kimberly Rose (Co-PI) 1171","Stackhouse-Lawson,Kimberly Rose",Co-PI,1171,Stackhouse-Lawson,Kimberly Rose,stackhouse lawson|k,TRUE,,,,FALSE
K000150939,2021,1171,Animal Sciences,FALSE,"Robertson,Christopher Coo",,,,,,,FALSE,,,,FALSE
K000151368,2021,1177,Agricultural Biology,FALSE,"Charkowski,Amy Olymbia (Primary PI) 1177","Charkowski,Amy Olymbia",Primary PI,1177,Charkowski,Amy Olymbia,charkowski|a,TRUE,,,,FALSE
K000151368,2021,1177,Agricultural Biology,FALSE,"Zeng,Yuan (Co-PI) 1177","Zeng,Yuan",Co-PI,1177,Zeng,Yuan,zeng|y,TRUE,,,,FALSE
K000151429,2021,1177,Agricultural Biology,FALSE,"Nachappa,Punya (Primary PI) 1177","Nachappa,Punya",Primary PI,1177,Nachappa,Punya,nachappa|p,TRUE,,,,FALSE
K000151429,2021,1177,Agricultural Biology,FALSE,"MacWilliams,Jacob Robert (Co-PI) 1177","MacWilliams,Jacob Robert",Co-PI,1177,MacWilliams,Jacob Robert,macwilliams|j,TRUE,,,,FALSE
K000151364,2021,1171,Animal Sciences,FALSE,"Bigler,Elizabeth Jaed (Primary PI) 1171","Bigler,Elizabeth Jaed",Primary PI,1171,Bigler,Elizabeth Jaed,bigler|e,TRUE,,,,FALSE
K000151364,2021,1171,Animal Sciences,FALSE,"Edwards-Callaway,Lily Nowell (Key Person) 1171","Edwards-Callaway,Lily Nowell",Key Person,1171,Edwards-Callaway,Lily Nowell,edwards callaway|l,TRUE,,,,FALSE
K000151364,2021,1171,Animal Sciences,FALSE,"Ahola,Jason Kee (Key Person) 1171","Ahola,Jason Kee",Key Person,1171,Ahola,Jason Kee,ahola|j,TRUE,,,,FALSE
K000151362,2021,1170,Soil + Crop Sciences,FALSE,"Paustian,Keith H (Primary PI) 1170","Paustian,Keith H",Primary PI,1170,Paustian,Keith H,paustian|k,TRUE,,,,FALSE
K000151176,2021,1177,Agricultural Biology,FALSE,"Blecker,Lisa Ann (Primary PI) 1177","Blecker,Lisa Ann",Primary PI,1177,Blecker,Lisa Ann,blecker|l,TRUE,,,,FALSE
K000151366,2021,1171,Animal Sciences,FALSE,"Martin,Jennifer Nicole (Primary PI) 1171","Martin,Jennifer Nicole",Primary PI,1171,Martin,Jennifer Nicole,martin|j,TRUE,,,,FALSE
K000150668,2021,1177,Agricultural Biology,FALSE,"Blecker,Lisa Ann (Primary PI) 1177","Blecker,Lisa Ann",Primary PI,1177,Blecker,Lisa Ann,blecker|l,TRUE,,,,FALSE
K000150931,2021,1177,Agricultural Biology,FALSE,"Charkowski,Amy Olymbia (Primary PI) 1177","Charkowski,Amy Olymbia",Primary PI,1177,Charkowski,Amy Olymbia,charkowski|a,TRUE,,,,FALSE
K000150931,2021,1177,Agricultural Biology,FALSE,"Zeng,Yuan (Co-PI) 1177","Zeng,Yuan",Co-PI,1177,Zeng,Yuan,zeng|y,TRUE,,,,FALSE
K000150931,2021,1177,Agricultural Biology,FALSE,"Dayan,Franck E (Co-PI) 1177","Dayan,Franck E",Co-PI,1177,Dayan,Franck E,dayan|f,TRUE,,,,FALSE
K000151144,2021,1177,Agricultural Biology,FALSE,"Nalam,Vamsi (Primary PI) 1177","Nalam,Vamsi",Primary PI,1177,Nalam,Vamsi,nalam|v,TRUE,,,,FALSE
K000151123,2021,1172,Agricultural + Resource Economics,TRUE,"Hoag,Dana Loyd Keske (Primary PI) 1172","Hoag,Dana Loyd Keske",Primary PI,1172,Hoag,Dana Loyd Keske,hoag|d,TRUE,Hoag,Dana,ENRE,TRUE
K000151123,2021,1172,Agricultural + Resource Economics,TRUE,"Young,Robin Elizabeth (Key Person) 4030","Young,Robin Elizabeth",Key Person,4030,Young,Robin Elizabeth,young|r,TRUE,,,,FALSE
K000151123,2021,1172,Agricultural + Resource Economics,TRUE,"Crooks,Kevin (Key Person) 1474","Crooks,Kevin",Key Person,1474,Crooks,Kevin,crooks|k,TRUE,,,,FALSE
K000149975,2021,1177,Agricultural Biology,FALSE,"Charkowski,Amy Olymbia (Primary PI) 1177","Charkowski,Amy Olymbia",Primary PI,1177,Charkowski,Amy Olymbia,charkowski|a,TRUE,,,,FALSE
K000151043,2021,1172,Agricultural + Resource Economics,TRUE,"Carolan,Michael S (Primary PI) 1784","Carolan,Michael S",Primary PI,1784,Carolan,Michael S,carolan|m,TRUE,,,,FALSE
K000151043,2021,1172,Agricultural + Resource Economics,TRUE,"Jablonski,Rebecca BR (Co-PI) 1172","Jablonski,Rebecca BR",Co-PI,1172,Jablonski,Rebecca BR,jablonski|b,TRUE,Jablonski,Becca,Ag and Food,TRUE
K000151043,2021,1172,Agricultural + Resource Economics,TRUE,"Brislen,Lilian (Key Person) 1172","Brislen,Lilian",Key Person,1172,Brislen,Lilian,brislen|l,TRUE,,,,FALSE
K000151043,2021,1172,Agricultural + Resource Economics,TRUE,"Christensen,Elizabeth O'Sullivan (Key Person) 4030","Christensen,Elizabeth O'Sullivan",Key Person,4030,Christensen,Elizabeth O'Sullivan,christensen|e,TRUE,,,,FALSE
K000151043,2021,1172,Agricultural + Resource Economics,TRUE,"Mills,Paula Frances (Key Person) 1101","Mills,Paula Frances",Key Person,1101,Mills,Paula Frances,mills|p,TRUE,,,,FALSE
K000151043,2021,1172,Agricultural + Resource Economics,TRUE,"Hittle,Jocelyn (Key Person) 0001","Hittle,Jocelyn",Key Person,0001,Hittle,Jocelyn,hittle|j,TRUE,,,,FALSE
K000151043,2021,1172,Agricultural + Resource Economics,TRUE,,,,,,,,FALSE,,,,FALSE
K000151200,2021,1171,Animal Sciences,FALSE,"Coleman,Stephen John (Primary PI) 1171","Coleman,Stephen John",Primary PI,1171,Coleman,Stephen John,coleman|s,TRUE,,,,FALSE
K000151115,2021,1173,Horticulture + Landscape Architecture,FALSE,"Klett,James E (Primary PI) 1173","Klett,James E",Primary PI,1173,Klett,James E,klett|j,TRUE,,,,FALSE
K000151208,2021,1173,Horticulture + Landscape Architecture,FALSE,"Gutierrez-Rodriguez,Eduardo (Primary PI) 1173","Gutierrez-Rodriguez,Eduardo",Primary PI,1173,Gutierrez-Rodriguez,Eduardo,gutierrez rodriguez|e,TRUE,,,,FALSE
K000151126,2021,1171,Animal Sciences,FALSE,"Stackhouse-Lawson,Kimberly Rose (Primary PI) 1171","Stackhouse-Lawson,Kimberly Rose",Primary PI,1171,Stackhouse-Lawson,Kimberly Rose,stackhouse lawson|k,TRUE,,,,FALSE
K000151126,2021,1171,Animal Sciences,FALSE,"Thompson,Logan (Co-PI) 1171","Thompson,Logan",Co-PI,1171,Thompson,Logan,thompson|l,TRUE,,,,FALSE
K000151126,2021,1171,Animal Sciences,FALSE,"Pinedo,Pablo J (Co-PI) 1171","Pinedo,Pablo J",Co-PI,1171,Pinedo,Pablo J,pinedo|p,TRUE,,,,FALSE
K000151120,2021,1170,Soil + Crop Sciences,FALSE,"Morris,Geoffrey Preston (Primary PI) 1170","Morris,Geoffrey Preston",Primary PI,1170,Morris,Geoffrey Preston,morris|g,TRUE,,,,FALSE
K000151160,2021,1171,Animal Sciences,FALSE,"Metcalf,Jessica Lynne (Primary PI) 1171","Metcalf,Jessica Lynne",Primary PI,1171,Metcalf,Jessica Lynne,metcalf|j,TRUE,,,,FALSE
K000151160,2021,1171,Animal Sciences,FALSE,"Lana,Susan E (Co-PI) 1678","Lana,Susan E",Co-PI,1678,Lana,Susan E,lana|s,TRUE,,,,FALSE
K000151162,2021,1170,Soil + Crop Sciences,FALSE,"Paustian,Keith H (Primary PI) 1170","Paustian,Keith H",Primary PI,1170,Paustian,Keith H,paustian|k,TRUE,,,,FALSE
K000151162,2021,1170,Soil + Crop Sciences,FALSE,"Zhang,Yao (Key Person) 1499","Zhang,Yao",Key Person,1499,Zhang,Yao,zhang|y,TRUE,,,,FALSE
K000151071,2021,1171,Animal Sciences,FALSE,"Morgan,James Brad (Primary PI) 1171","Morgan,James Brad",Primary PI,1171,Morgan,James Brad,morgan|j,TRUE,,,,FALSE
K000151071,2021,1171,Animal Sciences,FALSE,"Narayanan Nair,Mahesh (Co-PI) 1171","Narayanan Nair,Mahesh",Co-PI,1171,Narayanan Nair,Mahesh,narayanan nair|m,TRUE,,,,FALSE
K000151071,2021,1171,Animal Sciences,FALSE,"Belk,Keith (Co-PI) 1171","Belk,Keith",Co-PI,1171,Belk,Keith,belk|k,TRUE,,,,FALSE
K000150987,2021,1171,Animal Sciences,FALSE,"Narayanan Nair,Mahesh (Primary PI) 1171","Narayanan Nair,Mahesh",Primary PI,1171,Narayanan Nair,Mahesh,narayanan nair|m,TRUE,,,,FALSE
K000150987,2021,1171,Animal Sciences,FALSE,"Geornaras,Ifigenia (Co-PI) 1171","Geornaras,Ifigenia",Co-PI,1171,Geornaras,Ifigenia,geornaras|i,TRUE,,,,FALSE
K000150764,2021,1173,Horticulture + Landscape Architecture,FALSE,"Bousselot,Jennifer M (Primary PI) 1173","Bousselot,Jennifer M",Primary PI,1173,Bousselot,Jennifer M,bousselot|j,TRUE,,,,FALSE
K000150764,2021,1173,Horticulture + Landscape Architecture,FALSE,"Craver,Joshua Ken (Co-PI) 1173","Craver,Joshua Ken",Co-PI,1173,Craver,Joshua Ken,craver|j,TRUE,,,,FALSE
K000150764,2021,1173,Horticulture + Landscape Architecture,FALSE,"Barth,Kurt (Key Person) 1374","Barth,Kurt",Key Person,1374,Barth,Kurt,barth|k,TRUE,,,,FALSE
K000150935,2021,1171,Animal Sciences,FALSE,"Hess,Tanja (Primary PI) 1171","Hess,Tanja",Primary PI,1171,Hess,Tanja,hess|t,TRUE,,,,FALSE
K000150935,2021,1171,Animal Sciences,FALSE,"Nout-Lomas,Yvette S (Co-PI) 1678","Nout-Lomas,Yvette S",Co-PI,1678,Nout-Lomas,Yvette S,nout lomas|y,TRUE,,,,FALSE
K000150935,2021,1171,Animal Sciences,FALSE,"Coleman,Stephen John (Co-PI) 1171","Coleman,Stephen John",Co-PI,1171,Coleman,Stephen John,coleman|s,TRUE,,,,FALSE
K000150934,2021,1171,Animal Sciences,FALSE,"Hess,Tanja (Primary PI) 1171","Hess,Tanja",Primary PI,1171,Hess,Tanja,hess|t,TRUE,,,,FALSE
K000150934,2021,1171,Animal Sciences,FALSE,"Carvalho Seabra,Jessica (Co-PI) 1171","Carvalho Seabra,Jessica",Co-PI,1171,Carvalho Seabra,Jessica,carvalho seabra|j,TRUE,,,,FALSE
K000150934,2021,1171,Animal Sciences,FALSE,"Matlock,Sarah K (Key Person) 1171","Matlock,Sarah K",Key Person,1171,Matlock,Sarah K,matlock|s,TRUE,,,,FALSE
K000151060,2021,1170,Soil + Crop Sciences,FALSE,"Wilkins,Michael James (Primary PI) 1170","Wilkins,Michael James",Primary PI,1170,Wilkins,Michael James,wilkins|m,TRUE,,,,FALSE
K000151021,2021,1170,Soil + Crop Sciences,FALSE,"Ippolito,Jim (Primary PI) 1170","Ippolito,Jim",Primary PI,1170,Ippolito,Jim,ippolito|j,TRUE,,,,FALSE
K000151021,2021,1170,Soil + Crop Sciences,FALSE,"Buchanan,Cassidy Michelle (Co-PI) 1170","Buchanan,Cassidy Michelle",Co-PI,1170,Buchanan,Cassidy Michelle,buchanan|c,TRUE,,,,FALSE
K000151017,2021,1173,Horticulture + Landscape Architecture,FALSE,"Minas,Ioannis (Primary PI) 1173","Minas,Ioannis",Primary PI,1173,Minas,Ioannis,minas|i,TRUE,,,,FALSE
K000151016,2021,1170,Soil + Crop Sciences,FALSE,"Ham,Jay M (Primary PI) 1170","Ham,Jay M",Primary PI,1170,Ham,Jay M,ham|j,TRUE,,,,FALSE
K000150983,2021,1171,Animal Sciences,FALSE,"Edwards-Callaway,Lily Nowell (Primary PI) 1171","Edwards-Callaway,Lily Nowell",Primary PI,1171,Edwards-Callaway,Lily Nowell,edwards callaway|l,TRUE,,,,FALSE
K000150983,2021,1171,Animal Sciences,FALSE,"Weller,Zachary Dennis (Key Person) 1877","Weller,Zachary Dennis",Key Person,1877,Weller,Zachary Dennis,weller|z,TRUE,,,,FALSE
K000150983,2021,1171,Animal Sciences,FALSE,"Bigler,Elizabeth Jaed (Key Person) 1171","Bigler,Elizabeth Jaed",Key Person,1171,Bigler,Elizabeth Jaed,bigler|e,TRUE,,,,FALSE
K000150930,2021,1171,Animal Sciences,FALSE,"Cramer,Mary Caitlin (Primary PI) 1171","Cramer,Mary Caitlin",Primary PI,1171,Cramer,Mary Caitlin,cramer|m,TRUE,,,,FALSE
K000150930,2021,1171,Animal Sciences,FALSE,"Edwards-Callaway,Lily Nowell (Co-PI) 1171","Edwards-Callaway,Lily Nowell",Co-PI,1171,Edwards-Callaway,Lily Nowell,edwards callaway|l,TRUE,,,,FALSE
K000150930,2021,1171,Animal Sciences,FALSE,"Roman-Muniz,Ivette Noami (Co-PI) 1171","Roman-Muniz,Ivette Noami",Co-PI,1171,Roman-Muniz,Ivette Noami,roman muniz|i,TRUE,,,,FALSE
K000150926,2021,1171,Animal Sciences,FALSE,"Coleman,Stephen John (Primary PI) 1171","Coleman,Stephen John",Primary PI,1171,Coleman,Stephen John,coleman|s,TRUE,,,,FALSE
K000150992,2021,1170,Soil + Crop Sciences,FALSE,"Borch,Thomas (Primary PI) 1170","Borch,Thomas",Primary PI,1170,Borch,Thomas,borch|t,TRUE,,,,FALSE
K000150703,2021,1171,Animal Sciences,FALSE,"Cadaret,Caitlin (Primary PI) 1171","Cadaret,Caitlin",Primary PI,1171,Cadaret,Caitlin,cadaret|c,TRUE,,,,FALSE
K000150703,2021,1171,Animal Sciences,FALSE,"Archibeque,Shawn (Co-PI) 1171","Archibeque,Shawn",Co-PI,1171,Archibeque,Shawn,archibeque|s,TRUE,,,,FALSE
K000150786,2021,1170,Soil + Crop Sciences,FALSE,"Andales,Allan A (Primary PI) 1170","Andales,Allan A",Primary PI,1170,Andales,Allan A,andales|a,TRUE,,,,FALSE
K000150786,2021,1170,Soil + Crop Sciences,FALSE,"Martin,Timothy (Co-PI) 1170","Martin,Timothy",Co-PI,1170,Martin,Timothy,martin|t,TRUE,,,,FALSE
K000150786,2021,1170,Soil + Crop Sciences,FALSE,"Brown,Ansley Joseph (Key Person) 1170","Brown,Ansley Joseph",Key Person,1170,Brown,Ansley Joseph,brown|a,TRUE,,,,FALSE
K000150770,2021,1171,Animal Sciences,FALSE,"Metcalf,Jessica Lynne (Primary PI) 1171","Metcalf,Jessica Lynne",Primary PI,1171,Metcalf,Jessica Lynne,metcalf|j,TRUE,,,,FALSE
K000150701,2021,1170,Soil + Crop Sciences,FALSE,"Mason,Richard Esten (Primary PI) 1170","Mason,Richard Esten",Primary PI,1170,Mason,Richard Esten,mason|r,TRUE,,,,FALSE
K000150897,2021,1173,Horticulture + Landscape Architecture,FALSE,"Vivanco,Jorge M (Primary PI) 1173","Vivanco,Jorge M",Primary PI,1173,Vivanco,Jorge M,vivanco|j,TRUE,,,,FALSE
K000150900,2021,1172,Agricultural + Resource Economics,TRUE,"Suter,Jordan (Primary PI) 1172","Suter,Jordan",Primary PI,1172,Suter,Jordan,suter|j,TRUE,Suter,Jordan,ENRE,TRUE
K000150814,2021,1177,Agricultural Biology,FALSE,"Blecker,Lisa Ann (Primary PI) 1177","Blecker,Lisa Ann",Primary PI,1177,Blecker,Lisa Ann,blecker|l,TRUE,,,,FALSE
K000150785,2021,1170,Soil + Crop Sciences,FALSE,"Zelikova,Tamara J (Primary PI) 1170","Zelikova,Tamara J",Primary PI,1170,Zelikova,Tamara J,zelikova|t,TRUE,,,,FALSE
K000150785,2021,1170,Soil + Crop Sciences,FALSE,"Machmuller,Megan B (Co-PI) 1170","Machmuller,Megan B",Co-PI,1170,Machmuller,Megan B,machmuller|m,TRUE,,,,FALSE
K000150785,2021,1170,Soil + Crop Sciences,FALSE,"Wallenstein,Matthew (Co-PI) 1170","Wallenstein,Matthew",Co-PI,1170,Wallenstein,Matthew,wallenstein|m,TRUE,,,,FALSE
K000150785,2021,1170,Soil + Crop Sciences,FALSE,"Paustian,Keith H (Co-PI) 1170","Paustian,Keith H",Co-PI,1170,Paustian,Keith H,paustian|k,TRUE,,,,FALSE
K000150785,2021,1170,Soil + Crop Sciences,FALSE,"Ogle,Stephen M (Co-PI) 1476","Ogle,Stephen M",Co-PI,1476,Ogle,Stephen M,ogle|s,TRUE,,,,FALSE
K000150708,2021,1177,Agricultural Biology,FALSE,"Westra,Philip (Primary PI) 1177","Westra,Philip",Primary PI,1177,Westra,Philip,westra|p,TRUE,,,,FALSE
K000150898,2021,1177,Agricultural Biology,FALSE,"Stewart,Jane E (Primary PI) 1177","Stewart,Jane E",Primary PI,1177,Stewart,Jane E,stewart|j,TRUE,,,,FALSE
K000150714,2021,1170,Soil + Crop Sciences,FALSE,"Johnson,Jerry J (Primary PI) 1170","Johnson,Jerry J",Primary PI,1170,Johnson,Jerry J,johnson|j,TRUE,,,,FALSE
K000150711,2021,1170,Soil + Crop Sciences,FALSE,"Pottorff,Laura Pickett (Primary PI) 1170","Pottorff,Laura Pickett",Primary PI,1170,Pottorff,Laura Pickett,pottorff|l,TRUE,,,,FALSE
K000150710,2021,1177,Agricultural Biology,FALSE,"Gaines,Todd A (Primary PI) 1177","Gaines,Todd A",Primary PI,1177,Gaines,Todd A,gaines|t,TRUE,,,,FALSE
K000150706,2021,1177,Agricultural Biology,FALSE,"Nachappa,Punya (Primary PI) 1177","Nachappa,Punya",Primary PI,1177,Nachappa,Punya,nachappa|p,TRUE,,,,FALSE
K000150133,2021,1177,Agricultural Biology,FALSE,"Dayan,Franck E (Primary PI) 1177","Dayan,Franck E",Primary PI,1177,Dayan,Franck E,dayan|f,TRUE,,,,FALSE
K000150133,2021,1177,Agricultural Biology,FALSE,"Gaines,Todd A (Co-PI) 1177","Gaines,Todd A",Co-PI,1177,Gaines,Todd A,gaines|t,TRUE,,,,FALSE
K000150097,2021,1170,Soil + Crop Sciences,FALSE,"Wrighton,Kelly Catherine (Primary PI) 1170","Wrighton,Kelly Catherine",Primary PI,1170,Wrighton,Kelly Catherine,wrighton|k,TRUE,,,,FALSE
K000150707,2021,1177,Agricultural Biology,FALSE,"Roberts,Robyn (Primary PI) 1177","Roberts,Robyn",Primary PI,1177,Roberts,Robyn,roberts|r,TRUE,,,,FALSE
K000150218,2021,1170,Soil + Crop Sciences,FALSE,"Ham,Jay M (Primary PI) 1170","Ham,Jay M",Primary PI,1170,Ham,Jay M,ham|j,TRUE,,,,FALSE
K000150218,2021,1170,Soil + Crop Sciences,FALSE,"Kelly,Eugene F (Co-PI) 3001","Kelly,Eugene F",Co-PI,3001,Kelly,Eugene F,kelly|e,TRUE,,,,FALSE
K000150218,2021,1170,Soil + Crop Sciences,FALSE,"Dunker,Katie Anne (Co-PI) 4040","Dunker,Katie Anne",Co-PI,4040,Dunker,Katie Anne,dunker|k,TRUE,,,,FALSE
K000150218,2021,1170,Soil + Crop Sciences,FALSE,"Andales,Allan A (Co-PI) 1170","Andales,Allan A",Co-PI,1170,Andales,Allan A,andales|a,TRUE,,,,FALSE
K000150218,2021,1170,Soil + Crop Sciences,FALSE,"Schumacher,Russ Stanley (Co-PI) 1371","Schumacher,Russ Stanley",Co-PI,1371,Schumacher,Russ Stanley,schumacher|r,TRUE,,,,FALSE
K000150865,2021,1177,Agricultural Biology,FALSE,"Tembrock,Luke R (Primary PI) 1177","Tembrock,Luke R",Primary PI,1177,Tembrock,Luke R,tembrock|l,TRUE,,,,FALSE
K000150881,2021,1177,Agricultural Biology,FALSE,"Leach,Jan E (Primary PI) 1177","Leach,Jan E",Primary PI,1177,Leach,Jan E,leach|j,TRUE,,,,FALSE
K000150704,2021,1170,Soil + Crop Sciences,FALSE,"Borch,Thomas (Primary PI) 1170","Borch,Thomas",Primary PI,1170,Borch,Thomas,borch|t,TRUE,,,,FALSE
K000150697,2021,1177,Agricultural Biology,FALSE,"Szczepaniec,Adrianna (Primary PI) 1177","Szczepaniec,Adrianna",Primary PI,1177,Szczepaniec,Adrianna,szczepaniec|a,TRUE,,,,FALSE
K000150632,2021,1177,Agricultural Biology,FALSE,"Nachappa,Punya (Primary PI) 1177","Nachappa,Punya",Primary PI,1177,Nachappa,Punya,nachappa|p,TRUE,,,,FALSE
K000150516,2021,1170,Soil + Crop Sciences,FALSE,"Borch,Thomas (Primary PI) 1170","Borch,Thomas",Primary PI,1170,Borch,Thomas,borch|t,TRUE,,,,FALSE
K000150516,2021,1170,Soil + Crop Sciences,FALSE,"Ippolito,Jim (Co-PI) 1170","Ippolito,Jim",Co-PI,1170,Ippolito,Jim,ippolito|j,TRUE,,,,FALSE
K000150705,2021,1170,Soil + Crop Sciences,FALSE,"Mason,Richard Esten (Primary PI) 1170","Mason,Richard Esten",Primary PI,1170,Mason,Richard Esten,mason|r,TRUE,,,,FALSE
K000150763,2021,1173,Horticulture + Landscape Architecture,FALSE,"Bousselot,Jennifer M (Primary PI) 1173","Bousselot,Jennifer M",Primary PI,1173,Bousselot,Jennifer M,bousselot|j,TRUE,,,,FALSE
K000150630,2021,1172,Agricultural + Resource Economics,TRUE,"Thilmany,Dawn D (Primary PI) 1172","Thilmany,Dawn D",Primary PI,1172,Thilmany,Dawn D,thilmany|d,TRUE,Thilmany,Dawn,Ag and Food,TRUE
K000150630,2021,1172,Agricultural + Resource Economics,TRUE,"Jablonski,Rebecca BR (Co-PI) 1172","Jablonski,Rebecca BR",Co-PI,1172,Jablonski,Rebecca BR,jablonski|b,TRUE,Jablonski,Becca,Ag and Food,TRUE
K000150485,2021,1173,Horticulture + Landscape Architecture,FALSE,"Heuberger,Adam L (Primary PI) 1173","Heuberger,Adam L",Primary PI,1173,Heuberger,Adam L,heuberger|a,TRUE,,,,FALSE
K000150485,2021,1173,Horticulture + Landscape Architecture,FALSE,"Prenni,Jessica E (Co-PI) 1173","Prenni,Jessica E",Co-PI,1173,Prenni,Jessica E,prenni|j,TRUE,,,,FALSE
K000150445,2021,1172,Agricultural + Resource Economics,TRUE,"Haefele,Michelle A (Primary PI) 1172","Haefele,Michelle A",Primary PI,1172,Haefele,Michelle A,haefele|m,TRUE,,,,FALSE
K000150474,2021,1172,Agricultural + Resource Economics,TRUE,"Jablonski,Rebecca BR (Primary PI) 1172","Jablonski,Rebecca BR",Primary PI,1172,Jablonski,Rebecca BR,jablonski|b,TRUE,Jablonski,Becca,Ag and Food,TRUE
K000150474,2021,1172,Agricultural + Resource Economics,TRUE,"Thilmany,Dawn D (Co-PI) 1172","Thilmany,Dawn D",Co-PI,1172,Thilmany,Dawn D,thilmany|d,TRUE,Thilmany,Dawn,Ag and Food,TRUE
K000150730,2021,1177,Agricultural Biology,FALSE,"Stewart,Jane E (Primary PI) 1177","Stewart,Jane E",Primary PI,1177,Stewart,Jane E,stewart|j,TRUE,,,,FALSE
K000150372,2021,1170,Soil + Crop Sciences,FALSE,"Paustian,Keith H (Primary PI) 1170","Paustian,Keith H",Primary PI,1170,Paustian,Keith H,paustian|k,TRUE,,,,FALSE
K000150372,2021,1170,Soil + Crop Sciences,FALSE,"Ellis,Elizabeth Marie (Key Person) 1170","Ellis,Elizabeth Marie",Key Person,1170,Ellis,Elizabeth Marie,ellis|e,TRUE,,,,FALSE
K000150543,2021,1172,Agricultural + Resource Economics,TRUE,"Haefele,Michelle A (Primary PI) 1172","Haefele,Michelle A",Primary PI,1172,Haefele,Michelle A,haefele|m,TRUE,,,,FALSE
K000150639,2021,1177,Agricultural Biology,FALSE,"Charkowski,Amy Olymbia (Primary PI) 1177","Charkowski,Amy Olymbia",Primary PI,1177,Charkowski,Amy Olymbia,charkowski|a,TRUE,,,,FALSE
K000150689,2021,1171,Animal Sciences,FALSE,"Yang,Hua (Primary PI) 1171","Yang,Hua",Primary PI,1171,Yang,Hua,yang|h,TRUE,,,,FALSE
K000150689,2021,1171,Animal Sciences,FALSE,"Frazier,Anthony Nathan (Key Person) 1171","Frazier,Anthony Nathan",Key Person,1171,Frazier,Anthony Nathan,frazier|a,TRUE,,,,FALSE
K000150689,2021,1171,Animal Sciences,FALSE,"Geornaras,Ifigenia (Key Person) 1171","Geornaras,Ifigenia",Key Person,1171,Geornaras,Ifigenia,geornaras|i,TRUE,,,,FALSE
K000150689,2021,1171,Animal Sciences,FALSE,"Belk,Keith (Key Person) 1171","Belk,Keith",Key Person,1171,Belk,Keith,belk|k,TRUE,,,,FALSE
K000150672,2021,1177,Agricultural Biology,FALSE,"Stewart,Jane E (Primary PI) 1177","Stewart,Jane E",Primary PI,1177,Stewart,Jane E,stewart|j,TRUE,,,,FALSE
K000150476,2021,1172,Agricultural + Resource Economics,TRUE,"Thilmany,Dawn D (Primary PI) 1172","Thilmany,Dawn D",Primary PI,1172,Thilmany,Dawn D,thilmany|d,TRUE,Thilmany,Dawn,Ag and Food,TRUE
K000150476,2021,1172,Agricultural + Resource Economics,TRUE,"Jablonski,Rebecca BR (Co-PI) 1172","Jablonski,Rebecca BR",Co-PI,1172,Jablonski,Rebecca BR,jablonski|b,TRUE,Jablonski,Becca,Ag and Food,TRUE
K000150476,2021,1172,Agricultural + Resource Economics,TRUE,"Bauman,Allison Gunter (Co-PI) 1172","Bauman,Allison Gunter",Co-PI,1172,Bauman,Allison Gunter,bauman|a,TRUE,,,,FALSE
K000149553,2021,1177,Agricultural Biology,FALSE,"Gaines,Todd A (Primary PI) 1177","Gaines,Todd A",Primary PI,1177,Gaines,Todd A,gaines|t,TRUE,,,,FALSE
K000149553,2021,1177,Agricultural Biology,FALSE,"Dayan,Franck E (Co-PI) 1177","Dayan,Franck E",Co-PI,1177,Dayan,Franck E,dayan|f,TRUE,,,,FALSE
K000150548,2021,1171,Animal Sciences,FALSE,"Engle,Terry E (Primary PI) 1171","Engle,Terry E",Primary PI,1171,Engle,Terry E,engle|t,TRUE,,,,FALSE
K000150469,2021,1171,Animal Sciences,FALSE,"Martin,Jennifer Nicole (Primary PI) 1171","Martin,Jennifer Nicole",Primary PI,1171,Martin,Jennifer Nicole,martin|j,TRUE,,,,FALSE
K000150469,2021,1171,Animal Sciences,FALSE,"Zarestky,Jill (Co-PI) 1588","Zarestky,Jill",Co-PI,1588,Zarestky,Jill,zarestky|j,TRUE,,,,FALSE
K000150469,2021,1171,Animal Sciences,FALSE,"Namuth-Covert,Deana Michelle (Co-PI) 1171","Namuth-Covert,Deana Michelle",Co-PI,1171,Namuth-Covert,Deana Michelle,namuth covert|d,TRUE,,,,FALSE
K000150469,2021,1171,Animal Sciences,FALSE,"Enns,Kellie J (Co-PI) 1172","Enns,Kellie J",Co-PI,1172,Enns,Kellie J,enns|k,TRUE,Enns,Kellie,Ag Ed,TRUE
K000150421,2021,1171,Animal Sciences,FALSE,"Narayanan Nair,Mahesh (Primary PI) 1171","Narayanan Nair,Mahesh",Primary PI,1171,Narayanan Nair,Mahesh,narayanan nair|m,TRUE,,,,FALSE
K000150421,2021,1171,Animal Sciences,FALSE,"Morgan,James Brad (Key Person) 1171","Morgan,James Brad",Key Person,1171,Morgan,James Brad,morgan|j,TRUE,,,,FALSE
K000150421,2021,1171,Animal Sciences,FALSE,"Weir,Tiffany L (Key Person) 1571","Weir,Tiffany L",Key Person,1571,Weir,Tiffany L,weir|t,TRUE,,,,FALSE
K000150453,2021,1171,Animal Sciences,FALSE,"Engle,Terry E (Primary PI) 1171","Engle,Terry E",Primary PI,1171,Engle,Terry E,engle|t,TRUE,,,,FALSE
K000150370,2021,1172,Agricultural + Resource Economics,TRUE,"Jablonski,Rebecca BR (Primary PI) 1172","Jablonski,Rebecca BR",Primary PI,1172,Jablonski,Rebecca BR,jablonski|b,TRUE,Jablonski,Becca,Ag and Food,TRUE
K000150298,2021,1173,Horticulture + Landscape Architecture,FALSE,"Minas,Ioannis (Primary PI) 1173","Minas,Ioannis",Primary PI,1173,Minas,Ioannis,minas|i,TRUE,,,,FALSE
K000150298,2021,1173,Horticulture + Landscape Architecture,FALSE,"Sharp,Julia L (Co-PI) 1877","Sharp,Julia L",Co-PI,1877,Sharp,Julia L,sharp|j,TRUE,,,,FALSE
K000150452,2021,1177,Agricultural Biology,FALSE,"Gaines,Todd A (Primary PI) 1177","Gaines,Todd A",Primary PI,1177,Gaines,Todd A,gaines|t,TRUE,,,,FALSE
K000150610,2021,1170,Soil + Crop Sciences,FALSE,"Cotrufo,Maria Francesca (Primary PI) 1170","Cotrufo,Maria Francesca",Primary PI,1170,Cotrufo,Maria Francesca,cotrufo|m,TRUE,,,,FALSE
K000150409,2021,1170,Soil + Crop Sciences,FALSE,"Andales,Allan A (Primary PI) 1170","Andales,Allan A",Primary PI,1170,Andales,Allan A,andales|a,TRUE,,,,FALSE
K000150492,2021,1173,Horticulture + Landscape Architecture,FALSE,"Klett,James E (Primary PI) 1173","Klett,James E",Primary PI,1173,Klett,James E,klett|j,TRUE,,,,FALSE
K000150466,2021,1170,Soil + Crop Sciences,FALSE,"Melzer,Susan E (Primary PI) 1170","Melzer,Susan E",Primary PI,1170,Melzer,Susan E,melzer|s,TRUE,,,,FALSE
K000150094,2021,1177,Agricultural Biology,FALSE,"Stewart,Jane E (Primary PI) 1177","Stewart,Jane E",Primary PI,1177,Stewart,Jane E,stewart|j,TRUE,,,,FALSE
K000150463,2021,1170,Soil + Crop Sciences,FALSE,"Pottorff,Laura Pickett (Primary PI) 1170","Pottorff,Laura Pickett",Primary PI,1170,Pottorff,Laura Pickett,pottorff|l,TRUE,,,,FALSE
K000150415,2021,1177,Agricultural Biology,FALSE,"Leach,Jan E (Primary PI) 1177","Leach,Jan E",Primary PI,1177,Leach,Jan E,leach|j,TRUE,,,,FALSE
K000150268,2021,1177,Agricultural Biology,FALSE,"Nalam,Vamsi (Primary PI) 1177","Nalam,Vamsi",Primary PI,1177,Nalam,Vamsi,nalam|v,TRUE,,,,FALSE
K000150190,2021,1172,Agricultural + Resource Economics,TRUE,"Bayham,Jude (Primary PI) 1172","Bayham,Jude",Primary PI,1172,Bayham,Jude,bayham|j,TRUE,Bayham,Jude,ENRE,TRUE
K000150422,2021,1172,Agricultural + Resource Economics,TRUE,"Dalsted,Norman L (Primary PI) 1172","Dalsted,Norman L",Primary PI,1172,Dalsted,Norman L,dalsted|n,TRUE,,,,FALSE
K000150422,2021,1172,Agricultural + Resource Economics,TRUE,"Fetsch,Robert J (Co-PI) 1570","Fetsch,Robert J",Co-PI,1570,Fetsch,Robert J,fetsch|r,TRUE,,,,FALSE
K000150096,2021,1170,Soil + Crop Sciences,FALSE,"Paustian,Keith H (Primary PI) 1170","Paustian,Keith H",Primary PI,1170,Paustian,Keith H,paustian|k,TRUE,,,,FALSE
K000150096,2021,1170,Soil + Crop Sciences,FALSE,"Zhang,Yao (Co-PI) 1499","Zhang,Yao",Co-PI,1499,Zhang,Yao,zhang|y,TRUE,,,,FALSE
K000150096,2021,1170,Soil + Crop Sciences,FALSE,"Ogle,Stephen M (Co-PI) 1476","Ogle,Stephen M",Co-PI,1476,Ogle,Stephen M,ogle|s,TRUE,,,,FALSE
K000150136,2021,1170,Soil + Crop Sciences,FALSE,"Ippolito,Jim (Primary PI) 1170","Ippolito,Jim",Primary PI,1170,Ippolito,Jim,ippolito|j,TRUE,,,,FALSE
K000149266,2021,1170,Soil + Crop Sciences,FALSE,"Morris,Geoffrey Preston (Primary PI) 1170","Morris,Geoffrey Preston",Primary PI,1170,Morris,Geoffrey Preston,morris|g,TRUE,,,,FALSE
K000150398,2021,1170,Soil + Crop Sciences,FALSE,"Paustian,Keith H (Primary PI) 1170","Paustian,Keith H",Primary PI,1170,Paustian,Keith H,paustian|k,TRUE,,,,FALSE
K000150398,2021,1170,Soil + Crop Sciences,FALSE,"Easter,Mark J (Co-PI) 1499","Easter,Mark J",Co-PI,1499,Easter,Mark J,easter|m,TRUE,,,,FALSE
K000150401,2021,1170,Soil + Crop Sciences,FALSE,"Paustian,Keith H (Primary PI) 1170","Paustian,Keith H",Primary PI,1170,Paustian,Keith H,paustian|k,TRUE,,,,FALSE
K000150401,2021,1170,Soil + Crop Sciences,FALSE,"Easter,Mark J (Co-PI) 1499","Easter,Mark J",Co-PI,1499,Easter,Mark J,easter|m,TRUE,,,,FALSE
K000150363,2021,1170,Soil + Crop Sciences,FALSE,"Paustian,Keith H (Primary PI) 1170","Paustian,Keith H",Primary PI,1170,Paustian,Keith H,paustian|k,TRUE,,,,FALSE
K000150363,2021,1170,Soil + Crop Sciences,FALSE,"Easter,Mark J (Co-PI) 1499","Easter,Mark J",Co-PI,1499,Easter,Mark J,easter|m,TRUE,,,,FALSE
K000150086,2021,1172,Agricultural + Resource Economics,TRUE,"Countryman,Amanda Marie (Primary PI) 1172","Countryman,Amanda Marie",Primary PI,1172,Countryman,Amanda Marie,countryman|a,TRUE,Countryman,Amanda,Ag and Food,TRUE
K000149750,2021,1177,Agricultural Biology,FALSE,"McKay,John K (Primary PI) 1177","McKay,John K",Primary PI,1177,McKay,John K,mckay|j,TRUE,,,,FALSE
K000149750,2021,1177,Agricultural Biology,FALSE,"Mooney,Daniel F (Co-PI) 1172","Mooney,Daniel F",Co-PI,1172,Mooney,Daniel F,mooney|d,TRUE,Mooney,Daniel,Ag and Food,TRUE
K000149750,2021,1177,Agricultural Biology,FALSE,"Graff,Gregory D (Co-PI) 1172","Graff,Gregory D",Co-PI,1172,Graff,Gregory D,graff|g,TRUE,Graff,Gregory,Ag and Food,TRUE
K000149750,2021,1177,Agricultural Biology,FALSE,"Cotrufo,Maria Francesca (Co-PI) 1170","Cotrufo,Maria Francesca",Co-PI,1170,Cotrufo,Maria Francesca,cotrufo|m,TRUE,,,,FALSE
K000150299,2021,1177,Agricultural Biology,FALSE,"Stewart,Jane E (Primary PI) 1177","Stewart,Jane E",Primary PI,1177,Stewart,Jane E,stewart|j,TRUE,,,,FALSE
K000150300,2021,1177,Agricultural Biology,FALSE,"Trivedi,Pankaj (Primary PI) 1177","Trivedi,Pankaj",Primary PI,1177,Trivedi,Pankaj,trivedi|p,TRUE,,,,FALSE
K000150300,2021,1177,Agricultural Biology,FALSE,"Suter,Jordan (Co-PI) 1172","Suter,Jordan",Co-PI,1172,Suter,Jordan,suter|j,TRUE,Suter,Jordan,ENRE,TRUE
K000150300,2021,1177,Agricultural Biology,FALSE,"Wallenstein,Matthew (Co-PI) 1170","Wallenstein,Matthew",Co-PI,1170,Wallenstein,Matthew,wallenstein|m,TRUE,,,,FALSE
K000150345,2021,1170,Soil + Crop Sciences,FALSE,"Ippolito,Jim (Primary PI) 1170","Ippolito,Jim",Primary PI,1170,Ippolito,Jim,ippolito|j,TRUE,,,,FALSE
K000150154,2021,1170,Soil + Crop Sciences,FALSE,"Ippolito,Jim (Primary PI) 1170","Ippolito,Jim",Primary PI,1170,Ippolito,Jim,ippolito|j,TRUE,,,,FALSE
K000150154,2021,1170,Soil + Crop Sciences,FALSE,"Ham,Jay M (Co-PI) 1170","Ham,Jay M",Co-PI,1170,Ham,Jay M,ham|j,TRUE,,,,FALSE
K000150091,2021,1173,Horticulture + Landscape Architecture,FALSE,"Gutierrez-Rodriguez,Eduardo (Primary PI) 1173","Gutierrez-Rodriguez,Eduardo",Primary PI,1173,Gutierrez-Rodriguez,Eduardo,gutierrez rodriguez|e,TRUE,,,,FALSE
K000150091,2021,1173,Horticulture + Landscape Architecture,FALSE,"Uchanski,Mark E (Co-PI) 1173","Uchanski,Mark E",Co-PI,1173,Uchanski,Mark E,uchanski|m,TRUE,,,,FALSE
K000150091,2021,1173,Horticulture + Landscape Architecture,FALSE,"Prenni,Jessica E (Co-PI) 1173","Prenni,Jessica E",Co-PI,1173,Prenni,Jessica E,prenni|j,TRUE,,,,FALSE
K000150042,2021,1173,Horticulture + Landscape Architecture,FALSE,"Heuberger,Adam L (Primary PI) 1173","Heuberger,Adam L",Primary PI,1173,Heuberger,Adam L,heuberger|a,TRUE,,,,FALSE
K000150042,2021,1173,Horticulture + Landscape Architecture,FALSE,"Joshi,Janak Raj (Co-PI) 1173","Joshi,Janak Raj",Co-PI,1173,Joshi,Janak Raj,joshi|j,TRUE,,,,FALSE
K000149964,2021,1170,Soil + Crop Sciences,FALSE,"Wardle,Erik M (Primary PI) 1170","Wardle,Erik M",Primary PI,1170,Wardle,Erik M,wardle|e,TRUE,,,,FALSE
K000149964,2021,1170,Soil + Crop Sciences,FALSE,"Bauder,Troy A (Co-PI) 3001","Bauder,Troy A",Co-PI,3001,Bauder,Troy A,bauder|t,TRUE,,,,FALSE
K000150072,2021,1172,Agricultural + Resource Economics,TRUE,"Hill,Alexandra E (Primary PI) 1172","Hill,Alexandra E",Primary PI,1172,Hill,Alexandra E,hill|a,TRUE,Hill,Alexandra,Ag and Food,TRUE
K000150288,2021,1177,Agricultural Biology,FALSE,"Tembrock,Luke R (Primary PI) 1177","Tembrock,Luke R",Primary PI,1177,Tembrock,Luke R,tembrock|l,TRUE,,,,FALSE
K000149953,2021,1170,Soil + Crop Sciences,FALSE,"Ham,Jay M (Primary PI) 1170","Ham,Jay M",Primary PI,1170,Ham,Jay M,ham|j,TRUE,,,,FALSE
K000149953,2021,1170,Soil + Crop Sciences,FALSE,"Clark,Nathan (Co-PI) 1172","Clark,Nathan",Co-PI,1172,Clark,Nathan,clark|n,TRUE,Clark,Nathan,Ag Ed,TRUE
K000149953,2021,1170,Soil + Crop Sciences,FALSE,"Andales,Allan A (Co-PI) 1170","Andales,Allan A",Co-PI,1170,Andales,Allan A,andales|a,TRUE,,,,FALSE
K000149953,2021,1170,Soil + Crop Sciences,FALSE,"Namuth-Covert,Deana Michelle (Co-PI) 1171","Namuth-Covert,Deana Michelle",Co-PI,1171,Namuth-Covert,Deana Michelle,namuth covert|d,TRUE,,,,FALSE
K000149953,2021,1170,Soil + Crop Sciences,FALSE,"Enns,Kellie J (Co-PI) 1172","Enns,Kellie J",Co-PI,1172,Enns,Kellie J,enns|k,TRUE,Enns,Kellie,Ag Ed,TRUE
K000150293,2021,1172,Agricultural + Resource Economics,TRUE,"Thilmany,Dawn D (Primary PI) 1172","Thilmany,Dawn D",Primary PI,1172,Thilmany,Dawn D,thilmany|d,TRUE,Thilmany,Dawn,Ag and Food,TRUE
K000150148,2021,1177,Agricultural Biology,FALSE,"Nalam,Vamsi (Primary PI) 1177","Nalam,Vamsi",Primary PI,1177,Nalam,Vamsi,nalam|v,TRUE,,,,FALSE
K000150037,2021,1172,Agricultural + Resource Economics,TRUE,"Hill,Rebecca Lynn (Primary PI) 1172","Hill,Rebecca Lynn",Primary PI,1172,Hill,Rebecca Lynn,hill|r,TRUE,,,,FALSE
K000150037,2021,1172,Agricultural + Resource Economics,TRUE,"Jablonski,Rebecca BR (Co-PI) 1172","Jablonski,Rebecca BR",Co-PI,1172,Jablonski,Rebecca BR,jablonski|b,TRUE,Jablonski,Becca,Ag and Food,TRUE
K000150037,2021,1172,Agricultural + Resource Economics,TRUE,"Ishiwata,Eric (Co-PI) 1790","Ishiwata,Eric",Co-PI,1790,Ishiwata,Eric,ishiwata|e,TRUE,,,,FALSE
K000150070,2021,1172,Agricultural + Resource Economics,TRUE,"Hill,Alexandra E (Primary PI) 1172","Hill,Alexandra E",Primary PI,1172,Hill,Alexandra E,hill|a,TRUE,Hill,Alexandra,Ag and Food,TRUE
K000147467,2021,1177,Agricultural Biology,FALSE,"Stewart,Jane E (Primary PI) 1177","Stewart,Jane E",Primary PI,1177,Stewart,Jane E,stewart|j,TRUE,,,,FALSE
K000149585,2021,1170,Soil + Crop Sciences,FALSE,"Wallenstein,Matthew (Primary PI) 1170","Wallenstein,Matthew",Primary PI,1170,Wallenstein,Matthew,wallenstein|m,TRUE,,,,FALSE
K000150155,2021,1177,Agricultural Biology,FALSE,"Trivedi,Pankaj (Primary PI) 1177","Trivedi,Pankaj",Primary PI,1177,Trivedi,Pankaj,trivedi|p,TRUE,,,,FALSE
K000150155,2021,1177,Agricultural Biology,FALSE,"Wallenstein,Matthew (Co-PI) 1170","Wallenstein,Matthew",Co-PI,1170,Wallenstein,Matthew,wallenstein|m,TRUE,,,,FALSE
K000150183,2021,1171,Animal Sciences,FALSE,"Jablonski,Kevin E (Primary PI) 1171","Jablonski,Kevin E",Primary PI,1171,Jablonski,Kevin E,jablonski|k,TRUE,,,,FALSE
K000150212,2021,1170,Soil + Crop Sciences,FALSE,"Andales,Allan A (Primary PI) 1170","Andales,Allan A",Primary PI,1170,Andales,Allan A,andales|a,TRUE,,,,FALSE
K000148066,2021,1177,Agricultural Biology,FALSE,"Trivedi,Pankaj (Primary PI) 1177","Trivedi,Pankaj",Primary PI,1177,Trivedi,Pankaj,trivedi|p,TRUE,,,,FALSE
K000148066,2021,1177,Agricultural Biology,FALSE,"Leach,Jan E (Co-PI) 1177","Leach,Jan E",Co-PI,1177,Leach,Jan E,leach|j,TRUE,,,,FALSE
K000150014,2021,1170,Soil + Crop Sciences,FALSE,"Pearce,Stephen P (Primary PI) 1170","Pearce,Stephen P",Primary PI,1170,Pearce,Stephen P,pearce|s,TRUE,,,,FALSE
K000150014,2021,1170,Soil + Crop Sciences,FALSE,"Mason,Richard Esten (Co-PI) 1170","Mason,Richard Esten",Co-PI,1170,Mason,Richard Esten,mason|r,TRUE,,,,FALSE
K000149946,2021,1170,Soil + Crop Sciences,FALSE,"Paustian,Keith H (Primary PI) 1170","Paustian,Keith H",Primary PI,1170,Paustian,Keith H,paustian|k,TRUE,,,,FALSE
K000150011,2021,1170,Soil + Crop Sciences,FALSE,"Johnson,Jerry J (Primary PI) 1170","Johnson,Jerry J",Primary PI,1170,Johnson,Jerry J,johnson|j,TRUE,,,,FALSE
K000150011,2021,1170,Soil + Crop Sciences,FALSE,"Jones-Diamond,Sally Marie (Co-PI) 1170","Jones-Diamond,Sally Marie",Co-PI,1170,Jones-Diamond,Sally Marie,jones diamond|s,TRUE,,,,FALSE
K000149782,2021,1177,Agricultural Biology,FALSE,"Fulladolsa Palma,Ana Cristina (Primary PI) 1177","Fulladolsa Palma,Ana Cristina",Primary PI,1177,Fulladolsa Palma,Ana Cristina,fulladolsa palma|a,TRUE,,,,FALSE
K000149965,2021,1171,Animal Sciences,FALSE,"Engle,Terry E (Primary PI) 1171","Engle,Terry E",Primary PI,1171,Engle,Terry E,engle|t,TRUE,,,,FALSE
K000149965,2021,1171,Animal Sciences,FALSE,"Wagner,John Joseph (Co-PI) 1171","Wagner,John Joseph",Co-PI,1171,Wagner,John Joseph,wagner|j,TRUE,,,,FALSE
K000149969,2021,1171,Animal Sciences,FALSE,"Narayanan Nair,Mahesh (Primary PI) 1171","Narayanan Nair,Mahesh",Primary PI,1171,Narayanan Nair,Mahesh,narayanan nair|m,TRUE,,,,FALSE
K000149736,2021,1170,Soil + Crop Sciences,FALSE,"Mueller,Nathaniel Dean (Primary PI) 1476","Mueller,Nathaniel Dean",Primary PI,1476,Mueller,Nathaniel Dean,mueller|n,TRUE,,,,FALSE
K000149736,2021,1170,Soil + Crop Sciences,FALSE,"King,Alison Elinor (Co-PI) 1170","King,Alison Elinor",Co-PI,1170,King,Alison Elinor,king|a,TRUE,,,,FALSE
K000149736,2021,1170,Soil + Crop Sciences,FALSE,"Cotrufo,Maria Francesca (Co-PI) 1170","Cotrufo,Maria Francesca",Co-PI,1170,Cotrufo,Maria Francesca,cotrufo|m,TRUE,,,,FALSE
K000149725,2021,1171,Animal Sciences,FALSE,"Jablonski,Kevin E (Primary PI) 1171","Jablonski,Kevin E",Primary PI,1171,Jablonski,Kevin E,jablonski|k,TRUE,,,,FALSE
K000148840,2021,1173,Horticulture + Landscape Architecture,FALSE,"Minas,Ioannis (Primary PI) 1173","Minas,Ioannis",Primary PI,1173,Minas,Ioannis,minas|i,TRUE,,,,FALSE
K000148633,2021,1173,Horticulture + Landscape Architecture,FALSE,"Gutierrez-Rodriguez,Eduardo (Primary PI) 1173","Gutierrez-Rodriguez,Eduardo",Primary PI,1173,Gutierrez-Rodriguez,Eduardo,gutierrez rodriguez|e,TRUE,,,,FALSE
K000148633,2021,1173,Horticulture + Landscape Architecture,FALSE,"Uchanski,Mark E (Co-PI) 1173","Uchanski,Mark E",Co-PI,1173,Uchanski,Mark E,uchanski|m,TRUE,,,,FALSE
K000148633,2021,1173,Horticulture + Landscape Architecture,FALSE,"Prenni,Jessica E (Co-PI) 1173","Prenni,Jessica E",Co-PI,1173,Prenni,Jessica E,prenni|j,TRUE,,,,FALSE
K000149640,2021,1177,Agricultural Biology,FALSE,"Nachappa,Punya (Primary PI) 1177","Nachappa,Punya",Primary PI,1177,Nachappa,Punya,nachappa|p,TRUE,,,,FALSE
K000149640,2021,1177,Agricultural Biology,FALSE,"Mason,Richard Esten (Co-PI) 1170","Mason,Richard Esten",Co-PI,1170,Mason,Richard Esten,mason|r,TRUE,,,,FALSE
K000149640,2021,1177,Agricultural Biology,FALSE,"Peirce,Erika Sasha (Co-PI) 1177","Peirce,Erika Sasha",Co-PI,1177,Peirce,Erika Sasha,peirce|e,TRUE,,,,FALSE
K000149932,2021,1170,Soil + Crop Sciences,FALSE,"Morris,Geoffrey Preston (Primary PI) 1170","Morris,Geoffrey Preston",Primary PI,1170,Morris,Geoffrey Preston,morris|g,TRUE,,,,FALSE
K000149932,2021,1170,Soil + Crop Sciences,FALSE,"Eluri,Tarik A (Key Person) 1170","Eluri,Tarik A",Key Person,1170,Eluri,Tarik A,eluri|t,TRUE,,,,FALSE
K000150092,2021,1170,Soil + Crop Sciences,FALSE,"Kelly,Eugene F (Primary PI) 3001","Kelly,Eugene F",Primary PI,3001,Kelly,Eugene F,kelly|e,TRUE,,,,FALSE
K000150053,2021,1170,Soil + Crop Sciences,FALSE,"Melzer,Susan E (Primary PI) 1170","Melzer,Susan E",Primary PI,1170,Melzer,Susan E,melzer|s,TRUE,,,,FALSE
K000150053,2021,1170,Soil + Crop Sciences,FALSE,"Kelly,Eugene F (Co-PI) 3001","Kelly,Eugene F",Co-PI,3001,Kelly,Eugene F,kelly|e,TRUE,,,,FALSE
K000149915,2021,1173,Horticulture + Landscape Architecture,FALSE,"Vivanco,Jorge M (Primary PI) 1173","Vivanco,Jorge M",Primary PI,1173,Vivanco,Jorge M,vivanco|j,TRUE,,,,FALSE
K000149915,2021,1173,Horticulture + Landscape Architecture,FALSE,"Essah,Samuel YC (Co-PI) 3043","Essah,Samuel YC",Co-PI,3043,Essah,Samuel YC,essah|s,TRUE,,,,FALSE
K000149738,2021,1173,Horticulture + Landscape Architecture,FALSE,"Heuberger,Adam L (Primary PI) 1173","Heuberger,Adam L",Primary PI,1173,Heuberger,Adam L,heuberger|a,TRUE,,,,FALSE
K000149738,2021,1173,Horticulture + Landscape Architecture,FALSE,"Trivedi,Chanda (Co-PI) 3001","Trivedi,Chanda",Co-PI,3001,Trivedi,Chanda,trivedi|c,TRUE,,,,FALSE
K000149738,2021,1173,Horticulture + Landscape Architecture,FALSE,"Joshi,Janak Raj (Co-PI) 1173","Joshi,Janak Raj",Co-PI,1173,Joshi,Janak Raj,joshi|j,TRUE,,,,FALSE
K000149738,2021,1173,Horticulture + Landscape Architecture,FALSE,"Charkowski,Amy Olymbia (Co-PI) 1177","Charkowski,Amy Olymbia",Co-PI,1177,Charkowski,Amy Olymbia,charkowski|a,TRUE,,,,FALSE
K000149738,2021,1173,Horticulture + Landscape Architecture,FALSE,"Holm,David G (Co-PI) 3043","Holm,David G",Co-PI,3043,Holm,David G,holm|d,TRUE,,,,FALSE
K000148838,2021,1177,Agricultural Biology,FALSE,"Nalam,Vamsi (Primary PI) 1177","Nalam,Vamsi",Primary PI,1177,Nalam,Vamsi,nalam|v,TRUE,,,,FALSE
K000148838,2021,1177,Agricultural Biology,FALSE,"Holm,David G (Co-PI) 3043","Holm,David G",Co-PI,3043,Holm,David G,holm|d,TRUE,,,,FALSE
K000149816,2021,1173,Horticulture + Landscape Architecture,FALSE,"Thompson,Henry J (Primary PI) 1173","Thompson,Henry J",Primary PI,1173,Thompson,Henry J,thompson|h,TRUE,,,,FALSE
K000149816,2021,1173,Horticulture + Landscape Architecture,FALSE,"Weir,Tiffany L (Co-PI) 1571","Weir,Tiffany L",Co-PI,1571,Weir,Tiffany L,weir|t,TRUE,,,,FALSE
K000149756,2021,1171,Animal Sciences,FALSE,"Metcalf,Jessica Lynne (Primary PI) 1171","Metcalf,Jessica Lynne",Primary PI,1171,Metcalf,Jessica Lynne,metcalf|j,TRUE,,,,FALSE
K000149756,2021,1171,Animal Sciences,FALSE,"Emmons,Alexandra L (Co-PI) 1171","Emmons,Alexandra L",Co-PI,1171,Emmons,Alexandra L,emmons|a,TRUE,,,,FALSE
K000149756,2021,1171,Animal Sciences,FALSE,"Burcham,Zachary M (Co-PI) 1171","Burcham,Zachary M",Co-PI,1171,Burcham,Zachary M,burcham|z,TRUE,,,,FALSE
K000149756,2021,1171,Animal Sciences,FALSE,"Hess,Ann Marie (Co-PI) 1877","Hess,Ann Marie",Co-PI,1877,Hess,Ann Marie,hess|a,TRUE,,,,FALSE
K000149742,2021,1170,Soil + Crop Sciences,FALSE,"Schipanski,Meagan Erin (Primary PI) 1170","Schipanski,Meagan Erin",Primary PI,1170,Schipanski,Meagan Erin,schipanski|m,TRUE,,,,FALSE
K000149742,2021,1170,Soil + Crop Sciences,FALSE,"Fonte,Steven John (Co-PI) 1170","Fonte,Steven John",Co-PI,1170,Fonte,Steven John,fonte|s,TRUE,,,,FALSE
K000149761,2021,1170,Soil + Crop Sciences,FALSE,"Cotrufo,Maria Francesca (Primary PI) 1170","Cotrufo,Maria Francesca",Primary PI,1170,Cotrufo,Maria Francesca,cotrufo|m,TRUE,,,,FALSE
K000149761,2021,1170,Soil + Crop Sciences,FALSE,"Zhang,Yao (Co-PI) 1499","Zhang,Yao",Co-PI,1499,Zhang,Yao,zhang|y,TRUE,,,,FALSE
K000149761,2021,1170,Soil + Crop Sciences,FALSE,"Lavallee,Jocelyn M (Co-PI) 1170","Lavallee,Jocelyn M",Co-PI,1170,Lavallee,Jocelyn M,lavallee|j,TRUE,,,,FALSE
K000149981,2021,1170,Soil + Crop Sciences,FALSE,"Borch,Thomas (Primary PI) 1170","Borch,Thomas",Primary PI,1170,Borch,Thomas,borch|t,TRUE,,,,FALSE
K000149760,2021,1177,Agricultural Biology,FALSE,"Nachappa,Punya (Primary PI) 1177","Nachappa,Punya",Primary PI,1177,Nachappa,Punya,nachappa|p,TRUE,,,,FALSE
K000149760,2021,1177,Agricultural Biology,FALSE,"Stenglein,Mark Daniel (Co-PI) 1682","Stenglein,Mark Daniel",Co-PI,1682,Stenglein,Mark Daniel,stenglein|m,TRUE,,,,FALSE
K000149647,2021,1171,Animal Sciences,FALSE,"Narayanan Nair,Mahesh (Primary PI) 1171","Narayanan Nair,Mahesh",Primary PI,1171,Narayanan Nair,Mahesh,narayanan nair|m,TRUE,,,,FALSE
K000149647,2021,1171,Animal Sciences,FALSE,"Metcalf,Jessica Lynne (Co-PI) 1171","Metcalf,Jessica Lynne",Co-PI,1171,Metcalf,Jessica Lynne,metcalf|j,TRUE,,,,FALSE
K000149647,2021,1171,Animal Sciences,FALSE,"Morgan,James Brad (Co-PI) 1171","Morgan,James Brad",Co-PI,1171,Morgan,James Brad,morgan|j,TRUE,,,,FALSE
K000149647,2021,1171,Animal Sciences,FALSE,"Geornaras,Ifigenia (Co-PI) 1171","Geornaras,Ifigenia",Co-PI,1171,Geornaras,Ifigenia,geornaras|i,TRUE,,,,FALSE
K000149796,2021,1177,Agricultural Biology,FALSE,"Nalam,Vamsi (Primary PI) 1177","Nalam,Vamsi",Primary PI,1177,Nalam,Vamsi,nalam|v,TRUE,,,,FALSE
K000149734,2021,1177,Agricultural Biology,FALSE,"Roberts,Robyn (Primary PI) 1177","Roberts,Robyn",Primary PI,1177,Roberts,Robyn,roberts|r,TRUE,,,,FALSE
K000149648,2021,1177,Agricultural Biology,FALSE,"Jahn,Courtney Elaine (Primary PI) 1177","Jahn,Courtney Elaine",Primary PI,1177,Jahn,Courtney Elaine,jahn|c,TRUE,,,,FALSE
K000149645,2021,1177,Agricultural Biology,FALSE,"Gaines,Todd A (Primary PI) 1177","Gaines,Todd A",Primary PI,1177,Gaines,Todd A,gaines|t,TRUE,,,,FALSE
K000149645,2021,1177,Agricultural Biology,FALSE,"Nachappa,Punya (Co-PI) 1177","Nachappa,Punya",Co-PI,1177,Nachappa,Punya,nachappa|p,TRUE,,,,FALSE
K000149600,2021,1177,Agricultural Biology,FALSE,"McKay,John K (Primary PI) 1177","McKay,John K",Primary PI,1177,McKay,John K,mckay|j,TRUE,,,,FALSE
K000149600,2021,1177,Agricultural Biology,FALSE,"Woods,Patrick (Co-PI) 1177","Woods,Patrick",Co-PI,1177,Woods,Patrick,woods|p,TRUE,,,,FALSE
K000149442,2021,1173,Horticulture + Landscape Architecture,FALSE,"Rhodes,Davina Hope (Primary PI) 1173","Rhodes,Davina Hope",Primary PI,1173,Rhodes,Davina Hope,rhodes|d,TRUE,,,,FALSE
K000148820,2021,1173,Horticulture + Landscape Architecture,FALSE,"Bousselot,Jennifer M (Primary PI) 1173","Bousselot,Jennifer M",Primary PI,1173,Bousselot,Jennifer M,bousselot|j,TRUE,,,,FALSE
K000148795,2021,1173,Horticulture + Landscape Architecture,FALSE,"Klett,James E (Primary PI) 1173","Klett,James E",Primary PI,1173,Klett,James E,klett|j,TRUE,,,,FALSE
K000149711,2021,1171,Animal Sciences,FALSE,"Metcalf,Jessica Lynne (Primary PI) 1171","Metcalf,Jessica Lynne",Primary PI,1171,Metcalf,Jessica Lynne,metcalf|j,TRUE,,,,FALSE
K000149711,2021,1171,Animal Sciences,FALSE,"Martin,Jennifer Nicole (Co-PI) 1171","Martin,Jennifer Nicole",Co-PI,1171,Martin,Jennifer Nicole,martin|j,TRUE,,,,FALSE
K000149711,2021,1171,Animal Sciences,FALSE,"Belk,Aeriel D (Co-PI) 1171","Belk,Aeriel D",Co-PI,1171,Belk,Aeriel D,belk|a,TRUE,,,,FALSE
K000149711,2021,1171,Animal Sciences,FALSE,"Geornaras,Ifigenia (Co-PI) 1171","Geornaras,Ifigenia",Co-PI,1171,Geornaras,Ifigenia,geornaras|i,TRUE,,,,FALSE
K000149198,2021,1177,Agricultural Biology,FALSE,"Hufbauer,Ruth A (Primary PI) 1177","Hufbauer,Ruth A",Primary PI,1177,Hufbauer,Ruth A,hufbauer|r,TRUE,,,,FALSE
K000149198,2021,1177,Agricultural Biology,FALSE,"Clark,Eliza I (Key Person) 1177","Clark,Eliza I",Key Person,1177,Clark,Eliza I,clark|e,TRUE,,,,FALSE
K000148801,2021,1177,Agricultural Biology,FALSE,"Nachappa,Punya (Primary PI) 1177","Nachappa,Punya",Primary PI,1177,Nachappa,Punya,nachappa|p,TRUE,,,,FALSE
K000148801,2021,1177,Agricultural Biology,FALSE,"Szczepaniec,Adrianna (Co-PI) 1177","Szczepaniec,Adrianna",Co-PI,1177,Szczepaniec,Adrianna,szczepaniec|a,TRUE,,,,FALSE
K000149916,2021,1171,Animal Sciences,FALSE,"Thomas,Milton (Primary PI) 1171","Thomas,Milton",Primary PI,1171,Thomas,Milton,thomas|m,TRUE,,,,FALSE
K000149786,2021,1171,Animal Sciences,FALSE,"Morgan,James Brad (Primary PI) 1171","Morgan,James Brad",Primary PI,1171,Morgan,James Brad,morgan|j,TRUE,,,,FALSE
K000149786,2021,1171,Animal Sciences,FALSE,"Belk,Keith (Key Person) 1171","Belk,Keith",Key Person,1171,Belk,Keith,belk|k,TRUE,,,,FALSE
K000149762,2021,1173,Horticulture + Landscape Architecture,FALSE,"Heuberger,Adam L (Primary PI) 1173","Heuberger,Adam L",Primary PI,1173,Heuberger,Adam L,heuberger|a,TRUE,,,,FALSE
K000149753,2021,1173,Horticulture + Landscape Architecture,FALSE,"Minas,Ioannis (Primary PI) 1173","Minas,Ioannis",Primary PI,1173,Minas,Ioannis,minas|i,TRUE,,,,FALSE
K000149753,2021,1173,Horticulture + Landscape Architecture,FALSE,"Sharp,Julia L (Co-PI) 1877","Sharp,Julia L",Co-PI,1877,Sharp,Julia L,sharp|j,TRUE,,,,FALSE
K000149753,2021,1173,Horticulture + Landscape Architecture,FALSE,"Heuberger,Adam L (Co-PI) 1173","Heuberger,Adam L",Co-PI,1173,Heuberger,Adam L,heuberger|a,TRUE,,,,FALSE
K000149753,2021,1173,Horticulture + Landscape Architecture,FALSE,"Prenni,Jessica E (Co-PI) 1173","Prenni,Jessica E",Co-PI,1173,Prenni,Jessica E,prenni|j,TRUE,,,,FALSE
K000149729,2021,1170,Soil + Crop Sciences,FALSE,"Kelly,Courtland (Primary PI) 1170","Kelly,Courtland",Primary PI,1170,Kelly,Courtland,kelly|c,TRUE,,,,FALSE
K000149729,2021,1170,Soil + Crop Sciences,FALSE,"Schipanski,Meagan Erin (Key Person) 1170","Schipanski,Meagan Erin",Key Person,1170,Schipanski,Meagan Erin,schipanski|m,TRUE,,,,FALSE
K000149724,2021,1177,Agricultural Biology,FALSE,"Nachappa,Punya (Primary PI) 1177","Nachappa,Punya",Primary PI,1177,Nachappa,Punya,nachappa|p,TRUE,,,,FALSE
K000149709,2021,1171,Animal Sciences,FALSE,"Stackhouse-Lawson,Kimberly Rose (Primary PI) 1171","Stackhouse-Lawson,Kimberly Rose",Primary PI,1171,Stackhouse-Lawson,Kimberly Rose,stackhouse lawson|k,TRUE,,,,FALSE
K000149709,2021,1171,Animal Sciences,FALSE,"Thompson,Logan (Co-PI) 1171","Thompson,Logan",Co-PI,1171,Thompson,Logan,thompson|l,TRUE,,,,FALSE
K000149703,2021,1177,Agricultural Biology,FALSE,"Peirce,Erika Sasha (Primary PI) 1177","Peirce,Erika Sasha",Primary PI,1177,Peirce,Erika Sasha,peirce|e,TRUE,,,,FALSE
K000149703,2021,1177,Agricultural Biology,FALSE,"Nachappa,Punya (Key Person) 1177","Nachappa,Punya",Key Person,1177,Nachappa,Punya,nachappa|p,TRUE,,,,FALSE
K000149684,2021,1173,Horticulture + Landscape Architecture,FALSE,"Thompson,Henry J (Primary PI) 1173","Thompson,Henry J",Primary PI,1173,Thompson,Henry J,thompson|h,TRUE,,,,FALSE
K000149675,2021,1173,Horticulture + Landscape Architecture,FALSE,"Thompson,Henry J (Primary PI) 1173","Thompson,Henry J",Primary PI,1173,Thompson,Henry J,thompson|h,TRUE,,,,FALSE
K000149650,2021,1173,Horticulture + Landscape Architecture,FALSE,"Thompson,Henry J (Primary PI) 1173","Thompson,Henry J",Primary PI,1173,Thompson,Henry J,thompson|h,TRUE,,,,FALSE
K000149646,2021,1170,Soil + Crop Sciences,FALSE,"Avera,Bethany (Primary PI) 1170","Avera,Bethany",Primary PI,1170,Avera,Bethany,avera|b,TRUE,,,,FALSE
K000149646,2021,1170,Soil + Crop Sciences,FALSE,"Schipanski,Meagan Erin (Key Person) 1170","Schipanski,Meagan Erin",Key Person,1170,Schipanski,Meagan Erin,schipanski|m,TRUE,,,,FALSE
K000149583,2021,1171,Animal Sciences,FALSE,"Stackhouse-Lawson,Kimberly Rose (Primary PI) 1171","Stackhouse-Lawson,Kimberly Rose",Primary PI,1171,Stackhouse-Lawson,Kimberly Rose,stackhouse lawson|k,TRUE,,,,FALSE
K000149583,2021,1171,Animal Sciences,FALSE,"Thompson,Logan (Co-PI) 1171","Thompson,Logan",Co-PI,1171,Thompson,Logan,thompson|l,TRUE,,,,FALSE
K000149583,2021,1171,Animal Sciences,FALSE,"de Almeida Guimaraes Bisneto,Octavio (Co-PI) 1171","de Almeida Guimaraes Bisneto,Octavio",Co-PI,1171,de Almeida Guimaraes Bisneto,Octavio,de almeida guimaraes bisneto|o,TRUE,,,,FALSE
K000149583,2021,1171,Animal Sciences,FALSE,"Wagner,John Joseph (Co-PI) 1171","Wagner,John Joseph",Co-PI,1171,Wagner,John Joseph,wagner|j,TRUE,,,,FALSE
K000149583,2021,1171,Animal Sciences,FALSE,"Engle,Terry E (Co-PI) 1171","Engle,Terry E",Co-PI,1171,Engle,Terry E,engle|t,TRUE,,,,FALSE
K000149583,2021,1171,Animal Sciences,FALSE,"Archibeque,Shawn (Co-PI) 1171","Archibeque,Shawn",Co-PI,1171,Archibeque,Shawn,archibeque|s,TRUE,,,,FALSE
K000149443,2021,1173,Horticulture + Landscape Architecture,FALSE,"Rhodes,Davina Hope (Primary PI) 1173","Rhodes,Davina Hope",Primary PI,1173,Rhodes,Davina Hope,rhodes|d,TRUE,,,,FALSE
K000149443,2021,1173,Horticulture + Landscape Architecture,FALSE,"Holm,David G (Co-PI) 3043","Holm,David G",Co-PI,3043,Holm,David G,holm|d,TRUE,,,,FALSE
K000148836,2021,1173,Horticulture + Landscape Architecture,FALSE,"Uchanski,Mark E (Primary PI) 1173","Uchanski,Mark E",Primary PI,1173,Uchanski,Mark E,uchanski|m,TRUE,,,,FALSE
K000148772,2021,1173,Horticulture + Landscape Architecture,FALSE,"Thompson,Henry J (Primary PI) 1173","Thompson,Henry J",Primary PI,1173,Thompson,Henry J,thompson|h,TRUE,,,,FALSE
K000149746,2021,1170,Soil + Crop Sciences,FALSE,"Schipanski,Meagan Erin (Primary PI) 1170","Schipanski,Meagan Erin",Primary PI,1170,Schipanski,Meagan Erin,schipanski|m,TRUE,,,,FALSE
K000149687,2021,1170,Soil + Crop Sciences,FALSE,"Mason,Richard Esten (Primary PI) 1170","Mason,Richard Esten",Primary PI,1170,Mason,Richard Esten,mason|r,TRUE,,,,FALSE
K000149398,2021,1170,Soil + Crop Sciences,FALSE,"Wardle,Erik M (Primary PI) 1170","Wardle,Erik M",Primary PI,1170,Wardle,Erik M,wardle|e,TRUE,,,,FALSE
K000149398,2021,1170,Soil + Crop Sciences,FALSE,"Welch,Christina N (Co-PI) 1170","Welch,Christina N",Co-PI,1170,Welch,Christina N,welch|c,TRUE,,,,FALSE
K000149081,2021,1177,Agricultural Biology,FALSE,"Timm,Alicia Eva (Primary PI) 1177","Timm,Alicia Eva",Primary PI,1177,Timm,Alicia Eva,timm|a,TRUE,,,,FALSE
K000149080,2021,1177,Agricultural Biology,FALSE,"Timm,Alicia Eva (Primary PI) 1177","Timm,Alicia Eva",Primary PI,1177,Timm,Alicia Eva,timm|a,TRUE,,,,FALSE
K000148704,2021,1171,Animal Sciences,FALSE,"Metcalf,Jessica Lynne (Primary PI) 1171","Metcalf,Jessica Lynne",Primary PI,1171,Metcalf,Jessica Lynne,metcalf|j,TRUE,,,,FALSE
K000149309,2021,1173,Horticulture + Landscape Architecture,FALSE,"Gutierrez-Rodriguez,Eduardo (Primary PI) 1173","Gutierrez-Rodriguez,Eduardo",Primary PI,1173,Gutierrez-Rodriguez,Eduardo,gutierrez rodriguez|e,TRUE,,,,FALSE
K000149309,2021,1173,Horticulture + Landscape Architecture,FALSE,"Dice,Cristy Lynn (Co-PI) 4010","Dice,Cristy Lynn",Co-PI,4010,Dice,Cristy Lynn,dice|c,TRUE,,,,FALSE
K000149309,2021,1173,Horticulture + Landscape Architecture,FALSE,"Ritchie,Michele L (Key Person) 4010","Ritchie,Michele L",Key Person,4010,Ritchie,Michele L,ritchie|m,TRUE,,,,FALSE
K000149309,2021,1173,Horticulture + Landscape Architecture,FALSE,"Sullins,Martha J (Key Person) 4010","Sullins,Martha J",Key Person,4010,Sullins,Martha J,sullins|m,TRUE,,,,FALSE
K000149649,2021,1170,Soil + Crop Sciences,FALSE,"Munoz Amatriain,Maria (Primary PI) 1170","Munoz Amatriain,Maria",Primary PI,1170,Munoz Amatriain,Maria,munoz amatriain|m,TRUE,,,,FALSE
K000149350,2021,1171,Animal Sciences,FALSE,"Martin,Jennifer Nicole (Primary PI) 1171","Martin,Jennifer Nicole",Primary PI,1171,Martin,Jennifer Nicole,martin|j,TRUE,,,,FALSE
K000149350,2021,1171,Animal Sciences,FALSE,"Enns,Kellie J (Co-PI) 1172","Enns,Kellie J",Co-PI,1172,Enns,Kellie J,enns|k,TRUE,Enns,Kellie,Ag Ed,TRUE
K000149434,2021,1171,Animal Sciences,FALSE,"Pinedo,Pablo J (Primary PI) 1171","Pinedo,Pablo J",Primary PI,1171,Pinedo,Pablo J,pinedo|p,TRUE,,,,FALSE
K000148943,2021,1173,Horticulture + Landscape Architecture,FALSE,"Bousselot,Jennifer M (Primary PI) 1173","Bousselot,Jennifer M",Primary PI,1173,Bousselot,Jennifer M,bousselot|j,TRUE,,,,FALSE
K000148943,2021,1173,Horticulture + Landscape Architecture,FALSE,"Rojas Rueda,David (Co-PI) 1681","Rojas Rueda,David",Co-PI,1681,Rojas Rueda,David,rojas rueda|d,TRUE,,,,FALSE
K000149380,2021,1172,Agricultural + Resource Economics,TRUE,"Bayham,Jude (Primary PI) 1172","Bayham,Jude",Primary PI,1172,Bayham,Jude,bayham|j,TRUE,Bayham,Jude,ENRE,TRUE
K000149216,2021,1171,Animal Sciences,FALSE,"Edwards-Callaway,Lily Nowell (Primary PI) 1171","Edwards-Callaway,Lily Nowell",Primary PI,1171,Edwards-Callaway,Lily Nowell,edwards callaway|l,TRUE,,,,FALSE
K000149216,2021,1171,Animal Sciences,FALSE,"Cramer,Mary Caitlin (Co-PI) 1171","Cramer,Mary Caitlin",Co-PI,1171,Cramer,Mary Caitlin,cramer|m,TRUE,,,,FALSE
K000149216,2021,1171,Animal Sciences,FALSE,"Roman-Muniz,Ivette Noami (Co-PI) 1171","Roman-Muniz,Ivette Noami",Co-PI,1171,Roman-Muniz,Ivette Noami,roman muniz|i,TRUE,,,,FALSE
K000149216,2021,1171,Animal Sciences,FALSE,"Weller,Zachary Dennis (Key Person) 1877","Weller,Zachary Dennis",Key Person,1877,Weller,Zachary Dennis,weller|z,TRUE,,,,FALSE
K000149216,2021,1171,Animal Sciences,FALSE,"Stallones,Lorann (Key Person) 1876","Stallones,Lorann",Key Person,1876,Stallones,Lorann,stallones|l,TRUE,,,,FALSE
K000149577,2021,1171,Animal Sciences,FALSE,"Cadaret,Caitlin (Primary PI) 1171","Cadaret,Caitlin",Primary PI,1171,Cadaret,Caitlin,cadaret|c,TRUE,,,,FALSE
K000149546,2021,1171,Animal Sciences,FALSE,"Narayanan Nair,Mahesh (Primary PI) 1171","Narayanan Nair,Mahesh",Primary PI,1171,Narayanan Nair,Mahesh,narayanan nair|m,TRUE,,,,FALSE
K000149546,2021,1171,Animal Sciences,FALSE,"Morgan,James Brad (Key Person) 1171","Morgan,James Brad",Key Person,1171,Morgan,James Brad,morgan|j,TRUE,,,,FALSE
K000149546,2021,1171,Animal Sciences,FALSE,"Delmore,Robert J (Key Person) 1171","Delmore,Robert J",Key Person,1171,Delmore,Robert J,delmore|r,TRUE,,,,FALSE
K000149546,2021,1171,Animal Sciences,FALSE,"Belk,Keith (Key Person) 1171","Belk,Keith",Key Person,1171,Belk,Keith,belk|k,TRUE,,,,FALSE
K000149328,2021,1170,Soil + Crop Sciences,FALSE,"Mason,Richard Esten (Primary PI) 1170","Mason,Richard Esten",Primary PI,1170,Mason,Richard Esten,mason|r,TRUE,,,,FALSE
K000148598,2021,1170,Soil + Crop Sciences,FALSE,"Fonte,Steven John (Primary PI) 1170","Fonte,Steven John",Primary PI,1170,Fonte,Steven John,fonte|s,TRUE,,,,FALSE
K000148598,2021,1170,Soil + Crop Sciences,FALSE,"Vanek,Steven John (Co-PI) 1170","Vanek,Steven John",Co-PI,1170,Vanek,Steven John,vanek|s,TRUE,,,,FALSE
K000149428,2021,1177,Agricultural Biology,FALSE,"Trivedi,Pankaj (Primary PI) 1177","Trivedi,Pankaj",Primary PI,1177,Trivedi,Pankaj,trivedi|p,TRUE,,,,FALSE
K000149565,2021,1172,Agricultural + Resource Economics,TRUE,"Bayham,Jude (Primary PI) 1172","Bayham,Jude",Primary PI,1172,Bayham,Jude,bayham|j,TRUE,Bayham,Jude,ENRE,TRUE
K000149613,2021,1173,Horticulture + Landscape Architecture,FALSE,"Prenni,Jessica E (Primary PI) 1173","Prenni,Jessica E",Primary PI,1173,Prenni,Jessica E,prenni|j,TRUE,,,,FALSE
K000149561,2021,1171,Animal Sciences,FALSE,"Morgan,Brad Brad (Primary PI) 1171","Morgan,Brad Brad",Primary PI,1171,Morgan,Brad Brad,morgan|b,TRUE,,,,FALSE
K000149561,2021,1171,Animal Sciences,FALSE,"Belk,Keith (Key Person) 1171","Belk,Keith",Key Person,1171,Belk,Keith,belk|k,TRUE,,,,FALSE
K000149561,2021,1171,Animal Sciences,FALSE,"Narayanan Nair,Mahesh (Key Person) 1171","Narayanan Nair,Mahesh",Key Person,1171,Narayanan Nair,Mahesh,narayanan nair|m,TRUE,,,,FALSE
K000149561,2021,1171,Animal Sciences,FALSE,"Delmore,Bob J (Key Person) 1171","Delmore,Bob J",Key Person,1171,Delmore,Bob J,delmore|b,TRUE,,,,FALSE
K000149561,2021,1171,Animal Sciences,FALSE,"Pinedo,Pablo J (Key Person) 1171","Pinedo,Pablo J",Key Person,1171,Pinedo,Pablo J,pinedo|p,TRUE,,,,FALSE
K000149543,2021,1171,Animal Sciences,FALSE,"Narayanan Nair,Mahesh (Primary PI) 1171","Narayanan Nair,Mahesh",Primary PI,1171,Narayanan Nair,Mahesh,narayanan nair|m,TRUE,,,,FALSE
K000149480,2021,1170,Soil + Crop Sciences,FALSE,"Ippolito,Jim (Primary PI) 1170","Ippolito,Jim",Primary PI,1170,Ippolito,Jim,ippolito|j,TRUE,,,,FALSE
K000149369,2021,1177,Agricultural Biology,FALSE,"Tembrock,Luke R (Primary PI) 1177","Tembrock,Luke R",Primary PI,1177,Tembrock,Luke R,tembrock|l,TRUE,,,,FALSE
K000149348,2021,1177,Agricultural Biology,FALSE,"Roberts,Robyn (Primary PI) 1177","Roberts,Robyn",Primary PI,1177,Roberts,Robyn,roberts|r,TRUE,,,,FALSE
K000149506,2021,1172,Agricultural + Resource Economics,TRUE,"Bayham,Jude (Primary PI) 1172","Bayham,Jude",Primary PI,1172,Bayham,Jude,bayham|j,TRUE,Bayham,Jude,ENRE,TRUE
K000149440,2021,1172,Agricultural + Resource Economics,TRUE,"Mooney,Daniel F (Primary PI) 1172","Mooney,Daniel F",Primary PI,1172,Mooney,Daniel F,mooney|d,TRUE,Mooney,Daniel,Ag and Food,TRUE
K000149440,2021,1172,Agricultural + Resource Economics,TRUE,"Rhoades,Ryan Douglas (Co-PI) 1171","Rhoades,Ryan Douglas",Co-PI,1171,Rhoades,Ryan Douglas,rhoades|r,TRUE,,,,FALSE
K000149440,2021,1172,Agricultural + Resource Economics,TRUE,"Jablonski,Kevin E (Co-PI) 1472","Jablonski,Kevin E",Co-PI,1472,Jablonski,Kevin E,jablonski|k,TRUE,,,,FALSE
K000149440,2021,1172,Agricultural + Resource Economics,TRUE,"Hoag,Dana Loyd Keske (Key Person) 1172","Hoag,Dana Loyd Keske",Key Person,1172,Hoag,Dana Loyd Keske,hoag|d,TRUE,Hoag,Dana,ENRE,TRUE
K000149440,2021,1172,Agricultural + Resource Economics,TRUE,"Garry,Franklyn B (Key Person) 1678","Garry,Franklyn B",Key Person,1678,Garry,Franklyn B,garry|f,TRUE,,,,FALSE
K000149367,2021,1177,Agricultural Biology,FALSE,"McKay,John K (Primary PI) 1177","McKay,John K",Primary PI,1177,McKay,John K,mckay|j,TRUE,,,,FALSE
K000149354,2021,1177,Agricultural Biology,FALSE,"Nalam,Vamsi (Primary PI) 1177","Nalam,Vamsi",Primary PI,1177,Nalam,Vamsi,nalam|v,TRUE,,,,FALSE
K000149354,2021,1177,Agricultural Biology,FALSE,"Holm,David G (Co-PI) 3043","Holm,David G",Co-PI,3043,Holm,David G,holm|d,TRUE,,,,FALSE
K000149351,2021,1177,Agricultural Biology,FALSE,"Nalam,Vamsi (Primary PI) 1177","Nalam,Vamsi",Primary PI,1177,Nalam,Vamsi,nalam|v,TRUE,,,,FALSE
K000149128,2021,1177,Agricultural Biology,FALSE,"Nalam,Vamsi (Primary PI) 1177","Nalam,Vamsi",Primary PI,1177,Nalam,Vamsi,nalam|v,TRUE,,,,FALSE
K000149128,2021,1177,Agricultural Biology,FALSE,"Holm,David G (Co-PI) 3043","Holm,David G",Co-PI,3043,Holm,David G,holm|d,TRUE,,,,FALSE
K000149128,2021,1177,Agricultural Biology,FALSE,"Charkowski,Amy Olymbia (Co-PI) 1177","Charkowski,Amy Olymbia",Co-PI,1177,Charkowski,Amy Olymbia,charkowski|a,TRUE,,,,FALSE
K000149128,2021,1177,Agricultural Biology,FALSE,"Houser,Andrew J (Co-PI) 3043","Houser,Andrew J",Co-PI,3043,Houser,Andrew J,houser|a,TRUE,,,,FALSE
K000148125,2021,1173,Horticulture + Landscape Architecture,FALSE,"Bousselot,Jennifer M (Primary PI) 1173","Bousselot,Jennifer M",Primary PI,1173,Bousselot,Jennifer M,bousselot|j,TRUE,,,,FALSE
K000148125,2021,1173,Horticulture + Landscape Architecture,FALSE,"Barth,Kurt (Co-PI) 1374","Barth,Kurt",Co-PI,1374,Barth,Kurt,barth|k,TRUE,,,,FALSE
K000148125,2021,1173,Horticulture + Landscape Architecture,FALSE,"Card,Adrian B (Co-PI) 4010","Card,Adrian B",Co-PI,4010,Card,Adrian B,card|a,TRUE,,,,FALSE
K000148125,2021,1173,Horticulture + Landscape Architecture,FALSE,"Rojas,David (Co-PI) 1681","Rojas,David",Co-PI,1681,Rojas,David,rojas|d,TRUE,,,,FALSE
K000148125,2021,1173,Horticulture + Landscape Architecture,FALSE,"Berning,Joshua (Co-PI) 1172","Berning,Joshua",Co-PI,1172,Berning,Joshua,berning|j,TRUE,Berning,Joshua,Ag and Food,TRUE
K000148125,2021,1173,Horticulture + Landscape Architecture,FALSE,"McQuade,Amanda Ford (Co-PI) 3046","McQuade,Amanda Ford",Co-PI,3046,McQuade,Amanda Ford,mcquade|a,TRUE,,,,FALSE
K000148125,2021,1173,Horticulture + Landscape Architecture,FALSE,"Bauder,Troy A (Key Person) 3001","Bauder,Troy A",Key Person,3001,Bauder,Troy A,bauder|t,TRUE,,,,FALSE
K000148125,2021,1173,Horticulture + Landscape Architecture,FALSE,Crave,,,,,,,FALSE,,,,FALSE
K000148097,2021,1171,Animal Sciences,FALSE,"Speidel,Scott E (Primary PI) 1171","Speidel,Scott E",Primary PI,1171,Speidel,Scott E,speidel|s,TRUE,,,,FALSE
K000148097,2021,1171,Animal Sciences,FALSE,"Thomas,Milt (Co-PI) 1171","Thomas,Milt",Co-PI,1171,Thomas,Milt,thomas|m,TRUE,,,,FALSE
K000148097,2021,1171,Animal Sciences,FALSE,"Enns,Mark Mark (Co-PI) 1171","Enns,Mark Mark",Co-PI,1171,Enns,Mark Mark,enns|m,TRUE,,,,FALSE
K000149407,2021,1177,Agricultural Biology,FALSE,"Nachappa,Punya (Primary PI) 1177","Nachappa,Punya",Primary PI,1177,Nachappa,Punya,nachappa|p,TRUE,,,,FALSE
K000149429,2021,1177,Agricultural Biology,FALSE,"Stewart,Jane E (Primary PI) 1177","Stewart,Jane E",Primary PI,1177,Stewart,Jane E,stewart|j,TRUE,,,,FALSE
K000149431,2021,1171,Animal Sciences,FALSE,"Ahola,Jason Kee (Primary PI) 1171","Ahola,Jason Kee",Primary PI,1171,Ahola,Jason Kee,ahola|j,TRUE,,,,FALSE
K000149431,2021,1171,Animal Sciences,FALSE,"Bigler,Libby Jaed (Co-PI) 1171","Bigler,Libby Jaed",Co-PI,1171,Bigler,Libby Jaed,bigler|l,TRUE,,,,FALSE
K000149338,2021,1173,Horticulture + Landscape Architecture,FALSE,"Prenni,Jessica E (Primary PI) 1173","Prenni,Jessica E",Primary PI,1173,Prenni,Jessica E,prenni|j,TRUE,,,,FALSE
K000149342,2021,1177,Agricultural Biology,FALSE,"Trivedi,Pankaj (Primary PI) 1177","Trivedi,Pankaj",Primary PI,1177,Trivedi,Pankaj,trivedi|p,TRUE,,,,FALSE
K000149122,2021,1171,Animal Sciences,FALSE,"Morgan,Brad Brad (Primary PI) 1171","Morgan,Brad Brad",Primary PI,1171,Morgan,Brad Brad,morgan|b,TRUE,,,,FALSE
K000149122,2021,1171,Animal Sciences,FALSE,"Delmore,Bob J (Key Person) 1171","Delmore,Bob J",Key Person,1171,Delmore,Bob J,delmore|b,TRUE,,,,FALSE
K000149122,2021,1171,Animal Sciences,FALSE,"Belk,Keith (Key Person) 1171","Belk,Keith",Key Person,1171,Belk,Keith,belk|k,TRUE,,,,FALSE
K000149122,2021,1171,Animal Sciences,FALSE,"Edwards-Callaway,Lily Nowell (Key Person) 1171","Edwards-Callaway,Lily Nowell",Key Person,1171,Edwards-Callaway,Lily Nowell,edwards callaway|l,TRUE,,,,FALSE
K000149122,2021,1171,Animal Sciences,FALSE,"Bigler,Libby Jaed (Key Person) 1171","Bigler,Libby Jaed",Key Person,1171,Bigler,Libby Jaed,bigler|l,TRUE,,,,FALSE
K000149122,2021,1171,Animal Sciences,FALSE,"Martin,Jennifer Nicole (Key Person) 1171","Martin,Jennifer Nicole",Key Person,1171,Martin,Jennifer Nicole,martin|j,TRUE,,,,FALSE
K000149122,2021,1171,Animal Sciences,FALSE,</br,,,,,,,FALSE,,,,FALSE
K000149331,2021,1177,Agricultural Biology,FALSE,"Nachappa,Punya (Primary PI) 1177","Nachappa,Punya",Primary PI,1177,Nachappa,Punya,nachappa|p,TRUE,,,,FALSE
K000149331,2021,1177,Agricultural Biology,FALSE,"Pitt,Jacob Jacob (Co-PI) 1177","Pitt,Jacob Jacob",Co-PI,1177,Pitt,Jacob Jacob,pitt|j,TRUE,,,,FALSE
K000149268,2021,1170,Soil + Crop Sciences,FALSE,"Morris,Geoffrey Preston (Primary PI) 1170","Morris,Geoffrey Preston",Primary PI,1170,Morris,Geoffrey Preston,morris|g,TRUE,,,,FALSE
K000149245,2021,1172,Agricultural + Resource Economics,TRUE,"Jablonski,Becca BR (Primary PI) 1172","Jablonski,Becca BR",Primary PI,1172,Jablonski,Becca BR,jablonski|b,TRUE,Jablonski,Becca,Ag and Food,TRUE
K000149228,2021,1170,Soil + Crop Sciences,FALSE,"Ham,Jay M (Primary PI) 1170","Ham,Jay M",Primary PI,1170,Ham,Jay M,ham|j,TRUE,,,,FALSE
K000149211,2021,1177,Agricultural Biology,FALSE,"McKay,John K (Primary PI) 1177","McKay,John K",Primary PI,1177,McKay,John K,mckay|j,TRUE,,,,FALSE
K000149078,2021,1177,Agricultural Biology,FALSE,"Nachappa,Punya (Primary PI) 1177","Nachappa,Punya",Primary PI,1177,Nachappa,Punya,nachappa|p,TRUE,,,,FALSE
K000149078,2021,1177,Agricultural Biology,FALSE,"Szczepaniec,Ada (Co-PI) 1177","Szczepaniec,Ada",Co-PI,1177,Szczepaniec,Ada,szczepaniec|a,TRUE,,,,FALSE
K000149343,2021,1177,Agricultural Biology,FALSE,"Trivedi,Pankaj (Primary PI) 1177","Trivedi,Pankaj",Primary PI,1177,Trivedi,Pankaj,trivedi|p,TRUE,,,,FALSE
K000149050,2021,1170,Soil + Crop Sciences,FALSE,"Paustian,Keith H (Primary PI) 1170","Paustian,Keith H",Primary PI,1170,Paustian,Keith H,paustian|k,TRUE,,,,FALSE
K000149016,2021,1171,Animal Sciences,FALSE,"Stackhouse-Lawson,Kim Rose (Primary PI) 1171","Stackhouse-Lawson,Kim Rose",Primary PI,1171,Stackhouse-Lawson,Kim Rose,stackhouse lawson|k,TRUE,,,,FALSE
K000149016,2021,1171,Animal Sciences,FALSE,"Engle,Terry E (Co-PI) 1171","Engle,Terry E",Co-PI,1171,Engle,Terry E,engle|t,TRUE,,,,FALSE
K000149016,2021,1171,Animal Sciences,FALSE,"Sharvelle,Sybil E (Co-PI) 1372","Sharvelle,Sybil E",Co-PI,1372,Sharvelle,Sybil E,sharvelle|s,TRUE,,,,FALSE
K000149016,2021,1171,Animal Sciences,FALSE,"Dillon,Jasmine Ashley (Co-PI) 1171","Dillon,Jasmine Ashley",Co-PI,1171,Dillon,Jasmine Ashley,dillon|j,TRUE,,,,FALSE
K000149016,2021,1171,Animal Sciences,FALSE,"Wagner,John Joseph (Co-PI) 1171","Wagner,John Joseph",Co-PI,1171,Wagner,John Joseph,wagner|j,TRUE,,,,FALSE
K000149016,2021,1171,Animal Sciences,FALSE,"Sheehan,John Joseph (Co-PI) 1370","Sheehan,John Joseph",Co-PI,1370,Sheehan,John Joseph,sheehan|j,TRUE,,,,FALSE
K000149016,2021,1171,Animal Sciences,FALSE,"Lavallee,Jocelyn",,,,,,,FALSE,,,,FALSE
K000148958,2021,1170,Soil + Crop Sciences,FALSE,"Wallenstein,Matthew (Primary PI) 1170","Wallenstein,Matthew",Primary PI,1170,Wallenstein,Matthew,wallenstein|m,TRUE,,,,FALSE
K000148958,2021,1170,Soil + Crop Sciences,FALSE,"Machmuller,Megan B (Co-PI) 1170","Machmuller,Megan B",Co-PI,1170,Machmuller,Megan B,machmuller|m,TRUE,,,,FALSE
K000148958,2021,1170,Soil + Crop Sciences,FALSE,"Cotrufo,Francesca Francesca (Co-PI) 1170","Cotrufo,Francesca Francesca",Co-PI,1170,Cotrufo,Francesca Francesca,cotrufo|f,TRUE,,,,FALSE
K000148958,2021,1170,Soil + Crop Sciences,FALSE,"Hoag,Dana Loyd Keske (Co-PI) 1172","Hoag,Dana Loyd Keske",Co-PI,1172,Hoag,Dana Loyd Keske,hoag|d,TRUE,Hoag,Dana,ENRE,TRUE
K000148958,2021,1170,Soil + Crop Sciences,FALSE,"Stackhouse-Lawson,Kim Rose (Co-PI) 1171","Stackhouse-Lawson,Kim Rose",Co-PI,1171,Stackhouse-Lawson,Kim Rose,stackhouse lawson|k,TRUE,,,,FALSE
K000148958,2021,1170,Soil + Crop Sciences,FALSE,"Manning,Dale Thomas (Co-PI) 1172","Manning,Dale Thomas",Co-PI,1172,Manning,Dale Thomas,manning|d,TRUE,Manning,Dale,ENRE,TRUE
K000148958,2021,1170,Soil + Crop Sciences,FALSE,P,,,,,,,FALSE,,,,FALSE
K000148957,2021,1172,Agricultural + Resource Economics,TRUE,"Jablonski,Becca BR (Primary PI) 1172","Jablonski,Becca BR",Primary PI,1172,Jablonski,Becca BR,jablonski|b,TRUE,Jablonski,Becca,Ag and Food,TRUE
K000148957,2021,1172,Agricultural + Resource Economics,TRUE,"Bruegger,Retta A (Co-PI) 4030","Bruegger,Retta A",Co-PI,4030,Bruegger,Retta A,bruegger|r,TRUE,,,,FALSE
K000148957,2021,1172,Agricultural + Resource Economics,TRUE,"Rhoades,Ryan Douglas (Key Person) 1171","Rhoades,Ryan Douglas",Key Person,1171,Rhoades,Ryan Douglas,rhoades|r,TRUE,,,,FALSE
K000148957,2021,1172,Agricultural + Resource Economics,TRUE,"Dillon,Jasmine Ashley (Key Person) 1171","Dillon,Jasmine Ashley",Key Person,1171,Dillon,Jasmine Ashley,dillon|j,TRUE,,,,FALSE
K000148957,2021,1172,Agricultural + Resource Economics,TRUE,"Stackhouse-Lawson,Kim Rose (Key Person) 1171","Stackhouse-Lawson,Kim Rose",Key Person,1171,Stackhouse-Lawson,Kim Rose,stackhouse lawson|k,TRUE,,,,FALSE
K000148957,2021,1172,Agricultural + Resource Economics,TRUE,"Jablonski,Kevin E (Key Person) 147","Jablonski,Kevin E",Key Person,147,Jablonski,Kevin E,jablonski|k,TRUE,,,,FALSE
K000148883,2021,1170,Soil + Crop Sciences,FALSE,"Morris,Geoffrey Preston (Primary PI) 1170","Morris,Geoffrey Preston",Primary PI,1170,Morris,Geoffrey Preston,morris|g,TRUE,,,,FALSE
K000149210,2021,1172,Agricultural + Resource Economics,TRUE,"Mooney,Daniel F (Primary PI) 1172","Mooney,Daniel F",Primary PI,1172,Mooney,Daniel F,mooney|d,TRUE,Mooney,Daniel,Ag and Food,TRUE
K000149210,2021,1172,Agricultural + Resource Economics,TRUE,"Hill,Rebecca Lynn (Co-PI) 1172","Hill,Rebecca Lynn",Co-PI,1172,Hill,Rebecca Lynn,hill|r,TRUE,,,,FALSE
K000149246,2021,1173,Horticulture + Landscape Architecture,FALSE,"Gutierrez-Rodriguez,Eduardo (Primary PI) 1173","Gutierrez-Rodriguez,Eduardo",Primary PI,1173,Gutierrez-Rodriguez,Eduardo,gutierrez rodriguez|e,TRUE,,,,FALSE
K000149246,2021,1173,Horticulture + Landscape Architecture,FALSE,"Uchanski,Mark E (Co-PI) 1173","Uchanski,Mark E",Co-PI,1173,Uchanski,Mark E,uchanski|m,TRUE,,,,FALSE
K000148946,2021,1171,Animal Sciences,FALSE,"Stackhouse-Lawson,Kimberly Rose (Primary PI) 1171","Stackhouse-Lawson,Kimberly Rose",Primary PI,1171,Stackhouse-Lawson,Kimberly Rose,stackhouse lawson|k,TRUE,,,,FALSE
K000148946,2021,1171,Animal Sciences,FALSE,"Dillon,Jasmine Ashley (Co-PI) 1171","Dillon,Jasmine Ashley",Co-PI,1171,Dillon,Jasmine Ashley,dillon|j,TRUE,,,,FALSE
K000148946,2021,1171,Animal Sciences,FALSE,"Rhoades,Ryan Douglas (Co-PI) 1171","Rhoades,Ryan Douglas",Co-PI,1171,Rhoades,Ryan Douglas,rhoades|r,TRUE,,,,FALSE
K000148946,2021,1171,Animal Sciences,FALSE,"Jablonski,Kevin E (Co-PI) 1472","Jablonski,Kevin E",Co-PI,1472,Jablonski,Kevin E,jablonski|k,TRUE,,,,FALSE
K000148946,2021,1171,Animal Sciences,FALSE,"Sheehan,John Joseph (Co-PI) 1370","Sheehan,John Joseph",Co-PI,1370,Sheehan,John Joseph,sheehan|j,TRUE,,,,FALSE
K000148946,2021,1171,Animal Sciences,FALSE,"Garry,Franklyn B (Co-PI) 1678","Garry,Franklyn B",Co-PI,1678,Garry,Franklyn B,garry|f,TRUE,,,,FALSE
K000148946,2021,1171,Animal Sciences,FALSE,Thilma,,,,,,,FALSE,,,,FALSE
K000148835,2021,1171,Animal Sciences,FALSE,"Morgan,James Brad (Primary PI) 1171","Morgan,James Brad",Primary PI,1171,Morgan,James Brad,morgan|j,TRUE,,,,FALSE
K000148835,2021,1171,Animal Sciences,FALSE,"Narayanan Nair,Mahesh (Co-PI) 1171","Narayanan Nair,Mahesh",Co-PI,1171,Narayanan Nair,Mahesh,narayanan nair|m,TRUE,,,,FALSE
K000148835,2021,1171,Animal Sciences,FALSE,"Geornaras,Ifigenia (Co-PI) 1171","Geornaras,Ifigenia",Co-PI,1171,Geornaras,Ifigenia,geornaras|i,TRUE,,,,FALSE
K000148835,2021,1171,Animal Sciences,FALSE,"Delmore,Robert J (Co-PI) 1171","Delmore,Robert J",Co-PI,1171,Delmore,Robert J,delmore|r,TRUE,,,,FALSE
K000148835,2021,1171,Animal Sciences,FALSE,"Belk,Keith (Co-PI) 1171","Belk,Keith",Co-PI,1171,Belk,Keith,belk|k,TRUE,,,,FALSE
K000148613,2021,1170,Soil + Crop Sciences,FALSE,"Wrighton,Kelly Catherine (Primary PI) 1170","Wrighton,Kelly Catherine",Primary PI,1170,Wrighton,Kelly Catherine,wrighton|k,TRUE,,,,FALSE
K000149067,2021,1172,Agricultural + Resource Economics,TRUE,"Jablonski,Rebecca BR (Primary PI) 1172","Jablonski,Rebecca BR",Primary PI,1172,Jablonski,Rebecca BR,jablonski|b,TRUE,Jablonski,Becca,Ag and Food,TRUE
K000149067,2021,1172,Agricultural + Resource Economics,TRUE,"Boone,Randall B (Co-PI) 1476","Boone,Randall B",Co-PI,1476,Boone,Randall B,boone|r,TRUE,,,,FALSE
K000149067,2021,1172,Agricultural + Resource Economics,TRUE,"Quinn,Jason Charles (Co-PI) 1374","Quinn,Jason Charles",Co-PI,1374,Quinn,Jason Charles,quinn|j,TRUE,,,,FALSE
K000149067,2021,1172,Agricultural + Resource Economics,TRUE,"David,Olaf (Key Person) 1372","David,Olaf",Key Person,1372,David,Olaf,david|o,TRUE,,,,FALSE
K000149209,2021,1170,Soil + Crop Sciences,FALSE,"Johnson,Jerry J (Primary PI) 1170","Johnson,Jerry J",Primary PI,1170,Johnson,Jerry J,johnson|j,TRUE,,,,FALSE
K000149077,2021,1177,Agricultural Biology,FALSE,"Szczepaniec,Adrianna (Primary PI) 1177","Szczepaniec,Adrianna",Primary PI,1177,Szczepaniec,Adrianna,szczepaniec|a,TRUE,,,,FALSE
K000149077,2021,1177,Agricultural Biology,FALSE,"Roberts,Robyn (Co-PI) 1177","Roberts,Robyn",Co-PI,1177,Roberts,Robyn,roberts|r,TRUE,,,,FALSE
K000149077,2021,1177,Agricultural Biology,FALSE,"Nachappa,Punya (Co-PI) 1177","Nachappa,Punya",Co-PI,1177,Nachappa,Punya,nachappa|p,TRUE,,,,FALSE
K000149077,2021,1177,Agricultural Biology,FALSE,"Jones,Kurt M (Co-PI) 4020","Jones,Kurt M",Co-PI,4020,Jones,Kurt M,jones|k,TRUE,,,,FALSE
K000149077,2021,1177,Agricultural Biology,FALSE,"Gaines,Todd A (Co-PI) 1177","Gaines,Todd A",Co-PI,1177,Gaines,Todd A,gaines|t,TRUE,,,,FALSE
K000149079,2021,1173,Horticulture + Landscape Architecture,FALSE,"Vivanco,Jorge M (Primary PI) 1173","Vivanco,Jorge M",Primary PI,1173,Vivanco,Jorge M,vivanco|j,TRUE,,,,FALSE
K000149063,2021,1177,Agricultural Biology,FALSE,"Fulladolsa Palma,Ana Cristina (Primary PI) 1177","Fulladolsa Palma,Ana Cristina",Primary PI,1177,Fulladolsa Palma,Ana Cristina,fulladolsa palma|a,TRUE,,,,FALSE
K000149027,2021,1172,Agricultural + Resource Economics,TRUE,"Koontz,Stephen R (Primary PI) 1172","Koontz,Stephen R",Primary PI,1172,Koontz,Stephen R,koontz|s,TRUE,Koontz,Stephen,Ag and Food,TRUE
K000149027,2021,1172,Agricultural + Resource Economics,TRUE,"Dillon,Jasmine Ashley (Co-PI) 1171","Dillon,Jasmine Ashley",Co-PI,1171,Dillon,Jasmine Ashley,dillon|j,TRUE,,,,FALSE
K000147462,2021,1173,Horticulture + Landscape Architecture,FALSE,"Heuberger,Adam L (Primary PI) 1173","Heuberger,Adam L",Primary PI,1173,Heuberger,Adam L,heuberger|a,TRUE,,,,FALSE
K000147462,2021,1173,Horticulture + Landscape Architecture,FALSE,"Joshi,Janak Raj (Co-PI) 1173","Joshi,Janak Raj",Co-PI,1173,Joshi,Janak Raj,joshi|j,TRUE,,,,FALSE
K000147462,2021,1173,Horticulture + Landscape Architecture,FALSE,"Charkowski,Amy Olymbia (Co-PI) 1177","Charkowski,Amy Olymbia",Co-PI,1177,Charkowski,Amy Olymbia,charkowski|a,TRUE,,,,FALSE
K000147462,2021,1173,Horticulture + Landscape Architecture,FALSE,"Pearce,Stephen P (Co-PI) 1170","Pearce,Stephen P",Co-PI,1170,Pearce,Stephen P,pearce|s,TRUE,,,,FALSE
K000148657,2021,1171,Animal Sciences,FALSE,"de Almeida Guimaraes Bisneto,Octavio (Primary PI) 1171","de Almeida Guimaraes Bisneto,Octavio",Primary PI,1171,de Almeida Guimaraes Bisneto,Octavio,de almeida guimaraes bisneto|o,TRUE,,,,FALSE
K000148657,2021,1171,Animal Sciences,FALSE,"Thorndyke,Meghan Paige (Key Person) 1171","Thorndyke,Meghan Paige",Key Person,1171,Thorndyke,Meghan Paige,thorndyke|m,TRUE,,,,FALSE
K000148657,2021,1171,Animal Sciences,FALSE,"Couch,Doug Wayne (Key Person) 3041","Couch,Doug Wayne",Key Person,3041,Couch,Doug Wayne,couch|d,TRUE,,,,FALSE
K000148657,2021,1171,Animal Sciences,FALSE,"Engle,Terry E (Key Person) 1171","Engle,Terry E",Key Person,1171,Engle,Terry E,engle|t,TRUE,,,,FALSE
K000148555,2021,1170,Soil + Crop Sciences,FALSE,"Cotrufo,Maria Francesca (Primary PI) 1170","Cotrufo,Maria Francesca",Primary PI,1170,Cotrufo,Maria Francesca,cotrufo|m,TRUE,,,,FALSE
K000148555,2021,1170,Soil + Crop Sciences,FALSE,"Paustian,Keith H (Co-PI) 1170","Paustian,Keith H",Co-PI,1170,Paustian,Keith H,paustian|k,TRUE,,,,FALSE
K000148555,2021,1170,Soil + Crop Sciences,FALSE,"Zhang,Yao (Key Person) 1499","Zhang,Yao",Key Person,1499,Zhang,Yao,zhang|y,TRUE,,,,FALSE
K000148555,2021,1170,Soil + Crop Sciences,FALSE,"Lavallee,Jocelyn M (Key Person) 1170","Lavallee,Jocelyn M",Key Person,1170,Lavallee,Jocelyn M,lavallee|j,TRUE,,,,FALSE
K000148555,2021,1170,Soil + Crop Sciences,FALSE,"Fletcher,Steven James (Key Person) 1375","Fletcher,Steven James",Key Person,1375,Fletcher,Steven James,fletcher|s,TRUE,,,,FALSE
K000148555,2021,1170,Soil + Crop Sciences,FALSE,"Jones,Andrew S (Key Person) 1375","Jones,Andrew S",Key Person,1375,Jones,Andrew S,jones|a,TRUE,,,,FALSE
K000148612,2021,1170,Soil + Crop Sciences,FALSE,"Wilkins,Michael James (Primary PI) 1170","Wilkins,Michael James",Primary PI,1170,Wilkins,Michael James,wilkins|m,TRUE,,,,FALSE
K000148612,2021,1170,Soil + Crop Sciences,FALSE,"Hart,Sarah Jane (Co-PI) 1472","Hart,Sarah Jane",Co-PI,1472,Hart,Sarah Jane,hart|s,TRUE,,,,FALSE
K000148612,2021,1170,Soil + Crop Sciences,FALSE,"Covino,Timothy P (Co-PI) 1476","Covino,Timothy P",Co-PI,1476,Covino,Timothy P,covino|t,TRUE,,,,FALSE
K000148612,2021,1170,Soil + Crop Sciences,FALSE,"Borch,Thomas (Co-PI) 1170","Borch,Thomas",Co-PI,1170,Borch,Thomas,borch|t,TRUE,,,,FALSE
K000148612,2021,1170,Soil + Crop Sciences,FALSE,"Young,Robert Bruce (Key Person) 1170","Young,Robert Bruce",Key Person,1170,Young,Robert Bruce,young|r,TRUE,,,,FALSE
K000148889,2021,1177,Agricultural Biology,FALSE,"McKay,John K (Primary PI) 1177","McKay,John K",Primary PI,1177,McKay,John K,mckay|j,TRUE,,,,FALSE
K000148889,2021,1177,Agricultural Biology,FALSE,"Mullen,Jack Leonard (Co-PI) 1177","Mullen,Jack Leonard",Co-PI,1177,Mullen,Jack Leonard,mullen|j,TRUE,,,,FALSE
K000148971,2021,1170,Soil + Crop Sciences,FALSE,"Cotrufo,Maria Francesca (Primary PI) 1170","Cotrufo,Maria Francesca",Primary PI,1170,Cotrufo,Maria Francesca,cotrufo|m,TRUE,,,,FALSE
K000148971,2021,1170,Soil + Crop Sciences,FALSE,"Fonte,Steven John (Co-PI) 1170","Fonte,Steven John",Co-PI,1170,Fonte,Steven John,fonte|s,TRUE,,,,FALSE
K000148971,2021,1170,Soil + Crop Sciences,FALSE,"Schipanski,Meagan Erin (Co-PI) 1170","Schipanski,Meagan Erin",Co-PI,1170,Schipanski,Meagan Erin,schipanski|m,TRUE,,,,FALSE
K000148971,2021,1170,Soil + Crop Sciences,FALSE,"Machmuller,Megan B (Co-PI) 1170","Machmuller,Megan B",Co-PI,1170,Machmuller,Megan B,machmuller|m,TRUE,,,,FALSE
K000148971,2021,1170,Soil + Crop Sciences,FALSE,"Wallenstein,Matthew (Co-PI) 1170","Wallenstein,Matthew",Co-PI,1170,Wallenstein,Matthew,wallenstein|m,TRUE,,,,FALSE
K000148971,2021,1170,Soil + Crop Sciences,FALSE,"Paustian,Keith H (Co-PI) 1170","Paustian,Keith H",Co-PI,1170,Paustian,Keith H,paustian|k,TRUE,,,,FALSE
K000148887,2021,1177,Agricultural Biology,FALSE,"Hufbauer,Ruth A (Primary PI) 1177","Hufbauer,Ruth A",Primary PI,1177,Hufbauer,Ruth A,hufbauer|r,TRUE,,,,FALSE
K000148887,2021,1177,Agricultural Biology,FALSE,"Buenrostro,Jacqueline Hope (Key Person) 1177","Buenrostro,Jacqueline Hope",Key Person,1177,Buenrostro,Jacqueline Hope,buenrostro|j,TRUE,,,,FALSE
K000148647,2021,1171,Animal Sciences,FALSE,"Edwards-Callaway,Lily Nowell (Primary PI) 1171","Edwards-Callaway,Lily Nowell",Primary PI,1171,Edwards-Callaway,Lily Nowell,edwards callaway|l,TRUE,,,,FALSE
K000148647,2021,1171,Animal Sciences,FALSE,"Narayanan Nair,Mahesh (Co-PI) 1171","Narayanan Nair,Mahesh",Co-PI,1171,Narayanan Nair,Mahesh,narayanan nair|m,TRUE,,,,FALSE
K000148647,2021,1171,Animal Sciences,FALSE,"Weller,Zachary Dennis (Co-PI) 1877","Weller,Zachary Dennis",Co-PI,1877,Weller,Zachary Dennis,weller|z,TRUE,,,,FALSE
K000148579,2021,1170,Soil + Crop Sciences,FALSE,"Melzer,Susan E (Primary PI) 1170","Melzer,Susan E",Primary PI,1170,Melzer,Susan E,melzer|s,TRUE,,,,FALSE
K000148579,2021,1170,Soil + Crop Sciences,FALSE,"Zarestky,Jill (Co-PI) 1588","Zarestky,Jill",Co-PI,1588,Zarestky,Jill,zarestky|j,TRUE,,,,FALSE
K000148579,2021,1170,Soil + Crop Sciences,FALSE,"Wallenstein,Matthew (Co-PI) 1170","Wallenstein,Matthew",Co-PI,1170,Wallenstein,Matthew,wallenstein|m,TRUE,,,,FALSE
K000147241,2021,1177,Agricultural Biology,FALSE,"Charkowski,Amy Olymbia (Primary PI) 1177","Charkowski,Amy Olymbia",Primary PI,1177,Charkowski,Amy Olymbia,charkowski|a,TRUE,,,,FALSE
K000148892,2021,1171,Animal Sciences,FALSE,"Dillon,Jasmine Ashley (Primary PI) 1171","Dillon,Jasmine Ashley",Primary PI,1171,Dillon,Jasmine Ashley,dillon|j,TRUE,,,,FALSE
K000148617,2021,1177,Agricultural Biology,FALSE,"Hufbauer,Ruth A (Primary PI) 1177","Hufbauer,Ruth A",Primary PI,1177,Hufbauer,Ruth A,hufbauer|r,TRUE,,,,FALSE
K000148617,2021,1177,Agricultural Biology,FALSE,"Fischer,Emily V (Co-PI) 1371","Fischer,Emily V",Co-PI,1371,Fischer,Emily V,fischer|e,TRUE,,,,FALSE
K000148617,2021,1177,Agricultural Biology,FALSE,"Balgopal,Meena M (Co-PI) 1878","Balgopal,Meena M",Co-PI,1878,Balgopal,Meena M,balgopal|m,TRUE,,,,FALSE
K000148617,2021,1177,Agricultural Biology,FALSE,"Dean,Gregg Alan (Co-PI) 1682","Dean,Gregg Alan",Co-PI,1682,Dean,Gregg Alan,dean|g,TRUE,,,,FALSE
K000148617,2021,1177,Agricultural Biology,FALSE,"James,Susan Patricia (Co-PI) 1049","James,Susan Patricia",Co-PI,1049,James,Susan Patricia,james|s,TRUE,,,,FALSE
K000148617,2021,1177,Agricultural Biology,FALSE,"Archibeque-Engle,Shannon L (Co-PI) 0135","Archibeque-Engle,Shannon L",Co-PI,0135,Archibeque-Engle,Shannon L,archibeque engle|s,TRUE,,,,FALSE
K000148617,2021,1177,Agricultural Biology,FALSE,"Sample McMeeking,Laura",,,,,,,FALSE,,,,FALSE
K000148886,2021,1171,Animal Sciences,FALSE,"Narayanan Nair,Mahesh (Primary PI) 1171","Narayanan Nair,Mahesh",Primary PI,1171,Narayanan Nair,Mahesh,narayanan nair|m,TRUE,,,,FALSE
K000148886,2021,1171,Animal Sciences,FALSE,"Morgan,James Brad (Co-PI) 1171","Morgan,James Brad",Co-PI,1171,Morgan,James Brad,morgan|j,TRUE,,,,FALSE
K000148631,2021,1173,Horticulture + Landscape Architecture,FALSE,"Gutierrez-Rodriguez,Eduardo (Primary PI) 1173","Gutierrez-Rodriguez,Eduardo",Primary PI,1173,Gutierrez-Rodriguez,Eduardo,gutierrez rodriguez|e,TRUE,,,,FALSE
K000148631,2021,1173,Horticulture + Landscape Architecture,FALSE,"Urbanowitz,Seth Charles (Co-PI) 4030","Urbanowitz,Seth Charles",Co-PI,4030,Urbanowitz,Seth Charles,urbanowitz|s,TRUE,,,,FALSE
K000148631,2021,1173,Horticulture + Landscape Architecture,FALSE,"Uchanski,Mark E (Co-PI) 1173","Uchanski,Mark E",Co-PI,1173,Uchanski,Mark E,uchanski|m,TRUE,,,,FALSE
K000148631,2021,1173,Horticulture + Landscape Architecture,FALSE,"Prenni,Jessica E (Co-PI) 1173","Prenni,Jessica E",Co-PI,1173,Prenni,Jessica E,prenni|j,TRUE,,,,FALSE
K000148631,2021,1173,Horticulture + Landscape Architecture,FALSE,"Sullins,Martha J (Co-PI) 4010","Sullins,Martha J",Co-PI,4010,Sullins,Martha J,sullins|m,TRUE,,,,FALSE
K000148694,2021,1171,Animal Sciences,FALSE,"Engle,Terry E (Primary PI) 1171","Engle,Terry E",Primary PI,1171,Engle,Terry E,engle|t,TRUE,,,,FALSE
K000148694,2021,1171,Animal Sciences,FALSE,"de Almeida Guimaraes Bisneto,Octavio (Key Person) 1171","de Almeida Guimaraes Bisneto,Octavio",Key Person,1171,de Almeida Guimaraes Bisneto,Octavio,de almeida guimaraes bisneto|o,TRUE,,,,FALSE
K000148047,2021,1170,Soil + Crop Sciences,FALSE,"Paustian,Keith H (Primary PI) 1170","Paustian,Keith H",Primary PI,1170,Paustian,Keith H,paustian|k,TRUE,,,,FALSE
K000148022,2021,1170,Soil + Crop Sciences,FALSE,"Cotrufo,Maria Francesca (Primary PI) 1170","Cotrufo,Maria Francesca",Primary PI,1170,Cotrufo,Maria Francesca,cotrufo|m,TRUE,,,,FALSE
K000148022,2021,1170,Soil + Crop Sciences,FALSE,"Paustian,Keith H (Co-PI) 1170","Paustian,Keith H",Co-PI,1170,Paustian,Keith H,paustian|k,TRUE,,,,FALSE
K000148611,2021,1170,Soil + Crop Sciences,FALSE,"Wilkins,Michael James (Primary PI) 1170","Wilkins,Michael James",Primary PI,1170,Wilkins,Michael James,wilkins|m,TRUE,,,,FALSE
K000148948,2021,1170,Soil + Crop Sciences,FALSE,"Johnson,Jerry J (Primary PI) 1170","Johnson,Jerry J",Primary PI,1170,Johnson,Jerry J,johnson|j,TRUE,,,,FALSE
K000148948,2021,1170,Soil + Crop Sciences,FALSE,"Jones-Diamond,Sally Marie (Co-PI) 1170","Jones-Diamond,Sally Marie",Co-PI,1170,Jones-Diamond,Sally Marie,jones diamond|s,TRUE,,,,FALSE
K000148618,2021,1171,Animal Sciences,FALSE,"Metcalf,Jessica Lynne (Primary PI) 1171","Metcalf,Jessica Lynne",Primary PI,1171,Metcalf,Jessica Lynne,metcalf|j,TRUE,,,,FALSE
K000148618,2021,1171,Animal Sciences,FALSE,"Burcham,Zachary M (Co-PI) 1171","Burcham,Zachary M",Co-PI,1171,Burcham,Zachary M,burcham|z,TRUE,,,,FALSE
K000148618,2021,1171,Animal Sciences,FALSE,"Chan,Siu Hung Joshua (Co-PI) 1370","Chan,Siu Hung Joshua",Co-PI,1370,Chan,Siu Hung Joshua,chan|s,TRUE,,,,FALSE
K000148618,2021,1171,Animal Sciences,FALSE,"Prenni,Jessica E (Co-PI) 1173","Prenni,Jessica E",Co-PI,1173,Prenni,Jessica E,prenni|j,TRUE,,,,FALSE
K000148618,2021,1171,Animal Sciences,FALSE,"Wrighton,Kelly Catherine (Co-PI) 1170","Wrighton,Kelly Catherine",Co-PI,1170,Wrighton,Kelly Catherine,wrighton|k,TRUE,,,,FALSE
K000148977,2021,1177,Agricultural Biology,FALSE,"Nalam,Vamsi (Primary PI) 1177","Nalam,Vamsi",Primary PI,1177,Nalam,Vamsi,nalam|v,TRUE,,,,FALSE
K000148794,2021,1171,Animal Sciences,FALSE,"Narayanan Nair,Mahesh (Primary PI) 1171","Narayanan Nair,Mahesh",Primary PI,1171,Narayanan Nair,Mahesh,narayanan nair|m,TRUE,,,,FALSE
K000148794,2021,1171,Animal Sciences,FALSE,"Morgan,James Brad (Co-PI) 1171","Morgan,James Brad",Co-PI,1171,Morgan,James Brad,morgan|j,TRUE,,,,FALSE
K000148794,2021,1171,Animal Sciences,FALSE,"Delmore,Robert J (Co-PI) 1171","Delmore,Robert J",Co-PI,1171,Delmore,Robert J,delmore|r,TRUE,,,,FALSE
K000148794,2021,1171,Animal Sciences,FALSE,"Belk,Keith (Co-PI) 1171","Belk,Keith",Co-PI,1171,Belk,Keith,belk|k,TRUE,,,,FALSE
K000148615,2021,1177,Agricultural Biology,FALSE,"Dayan,Franck E (Primary PI) 1177","Dayan,Franck E",Primary PI,1177,Dayan,Franck E,dayan|f,TRUE,,,,FALSE
K000148615,2021,1177,Agricultural Biology,FALSE,"Gaines,Todd A (Co-PI) 1177","Gaines,Todd A",Co-PI,1177,Gaines,Todd A,gaines|t,TRUE,,,,FALSE
K000148878,2021,1177,Agricultural Biology,FALSE,"Trivedi,Pankaj (Primary PI) 1177","Trivedi,Pankaj",Primary PI,1177,Trivedi,Pankaj,trivedi|p,TRUE,,,,FALSE
K000148878,2021,1177,Agricultural Biology,FALSE,"Suter,Jordan (Co-PI) 1172","Suter,Jordan",Co-PI,1172,Suter,Jordan,suter|j,TRUE,Suter,Jordan,ENRE,TRUE
K000148878,2021,1177,Agricultural Biology,FALSE,"Wallenstein,Matthew (Co-PI) 1170","Wallenstein,Matthew",Co-PI,1170,Wallenstein,Matthew,wallenstein|m,TRUE,,,,FALSE
K000148837,2021,1173,Horticulture + Landscape Architecture,FALSE,"Uchanski,Mark E (Primary PI) 1173","Uchanski,Mark E",Primary PI,1173,Uchanski,Mark E,uchanski|m,TRUE,,,,FALSE
K000148216,2021,1173,Horticulture + Landscape Architecture,FALSE,"Bousselot,Jennifer M (Primary PI) 1173","Bousselot,Jennifer M",Primary PI,1173,Bousselot,Jennifer M,bousselot|j,TRUE,,,,FALSE
K000148903,2021,1177,Agricultural Biology,FALSE,"Nachappa,Punya (Primary PI) 1177","Nachappa,Punya",Primary PI,1177,Nachappa,Punya,nachappa|p,TRUE,,,,FALSE
K000148634,2021,1170,Soil + Crop Sciences,FALSE,"Wilkins,Michael James (Primary PI) 1170","Wilkins,Michael James",Primary PI,1170,Wilkins,Michael James,wilkins|m,TRUE,,,,FALSE
K000148776,2021,1173,Horticulture + Landscape Architecture,FALSE,"Minas,Ioannis (Primary PI) 1173","Minas,Ioannis",Primary PI,1173,Minas,Ioannis,minas|i,TRUE,,,,FALSE
K000148614,2021,1170,Soil + Crop Sciences,FALSE,"Ravet,Karl (Primary PI) 1170","Ravet,Karl",Primary PI,1170,Ravet,Karl,ravet|k,TRUE,,,,FALSE
K000148614,2021,1170,Soil + Crop Sciences,FALSE,"Pearce,Stephen P (Co-PI) 1170","Pearce,Stephen P",Co-PI,1170,Pearce,Stephen P,pearce|s,TRUE,,,,FALSE
K000148456,2021,1173,Horticulture + Landscape Architecture,FALSE,"Prenni,Jessica E (Primary PI) 1173","Prenni,Jessica E",Primary PI,1173,Prenni,Jessica E,prenni|j,TRUE,,,,FALSE
K000148456,2021,1173,Horticulture + Landscape Architecture,FALSE,"Wrighton,Kelly Catherine (Co-PI) 1170","Wrighton,Kelly Catherine",Co-PI,1170,Wrighton,Kelly Catherine,wrighton|k,TRUE,,,,FALSE
K000148456,2021,1173,Horticulture + Landscape Architecture,FALSE,"Weir,Tiffany L (Co-PI) 1571","Weir,Tiffany L",Co-PI,1571,Weir,Tiffany L,weir|t,TRUE,,,,FALSE
K000148454,2021,1173,Horticulture + Landscape Architecture,FALSE,"Prenni,Jessica E (Primary PI) 1173","Prenni,Jessica E",Primary PI,1173,Prenni,Jessica E,prenni|j,TRUE,,,,FALSE
K000148454,2021,1173,Horticulture + Landscape Architecture,FALSE,"Wilkins,Michael James (Co-PI) 1170","Wilkins,Michael James",Co-PI,1170,Wilkins,Michael James,wilkins|m,TRUE,,,,FALSE
K000148454,2021,1173,Horticulture + Landscape Architecture,FALSE,"De Long,Susan K (Co-PI) 1372","De Long,Susan K",Co-PI,1372,De Long,Susan K,de long|s,TRUE,,,,FALSE
K000148454,2021,1173,Horticulture + Landscape Architecture,FALSE,"Wrighton,Kelly Catherine (Co-PI) 1170","Wrighton,Kelly Catherine",Co-PI,1170,Wrighton,Kelly Catherine,wrighton|k,TRUE,,,,FALSE
K000148454,2021,1173,Horticulture + Landscape Architecture,FALSE,"Broeckling,Corey D (Co-PI) 2019","Broeckling,Corey D",Co-PI,2019,Broeckling,Corey D,broeckling|c,TRUE,,,,FALSE
K000148706,2021,1173,Horticulture + Landscape Architecture,FALSE,"Minas,Ioannis (Primary PI) 1173","Minas,Ioannis",Primary PI,1173,Minas,Ioannis,minas|i,TRUE,,,,FALSE
K000148706,2021,1173,Horticulture + Landscape Architecture,FALSE,"Uchanski,Mark E (Co-PI) 1173","Uchanski,Mark E",Co-PI,1173,Uchanski,Mark E,uchanski|m,TRUE,,,,FALSE
K000148706,2021,1173,Horticulture + Landscape Architecture,FALSE,"Prenni,Jessica E (Co-PI) 1173","Prenni,Jessica E",Co-PI,1173,Prenni,Jessica E,prenni|j,TRUE,,,,FALSE
K000148628,2021,1173,Horticulture + Landscape Architecture,FALSE,"Uchanski,Mark E (Primary PI) 1173","Uchanski,Mark E",Primary PI,1173,Uchanski,Mark E,uchanski|m,TRUE,,,,FALSE
K000148616,2021,1177,Agricultural Biology,FALSE,"Dayan,Franck E (Primary PI) 1177","Dayan,Franck E",Primary PI,1177,Dayan,Franck E,dayan|f,TRUE,,,,FALSE
K000148616,2021,1177,Agricultural Biology,FALSE,"Gaines,Todd A (Co-PI) 1177","Gaines,Todd A",Co-PI,1177,Gaines,Todd A,gaines|t,TRUE,,,,FALSE
K000148654,2021,1177,Agricultural Biology,FALSE,"Gaines,Todd A (Primary PI) 1177","Gaines,Todd A",Primary PI,1177,Gaines,Todd A,gaines|t,TRUE,,,,FALSE
K000148654,2021,1177,Agricultural Biology,FALSE,"Nachappa,Punya (Co-PI) 1177","Nachappa,Punya",Co-PI,1177,Nachappa,Punya,nachappa|p,TRUE,,,,FALSE
K000148654,2021,1177,Agricultural Biology,FALSE,"Jahn,Courtney Elaine (Co-PI) 1177","Jahn,Courtney Elaine",Co-PI,1177,Jahn,Courtney Elaine,jahn|c,TRUE,,,,FALSE
K000148525,2021,1173,Horticulture + Landscape Architecture,FALSE,"Bauerle,William L (Primary PI) 1173","Bauerle,William L",Primary PI,1173,Bauerle,William L,bauerle|w,TRUE,,,,FALSE
K000148656,2021,1170,Soil + Crop Sciences,FALSE,"Munoz Amatriain,Maria (Primary PI) 1170","Munoz Amatriain,Maria",Primary PI,1170,Munoz Amatriain,Maria,munoz amatriain|m,TRUE,,,,FALSE
K000148642,2021,1171,Animal Sciences,FALSE,"Narayanan Nair,Mahesh (Primary PI) 1171","Narayanan Nair,Mahesh",Primary PI,1171,Narayanan Nair,Mahesh,narayanan nair|m,TRUE,,,,FALSE
K000148642,2021,1171,Animal Sciences,FALSE,"Morgan,James Brad (Key Person) 1171","Morgan,James Brad",Key Person,1171,Morgan,James Brad,morgan|j,TRUE,,,,FALSE
K000148586,2021,1171,Animal Sciences,FALSE,"Wood,Wendy Hower (Primary PI) 1171","Wood,Wendy Hower",Primary PI,1171,Wood,Wendy Hower,wood|w,TRUE,,,,FALSE
K000148586,2021,1171,Animal Sciences,FALSE,"Peters,Brittany Caitlin (Co-PI) 1171","Peters,Brittany Caitlin",Co-PI,1171,Peters,Brittany Caitlin,peters|b,TRUE,,,,FALSE
K000148421,2021,1171,Animal Sciences,FALSE,"Narayanan Nair,Mahesh (Primary PI) 1171","Narayanan Nair,Mahesh",Primary PI,1171,Narayanan Nair,Mahesh,narayanan nair|m,TRUE,,,,FALSE
K000148421,2021,1171,Animal Sciences,FALSE,"Rhoades,Ryan Douglas (Co-PI) 1171","Rhoades,Ryan Douglas",Co-PI,1171,Rhoades,Ryan Douglas,rhoades|r,TRUE,,,,FALSE
K000148421,2021,1171,Animal Sciences,FALSE,"Morgan,James Brad (Co-PI) 1171","Morgan,James Brad",Co-PI,1171,Morgan,James Brad,morgan|j,TRUE,,,,FALSE
K000148414,2021,1170,Soil + Crop Sciences,FALSE,"Ham,Jay M (Primary PI) 1170","Ham,Jay M",Primary PI,1170,Ham,Jay M,ham|j,TRUE,,,,FALSE
K000148414,2021,1170,Soil + Crop Sciences,FALSE,"Wardle,Erik M (Co-PI) 1170","Wardle,Erik M",Co-PI,1170,Wardle,Erik M,wardle|e,TRUE,,,,FALSE
K000148390,2021,1170,Soil + Crop Sciences,FALSE,"Ham,Jay M (Primary PI) 1170","Ham,Jay M",Primary PI,1170,Ham,Jay M,ham|j,TRUE,,,,FALSE
K000148390,2021,1170,Soil + Crop Sciences,FALSE,"Wardle,Erik M (Co-PI) 1170","Wardle,Erik M",Co-PI,1170,Wardle,Erik M,wardle|e,TRUE,,,,FALSE
K000148397,2021,1170,Soil + Crop Sciences,FALSE,"Machmuller,Megan B (Primary PI) 1170","Machmuller,Megan B",Primary PI,1170,Machmuller,Megan B,machmuller|m,TRUE,,,,FALSE
K000148397,2021,1170,Soil + Crop Sciences,FALSE,"Cotrufo,Maria Francesca (Co-PI) 1170","Cotrufo,Maria Francesca",Co-PI,1170,Cotrufo,Maria Francesca,cotrufo|m,TRUE,,,,FALSE
K000148268,2021,1177,Agricultural Biology,FALSE,"Gaines,Todd A (Primary PI) 1177","Gaines,Todd A",Primary PI,1177,Gaines,Todd A,gaines|t,TRUE,,,,FALSE
K000148388,2021,1170,Soil + Crop Sciences,FALSE,"Ham,Jay M (Primary PI) 1170","Ham,Jay M",Primary PI,1170,Ham,Jay M,ham|j,TRUE,,,,FALSE
K000148388,2021,1170,Soil + Crop Sciences,FALSE,"Wardle,Erik M (Co-PI) 1170","Wardle,Erik M",Co-PI,1170,Wardle,Erik M,wardle|e,TRUE,,,,FALSE
K000148388,2021,1170,Soil + Crop Sciences,FALSE,"Deleon,Emmanuel (Key Person) 1170","Deleon,Emmanuel",Key Person,1170,Deleon,Emmanuel,deleon|e,TRUE,,,,FALSE
K000148388,2021,1170,Soil + Crop Sciences,FALSE,"Bauder,Troy A (Key Person) 3001","Bauder,Troy A",Key Person,3001,Bauder,Troy A,bauder|t,TRUE,,,,FALSE
K000148490,2021,1177,Agricultural Biology,FALSE,"Gaines,Todd A (Primary PI) 1177","Gaines,Todd A",Primary PI,1177,Gaines,Todd A,gaines|t,TRUE,,,,FALSE
K000148302,2021,1173,Horticulture + Landscape Architecture,FALSE,"Thompson,Henry J (Primary PI) 1173","Thompson,Henry J",Primary PI,1173,Thompson,Henry J,thompson|h,TRUE,,,,FALSE
K000148564,2021,1172,Agricultural + Resource Economics,TRUE,"Kroll,Stephan (Primary PI) 1172","Kroll,Stephan",Primary PI,1172,Kroll,Stephan,kroll|s,TRUE,Kroll,Stephan,ENRE,TRUE
K000148301,2021,1171,Animal Sciences,FALSE,"Pinedo,Pablo J (Primary PI) 1171","Pinedo,Pablo J",Primary PI,1171,Pinedo,Pablo J,pinedo|p,TRUE,,,,FALSE
K000148348,2021,1177,Agricultural Biology,FALSE,"Blunt,Tamla Diann (Primary PI) 1177","Blunt,Tamla Diann",Primary PI,1177,Blunt,Tamla Diann,blunt|t,TRUE,,,,FALSE
K000148348,2021,1177,Agricultural Biology,FALSE,"Zarestky,Jill (Co-PI) 1588","Zarestky,Jill",Co-PI,1588,Zarestky,Jill,zarestky|j,TRUE,,,,FALSE
K000148348,2021,1177,Agricultural Biology,FALSE,"Martin,Jennifer Nicole (Co-PI) 1171","Martin,Jennifer Nicole",Co-PI,1171,Martin,Jennifer Nicole,martin|j,TRUE,,,,FALSE
K000148348,2021,1177,Agricultural Biology,FALSE,"Countryman,Amanda Marie (Co-PI) 1172","Countryman,Amanda Marie",Co-PI,1172,Countryman,Amanda Marie,countryman|a,TRUE,Countryman,Amanda,Ag and Food,TRUE
K000148348,2021,1177,Agricultural Biology,FALSE,"Ham,Jay M (Co-PI) 1170","Ham,Jay M",Co-PI,1170,Ham,Jay M,ham|j,TRUE,,,,FALSE
K000148348,2021,1177,Agricultural Biology,FALSE,"Clark,Nathan (Co-PI) 1172","Clark,Nathan",Co-PI,1172,Clark,Nathan,clark|n,TRUE,Clark,Nathan,Ag Ed,TRUE
K000148348,2021,1177,Agricultural Biology,FALSE,"Bousselot,Jennifer M (Co-PI) 1173","Bousselot,Jennifer M",Co-PI,1173,Bousselot,Jennifer M,bousselot|j,TRUE,,,,FALSE
K000148348,2021,1177,Agricultural Biology,FALSE,,,,,,,,FALSE,,,,FALSE
K000148513,2021,1171,Animal Sciences,FALSE,"Ahola,Jason Kee (Primary PI) 1171","Ahola,Jason Kee",Primary PI,1171,Ahola,Jason Kee,ahola|j,TRUE,,,,FALSE
K000148513,2021,1171,Animal Sciences,FALSE,"Edwards-Callaway,Lily Nowell (Co-PI) 1171","Edwards-Callaway,Lily Nowell",Co-PI,1171,Edwards-Callaway,Lily Nowell,edwards callaway|l,TRUE,,,,FALSE
K000148513,2021,1171,Animal Sciences,FALSE,"Bigler,Elizabeth Jaed (Co-PI) 1171","Bigler,Elizabeth Jaed",Co-PI,1171,Bigler,Elizabeth Jaed,bigler|e,TRUE,,,,FALSE
K000148298,2021,1170,Soil + Crop Sciences,FALSE,"Morris,Geoffrey Preston (Primary PI) 1170","Morris,Geoffrey Preston",Primary PI,1170,Morris,Geoffrey Preston,morris|g,TRUE,,,,FALSE
K000148479,2021,1170,Soil + Crop Sciences,FALSE,"Wilkins,Michael James (Primary PI) 1170","Wilkins,Michael James",Primary PI,1170,Wilkins,Michael James,wilkins|m,TRUE,,,,FALSE
K000148107,2021,1170,Soil + Crop Sciences,FALSE,"Wilkins,Michael James (Primary PI) 1170","Wilkins,Michael James",Primary PI,1170,Wilkins,Michael James,wilkins|m,TRUE,,,,FALSE
K000148107,2021,1170,Soil + Crop Sciences,FALSE,"Borch,Thomas (Co-PI) 1170","Borch,Thomas",Co-PI,1170,Borch,Thomas,borch|t,TRUE,,,,FALSE
