last,first,area,year,type,index_class,student_coauthor,dare_coauthors,dare_coauthors_names,title_short,venue,doi,source_file,openalex_work_id,openalex_type,type_mapping_rule,type_requires_review,extension_output,added_from_openalex,added_from_coauthor,author_match_rule,discovery_date,edge_2026,doi_clean,publication_key,affiliated_at_publication,affiliation_status,journal_norm,impact_factor,if_year_used,if_match_rule,oa_id,doi_raw,oa_title,oa_year,oa_date,oa_type,cited_by_count,oa_venue,oa_issn_l,oa_publisher,is_oa,is_retracted,n_authors,n_grad_coauthors,grad_coauthors,any_student_at_pub,student_cv,student_cv_conflict,year_canonical,year_conflict,year_disagrees,student_coauthor_final,student_evidence,in_reporting_window
Graff,Gregory,Ag and Food,2022,BC,NA,NA,1,Graff;Seidl,An Introduction to the Economics of Climate Change and Animal Health,Climate Change and Animal Health,10.1201/9781003149774-10,Google Scholar,NA,NA,NA,0,0,0,0,NA,NA,0,10.1201/9781003149774-10,doi:10.1201/9781003149774-10,1,Active CSU affiliation,climate change animal health,NA,NA,Not applicable,W4297516866,https://doi.org/10.1201/9781003149774-10,An Introduction to the Economics of Climate Change and Animal Health,2022,2022-09-28,book-chapter,0,NA,NA,NA,FALSE,FALSE,3,NA,NA,NA,U,FALSE,2022,FALSE,FALSE,U,Undetermined,TRUE
Seidl,Andrew,Ag and Food,2022,BC,NA,NA,1,Graff;Seidl,An Introduction to the Economics of Climate Change and Animal Health,Climate Change and Animal Health,10.1201/9781003149774-10,Google Scholar,NA,NA,NA,0,0,0,0,NA,NA,0,10.1201/9781003149774-10,doi:10.1201/9781003149774-10,1,Active CSU affiliation,climate change animal health,NA,NA,Not applicable,W4297516866,https://doi.org/10.1201/9781003149774-10,An Introduction to the Economics of Climate Change and Animal Health,2022,2022-09-28,book-chapter,0,NA,NA,NA,FALSE,FALSE,3,NA,NA,NA,U,FALSE,2022,FALSE,FALSE,U,Undetermined,TRUE
Hoag,Dana,ENRE,2024,BC,NA,N,0,NA,Reducing wind erosion damages and the Conservation Reserve Program,CRC Press,10.1201/9781003574040-12,Google Scholar,NA,NA,NA,0,0,0,0,NA,NA,0,10.1201/9781003574040-12,doi:10.1201/9781003574040-12,1,Active CSU affiliation,crc press,NA,NA,Not applicable,W4403308619,https://doi.org/10.1201/9781003574040-12,Reducing Wind Erosion Damages and the Conservation Reserve Program,2024,2024-10-10,book-chapter,0,NA,NA,NA,FALSE,FALSE,3,NA,NA,NA,N,FALSE,2024,FALSE,FALSE,N,Neither,TRUE
Hoag,Dana,ENRE,2024,BC,NA,N,0,NA,Is US soil conservation policy a sustainable development?,CRC Press,isbn:9780849300059,Google Scholar,NA,NA,NA,0,0,0,0,NA,NA,0,NA,titleyear:is us soil conservation policy a sustainable development|2024,1,Active CSU affiliation,crc press,NA,NA,Not applicable,NA,NA,NA,NA,NA,NA,NA,NA,NA,NA,NA,NA,NA,NA,NA,NA,N,FALSE,2024,FALSE,FALSE,N,Neither,TRUE
Graff,Gregory,Ag and Food,2021,BC,NA,NA,0,NA,Venture Capital and the Transformation of Private R&D for Agriculture,Economics of Research and Innovation in Agriculture,10.7208/chicago/9780226779195-007,Google Scholar,NA,NA,NA,0,0,0,0,NA,NA,0,10.7208/chicago/9780226779195-007,doi:10.7208/chicago/9780226779195-007,1,Active CSU affiliation,economics research innovation in agriculture,NA,NA,Not applicable,NA,NA,NA,NA,NA,NA,NA,NA,NA,NA,NA,NA,NA,NA,NA,NA,U,FALSE,2021,FALSE,FALSE,U,Undetermined,TRUE
Jablonski,Becca,Ag and Food,2022,BC,NA,NA,1,Jablonski;Thilmany,"Framing and evaluating the economic impacts of food system policies, programs and initiatives",Food Systems Modeling (Elsevier),NA,NA,NA,NA,NA,0,0,0,0,NA,NA,0,NA,titleyear:framing and evaluating the economic impacts of food system p|2022,1,Active CSU affiliation,food systems modeling elsevier,NA,NA,Not applicable,NA,NA,NA,NA,NA,NA,NA,NA,NA,NA,NA,NA,NA,NA,NA,NA,U,FALSE,2022,FALSE,FALSE,U,Undetermined,TRUE
Thilmany,Dawn,Ag and Food,2022,BC,NA,NA,1,Jablonski;Thilmany,"Framing and evaluating the economic impacts of food system policies, programs and initiatives",Food Systems Modeling (Elsevier),NA,NA,NA,NA,NA,0,0,0,0,NA,NA,0,NA,titleyear:framing and evaluating the economic impacts of food system p|2022,1,Active CSU affiliation,food systems modeling elsevier,NA,NA,Not applicable,NA,NA,NA,NA,NA,NA,NA,NA,NA,NA,NA,NA,NA,NA,NA,NA,U,FALSE,2022,FALSE,FALSE,U,Undetermined,TRUE
Jablonski,Becca,Ag and Food,2022,BC,NA,NA,0,NA,"Inquiry within, between, and beyond disciplines",Food Systems Modeling (Elsevier),NA,NA,NA,NA,NA,0,0,0,0,NA,NA,0,NA,titleyear:inquiry within between and beyond disciplines|2022,1,Active CSU affiliation,food systems modeling elsevier,NA,NA,Not applicable,NA,NA,NA,NA,NA,NA,NA,NA,NA,NA,NA,NA,NA,NA,NA,NA,U,FALSE,2022,FALSE,FALSE,U,Undetermined,TRUE
Countryman,Amanda,Ag and Food,2021,BC,NA,N,0,NA,Economics of Invasive Species (Chapter 14),"Invasive Species in Forests and Rangelands of the US, Springer",10.1007/978-3-030-45367-1_14,countrymanamanda.txt,NA,NA,NA,0,0,0,0,NA,NA,0,10.1007/978-3-030-45367-1_14,doi:10.1007/978-3-030-45367-1_14,1,Active CSU affiliation,invasive species in forests rangelands us springer,NA,NA,Not applicable,W3127790114,https://doi.org/10.1007/978-3-030-45367-1_14,Economics of Invasive Species,2021,2021-01-01,book-chapter,39,NA,NA,NA,TRUE,FALSE,8,NA,NA,NA,N,FALSE,2021,FALSE,FALSE,N,Neither,TRUE
Jablonski,Becca,Ag and Food,2021,BC,NA,NA,0,NA,Beyond GDP: Measuring Rural Assets and Why It Matters. Ch. 40,Investing in Rural Prosperity,NA,NA,NA,NA,NA,0,0,0,0,NA,NA,0,NA,titleyear:beyond gdp measuring rural assets and why it matters ch 40|2021,1,Active CSU affiliation,investing in rural prosperity,NA,NA,Not applicable,NA,NA,NA,NA,NA,NA,NA,NA,NA,NA,NA,NA,NA,NA,NA,NA,U,FALSE,2021,FALSE,FALSE,U,Undetermined,TRUE
Graff,Gregory,Ag and Food,2025,BC,NA,NA,0,NA,Intellectual Property in Agricultural Biotechnology: Strategies for Open Access,"Plant Biotechnology and Genetics: Principles, Techniques, and Applications",10.1002/9780470282014.ch14,Google Scholar,NA,NA,NA,0,0,0,0,NA,NA,0,10.1002/9780470282014.ch14,doi:10.1002/9780470282014.ch14,1,Active CSU affiliation,plant biotechnology genetics principles techniques applications,NA,NA,Not applicable,W1482969843,https://doi.org/10.1002/9780470282014.ch14,Intellectual Property in Agricultural Biotechnology: Strategies for Open Access,2007,2007-10-11,other,8,NA,NA,NA,FALSE,FALSE,4,NA,NA,NA,U,FALSE,2025,FALSE,TRUE,U,Undetermined,TRUE
Kroll,Stephan,ENRE,2022,BC,NA,N,0,NA,A Small Collection of Pen-and-Paper Classroom Experiments for Teaching Environmental Economics,Teaching Environmental and Natural Resource Economics,10.4337/9781788114288.00018,krollstephan.txt,NA,NA,NA,0,0,0,0,NA,NA,0,10.4337/9781788114288.00018,doi:10.4337/9781788114288.00018,1,Active CSU affiliation,teaching environmental natural resource economics,NA,NA,Not applicable,W4210786184,https://doi.org/10.4337/9781788114288.00018,A small collection of pen-and-paper classroom experiments for teaching environmental economics classes,2022,2022-01-18,book-chapter,0,Edward Elgar Publishing eBooks,NA,Edward Elgar Publishing,FALSE,FALSE,1,NA,NA,NA,N,FALSE,2022,FALSE,FALSE,N,Neither,TRUE
Koontz,Stephen,Ag and Food,2021,BC,NA,N,0,NA,Another Look at Alternative Marketing Arrangement Use by the Cattle and Beef Industry,"The U.S. Beef Supply Chain, Texas A&M AFPC",nodoi,koontzstephen.txt,NA,NA,NA,0,0,0,0,NA,NA,0,NA,titleyear:another look at alternative marketing arrangement use by the|2021,1,Active CSU affiliation,u s beef supply chain texas m afpc,NA,NA,Not applicable,NA,NA,NA,NA,NA,NA,NA,NA,NA,NA,NA,NA,NA,NA,NA,NA,N,FALSE,2021,FALSE,FALSE,N,Neither,TRUE
Goemans,Chris,ENRE,2024,BC,NA,Y,1,Goemans;Manning,Perceived Water Scarcity and Irrigation Technology Adoption (chapter),University of Chicago Press,10.7208/chicago/9780226830629-007,goemanschris.txt,NA,NA,NA,0,0,0,0,NA,NA,0,10.7208/chicago/9780226830629-007,doi:10.7208/chicago/9780226830629-007,1,Active CSU affiliation,university chicago press,NA,NA,Not applicable,NA,NA,NA,NA,NA,NA,NA,NA,NA,NA,NA,NA,NA,NA,NA,NA,Y,TRUE,2024,FALSE,FALSE,Y,CV only,TRUE
Manning,Dale,ENRE,2024,BC,NA,U,1,Goemans;Manning,Perceived Water Scarcity and Irrigation Technology Adoption (chapter),University of Chicago Press,10.7208/chicago/9780226830629-007,goemanschris.txt,NA,NA,NA,0,0,0,0,NA,NA,0,10.7208/chicago/9780226830629-007,doi:10.7208/chicago/9780226830629-007,1,Active CSU affiliation,university chicago press,NA,NA,Not applicable,NA,NA,NA,NA,NA,NA,NA,NA,NA,NA,NA,NA,NA,NA,NA,NA,Y,TRUE,2024,FALSE,FALSE,Y,CV only,TRUE
Delay,Nathan,Ag and Food,2025,CP,NA,NA,0,NA,Incorporating precision management technologies to reduce beef cattle enteric CH4 emissions on rangelands,Animal-Science proceedings,10.1016/j.anscip.2025.08.183,Google Scholar,NA,NA,NA,0,0,0,0,NA,NA,0,10.1016/j.anscip.2025.08.183,doi:10.1016/j.anscip.2025.08.183,1,Active CSU affiliation,animal science proceedings,NA,NA,Not applicable,NA,NA,NA,NA,NA,NA,NA,NA,NA,NA,NA,NA,NA,NA,NA,NA,U,FALSE,2025,FALSE,FALSE,U,Undetermined,TRUE
Ritten,John,Ag and Food,2026,JA,a,NA,0,NA,From data to decisions: the potential of real-time precision technologies to enhance adaptive grazing management for livestock ranchers,African Journal of Range & Forage Science,10.2989/10220119.2025.2585814,Google Scholar,NA,NA,NA,0,0,0,0,NA,NA,1,10.2989/10220119.2025.2585814,doi:10.2989/10220119.2025.2585814,1,Active CSU affiliation,african journal range forage science,1.6,2025,Nearest year (2025),W7134037685,https://doi.org/10.2989/10220119.2025.2585814,From data to decisions: the potential of real-time precision technologies to enhance adaptive grazing management for livestock ranchers,2026,2026-01-02,article,1,African Journal of Range and Forage Science,1022-0119,Taylor & Francis,FALSE,FALSE,11,NA,NA,NA,U,FALSE,2026,FALSE,FALSE,U,Undetermined,FALSE
Costanigro,Marco,Ag and Food,2021,JA,a,Y,1,Costanigro;Jablonski,Promoting Farmers Markets via Information Nudges and Coupons,Agribusiness: An International Journal,10.1002/agr.21688,costanigromarco.txt,NA,NA,NA,0,0,0,0,NA,NA,0,10.1002/agr.21688,doi:10.1002/agr.21688,1,Active CSU affiliation,agribusiness international journal,2.841,2021,Exact journal-year,W3121785173,https://doi.org/10.1002/agr.21688,Promoting farmers market via information nudges and coupons: A randomized control trial,2021,2021-01-25,article,10,Agribusiness,0742-4477,Wiley,FALSE,FALSE,3,1,Nicole Didero,FALSE,Y,TRUE,2021,FALSE,FALSE,Y,CV only,TRUE
Jablonski,Becca,Ag and Food,2021,JA,a,U,1,Costanigro;Jablonski,Promoting Farmers Markets via Information Nudges and Coupons,Agribusiness: An International Journal,10.1002/agr.21688,costanigromarco.txt,NA,NA,NA,0,0,0,0,NA,NA,0,10.1002/agr.21688,doi:10.1002/agr.21688,1,Active CSU affiliation,agribusiness international journal,2.841,2021,Exact journal-year,W3121785173,https://doi.org/10.1002/agr.21688,Promoting farmers market via information nudges and coupons: A randomized control trial,2021,2021-01-25,article,10,Agribusiness,0742-4477,Wiley,FALSE,FALSE,3,1,Nicole Didero,FALSE,Y,TRUE,2021,FALSE,FALSE,Y,CV only,TRUE
Cleary,Rebecca,Ag and Food,2022,JA,a,U,0,NA,Food Retail Profits Competition and the Great Recession,Agribusiness: An International Journal,10.1002/agr.21743,chenarideslauren.txt,NA,NA,NA,0,0,0,0,NA,NA,0,10.1002/agr.21743,doi:10.1002/agr.21743,1,Active CSU affiliation,agribusiness international journal,3.2,2022,Exact journal-year,W4281647998,https://doi.org/10.1002/agr.21743,"Food retail profits, competition, and the Great Recession",2022,2022-05-27,article,6,Agribusiness,0742-4477,Wiley,TRUE,FALSE,2,NA,NA,NA,U,FALSE,2022,FALSE,FALSE,U,Undetermined,TRUE
Chenarides,Lauren,Ag and Food,2025,JA,a,N,0,NA,Grocery Stockouts and Seller Performance in Amazon's Marketplaces,Agribusiness: An International Journal,10.1002/agr.22051,chenarideslauren.txt,NA,NA,NA,0,0,0,0,NA,NA,0,10.1002/agr.22051,doi:10.1002/agr.22051,1,Active CSU affiliation,agribusiness international journal,2.4,2025,Exact journal-year,W4409601532,https://doi.org/10.1002/agr.22051,Grocery Stockouts and Seller Performance in Amazon's Marketplaces,2025,2025-04-18,article,0,Agribusiness,0742-4477,Wiley,TRUE,FALSE,3,NA,NA,NA,N,FALSE,2025,FALSE,FALSE,N,Neither,TRUE
Thilmany,Dawn,Ag and Food,2025,JA,a,N,0,NA,A Baseline Assessment of School Food Spending and Local Procurement,Agricultural and Resource Economics Review,10.1017/age.2025.11,thilmanydawn.txt,NA,NA,NA,0,0,0,0,NA,NA,0,10.1017/age.2025.11,doi:10.1017/age.2025.11,1,Active CSU affiliation,agricultural resource economics review,2,2025,Exact journal-year,W4409114506,https://doi.org/10.1017/age.2025.11,A roadmap for modeling institutional and values-based procurement decisions in food supply chains,2025,2025-04-01,article,2,Agricultural and Resource Economics Review,1068-2805,Cambridge University Press,TRUE,FALSE,4,1,Erin Love,FALSE,N,FALSE,2025,FALSE,FALSE,N,Neither,TRUE
Delay,Nathan,Ag and Food,2023,JA,a,Y,0,NA,Estimating US Farmers Speed of Climate Change Adaptation: Subsurface Tile Drainage,Agricultural Finance Review,10.1108/AFR-02-2023-0027,delaynathan.txt,NA,NA,NA,0,0,0,0,NA,NA,0,10.1108/afr-02-2023-0027,doi:10.1108/afr-02-2023-0027,1,Active CSU affiliation,agricultural finance review,1.9,2024,Nearest year (2024),W4386790550,https://doi.org/10.1108/afr-02-2023-0027,Estimating US farmers' speed of climate change adaptation: the case of subsurface tile drainage,2023,2023-09-15,article,1,Agricultural Finance Review,0002-1466,Emerald Publishing Limited,FALSE,FALSE,2,NA,NA,NA,Y,FALSE,2023,FALSE,FALSE,Y,CV only,TRUE
Jablonski,Becca,Ag and Food,2022,JA,a,U,1,Jablonski;Thilmany,The profitability implications of sales through local food markets for beginning farmers,Agricultural Finance Review,10.1108/AFR-05-2021-0056,thilmanydawn.txt,NA,NA,NA,0,0,0,0,NA,NA,0,10.1108/afr-05-2021-0056,doi:10.1108/afr-05-2021-0056,1,Active CSU affiliation,agricultural finance review,1.9,2024,Nearest year (2024),W4293087468,https://doi.org/10.1108/afr-05-2021-0056,The profitability implications of sales through local food markets for beginning farmers and ranchers,2022,2022-03-23,article,22,Agricultural Finance Review,0002-1466,Emerald Publishing Limited,TRUE,FALSE,5,NA,NA,NA,N,TRUE,2022,FALSE,FALSE,N,Neither,TRUE
Thilmany,Dawn,Ag and Food,2022,JA,a,N,1,Jablonski;Thilmany,The profitability implications of sales through local food markets for beginning farmers,Agricultural Finance Review,10.1108/AFR-05-2021-0056,thilmanydawn.txt,NA,NA,NA,0,0,0,0,NA,NA,0,10.1108/afr-05-2021-0056,doi:10.1108/afr-05-2021-0056,1,Active CSU affiliation,agricultural finance review,1.9,2024,Nearest year (2024),W4293087468,https://doi.org/10.1108/afr-05-2021-0056,The profitability implications of sales through local food markets for beginning farmers and ranchers,2022,2022-03-23,article,22,Agricultural Finance Review,0002-1466,Emerald Publishing Limited,TRUE,FALSE,5,NA,NA,NA,N,TRUE,2022,FALSE,FALSE,N,Neither,TRUE
Jablonski,Becca,Ag and Food,2022,JA,a,U,1,Jablonski;Thilmany,Unique Financing Strategies Among Beginning Farmers and Ranchers,Agricultural Finance Review,10.1108/AFR-05-2021-0070,thilmanydawn.txt,NA,NA,NA,0,0,0,0,NA,NA,0,10.1108/afr-05-2021-0070,doi:10.1108/afr-05-2021-0070,1,Active CSU affiliation,agricultural finance review,1.9,2024,Nearest year (2024),W4200169516,https://doi.org/10.1108/afr-05-2021-0070,Unique financing strategies among beginning farmers and ranchers: differences among multigenerational and beginning operations,2021,2021-12-08,article,12,Agricultural Finance Review,0002-1466,Emerald Publishing Limited,FALSE,FALSE,5,NA,NA,NA,N,TRUE,2022,FALSE,TRUE,N,Neither,TRUE
Thilmany,Dawn,Ag and Food,2022,JA,a,N,1,Jablonski;Thilmany,Unique Financing Strategies Among Beginning Farmers and Ranchers,Agricultural Finance Review,10.1108/AFR-05-2021-0070,thilmanydawn.txt,NA,NA,NA,0,0,0,0,NA,NA,0,10.1108/afr-05-2021-0070,doi:10.1108/afr-05-2021-0070,1,Active CSU affiliation,agricultural finance review,1.9,2024,Nearest year (2024),W4200169516,https://doi.org/10.1108/afr-05-2021-0070,Unique financing strategies among beginning farmers and ranchers: differences among multigenerational and beginning operations,2021,2021-12-08,article,12,Agricultural Finance Review,0002-1466,Emerald Publishing Limited,FALSE,FALSE,5,NA,NA,NA,N,TRUE,2022,FALSE,TRUE,N,Neither,TRUE
Bonanno,Alessandro,Ag and Food,2023,JA,a,N,1,Bonanno;Jablonski,Beginning farmer status and financial performance differentials,Agricultural Finance Review,10.1108/AFR-05-2023-0054,bonannoalessandrocv.txt,NA,NA,NA,0,0,0,0,NA,NA,0,10.1108/afr-05-2023-0054,doi:10.1108/afr-05-2023-0054,1,Active CSU affiliation,agricultural finance review,1.9,2024,Nearest year (2024),W4386804267,https://doi.org/10.1108/afr-05-2023-0054,Beginning farmer status and financial performance differentials,2023,2023-09-16,article,1,Agricultural Finance Review,0002-1466,Emerald Publishing Limited,FALSE,FALSE,4,NA,NA,NA,N,TRUE,2023,FALSE,FALSE,N,Neither,TRUE
Jablonski,Becca,Ag and Food,2023,JA,a,U,1,Bonanno;Jablonski,Beginning farmer status and financial performance differentials,Agricultural Finance Review,10.1108/AFR-05-2023-0054,bonannoalessandrocv.txt,NA,NA,NA,0,0,0,0,NA,NA,0,10.1108/afr-05-2023-0054,doi:10.1108/afr-05-2023-0054,1,Active CSU affiliation,agricultural finance review,1.9,2024,Nearest year (2024),W4386804267,https://doi.org/10.1108/afr-05-2023-0054,Beginning farmer status and financial performance differentials,2023,2023-09-16,article,1,Agricultural Finance Review,0002-1466,Emerald Publishing Limited,FALSE,FALSE,4,NA,NA,NA,N,TRUE,2023,FALSE,FALSE,N,Neither,TRUE
Goemans,Chris,ENRE,2022,JA,a,N,1,Goemans;Manning,Remote sensing of field-scale irrigation withdrawals in the central Ogallala aquifer,Agricultural Water Management,10.1016/j.agwat.2022.107764,goemanschris.txt,NA,NA,NA,0,0,0,0,NA,NA,0,10.1016/j.agwat.2022.107764,doi:10.1016/j.agwat.2022.107764,1,Active CSU affiliation,agricultural water management,6.7,2022,Exact journal-year,W4282928459,https://doi.org/10.1016/j.agwat.2022.107764,Remote sensing of field-scale irrigation withdrawals in the central Ogallala aquifer region,2022,2022-06-15,article,23,Agricultural Water Management,0378-3774,Elsevier BV,FALSE,FALSE,6,NA,NA,NA,N,TRUE,2022,FALSE,FALSE,N,Neither,TRUE
Manning,Dale,ENRE,2022,JA,a,U,1,Goemans;Manning,Remote sensing of field-scale irrigation withdrawals in the central Ogallala aquifer,Agricultural Water Management,10.1016/j.agwat.2022.107764,goemanschris.txt,NA,NA,NA,0,0,0,0,NA,NA,0,10.1016/j.agwat.2022.107764,doi:10.1016/j.agwat.2022.107764,1,Active CSU affiliation,agricultural water management,6.7,2022,Exact journal-year,W4282928459,https://doi.org/10.1016/j.agwat.2022.107764,Remote sensing of field-scale irrigation withdrawals in the central Ogallala aquifer region,2022,2022-06-15,article,23,Agricultural Water Management,0378-3774,Elsevier BV,FALSE,FALSE,6,NA,NA,NA,N,TRUE,2022,FALSE,FALSE,N,Neither,TRUE
Mooney,Daniel,Ag and Food,2023,JA,a,Y,0,NA,Developing a Crop Water Production Function for Alfalfa Under Deficit Irrigation,Agriculture,10.3390/agriculture13040831,mooneydaniel.txt,NA,NA,NA,0,0,0,0,NA,NA,0,10.3390/agriculture13040831,doi:10.3390/agriculture13040831,1,Active CSU affiliation,agriculture,NA,NA,No IF match,W4362614797,https://doi.org/10.3390/agriculture13040831,Developing a Crop Water Production Function for Alfalfa under Deficit Irrigation: A Case Study in Eastern Colorado,2023,2023-04-04,article,8,Agriculture,2077-0472,Multidisciplinary Digital Publishing Institute,TRUE,FALSE,5,NA,NA,NA,Y,FALSE,2023,FALSE,FALSE,Y,CV only,TRUE
Bayham,Jude,ENRE,2026,JA,a,Y,1,Bayham;Berning;Bonanno,Food Insecurity and Unemployment among Immigrants in the United States,American Journal of Agricultural Economics,10.1002/ajae.70071,Google Scholar,NA,NA,NA,0,0,0,0,NA,NA,1,10.1002/ajae.70071,doi:10.1002/ajae.70071,1,Active CSU affiliation,american journal agricultural economics,4.9,2025,Nearest year (2025),W7152708484,https://doi.org/10.1002/ajae.70071,Food insecurity and unemployment among immigrants in the United States,2026,2026-04-09,article,0,American Journal of Agricultural Economics,0002-9092,Wiley,TRUE,FALSE,4,1,Siwen Zhou,FALSE,Y,TRUE,2026,FALSE,FALSE,Y,CV only,FALSE
Berning,Joshua,Ag and Food,2026,JA,a,N,1,Bayham;Berning;Bonanno,Food Insecurity and Unemployment among Immigrants in the United States,American Journal of Agricultural Economics,10.1002/ajae.70071,bonannoalessandrocv.txt,NA,NA,NA,0,0,0,0,NA,NA,1,10.1002/ajae.70071,doi:10.1002/ajae.70071,1,Active CSU affiliation,american journal agricultural economics,4.9,2025,Nearest year (2025),W7152708484,https://doi.org/10.1002/ajae.70071,Food insecurity and unemployment among immigrants in the United States,2026,2026-04-09,article,0,American Journal of Agricultural Economics,0002-9092,Wiley,TRUE,FALSE,4,1,Siwen Zhou,FALSE,Y,TRUE,2026,FALSE,FALSE,Y,CV only,FALSE
Bonanno,Alessandro,Ag and Food,2026,JA,a,N,1,Bayham;Berning;Bonanno,Food Insecurity and Unemployment among Immigrants in the United States,American Journal of Agricultural Economics,10.1002/ajae.70071,bonannoalessandrocv.txt,NA,NA,NA,0,0,0,0,NA,NA,1,10.1002/ajae.70071,doi:10.1002/ajae.70071,1,Active CSU affiliation,american journal agricultural economics,4.9,2025,Nearest year (2025),W7152708484,https://doi.org/10.1002/ajae.70071,Food insecurity and unemployment among immigrants in the United States,2026,2026-04-09,article,0,American Journal of Agricultural Economics,0002-9092,Wiley,TRUE,FALSE,4,1,Siwen Zhou,FALSE,Y,TRUE,2026,FALSE,FALSE,Y,CV only,FALSE
Graff,Gregory,Ag and Food,2026,JA,a,N,0,NA,The role of venture-financed startups in innovation for US agriculture,American Journal of Agricultural Economics,10.1002/ajae.70083,graffgregory.txt,NA,NA,NA,0,0,0,0,NA,NA,1,10.1002/ajae.70083,doi:10.1002/ajae.70083,1,Active CSU affiliation,american journal agricultural economics,4.9,2025,Nearest year (2025),W7164191810,https://doi.org/10.1002/ajae.70083,The role of venture‐financed startups in innovation for US agriculture,2026,2026-06-10,article,0,American Journal of Agricultural Economics,0002-9092,Wiley,TRUE,FALSE,3,NA,NA,NA,N,FALSE,2026,FALSE,FALSE,N,Neither,FALSE
Magnan,Nicholas,Ag and Food,2021,JA,a,Y,0,NA,Can Experiential Games and Improved Risk Coverage Raise Demand for Index Insurance,American Journal of Agricultural Economics,10.1111/ajae.12124,magnannicholas.txt,NA,NA,NA,0,0,0,0,NA,NA,0,10.1111/ajae.12124,doi:10.1111/ajae.12124,0,Outside active CSU affiliation,american journal agricultural economics,4.2,2022,Nearest year (2022),W3048471999,https://doi.org/10.1111/ajae.12124,Can Experiential Games and Improved Risk Coverage Raise Demand for Index Insurance? Evidence from Kenya,2020,2020-08-12,article,24,American Journal of Agricultural Economics,0002-9092,Wiley,FALSE,FALSE,7,NA,NA,NA,Y,FALSE,2021,FALSE,TRUE,Y,CV only,TRUE
Burkhardt,Jesse,ENRE,2021,JA,a,U,1,Burkhardt;Hill,Peers in the Field: Ability and Gender in Peer Effects among Agricultural Workers,American Journal of Agricultural Economics,10.1111/ajae.12192,hillalexandra.txt,NA,NA,NA,0,0,0,0,NA,NA,0,10.1111/ajae.12192,doi:10.1111/ajae.12192,1,Active CSU affiliation,american journal agricultural economics,4.2,2022,Nearest year (2022),W3130764381,https://doi.org/10.1111/ajae.12192,Peers in the Field: The Role of Ability and Gender in Peer Effects among Agricultural Workers,2021,2021-02-16,article,12,American Journal of Agricultural Economics,0002-9092,Wiley,FALSE,FALSE,2,NA,NA,NA,N,TRUE,2021,FALSE,FALSE,N,Neither,TRUE
Hill,Alexandra,Ag and Food,2021,JA,a,N,1,Burkhardt;Hill,Peers in the Field: Ability and Gender in Peer Effects among Agricultural Workers,American Journal of Agricultural Economics,10.1111/ajae.12192,hillalexandra.txt,NA,NA,NA,0,0,0,0,NA,NA,0,10.1111/ajae.12192,doi:10.1111/ajae.12192,1,Active CSU affiliation,american journal agricultural economics,4.2,2022,Nearest year (2022),W3130764381,https://doi.org/10.1111/ajae.12192,Peers in the Field: The Role of Ability and Gender in Peer Effects among Agricultural Workers,2021,2021-02-16,article,12,American Journal of Agricultural Economics,0002-9092,Wiley,FALSE,FALSE,2,NA,NA,NA,N,TRUE,2021,FALSE,FALSE,N,Neither,TRUE
Countryman,Amanda,Ag and Food,2021,JA,a,N,0,NA,The Importance of Agriculture in the Economy: Impacts from COVID-19,American Journal of Agricultural Economics,10.1111/ajae.12212,countrymanamanda.txt,NA,NA,NA,0,0,0,0,NA,NA,0,10.1111/ajae.12212,doi:10.1111/ajae.12212,1,Active CSU affiliation,american journal agricultural economics,4.2,2022,Nearest year (2022),W3130877874,https://doi.org/10.1111/ajae.12212,The Importance of Agriculture in the Economy: Impacts from <scp>COVID</scp>‐19,2021,2021-02-22,article,189,American Journal of Agricultural Economics,0002-9092,Wiley,TRUE,FALSE,2,NA,NA,NA,N,FALSE,2021,FALSE,FALSE,N,Neither,TRUE
Burkhardt,Jesse,ENRE,2022,JA,a,N,0,NA,Conformity and Conservation: Home Landscaping and Water Conservation,American Journal of Agricultural Economics,10.1111/ajae.12224,burkhardtjesse.txt,NA,NA,NA,0,0,0,0,NA,NA,0,10.1111/ajae.12224,doi:10.1111/ajae.12224,1,Active CSU affiliation,american journal agricultural economics,4.2,2022,Exact journal-year,W3157171384,https://doi.org/10.1111/ajae.12224,Conformity and Conservation: Evidence from Home Landscaping and Water Conservation,2021,2021-05-05,article,9,American Journal of Agricultural Economics,0002-9092,Wiley,FALSE,FALSE,4,NA,NA,NA,N,FALSE,2022,FALSE,TRUE,N,Neither,TRUE
Goemans,Chris,ENRE,2022,JA,a,Y,1,Goemans;Manning;Suter,Impacts of Block-Rate Energy Pricing on Groundwater Demand in Irrigated Agriculture,American Journal of Agricultural Economics,10.1111/ajae.12231,goemanschris.txt,NA,NA,NA,0,0,0,0,NA,NA,0,10.1111/ajae.12231,doi:10.1111/ajae.12231,1,Active CSU affiliation,american journal agricultural economics,4.2,2022,Exact journal-year,W3165941821,https://doi.org/10.1111/ajae.12231,Impacts of<scp>Block‐Rate</scp>Energy Pricing on Groundwater Demand in Irrigated Agriculture,2021,2021-05-31,article,11,American Journal of Agricultural Economics,0002-9092,Wiley,FALSE,FALSE,4,NA,NA,NA,Y,TRUE,2022,FALSE,TRUE,Y,CV only,TRUE
Manning,Dale,ENRE,2022,JA,a,Y,1,Goemans;Manning;Suter,Impacts of Block-Rate Energy Pricing on Groundwater Demand in Irrigated Agriculture,American Journal of Agricultural Economics,10.1111/ajae.12231,manningdale.txt,NA,NA,NA,0,0,0,0,NA,NA,0,10.1111/ajae.12231,doi:10.1111/ajae.12231,1,Active CSU affiliation,american journal agricultural economics,4.2,2022,Exact journal-year,W3165941821,https://doi.org/10.1111/ajae.12231,Impacts of<scp>Block‐Rate</scp>Energy Pricing on Groundwater Demand in Irrigated Agriculture,2021,2021-05-31,article,11,American Journal of Agricultural Economics,0002-9092,Wiley,FALSE,FALSE,4,NA,NA,NA,Y,TRUE,2022,FALSE,TRUE,Y,CV only,TRUE
Suter,Jordan,ENRE,2022,JA,a,N,1,Goemans;Manning;Suter,Impacts of Block-Rate Energy Pricing on Groundwater Demand in Irrigated Agriculture,American Journal of Agricultural Economics,10.1111/ajae.12231,suterjordan.txt,NA,NA,NA,0,0,0,0,NA,NA,0,10.1111/ajae.12231,doi:10.1111/ajae.12231,1,Active CSU affiliation,american journal agricultural economics,4.2,2022,Exact journal-year,W3165941821,https://doi.org/10.1111/ajae.12231,Impacts of<scp>Block‐Rate</scp>Energy Pricing on Groundwater Demand in Irrigated Agriculture,2021,2021-05-31,article,11,American Journal of Agricultural Economics,0002-9092,Wiley,FALSE,FALSE,4,NA,NA,NA,Y,TRUE,2022,FALSE,TRUE,Y,CV only,TRUE
Chenarides,Lauren,Ag and Food,2023,JA,a,N,0,NA,Dynamic Model of Entry: Dollar Stores,American Journal of Agricultural Economics,10.1111/ajae.12404,chenarideslauren.txt,NA,NA,NA,0,0,0,0,NA,NA,0,10.1111/ajae.12404,doi:10.1111/ajae.12404,1,Active CSU affiliation,american journal agricultural economics,4.2,2022,Nearest year (2022),W4380190325,https://doi.org/10.1111/ajae.12404,Dynamic model of entry: Dollar stores,2023,2023-05-30,article,16,American Journal of Agricultural Economics,0002-9092,Wiley,TRUE,FALSE,3,NA,NA,NA,N,FALSE,2023,FALSE,FALSE,N,Neither,TRUE
Suter,Jordan,ENRE,2024,JA,a,N,0,NA,Social Comparisons and Groundwater Use: Evidence from Colorado and Kansas,American Journal of Agricultural Economics,10.1111/ajae.12415,suterjordan.txt,NA,NA,NA,0,0,0,0,NA,NA,0,10.1111/ajae.12415,doi:10.1111/ajae.12415,1,Active CSU affiliation,american journal agricultural economics,3.3,2024,Exact journal-year,W4381852009,https://doi.org/10.1111/ajae.12415,Social comparisons and groundwater use: Evidence from <scp>Colorado</scp> and <scp>Kansas</scp>,2023,2023-06-22,article,13,American Journal of Agricultural Economics,0002-9092,Wiley,TRUE,FALSE,4,NA,NA,NA,N,FALSE,2024,FALSE,TRUE,N,Neither,TRUE
Bayham,Jude,ENRE,2024,JA,a,U,1,Bayham;Burkhardt,Air pollution weather and agricultural worker productivity,American Journal of Agricultural Economics,10.1111/ajae.12439,burkhardtjesse.txt,NA,NA,NA,0,0,0,0,NA,NA,0,10.1111/ajae.12439,doi:10.1111/ajae.12439,1,Active CSU affiliation,american journal agricultural economics,3.3,2024,Exact journal-year,W4388279823,https://doi.org/10.1111/ajae.12439,"Air pollution, weather, and agricultural worker productivity",2023,2023-11-03,article,17,American Journal of Agricultural Economics,0002-9092,Wiley,TRUE,FALSE,7,NA,NA,NA,N,TRUE,2024,FALSE,TRUE,N,Neither,TRUE
Burkhardt,Jesse,ENRE,2024,JA,a,N,1,Bayham;Burkhardt,Air pollution weather and agricultural worker productivity,American Journal of Agricultural Economics,10.1111/ajae.12439,burkhardtjesse.txt,NA,NA,NA,0,0,0,0,NA,NA,0,10.1111/ajae.12439,doi:10.1111/ajae.12439,1,Active CSU affiliation,american journal agricultural economics,3.3,2024,Exact journal-year,W4388279823,https://doi.org/10.1111/ajae.12439,"Air pollution, weather, and agricultural worker productivity",2023,2023-11-03,article,17,American Journal of Agricultural Economics,0002-9092,Wiley,TRUE,FALSE,7,NA,NA,NA,N,TRUE,2024,FALSE,TRUE,N,Neither,TRUE
Delay,Nathan,Ag and Food,2025,JA,a,N,0,NA,Mapping Agents: A Spatial Economic Analysis of Agent Location in Federal Crop Insurance,American Journal of Agricultural Economics,10.1111/ajae.12503,delaynathan.txt,NA,NA,NA,0,0,0,0,NA,NA,0,10.1111/ajae.12503,doi:10.1111/ajae.12503,1,Active CSU affiliation,american journal agricultural economics,4.9,2025,Exact journal-year,W4405137934,https://doi.org/10.1111/ajae.12503,Mapping agents: A spatial economic analysis of agent location in the Federal Crop Insurance Program,2024,2024-12-07,article,1,American Journal of Agricultural Economics,0002-9092,Wiley,TRUE,FALSE,2,NA,NA,NA,N,FALSE,2025,FALSE,TRUE,N,Neither,TRUE
Goemans,Chris,ENRE,2025,JA,a,N,1,Goemans;Suter,Abatement subsidies for groundwater conservation,American Journal of Agricultural Economics,10.1111/ajae.70021,goemanschris.txt,NA,NA,NA,0,0,0,0,NA,NA,0,10.1111/ajae.70021,doi:10.1111/ajae.70021,1,Active CSU affiliation,american journal agricultural economics,4.9,2025,Exact journal-year,W4415487719,https://doi.org/10.1111/ajae.70021,Abatement subsidies for groundwater conservation,2025,2025-10-23,article,1,American Journal of Agricultural Economics,0002-9092,Wiley,TRUE,FALSE,4,NA,NA,NA,N,TRUE,2025,FALSE,FALSE,N,Neither,TRUE
Suter,Jordan,ENRE,2025,JA,a,U,1,Goemans;Suter,Abatement subsidies for groundwater conservation,American Journal of Agricultural Economics,10.1111/ajae.70021,goemanschris.txt,NA,NA,NA,0,0,0,0,NA,NA,0,10.1111/ajae.70021,doi:10.1111/ajae.70021,1,Active CSU affiliation,american journal agricultural economics,4.9,2025,Exact journal-year,W4415487719,https://doi.org/10.1111/ajae.70021,Abatement subsidies for groundwater conservation,2025,2025-10-23,article,1,American Journal of Agricultural Economics,0002-9092,Wiley,TRUE,FALSE,4,NA,NA,NA,N,TRUE,2025,FALSE,FALSE,N,Neither,TRUE
Hill,Alexandra,Ag and Food,2021,JA,a,N,0,NA,Agricultural Labor Supply,Annual Review of Resource Economics,10.1146/annurev-resource-101620-080426,hillalexandra.txt,NA,NA,NA,0,0,0,0,NA,NA,0,10.1146/annurev-resource-101620-080426,doi:10.1146/annurev-resource-101620-080426,1,Active CSU affiliation,annual review resource economics,6.617,2021,Exact journal-year,W3187830255,https://doi.org/10.1146/annurev-resource-101620-080426,Agricultural Labor Supply,2021,2021-07-02,article,34,Annual Review of Resource Economics,1941-1340,Annual Reviews,FALSE,FALSE,3,NA,NA,NA,N,FALSE,2021,FALSE,FALSE,N,Neither,TRUE
Lewis,Lynne,ENRE,2024,JA,a,N,0,NA,The Nature of the Beast: Wildlife Valuation from the Iconic to the Ordinary,Annual Review of Resource Economics,10.1146/annurev-resource-101623-093149,lewislynne.txt,NA,NA,NA,0,0,0,0,NA,NA,0,10.1146/annurev-resource-101623-093149,doi:10.1146/annurev-resource-101623-093149,1,Active CSU affiliation,annual review resource economics,8.4,2024,Exact journal-year,W4400748387,https://doi.org/10.1146/annurev-resource-101623-093149,The Nature of the Beast: Wildlife Valuation from the Iconic to the Ordinary,2024,2024-07-16,article,2,Annual Review of Resource Economics,1941-1340,Annual Reviews,TRUE,FALSE,3,NA,NA,NA,N,FALSE,2024,FALSE,FALSE,N,Neither,TRUE
Bayham,Jude,ENRE,2022,JA,a,N,0,NA,The Economics of Wildfire in the United States,Annual Review of Resource Economics,10.1146/annurev-resource-111920-014804,bayhamjude.txt,NA,NA,NA,0,0,0,0,NA,NA,0,10.1146/annurev-resource-111920-014804,doi:10.1146/annurev-resource-111920-014804,1,Active CSU affiliation,annual review resource economics,5.8,2022,Exact journal-year,W4281886895,https://doi.org/10.1146/annurev-resource-111920-014804,The Economics of Wildfire in the United States,2022,2022-06-09,article,79,Annual Review of Resource Economics,1941-1340,Annual Reviews,FALSE,FALSE,4,NA,NA,NA,N,FALSE,2022,FALSE,FALSE,N,Neither,TRUE
Ritten,John,Ag and Food,2022,JA,a,Y,0,NA,Effects of Harvest Season on Carcass Characteristics of Lambs Harvested in the Intermountain West,Applied Animal Science,10.15232/aas.2022-02322,rittenjohn.txt,NA,NA,NA,0,0,0,0,NA,NA,0,10.15232/aas.2022-02322,doi:10.15232/aas.2022-02322,1,Active CSU affiliation,applied animal science,1.5,2024,Nearest year (2024),W4296713815,https://doi.org/10.15232/aas.2022-02322,Effects of harvest season on carcass characteristics of lambs in the Intermountain West,2022,2022-09-21,article,3,Applied Animal Science,2590-2865,Elsevier BV,FALSE,FALSE,8,NA,NA,NA,Y,FALSE,2022,FALSE,FALSE,Y,CV only,TRUE
Thilmany,Dawn,Ag and Food,2021,JA,a,N,0,NA,Local Foods go Downstream: Exploring the Spatial Factors Driving US Food Manufacturing,Applied Economic Perspectives and Policy,10.1002/aepp.13046,thilmanydawn.txt,NA,NA,NA,0,0,0,0,NA,NA,0,10.1002/aepp.13046,doi:10.1002/aepp.13046,1,Active CSU affiliation,applied economic perspectives policy,4.89,2021,Exact journal-year,W3042925910,https://doi.org/10.1002/aepp.13046,Local Foods Go Downstream: Exploring the Spatial Factors Driving U.S. Food Manufacturing,2020,2020-07-13,article,20,Applied Economic Perspectives and Policy,2040-5790,Wiley,TRUE,FALSE,4,NA,NA,NA,N,FALSE,2021,FALSE,TRUE,N,Neither,TRUE
Thilmany,Dawn,Ag and Food,2021,JA,a,N,0,NA,Do Cottage Food Laws Reduce Barriers to Entry for Food Manufacturers,Applied Economic Perspectives and Policy,10.1002/aepp.13047,thilmanydawn.txt,NA,NA,NA,0,0,0,0,NA,NA,0,10.1002/aepp.13047,doi:10.1002/aepp.13047,1,Active CSU affiliation,applied economic perspectives policy,4.89,2021,Exact journal-year,W3043543695,https://doi.org/10.1002/aepp.13047,Do Cottage Food Laws Reduce Barriers to Entry for Food Manufacturers?,2020,2020-07-13,article,10,Applied Economic Perspectives and Policy,2040-5790,Wiley,FALSE,FALSE,3,NA,NA,NA,N,FALSE,2021,FALSE,TRUE,N,Neither,TRUE
Jablonski,Becca,Ag and Food,2021,JA,a,U,1,Jablonski;Thilmany,Local Food Markets and Labor Intensity,Applied Economic Perspectives and Policy,10.1002/aepp.13059,thilmanydawn.txt,NA,NA,NA,0,0,0,0,NA,NA,0,10.1002/aepp.13059,doi:10.1002/aepp.13059,1,Active CSU affiliation,applied economic perspectives policy,4.89,2021,Exact journal-year,W3043055687,https://doi.org/10.1002/aepp.13059,Local Food Market Orientation and Labor Intensity,2020,2020-07-13,article,22,Applied Economic Perspectives and Policy,2040-5790,Wiley,FALSE,FALSE,3,NA,NA,NA,N,TRUE,2021,FALSE,TRUE,N,Neither,TRUE
Thilmany,Dawn,Ag and Food,2021,JA,a,N,1,Jablonski;Thilmany,Local Food Markets and Labor Intensity,Applied Economic Perspectives and Policy,10.1002/aepp.13059,thilmanydawn.txt,NA,NA,NA,0,0,0,0,NA,NA,0,10.1002/aepp.13059,doi:10.1002/aepp.13059,1,Active CSU affiliation,applied economic perspectives policy,4.89,2021,Exact journal-year,W3043055687,https://doi.org/10.1002/aepp.13059,Local Food Market Orientation and Labor Intensity,2020,2020-07-13,article,22,Applied Economic Perspectives and Policy,2040-5790,Wiley,FALSE,FALSE,3,NA,NA,NA,N,TRUE,2021,FALSE,TRUE,N,Neither,TRUE
Cleary,Rebecca,Ag and Food,2021,JA,a,N,1,Cleary;Jablonski,Emergency Food Provision for Children and Families during the Covid-19 Pandemic,Applied Economic Perspectives and Policy,10.1002/aepp.13096,clearyrebecca.txt,NA,NA,NA,0,0,0,0,NA,NA,0,10.1002/aepp.13096,doi:10.1002/aepp.13096,1,Active CSU affiliation,applied economic perspectives policy,4.89,2021,Exact journal-year,W3089211388,https://doi.org/10.1002/aepp.13096,Emergency Food Provision for Children and Families during the <scp>COVID</scp>‐19 Pandemic: Examples from Five U.S. Cities,2020,2020-09-24,article,60,Applied Economic Perspectives and Policy,2040-5790,Wiley,TRUE,FALSE,13,NA,NA,NA,N,TRUE,2021,FALSE,TRUE,N,Neither,TRUE
Jablonski,Becca,Ag and Food,2021,JA,a,U,1,Cleary;Jablonski,Emergency Food Provision for Children and Families during the Covid-19 Pandemic,Applied Economic Perspectives and Policy,10.1002/aepp.13096,clearyrebecca.txt,NA,NA,NA,0,0,0,0,NA,NA,0,10.1002/aepp.13096,doi:10.1002/aepp.13096,1,Active CSU affiliation,applied economic perspectives policy,4.89,2021,Exact journal-year,W3089211388,https://doi.org/10.1002/aepp.13096,Emergency Food Provision for Children and Families during the <scp>COVID</scp>‐19 Pandemic: Examples from Five U.S. Cities,2020,2020-09-24,article,60,Applied Economic Perspectives and Policy,2040-5790,Wiley,TRUE,FALSE,13,NA,NA,NA,N,TRUE,2021,FALSE,TRUE,N,Neither,TRUE
Bonanno,Alessandro,Ag and Food,2021,JA,a,N,0,NA,If You Build It Will it Matter? Food Stores Presence and Perceived Barriers,Applied Economic Perspectives and Policy,10.1002/aepp.13098,bonannoalessandrocv.txt,NA,NA,NA,0,0,0,0,NA,NA,0,10.1002/aepp.13098,doi:10.1002/aepp.13098,1,Active CSU affiliation,applied economic perspectives policy,4.89,2021,Exact journal-year,W3093424154,https://doi.org/10.1002/aepp.13098,If You Build Them… Will it Matter? Food Stores' Presence and Perceived Barriers to Purchasing Healthy Foods in the Northeastern U.S.,2020,2020-10-12,article,6,Applied Economic Perspectives and Policy,2040-5790,Wiley,FALSE,FALSE,3,NA,NA,NA,N,FALSE,2021,FALSE,TRUE,N,Neither,TRUE
Bonanno,Alessandro,Ag and Food,2021,JA,a,Y,1,Bonanno;Cleary,School Meals and Quality of Household Food Acquisitions,Applied Economic Perspectives and Policy,10.1002/aepp.13130,bonannoalessandrocv.txt,NA,NA,NA,0,0,0,0,NA,NA,0,10.1002/aepp.13130,doi:10.1002/aepp.13130,1,Active CSU affiliation,applied economic perspectives policy,4.89,2021,Exact journal-year,W3120068039,https://doi.org/10.1002/aepp.13130,School meals and quality of household food acquisitions,2021,2021-01-07,article,1,Applied Economic Perspectives and Policy,2040-5790,Wiley,FALSE,FALSE,5,1,Armen Ghazaryan,FALSE,Y,FALSE,2021,FALSE,FALSE,Y,CV only,TRUE
Cleary,Rebecca,Ag and Food,2021,JA,a,Y,1,Bonanno;Cleary,School Meals and Quality of Household Food Acquisitions,Applied Economic Perspectives and Policy,10.1002/aepp.13130,clearyrebecca.txt,NA,NA,NA,0,0,0,0,NA,NA,0,10.1002/aepp.13130,doi:10.1002/aepp.13130,1,Active CSU affiliation,applied economic perspectives policy,4.89,2021,Exact journal-year,W3120068039,https://doi.org/10.1002/aepp.13130,School meals and quality of household food acquisitions,2021,2021-01-07,article,1,Applied Economic Perspectives and Policy,2040-5790,Wiley,FALSE,FALSE,5,1,Armen Ghazaryan,FALSE,Y,FALSE,2021,FALSE,FALSE,Y,CV only,TRUE
Delay,Nathan,Ag and Food,2022,JA,a,N,0,NA,The Impact of Crop Insurance on Farm Financial Outcomes,Applied Economic Perspectives and Policy,10.1002/aepp.13223,delaynathan.txt,NA,NA,NA,0,0,0,0,NA,NA,0,10.1002/aepp.13223,doi:10.1002/aepp.13223,1,Active CSU affiliation,applied economic perspectives policy,5.8,2022,Exact journal-year,W3018359190,https://doi.org/10.1002/aepp.13223,The impact of crop insurance on farm financial outcomes,2022,2022-01-03,article,2,Applied Economic Perspectives and Policy,2040-5790,Wiley,TRUE,FALSE,4,NA,NA,NA,N,FALSE,2022,FALSE,FALSE,N,Neither,TRUE
Jablonski,Becca,Ag and Food,2022,JA,a,U,1,Jablonski;Thilmany,Opportunities to support beginning farmers and ranchers in the 2023 Farm Bill,Applied Economic Perspectives and Policy,10.1002/aepp.13256,thilmanydawn.txt,NA,NA,NA,0,0,0,0,NA,NA,0,10.1002/aepp.13256,doi:10.1002/aepp.13256,1,Active CSU affiliation,applied economic perspectives policy,5.8,2022,Exact journal-year,W4220797295,https://doi.org/10.1002/aepp.13256,Opportunities to support beginning farmers and ranchers in the 2023 Farm Bill,2022,2022-03-29,article,18,Applied Economic Perspectives and Policy,2040-5790,Wiley,TRUE,FALSE,7,NA,NA,NA,N,TRUE,2022,FALSE,FALSE,N,Neither,TRUE
Thilmany,Dawn,Ag and Food,2022,JA,a,N,1,Jablonski;Thilmany,Opportunities to support beginning farmers and ranchers in the 2023 Farm Bill,Applied Economic Perspectives and Policy,10.1002/aepp.13256,thilmanydawn.txt,NA,NA,NA,0,0,0,0,NA,NA,0,10.1002/aepp.13256,doi:10.1002/aepp.13256,1,Active CSU affiliation,applied economic perspectives policy,5.8,2022,Exact journal-year,W4220797295,https://doi.org/10.1002/aepp.13256,Opportunities to support beginning farmers and ranchers in the 2023 Farm Bill,2022,2022-03-29,article,18,Applied Economic Perspectives and Policy,2040-5790,Wiley,TRUE,FALSE,7,NA,NA,NA,N,TRUE,2022,FALSE,FALSE,N,Neither,TRUE
Berning,Joshua,Ag and Food,2023,JA,a,U,1,Berning;Bonanno;Cleary,Food Insecurity and Time Use in Elderly vs Non-Elderly,Applied Economic Perspectives and Policy,10.1002/aepp.13275,bonannoalessandrocv.txt,NA,NA,NA,0,0,0,0,NA,NA,0,10.1002/aepp.13275,doi:10.1002/aepp.13275,1,Active CSU affiliation,applied economic perspectives policy,5.8,2022,Nearest year (2022),W4225008403,https://doi.org/10.1002/aepp.13275,Food insecurity and time use in elderly vs. non‐elderly: An exploratory analysis,2022,2022-04-27,article,8,Applied Economic Perspectives and Policy,2040-5790,Wiley,FALSE,FALSE,3,NA,NA,NA,N,TRUE,2023,FALSE,TRUE,N,Neither,TRUE
Bonanno,Alessandro,Ag and Food,2023,JA,a,N,1,Berning;Bonanno;Cleary,Food Insecurity and Time Use in Elderly vs Non-Elderly,Applied Economic Perspectives and Policy,10.1002/aepp.13275,bonannoalessandrocv.txt,NA,NA,NA,0,0,0,0,NA,NA,0,10.1002/aepp.13275,doi:10.1002/aepp.13275,1,Active CSU affiliation,applied economic perspectives policy,5.8,2022,Nearest year (2022),W4225008403,https://doi.org/10.1002/aepp.13275,Food insecurity and time use in elderly vs. non‐elderly: An exploratory analysis,2022,2022-04-27,article,8,Applied Economic Perspectives and Policy,2040-5790,Wiley,FALSE,FALSE,3,NA,NA,NA,N,TRUE,2023,FALSE,TRUE,N,Neither,TRUE
Cleary,Rebecca,Ag and Food,2023,JA,a,U,1,Berning;Bonanno;Cleary,Food Insecurity and Time Use in Elderly vs Non-Elderly,Applied Economic Perspectives and Policy,10.1002/aepp.13275,bonannoalessandrocv.txt,NA,NA,NA,0,0,0,0,NA,NA,0,10.1002/aepp.13275,doi:10.1002/aepp.13275,1,Active CSU affiliation,applied economic perspectives policy,5.8,2022,Nearest year (2022),W4225008403,https://doi.org/10.1002/aepp.13275,Food insecurity and time use in elderly vs. non‐elderly: An exploratory analysis,2022,2022-04-27,article,8,Applied Economic Perspectives and Policy,2040-5790,Wiley,FALSE,FALSE,3,NA,NA,NA,N,TRUE,2023,FALSE,TRUE,N,Neither,TRUE
Koontz,Stephen,Ag and Food,2022,JA,a,N,0,NA,Potential Beef Cattle Topics in the 2023 Farm Bill,Applied Economic Perspectives and Policy,10.1002/aepp.13302,koontzstephen.txt,NA,NA,NA,0,0,0,0,NA,NA,0,10.1002/aepp.13302,doi:10.1002/aepp.13302,1,Active CSU affiliation,applied economic perspectives policy,5.8,2022,Exact journal-year,W4283262314,https://doi.org/10.1002/aepp.13302,Potential beef cattle topics in the 2023 farm bill,2022,2022-06-21,article,0,Applied Economic Perspectives and Policy,2040-5790,Wiley,FALSE,FALSE,8,NA,NA,NA,N,FALSE,2022,FALSE,FALSE,N,Neither,TRUE
Berning,Joshua,Ag and Food,2024,JA,a,U,1,Berning;Bonanno;Cleary,Disparities in Food Insecurity among Black and White Households,Applied Economic Perspectives and Policy,10.1002/aepp.13332,bonannoalessandrocv.txt,NA,NA,NA,0,0,0,0,NA,NA,0,10.1002/aepp.13332,doi:10.1002/aepp.13332,1,Active CSU affiliation,applied economic perspectives policy,3.4,2024,Exact journal-year,W4307650297,https://doi.org/10.1002/aepp.13332,"Disparities in food insecurity among Black and White households: An analysis by age cohort, poverty, education, and home ownership",2022,2022-10-27,article,12,Applied Economic Perspectives and Policy,2040-5790,Wiley,TRUE,FALSE,3,NA,NA,NA,N,TRUE,2024,FALSE,TRUE,N,Neither,TRUE
Bonanno,Alessandro,Ag and Food,2024,JA,a,N,1,Berning;Bonanno;Cleary,Disparities in Food Insecurity among Black and White Households,Applied Economic Perspectives and Policy,10.1002/aepp.13332,bonannoalessandrocv.txt,NA,NA,NA,0,0,0,0,NA,NA,0,10.1002/aepp.13332,doi:10.1002/aepp.13332,1,Active CSU affiliation,applied economic perspectives policy,3.4,2024,Exact journal-year,W4307650297,https://doi.org/10.1002/aepp.13332,"Disparities in food insecurity among Black and White households: An analysis by age cohort, poverty, education, and home ownership",2022,2022-10-27,article,12,Applied Economic Perspectives and Policy,2040-5790,Wiley,TRUE,FALSE,3,NA,NA,NA,N,TRUE,2024,FALSE,TRUE,N,Neither,TRUE
Cleary,Rebecca,Ag and Food,2024,JA,a,U,1,Berning;Bonanno;Cleary,Disparities in Food Insecurity among Black and White Households,Applied Economic Perspectives and Policy,10.1002/aepp.13332,bonannoalessandrocv.txt,NA,NA,NA,0,0,0,0,NA,NA,0,10.1002/aepp.13332,doi:10.1002/aepp.13332,1,Active CSU affiliation,applied economic perspectives policy,3.4,2024,Exact journal-year,W4307650297,https://doi.org/10.1002/aepp.13332,"Disparities in food insecurity among Black and White households: An analysis by age cohort, poverty, education, and home ownership",2022,2022-10-27,article,12,Applied Economic Perspectives and Policy,2040-5790,Wiley,TRUE,FALSE,3,NA,NA,NA,N,TRUE,2024,FALSE,TRUE,N,Neither,TRUE
Delay,Nathan,Ag and Food,2023,JA,a,N,0,NA,The Economics of Property Rights in Digital Farming Data,Applied Economic Perspectives and Policy,10.1002/aepp.13340,delaynathan.txt,NA,NA,NA,0,0,0,0,NA,NA,0,10.1002/aepp.13340,doi:10.1002/aepp.13340,1,Active CSU affiliation,applied economic perspectives policy,5.8,2022,Nearest year (2022),W4316653239,https://doi.org/10.1002/aepp.13340,The economics of property rights in digital farming data: Implications for farmland markets,2023,2023-01-16,article,10,Applied Economic Perspectives and Policy,2040-5790,Wiley,TRUE,FALSE,3,NA,NA,NA,N,FALSE,2023,FALSE,FALSE,N,Neither,TRUE
Magnan,Nicholas,Ag and Food,2023,JA,a,Y,0,NA,Coping with COVID-19 Shocks in Rural Nepal,Applied Economic Perspectives and Policy,10.1002/aepp.13383,magnannicholas.txt,NA,NA,NA,0,0,0,0,NA,NA,0,10.1002/aepp.13383,doi:10.1002/aepp.13383,1,Active CSU affiliation,applied economic perspectives policy,5.8,2022,Nearest year (2022),W4377104004,https://doi.org/10.1002/aepp.13383,Coping with COVID‐19 shocks in rural Nepal,2023,2023-05-18,article,4,Applied Economic Perspectives and Policy,2040-5790,Wiley,TRUE,FALSE,3,NA,NA,NA,Y,FALSE,2023,FALSE,FALSE,Y,CV only,TRUE
Thilmany,Dawn,Ag and Food,2024,JA,a,N,0,NA,Measuring the Economic Contribution of Agricultural and Applied Economics Departments,Applied Economic Perspectives and Policy,10.1002/aepp.13454,thilmanydawn.txt,NA,NA,NA,0,0,0,0,NA,NA,0,10.1002/aepp.13454,doi:10.1002/aepp.13454,1,Active CSU affiliation,applied economic perspectives policy,3.4,2024,Exact journal-year,W4399361991,https://doi.org/10.1002/aepp.13454,Measuring the economic contribution of Agricultural and Applied Economics departments in the United States,2024,2024-06-05,article,0,Applied Economic Perspectives and Policy,2040-5790,Wiley,TRUE,FALSE,4,NA,NA,NA,N,FALSE,2024,FALSE,FALSE,N,Neither,TRUE
Countryman,Amanda,Ag and Food,2024,JA,a,Y,0,NA,Global Economic Effects of War-Induced Agricultural Export Declines from Ukraine,Applied Economic Perspectives and Policy,10.1002/aepp.13468,countrymanamanda.txt,NA,NA,NA,0,0,0,0,NA,NA,0,10.1002/aepp.13468,doi:10.1002/aepp.13468,1,Active CSU affiliation,applied economic perspectives policy,3.4,2024,Exact journal-year,W4402116092,https://doi.org/10.1002/aepp.13468,Global economic effects of war‐induced agricultural export declines from Ukraine,2024,2024-09-01,article,24,Applied Economic Perspectives and Policy,2040-5790,Wiley,TRUE,FALSE,5,NA,NA,NA,Y,FALSE,2024,FALSE,FALSE,Y,CV only,TRUE
Countryman,Amanda,Ag and Food,2025,JA,a,Y,0,NA,U.S. Employment Exposure to Domestic and Foreign Tariff Changes under NAFTA,Applied Economic Perspectives and Policy,10.1002/aepp.13503,countrymanamanda.txt,NA,NA,NA,0,0,0,0,NA,NA,0,10.1002/aepp.13503,doi:10.1002/aepp.13503,1,Active CSU affiliation,applied economic perspectives policy,3.6,2025,Exact journal-year,W4408333772,https://doi.org/10.1002/aepp.13503,US employment exposure to domestic and foreign tariff changes under <scp>NAFTA</scp>,2025,2025-02-27,article,0,Applied Economic Perspectives and Policy,2040-5790,Wiley,TRUE,FALSE,4,NA,NA,NA,Y,FALSE,2025,FALSE,FALSE,Y,CV only,TRUE
Thilmany,Dawn,Ag and Food,2025,JA,a,Y,0,NA,Exploring the Relationship between Growth in Online Shopping and Multichannel Food Consumers,Applied Economic Perspectives and Policy,10.1002/aepp.13531,thilmanydawn.txt,NA,NA,NA,0,0,0,0,NA,NA,0,10.1002/aepp.13531,doi:10.1002/aepp.13531,1,Active CSU affiliation,applied economic perspectives policy,3.6,2025,Exact journal-year,W4410757952,https://doi.org/10.1002/aepp.13531,Exploring the relationship between growth in online shopping and multichannel food consumers,2025,2025-05-25,article,0,Applied Economic Perspectives and Policy,2040-5790,Wiley,TRUE,FALSE,2,1,Mackenzie Gill,TRUE,Y,FALSE,2025,FALSE,FALSE,Y,CV and registrar,TRUE
Chenarides,Lauren,Ag and Food,2025,JA,a,Y,0,NA,Relationship between Knowledge and Compliance with Safety Measures: COVID-19,Applied Economic Perspectives and Policy,10.1002/aepp.70031,chenarideslauren.txt,NA,NA,NA,0,0,0,0,NA,NA,0,10.1002/aepp.70031,doi:10.1002/aepp.70031,1,Active CSU affiliation,applied economic perspectives policy,3.6,2025,Exact journal-year,W4416825524,https://doi.org/10.1002/aepp.70031,Relationship Between Knowledge and Compliance With Safety Measures: Evidence From <scp>COVID</scp> ‐19,2025,2025-11-29,article,0,Applied Economic Perspectives and Policy,2040-5790,Wiley,TRUE,FALSE,3,NA,NA,NA,Y,FALSE,2025,FALSE,FALSE,Y,CV only,TRUE
Bayham,Jude,ENRE,2025,JA,a,Y,1,Bayham;Berning;Costanigro,Changes in Alcohol Retail Laws and Foot Traffic at Liquor Stores,Applied Economic Perspectives and Policy,10.1002/aepp.70037,costanigromarco.txt,NA,NA,NA,0,0,0,0,NA,NA,0,10.1002/aepp.70037,doi:10.1002/aepp.70037,1,Active CSU affiliation,applied economic perspectives policy,3.6,2025,Exact journal-year,W4416337945,https://doi.org/10.1002/aepp.70037,Changes in Alcohol Retail Laws and Foot Traffic at Liquor Stores,2025,2025-11-18,article,1,Applied Economic Perspectives and Policy,2040-5790,Wiley,TRUE,FALSE,4,1,Nathan Palardy,FALSE,Y,FALSE,2025,FALSE,FALSE,Y,CV only,TRUE
Berning,Joshua,Ag and Food,2025,JA,a,Y,1,Bayham;Berning;Costanigro,Changes in Alcohol Retail Laws and Foot Traffic at Liquor Stores,Applied Economic Perspectives and Policy,10.1002/aepp.70037,costanigromarco.txt,NA,NA,NA,0,0,0,0,NA,NA,0,10.1002/aepp.70037,doi:10.1002/aepp.70037,1,Active CSU affiliation,applied economic perspectives policy,3.6,2025,Exact journal-year,W4416337945,https://doi.org/10.1002/aepp.70037,Changes in Alcohol Retail Laws and Foot Traffic at Liquor Stores,2025,2025-11-18,article,1,Applied Economic Perspectives and Policy,2040-5790,Wiley,TRUE,FALSE,4,1,Nathan Palardy,FALSE,Y,FALSE,2025,FALSE,FALSE,Y,CV only,TRUE
Costanigro,Marco,Ag and Food,2025,JA,a,Y,1,Bayham;Berning;Costanigro,Changes in Alcohol Retail Laws and Foot Traffic at Liquor Stores,Applied Economic Perspectives and Policy,10.1002/aepp.70037,costanigromarco.txt,NA,NA,NA,0,0,0,0,NA,NA,0,10.1002/aepp.70037,doi:10.1002/aepp.70037,1,Active CSU affiliation,applied economic perspectives policy,3.6,2025,Exact journal-year,W4416337945,https://doi.org/10.1002/aepp.70037,Changes in Alcohol Retail Laws and Foot Traffic at Liquor Stores,2025,2025-11-18,article,1,Applied Economic Perspectives and Policy,2040-5790,Wiley,TRUE,FALSE,4,1,Nathan Palardy,FALSE,Y,FALSE,2025,FALSE,FALSE,Y,CV only,TRUE
Countryman,Amanda,Ag and Food,2026,JA,a,Y,0,NA,Quantitative Comparison of Ad-Valorem Equivalents for Non-Tariff Trade Measures: WTO Versus TRAINS,Applied Economic Perspectives and Policy,10.1002/aepp.70039,Google Scholar,NA,NA,NA,0,0,0,0,NA,NA,1,10.1002/aepp.70039,doi:10.1002/aepp.70039,1,Active CSU affiliation,applied economic perspectives policy,3.6,2025,Nearest year (2025),W4416563969,https://doi.org/10.1002/aepp.70039,Quantitative Comparison of Ad‐Valorem Equivalents for Non‐Tariff Trade Measures: <scp>WTO</scp> Versus <scp>TRAINS</scp>,2025,2025-11-23,article,0,Applied Economic Perspectives and Policy,2040-5790,Wiley,TRUE,FALSE,4,NA,NA,NA,Y,FALSE,2026,FALSE,TRUE,Y,CV only,FALSE
Countryman,Amanda,Ag and Food,2026,JA,a,Y,0,NA,"Livestock Tango: US and Latin America Dance Together, but Who Will Lead?",Applied Economic Perspectives and Policy,10.1002/aepp.70047,Google Scholar,NA,NA,NA,0,0,0,0,NA,NA,1,10.1002/aepp.70047,doi:10.1002/aepp.70047,1,Active CSU affiliation,applied economic perspectives policy,3.6,2025,Nearest year (2025),W7116446301,https://doi.org/10.1002/aepp.70047,"Livestock Tango: U.S. and Latin America Dance Together, but Who Will Lead?",2025,2025-12-19,article,0,Applied Economic Perspectives and Policy,2040-5790,Wiley,TRUE,FALSE,3,NA,NA,NA,Y,FALSE,2026,FALSE,TRUE,Y,CV only,FALSE
Bonanno,Alessandro,Ag and Food,2021,JA,a,N,0,NA,Competitive and Welfare Effects of Private Label Presence in Differentiated Food Markets,Applied Economics,10.1080/00036846.2020.1866160,bonannoalessandrocv.txt,NA,NA,NA,0,0,0,0,NA,NA,0,10.1080/00036846.2020.1866160,doi:10.1080/00036846.2020.1866160,1,Active CSU affiliation,applied economics,1.916,2021,Exact journal-year,W3132144767,https://doi.org/10.1080/00036846.2020.1866160,Competitive and welfare effects of private label presence in differentiated food markets,2021,2021-02-16,article,11,Applied Economics,0003-6846,Taylor & Francis,FALSE,FALSE,4,NA,NA,NA,N,FALSE,2021,FALSE,FALSE,N,Neither,TRUE
Thilmany,Dawn,Ag and Food,2023,JA,b,N,0,NA,Perspectives on Diversity Equity and Inclusion in the Agricultural and Applied Economics Profession,Applied Economics Teaching Resources,10.22004/ag.econ.333520,thilmanydawn.txt,NA,NA,NA,0,0,0,0,NA,NA,0,10.22004/ag.econ.333520,doi:10.22004/ag.econ.333520,1,Active CSU affiliation,applied economics teaching resources,NA,NA,No IF match,NA,NA,NA,NA,NA,NA,NA,NA,NA,NA,NA,NA,NA,NA,NA,NA,N,FALSE,2023,FALSE,FALSE,N,Neither,TRUE
Thilmany,Dawn,Ag and Food,2022,JA,b,N,0,NA,Agritourism Extension in the United States,Applied Economics Teaching Resources,nodoi,thilmanydawn.txt,NA,NA,NA,0,0,0,0,NA,NA,0,NA,titleyear:agritourism extension in the united states|2022,1,Active CSU affiliation,applied economics teaching resources,NA,NA,No IF match,NA,NA,NA,NA,NA,NA,NA,NA,NA,NA,NA,NA,NA,NA,NA,NA,N,FALSE,2022,FALSE,FALSE,N,Neither,TRUE
Jablonski,Becca,Ag and Food,2021,JA,a,U,1,Jablonski;Thilmany,Novel methods for an interesting time: US local food systems impacts and initiatives to respond to COVID,Australian Journal of Agricultural and Resource Economics,10.1111/1467-8489.12456,thilmanydawn.txt,NA,NA,NA,0,0,0,0,NA,NA,0,10.1111/1467-8489.12456,doi:10.1111/1467-8489.12456,1,Active CSU affiliation,australian journal agricultural resource economics,3.2,2022,Nearest year (2022),W3210113799,https://doi.org/10.1111/1467-8489.12456,Novel methods for an interesting time: Exploring U.S. local food systems’ impacts and initiatives to respond to COVID*,2021,2021-10-01,article,20,Australian Journal of Agricultural and Resource Economics,1364-985X,Wiley,TRUE,FALSE,8,2,Hailey Edmondson; Mackenzie Gill,TRUE,Y,TRUE,2021,FALSE,FALSE,Y,CV and registrar,TRUE
Thilmany,Dawn,Ag and Food,2021,JA,a,Y,1,Jablonski;Thilmany,Novel methods for an interesting time: US local food systems impacts and initiatives to respond to COVID,Australian Journal of Agricultural and Resource Economics,10.1111/1467-8489.12456,thilmanydawn.txt,NA,NA,NA,0,0,0,0,NA,NA,0,10.1111/1467-8489.12456,doi:10.1111/1467-8489.12456,1,Active CSU affiliation,australian journal agricultural resource economics,3.2,2022,Nearest year (2022),W3210113799,https://doi.org/10.1111/1467-8489.12456,Novel methods for an interesting time: Exploring U.S. local food systems’ impacts and initiatives to respond to COVID*,2021,2021-10-01,article,20,Australian Journal of Agricultural and Resource Economics,1364-985X,Wiley,TRUE,FALSE,8,2,Hailey Edmondson; Mackenzie Gill,TRUE,Y,TRUE,2021,FALSE,FALSE,Y,CV and registrar,TRUE
Hoag,Dana,ENRE,2025,JA,a,N,1,Hoag;Ritten,Transdisciplinary research priorities for a One Health approach to human-wildlife coexistence,BioScience,10.1093/biosci/biaf026,hoagdana.txt,NA,NA,NA,0,0,0,0,NA,NA,0,10.1093/biosci/biaf026,doi:10.1093/biosci/biaf026,1,Active CSU affiliation,bioscience,9.5,2025,Exact journal-year,W4410577500,https://doi.org/10.1093/biosci/biaf026,Transdisciplinary research priorities for a One Health approach to human–wildlife coexistence,2025,2025-05-21,article,4,BioScience,0006-3568,Oxford University Press,TRUE,FALSE,23,NA,NA,NA,N,FALSE,2025,FALSE,FALSE,N,Neither,TRUE
Ritten,John,Ag and Food,2025,JA,a,N,1,Hoag;Ritten,Transdisciplinary research priorities for a One Health approach to human-wildlife coexistence,BioScience,10.1093/biosci/biaf026,rittenjohn.txt,NA,NA,NA,0,0,0,0,NA,NA,0,10.1093/biosci/biaf026,doi:10.1093/biosci/biaf026,1,Active CSU affiliation,bioscience,9.5,2025,Exact journal-year,W4410577500,https://doi.org/10.1093/biosci/biaf026,Transdisciplinary research priorities for a One Health approach to human–wildlife coexistence,2025,2025-05-21,article,4,BioScience,0006-3568,Oxford University Press,TRUE,FALSE,23,NA,NA,NA,N,FALSE,2025,FALSE,FALSE,N,Neither,TRUE
Bonanno,Alessandro,Ag and Food,2023,JA,a,N,0,NA,Geographical Indications Prices and Marketing Margins,British Food Journal,10.1108/bfj-09-2021-1000,bonannoalessandrocv.txt,NA,NA,NA,0,0,0,0,NA,NA,0,10.1108/bfj-09-2021-1000,doi:10.1108/bfj-09-2021-1000,1,Active CSU affiliation,british food journal,3.3,2022,Nearest year (2022),W4220717619,https://doi.org/10.1108/bfj-09-2021-1000,"Geographical indications' prices and marketing margins: the role of group size, longevity and production decisions",2022,2022-03-23,article,5,British Food Journal,0007-070X,Emerald Publishing Limited,FALSE,FALSE,3,NA,NA,NA,N,FALSE,2023,FALSE,TRUE,N,Neither,TRUE
Suter,Jordan,ENRE,2021,JA,a,U,0,NA,Sociodemographic variations in indoor environmental quality and student performance,Building and Environment,10.1016/j.buildenv.2021.108390,suterjordan.txt,NA,NA,NA,0,0,0,0,NA,NA,0,10.1016/j.buildenv.2021.108390,doi:10.1016/j.buildenv.2021.108390,1,Active CSU affiliation,building environment,7.093,2021,Exact journal-year,W3203151447,https://doi.org/10.1016/j.buildenv.2021.108390,Sociodemographic variations in the association between indoor environmental quality in school buildings and student performance,2021,2021-09-22,article,18,Building and Environment,0360-1323,Elsevier BV,FALSE,FALSE,8,NA,NA,NA,U,FALSE,2021,FALSE,FALSE,U,Undetermined,TRUE
Delay,Nathan,Ag and Food,2026,JA,a,NA,0,NA,Merging rigor and relevance in grazingland research: a comprehensive social-ecological monitoring approach,Carbon Balance and Management,10.1186/s13021-026-00431-7,Google Scholar,NA,NA,NA,0,0,0,0,NA,NA,1,10.1186/s13021-026-00431-7,doi:10.1186/s13021-026-00431-7,1,Active CSU affiliation,carbon balance management,7,2025,Nearest year (2025),W7148776770,https://doi.org/10.1186/s13021-026-00431-7,Merging rigor and relevance in grazingland research: a comprehensive social-ecological monitoring approach,2026,2026-04-03,article,1,Carbon Balance and Management,1750-0680,Springer Science+Business Media,TRUE,FALSE,43,NA,NA,NA,U,FALSE,2026,FALSE,FALSE,U,Undetermined,FALSE
Delay,Nathan,Ag and Food,2022,JA,b,Y,0,NA,Opportunities and Challenges Associated with Carbon Farming for US Row-Crop Producers,Choices,10.22004/ag.econ.329528,delaynathan.txt,NA,NA,NA,0,0,0,0,NA,NA,0,10.22004/ag.econ.329528,doi:10.22004/ag.econ.329528,1,Active CSU affiliation,choices,NA,NA,No IF match,NA,NA,NA,NA,NA,NA,NA,NA,NA,NA,NA,NA,NA,NA,NA,NA,Y,FALSE,2022,FALSE,FALSE,Y,CV only,TRUE
Countryman,Amanda,Ag and Food,2024,JA,b,Y,0,NA,U.S. Meat Export Potential in ASEAN,Choices,10.22004/ag.econ.344756,countrymanamanda.txt,NA,NA,NA,0,0,0,0,NA,NA,0,10.22004/ag.econ.344756,doi:10.22004/ag.econ.344756,1,Active CSU affiliation,choices,NA,NA,No IF match,NA,NA,NA,NA,NA,NA,NA,NA,NA,NA,NA,NA,NA,NA,NA,NA,Y,FALSE,2024,FALSE,FALSE,Y,CV only,TRUE
Countryman,Amanda,Ag and Food,2024,JA,b,Y,0,NA,U.S. Soy Exports Could Crush it in ASEAN,Choices,10.22004/ag.econ.344758,countrymanamanda.txt,NA,NA,NA,0,0,0,0,NA,NA,0,10.22004/ag.econ.344758,doi:10.22004/ag.econ.344758,1,Active CSU affiliation,choices,NA,NA,No IF match,NA,NA,NA,NA,NA,NA,NA,NA,NA,NA,NA,NA,NA,NA,NA,NA,Y,FALSE,2024,FALSE,FALSE,Y,CV only,TRUE
Mooney,Daniel,Ag and Food,2024,JA,b,N,0,NA,Agricultural Producer Decision Making around Water Conservation in the Upper Colorado River Basin,Choices,10.22004/ag.econ.348009,mooneydaniel.txt,NA,NA,NA,0,0,0,0,NA,NA,0,10.22004/ag.econ.348009,doi:10.22004/ag.econ.348009,1,Active CSU affiliation,choices,NA,NA,No IF match,NA,NA,NA,NA,NA,NA,NA,NA,NA,NA,NA,NA,NA,NA,NA,NA,N,FALSE,2024,FALSE,FALSE,N,Neither,TRUE
Chenarides,Lauren,Ag and Food,2024,JA,b,N,0,NA,Grand Challenge: Safe Affordable Accessible and Acceptable Food,Choices,10.22004/ag.econ.348931,chenarideslauren.txt,NA,NA,NA,0,0,0,0,NA,NA,0,10.22004/ag.econ.348931,doi:10.22004/ag.econ.348931,1,Active CSU affiliation,choices,NA,NA,No IF match,NA,NA,NA,NA,NA,NA,NA,NA,NA,NA,NA,NA,NA,NA,NA,NA,N,FALSE,2024,FALSE,FALSE,N,Neither,TRUE
Chenarides,Lauren,Ag and Food,2024,JA,b,Y,0,NA,Consumer Spending on Plant-Based Meat Alternatives,Choices,10.22004/ag.econ.352133,chenarideslauren.txt,NA,NA,NA,0,0,0,0,NA,NA,0,10.22004/ag.econ.352133,doi:10.22004/ag.econ.352133,1,Active CSU affiliation,choices,NA,NA,No IF match,NA,NA,NA,NA,NA,NA,NA,NA,NA,NA,NA,NA,NA,NA,NA,NA,Y,FALSE,2024,FALSE,FALSE,Y,CV only,TRUE
Chenarides,Lauren,Ag and Food,2024,JA,b,N,0,NA,An Outlook on Evidence-Based Policymaking,Choices,nodoi,chenarideslauren.txt,NA,NA,NA,0,0,0,0,NA,NA,0,NA,titleyear:an outlook on evidence based policymaking|2024,1,Active CSU affiliation,choices,NA,NA,No IF match,NA,NA,NA,NA,NA,NA,NA,NA,NA,NA,NA,NA,NA,NA,NA,NA,N,FALSE,2024,FALSE,FALSE,N,Neither,TRUE
Kroll,Stephan,ENRE,2021,JA,a,N,0,NA,Does Solar Geoengineering Crowd Out Climate Change Mitigation Efforts,Climatic Change,10.1007/s10584-021-03009-z,krollstephan.txt,NA,NA,NA,0,0,0,0,NA,NA,0,10.1007/s10584-021-03009-z,doi:10.1007/s10584-021-03009-z,1,Active CSU affiliation,climatic change,5.174,2021,Exact journal-year,W3134417504,https://doi.org/10.1007/s10584-021-03009-z,Does solar geoengineering crowd out climate change mitigation efforts? Evidence from a stated preference referendum on a carbon tax,2021,2021-03-01,article,30,Climatic Change,0165-0009,Springer Science+Business Media,TRUE,FALSE,4,NA,NA,NA,N,FALSE,2021,FALSE,FALSE,N,Neither,TRUE
Goemans,Chris,ENRE,2021,JA,a,N,1,Goemans;Manning;Suter,Changing climate changing minds? Effects of natural disasters on public perceptions,Climatic Change,10.1007/s10584-022-03441-9,goemanschris.txt,NA,NA,NA,0,0,0,0,NA,NA,0,10.1007/s10584-022-03441-9,doi:10.1007/s10584-022-03441-9,1,Active CSU affiliation,climatic change,5.174,2021,Exact journal-year,W4298000409,https://doi.org/10.1007/s10584-022-03441-9,"Correction to: Changing climate, changing minds? The effects of natural disasters on public perceptions of climate change",2022,2022-09-01,erratum,2,Climatic Change,0165-0009,Springer Science+Business Media,TRUE,FALSE,5,NA,NA,NA,N,TRUE,2021,FALSE,TRUE,N,Neither,TRUE
Manning,Dale,ENRE,2021,JA,a,N,1,Goemans;Manning;Suter,Changing climate changing minds? Effects of natural disasters on public perceptions,Climatic Change,10.1007/s10584-022-03441-9,manningdale.txt,NA,NA,NA,0,0,0,0,NA,NA,0,10.1007/s10584-022-03441-9,doi:10.1007/s10584-022-03441-9,1,Active CSU affiliation,climatic change,5.174,2021,Exact journal-year,W4298000409,https://doi.org/10.1007/s10584-022-03441-9,"Correction to: Changing climate, changing minds? The effects of natural disasters on public perceptions of climate change",2022,2022-09-01,erratum,2,Climatic Change,0165-0009,Springer Science+Business Media,TRUE,FALSE,5,NA,NA,NA,N,TRUE,2021,FALSE,TRUE,N,Neither,TRUE
Suter,Jordan,ENRE,2021,JA,a,U,1,Goemans;Manning;Suter,Changing climate changing minds? Effects of natural disasters on public perceptions,Climatic Change,10.1007/s10584-022-03441-9,suterjordan.txt,NA,NA,NA,0,0,0,0,NA,NA,0,10.1007/s10584-022-03441-9,doi:10.1007/s10584-022-03441-9,1,Active CSU affiliation,climatic change,5.174,2021,Exact journal-year,W4298000409,https://doi.org/10.1007/s10584-022-03441-9,"Correction to: Changing climate, changing minds? The effects of natural disasters on public perceptions of climate change",2022,2022-09-01,erratum,2,Climatic Change,0165-0009,Springer Science+Business Media,TRUE,FALSE,5,NA,NA,NA,N,TRUE,2021,FALSE,TRUE,N,Neither,TRUE
Kroll,Stephan,ENRE,2023,JA,a,N,0,NA,Climate Cooperation with Risky Solar Geoengineering,Climatic Change,10.1007/s10584-023-03612-2,krollstephan.txt,NA,NA,NA,0,0,0,0,NA,NA,0,10.1007/s10584-023-03612-2,doi:10.1007/s10584-023-03612-2,1,Active CSU affiliation,climatic change,4.8,2022,Nearest year (2022),W4387253917,https://doi.org/10.1007/s10584-023-03612-2,Climate cooperation with risky solar geoengineering,2023,2023-10-01,article,6,Climatic Change,0165-0009,Springer Science+Business Media,FALSE,FALSE,3,NA,NA,NA,N,FALSE,2023,FALSE,FALSE,N,Neither,TRUE
Hoag,Dana,ENRE,2026,JA,a,N,0,NA,Toward Coexistence: A Psychometric Framework for Large Carnivore Conservation.,Conservation Biology,10.1111/cobi.70326,Google Scholar,NA,NA,NA,0,0,0,0,NA,NA,1,10.1111/cobi.70326,doi:10.1111/cobi.70326,1,Active CSU affiliation,conservation biology,5.2,2025,Nearest year (2025),W7161155482,https://doi.org/10.1111/cobi.70326,Psychometric framework for coexistence with large carnivores,2026,2026-05-14,article,1,Conservation Biology,0888-8892,Wiley,TRUE,FALSE,15,NA,NA,NA,N,FALSE,2026,FALSE,FALSE,N,Neither,FALSE
Seidl,Andrew,ENRE,2023,JA,a,N,0,NA,Essential planetary health workers: Positioning rangers within global policy,Conservation Letters,10.1111/conl.12955,seidlandrew.txt,NA,NA,NA,0,0,0,0,NA,NA,0,10.1111/conl.12955,doi:10.1111/conl.12955,1,Active CSU affiliation,conservation letters,8.5,2022,Nearest year (2022),W4384342652,https://doi.org/10.1111/conl.12955,Essential planetary health workers: Positioning rangers within global policy,2023,2023-07-01,article,22,Conservation Letters,1755-263X,Wiley,TRUE,FALSE,15,NA,NA,NA,N,FALSE,2023,FALSE,FALSE,N,Neither,TRUE
Hoag,Dana,ENRE,2022,JA,a,N,0,NA,Rapid changes in public perception toward wolves,Conservation Science,10.1111/csp2.12632,hoagdana.txt,NA,NA,NA,0,0,0,0,NA,NA,0,10.1111/csp2.12632,doi:10.1111/csp2.12632,1,Active CSU affiliation,conservation science,NA,NA,No IF match,W4211022438,https://doi.org/10.1111/csp2.12632,Rapid changes in public perception toward a conservation initiative,2022,2022-02-10,article,43,Conservation Science and Practice,2578-4854,Society for Conservation Biology,TRUE,FALSE,11,NA,NA,NA,N,FALSE,2022,FALSE,FALSE,N,Neither,TRUE
Seidl,Andrew,ENRE,2024,JA,a,N,0,NA,Cost-benefit analysis as a decision tool for conservation planning: Nyerere-Selous-Udzungwa Corridor,Conservation Science and Practice,10.1111/csp2.13273,seidlandrew.txt,NA,NA,NA,0,0,0,0,NA,NA,0,10.1111/csp2.13273,doi:10.1111/csp2.13273,1,Active CSU affiliation,conservation science practice,2.8,2024,Exact journal-year,W4404445485,https://doi.org/10.1111/csp2.13273,Cost–benefit analysis as a decision tool for effective conservation planning—The case of the Nyerere Selous‐Udzungwa wildlife corridor in Tanzania,2024,2024-11-15,article,2,Conservation Science and Practice,2578-4854,Society for Conservation Biology,TRUE,FALSE,9,NA,NA,NA,N,FALSE,2024,FALSE,FALSE,N,Neither,TRUE
Burkhardt,Jesse,ENRE,2022,JA,a,N,1,Burkhardt;Manning,The Local Effects of Federal Law Enforcement Policies: Sanctuary Jurisdictions and Crime,Contemporary Economic Policy,10.1111/coep.12564,burkhardtjesse.txt,NA,NA,NA,0,0,0,0,NA,NA,0,10.1111/coep.12564,doi:10.1111/coep.12564,1,Active CSU affiliation,contemporary economic policy,1.212,2021,Nearest year (2021),W4211021726,https://doi.org/10.1111/coep.12564,The local effects of federal law enforcement policies: Evidence from sanctuary jurisdictions and crime,2022,2022-02-08,article,5,Contemporary Economic Policy,1074-3529,Wiley,FALSE,FALSE,2,NA,NA,NA,N,FALSE,2022,FALSE,FALSE,N,Neither,TRUE
Manning,Dale,ENRE,2022,JA,a,N,1,Burkhardt;Manning,The Local Effects of Federal Law Enforcement Policies: Sanctuary Jurisdictions and Crime,Contemporary Economic Policy,10.1111/coep.12564,manningdale.txt,NA,NA,NA,0,0,0,0,NA,NA,0,10.1111/coep.12564,doi:10.1111/coep.12564,1,Active CSU affiliation,contemporary economic policy,1.212,2021,Nearest year (2021),W4211021726,https://doi.org/10.1111/coep.12564,The local effects of federal law enforcement policies: Evidence from sanctuary jurisdictions and crime,2022,2022-02-08,article,5,Contemporary Economic Policy,1074-3529,Wiley,FALSE,FALSE,2,NA,NA,NA,N,FALSE,2022,FALSE,FALSE,N,Neither,TRUE
Ritten,John,Ag and Food,2025,JA,a,Y,0,NA,Alfalfa Harvest Timing Impacts on Alfalfa Weevil with Agronomic and Economic Contexts,Crop Production,10.1016/j.cropro.2025.107134,rittenjohn.txt,NA,NA,NA,0,0,0,0,NA,NA,0,10.1016/j.cropro.2025.107134,doi:10.1016/j.cropro.2025.107134,1,Active CSU affiliation,crop production,NA,NA,No IF match,NA,NA,NA,NA,NA,NA,NA,NA,NA,NA,NA,NA,NA,NA,NA,NA,Y,FALSE,2025,FALSE,FALSE,Y,CV only,TRUE
Bonanno,Alessandro,Ag and Food,2023,JA,a,U,1,Bonanno;Cleary;Jablonski,The Influence of Food Assistance Program Participation on Home Food Environment,Current Developments in Nutrition,10.1016/j.cdnut.2023.100292,clearyrebecca.txt,NA,NA,NA,0,0,0,0,NA,NA,0,10.1016/j.cdnut.2023.100292,doi:10.1016/j.cdnut.2023.100292,1,Active CSU affiliation,current developments in nutrition,3.2,2024,Nearest year (2024),W4385306485,https://doi.org/10.1016/j.cdnut.2023.100292,OR23-07-23 The Influence of Food Assistance Program Participation on the Quality of the Home Food Environment Is Modified by Household Food Security Levels,2023,2023-07-01,article,0,Current Developments in Nutrition,2475-2991,Elsevier BV,TRUE,FALSE,6,1,Erin Love,FALSE,Y,TRUE,2023,FALSE,FALSE,Y,CV only,TRUE
Cleary,Rebecca,Ag and Food,2023,JA,a,Y,1,Bonanno;Cleary;Jablonski,The Influence of Food Assistance Program Participation on Home Food Environment,Current Developments in Nutrition,10.1016/j.cdnut.2023.100292,clearyrebecca.txt,NA,NA,NA,0,0,0,0,NA,NA,0,10.1016/j.cdnut.2023.100292,doi:10.1016/j.cdnut.2023.100292,1,Active CSU affiliation,current developments in nutrition,3.2,2024,Nearest year (2024),W4385306485,https://doi.org/10.1016/j.cdnut.2023.100292,OR23-07-23 The Influence of Food Assistance Program Participation on the Quality of the Home Food Environment Is Modified by Household Food Security Levels,2023,2023-07-01,article,0,Current Developments in Nutrition,2475-2991,Elsevier BV,TRUE,FALSE,6,1,Erin Love,FALSE,Y,TRUE,2023,FALSE,FALSE,Y,CV only,TRUE
Jablonski,Becca,Ag and Food,2023,JA,a,U,1,Bonanno;Cleary;Jablonski,The Influence of Food Assistance Program Participation on Home Food Environment,Current Developments in Nutrition,10.1016/j.cdnut.2023.100292,clearyrebecca.txt,NA,NA,NA,0,0,0,0,NA,NA,0,10.1016/j.cdnut.2023.100292,doi:10.1016/j.cdnut.2023.100292,1,Active CSU affiliation,current developments in nutrition,3.2,2024,Nearest year (2024),W4385306485,https://doi.org/10.1016/j.cdnut.2023.100292,OR23-07-23 The Influence of Food Assistance Program Participation on the Quality of the Home Food Environment Is Modified by Household Food Security Levels,2023,2023-07-01,article,0,Current Developments in Nutrition,2475-2991,Elsevier BV,TRUE,FALSE,6,1,Erin Love,FALSE,Y,TRUE,2023,FALSE,FALSE,Y,CV only,TRUE
Jablonski,Becca,Ag and Food,2024,JA,a,U,1,Jablonski;Thilmany,Building Representative State Groupings in an Input-Output Model for Nutrition Incentive Programs,Economic Development Quarterly,10.1177/08912424241282425,thilmanydawn.txt,NA,NA,NA,0,0,0,0,NA,NA,0,10.1177/08912424241282425,doi:10.1177/08912424241282425,1,Active CSU affiliation,economic development quarterly,1.6,2024,Exact journal-year,W4403258135,https://doi.org/10.1177/08912424241282425,Building Representative State Groupings in an Input-Output Model for the Development of an Economic Impact Calculator for Nutrition Incentive Programs,2024,2024-10-09,article,1,Economic Development Quarterly,0891-2424,SAGE Publishing,TRUE,FALSE,7,NA,NA,NA,N,TRUE,2024,FALSE,FALSE,N,Neither,TRUE
Thilmany,Dawn,Ag and Food,2024,JA,a,N,1,Jablonski;Thilmany,Building Representative State Groupings in an Input-Output Model for Nutrition Incentive Programs,Economic Development Quarterly,10.1177/08912424241282425,thilmanydawn.txt,NA,NA,NA,0,0,0,0,NA,NA,0,10.1177/08912424241282425,doi:10.1177/08912424241282425,1,Active CSU affiliation,economic development quarterly,1.6,2024,Exact journal-year,W4403258135,https://doi.org/10.1177/08912424241282425,Building Representative State Groupings in an Input-Output Model for the Development of an Economic Impact Calculator for Nutrition Incentive Programs,2024,2024-10-09,article,1,Economic Development Quarterly,0891-2424,SAGE Publishing,TRUE,FALSE,7,NA,NA,NA,N,TRUE,2024,FALSE,FALSE,N,Neither,TRUE
Mooney,Daniel,Ag and Food,2025,JA,a,N,0,NA,Synergies and trade-offs between ecosystem services and economics in dryland cover crop systems,Ecosphere,10.1002/ecs2.70397,mooneydaniel.txt,NA,NA,NA,0,0,0,0,NA,NA,0,10.1002/ecs2.70397,doi:10.1002/ecs2.70397,1,Active CSU affiliation,ecosphere,3,2025,Exact journal-year,W4414175545,https://doi.org/10.1002/ecs2.70397,Synergies and trade‐offs between ecosystem services and economics in dryland cover crop systems,2025,2025-09-01,article,2,Ecosphere,2150-8925,Wiley,TRUE,FALSE,9,NA,NA,NA,N,FALSE,2025,FALSE,FALSE,N,Neither,TRUE
Seidl,Andrew,ENRE,2021,JA,a,N,0,NA,Finance for Nature: Bridging the blue-green investment gap,Ecosystem Services,10.1016/j.ecoser.2021.101351,seidlandrew.txt,NA,NA,NA,0,0,0,0,NA,NA,0,10.1016/j.ecoser.2021.101351,doi:10.1016/j.ecoser.2021.101351,1,Active CSU affiliation,ecosystem services,6.91,2021,Exact journal-year,W3193367627,https://doi.org/10.1016/j.ecoser.2021.101351,Finance for nature: Bridging the blue-green investment gap to inform the post-2020 global biodiversity framework,2021,2021-08-14,article,6,Ecosystem Services,2212-0416,Elsevier BV,FALSE,FALSE,2,NA,NA,NA,N,FALSE,2021,FALSE,FALSE,N,Neither,TRUE
Seidl,Andrew,ENRE,2024,JA,a,N,0,NA,Investing in the wealth of nature through biodiversity and ecosystem services finance solutions,Ecosystem Services,10.1016/j.ecoser.2024.101601,seidlandrew.txt,NA,NA,NA,0,0,0,0,NA,NA,0,10.1016/j.ecoser.2024.101601,doi:10.1016/j.ecoser.2024.101601,1,Active CSU affiliation,ecosystem services,6.6,2024,Exact journal-year,W4391517522,https://doi.org/10.1016/j.ecoser.2024.101601,Investing in the wealth of nature through biodiversity and ecosystem service finance solutions,2024,2024-02-03,article,54,Ecosystem Services,2212-0416,Elsevier BV,FALSE,FALSE,5,NA,NA,NA,N,FALSE,2024,FALSE,FALSE,N,Neither,TRUE
Bayham,Jude,ENRE,2021,JA,a,N,0,NA,Estimating the Impact of Statewide Policies to Reduce Spread of SARS-CoV-2,Emerging Infectious Diseases,10.3201/eid2709.204167,bayhamjude.txt,NA,NA,NA,0,0,0,0,NA,NA,0,10.3201/eid2709.204167,doi:10.3201/eid2709.204167,1,Active CSU affiliation,emerging infectious diseases,16.126,2021,Exact journal-year,W3174989026,https://doi.org/10.3201/eid2709.204167,"Estimating the Impact of Statewide Policies to Reduce Spread of Severe Acute Respiratory Syndrome Coronavirus 2 in Real Time, Colorado, USA",2021,2021-07-01,article,17,Emerging infectious diseases,1080-6040,Centers for Disease Control and Prevention,TRUE,FALSE,11,NA,NA,NA,N,FALSE,2021,FALSE,FALSE,N,Neither,TRUE
Cleary,Rebecca,Ag and Food,2022,JA,a,N,0,NA,Strategic Supermarket Pricing of Private Labels and Manufacturer Brands,Empirical Economics,10.1007/s00181-021-02123-2,clearyrebecca.txt,NA,NA,NA,0,0,0,0,NA,NA,0,10.1007/s00181-021-02123-2,doi:10.1007/s00181-021-02123-2,1,Active CSU affiliation,empirical economics,2.647,2021,Nearest year (2021),W3201299049,https://doi.org/10.1007/s00181-021-02123-2,Strategic supermarket pricing of private labels and manufacturer brands,2021,2021-09-16,article,5,Empirical Economics,0377-7332,Springer Science+Business Media,FALSE,FALSE,2,NA,NA,NA,N,FALSE,2022,FALSE,TRUE,N,Neither,TRUE
Woerman,Matt,ENRE,2025,JA,a,N,0,NA,Intermittency and uncertainty in wind and solar energy: Impacts on the French electricity market,Energy Economics,10.1016/j.eneco.2024.108176,woermanmatt.txt,NA,NA,NA,0,0,0,0,NA,NA,0,10.1016/j.eneco.2024.108176,doi:10.1016/j.eneco.2024.108176,1,Active CSU affiliation,energy economics,13.5,2025,Exact journal-year,W4406268583,https://doi.org/10.1016/j.eneco.2024.108176,Intermittency and uncertainty in wind and solar energy: Impacts on the French electricity market,2025,2025-01-10,article,34,Energy Economics,0140-9883,Elsevier BV,FALSE,FALSE,3,NA,NA,NA,N,FALSE,2025,FALSE,FALSE,N,Neither,TRUE
Woerman,Matt,ENRE,2025,JA,a,N,0,NA,Residential demand for energy in light of changing solar prices,Energy Economics,10.1016/j.eneco.2025.108351,woermanmatt.txt,NA,NA,NA,0,0,0,0,NA,NA,0,10.1016/j.eneco.2025.108351,doi:10.1016/j.eneco.2025.108351,1,Active CSU affiliation,energy economics,13.5,2025,Exact journal-year,W4407954727,https://doi.org/10.1016/j.eneco.2025.108351,Residential demand for energy in light of changing solar prices,2025,2025-02-26,article,1,Energy Economics,0140-9883,Elsevier BV,FALSE,FALSE,3,NA,NA,NA,N,FALSE,2025,FALSE,FALSE,N,Neither,TRUE
Suter,Jordan,ENRE,2022,JA,a,U,0,NA,Lottery Incentives and Resource Management: Evidence from AgDRIP,Environmental and Resource Economics,10.1007/s10640-022-00690-1,suterjordan.txt,NA,NA,NA,0,0,0,0,NA,NA,0,10.1007/s10640-022-00690-1,doi:10.1007/s10640-022-00690-1,1,Active CSU affiliation,environmental resource economics,4.955,2021,Nearest year (2021),W4283699050,https://doi.org/10.1007/s10640-022-00690-1,Lottery Incentives and Resource Management: Evidence from the Agricultural Data Reporting Incentive Program (AgDRIP),2022,2022-06-28,article,3,Environmental and Resource Economics,0924-6460,Springer Science+Business Media,FALSE,FALSE,7,NA,NA,NA,U,FALSE,2022,FALSE,FALSE,U,Undetermined,TRUE
Kroll,Stephan,ENRE,2024,JA,a,N,0,NA,Solar Geoengineering Free-Driving and Conflict: An Experimental Investigation,Environmental and Resource Economics,10.1007/s10640-024-00854-1,krollstephan.txt,NA,NA,NA,0,0,0,0,NA,NA,0,10.1007/s10640-024-00854-1,doi:10.1007/s10640-024-00854-1,1,Active CSU affiliation,environmental resource economics,3.4,2024,Exact journal-year,W4393221258,https://doi.org/10.1007/s10640-024-00854-1,"Solar Geoengineering, Free-Driving and Conflict: An Experimental Investigation",2024,2024-03-27,article,4,Environmental and Resource Economics,0924-6460,Springer Science+Business Media,FALSE,FALSE,4,NA,NA,NA,N,FALSE,2024,FALSE,FALSE,N,Neither,TRUE
Kroll,Stephan,ENRE,2026,JA,a,NA,0,NA,Climate Intervention and Mitigation: Strategic Responses to Technological Advances in Solar Geoengineering,Environmental and Resource Economics,10.1007/s10640-026-01072-7,Google Scholar,NA,NA,NA,0,0,0,0,NA,NA,1,10.1007/s10640-026-01072-7,doi:10.1007/s10640-026-01072-7,1,Active CSU affiliation,environmental resource economics,3.5,2025,Nearest year (2025),W7140229287,https://doi.org/10.1007/s10640-026-01072-7,Climate Intervention and Mitigation: Strategic Responses to Technological Advances in Solar Geoengineering,2026,2026-03-24,article,0,Environmental and Resource Economics,0924-6460,Springer Science+Business Media,TRUE,FALSE,3,NA,NA,NA,U,FALSE,2026,FALSE,FALSE,U,Undetermined,FALSE
Kroll,Stephan,ENRE,2023,JA,a,N,0,NA,Climate Cooperation in the Shadow of Solar Geoengineering: Moral Hazard Conjecture,Environmental Politics,10.1080/09644016.2022.2066285,krollstephan.txt,NA,NA,NA,0,0,0,0,NA,NA,0,10.1080/09644016.2022.2066285,doi:10.1080/09644016.2022.2066285,1,Active CSU affiliation,environmental politics,5.9,2024,Nearest year (2024),W4225406346,https://doi.org/10.1080/09644016.2022.2066285,Climate cooperation in the shadow of solar geoengineering: an experimental investigation of the moral hazard conjecture,2022,2022-05-04,article,50,Environmental Politics,0964-4016,Taylor & Francis,TRUE,FALSE,5,NA,NA,NA,N,FALSE,2023,FALSE,TRUE,N,Neither,TRUE
Ritten,John,Ag and Food,2024,JA,a,N,0,NA,Net Zero Initiative in US Beef and Dairy Systems,Environmental Research Communications,10.1088/2515-7620/ad82b5,rittenjohn.txt,NA,NA,NA,0,0,0,0,NA,NA,0,10.1088/2515-7620/ad82b5,doi:10.1088/2515-7620/ad82b5,1,Active CSU affiliation,environmental research communications,2.9,2024,Exact journal-year,W4403054836,https://doi.org/10.1088/2515-7620/ad82b5,Net zero initiative in U.S. beef and dairy systems: integrative on-farm recommendations for greenhouse gas reduction,2024,2024-10-01,article,4,Environmental Research Communications,2515-7620,IOP Publishing,TRUE,FALSE,13,NA,NA,NA,N,FALSE,2024,FALSE,FALSE,N,Neither,TRUE
Bayham,Jude,ENRE,2025,JA,a,U,1,Bayham;Goemans;Suter,Inland flooding in the United States: a review,Environmental Research Letters,10.1088/1748-9326/add35e,suterjordan.txt,NA,NA,NA,0,0,0,0,NA,NA,0,10.1088/1748-9326/add35e,doi:10.1088/1748-9326/add35e,1,Active CSU affiliation,environmental research letters,5.4,2025,Exact journal-year,W4410022855,https://doi.org/10.1088/1748-9326/add35e,"Inland flooding in the United States: a review of research related to risk management, economic behavior, and data resources",2025,2025-05-02,article,1,Environmental Research Letters,1748-9326,IOP Publishing,TRUE,FALSE,5,1,Diellza Muriqi,TRUE,Y,TRUE,2025,FALSE,FALSE,Y,CV and registrar,TRUE
Goemans,Chris,ENRE,2025,JA,a,Y,1,Bayham;Goemans;Suter,Inland flooding in the United States: a review,Environmental Research Letters,10.1088/1748-9326/add35e,goemanschris.txt,NA,NA,NA,0,0,0,0,NA,NA,0,10.1088/1748-9326/add35e,doi:10.1088/1748-9326/add35e,1,Active CSU affiliation,environmental research letters,5.4,2025,Exact journal-year,W4410022855,https://doi.org/10.1088/1748-9326/add35e,"Inland flooding in the United States: a review of research related to risk management, economic behavior, and data resources",2025,2025-05-02,article,1,Environmental Research Letters,1748-9326,IOP Publishing,TRUE,FALSE,5,1,Diellza Muriqi,TRUE,Y,TRUE,2025,FALSE,FALSE,Y,CV and registrar,TRUE
Suter,Jordan,ENRE,2025,JA,a,Y,1,Bayham;Goemans;Suter,Inland flooding in the United States: a review,Environmental Research Letters,10.1088/1748-9326/add35e,suterjordan.txt,NA,NA,NA,0,0,0,0,NA,NA,0,10.1088/1748-9326/add35e,doi:10.1088/1748-9326/add35e,1,Active CSU affiliation,environmental research letters,5.4,2025,Exact journal-year,W4410022855,https://doi.org/10.1088/1748-9326/add35e,"Inland flooding in the United States: a review of research related to risk management, economic behavior, and data resources",2025,2025-05-02,article,1,Environmental Research Letters,1748-9326,IOP Publishing,TRUE,FALSE,5,1,Diellza Muriqi,TRUE,Y,TRUE,2025,FALSE,FALSE,Y,CV and registrar,TRUE
Bayham,Jude,ENRE,2022,JA,a,N,1,Bayham;Burkhardt,Outside in: indoor and outdoor particulate air quality during wildfire smoke events,Environmental Research: Health,10.1088/2752-5309/ac7d69,bayhamjude.txt,NA,NA,NA,0,0,0,0,NA,NA,0,10.1088/2752-5309/ac7d69,doi:10.1088/2752-5309/ac7d69,1,Active CSU affiliation,environmental research health,8.3,2022,Exact journal-year,W4283765007,https://doi.org/10.1088/2752-5309/ac7d69,Outside in: the relationship between indoor and outdoor particulate air quality during wildfire smoke events in western US cities,2022,2022-06-30,article,52,Environmental Research Health,2752-5309,IOP Publishing,TRUE,FALSE,8,NA,NA,NA,N,FALSE,2022,FALSE,FALSE,N,Neither,TRUE
Burkhardt,Jesse,ENRE,2022,JA,a,N,1,Bayham;Burkhardt,Outside in: indoor and outdoor particulate air quality during wildfire smoke events,Environmental Research: Health,10.1088/2752-5309/ac7d69,burkhardtjesse.txt,NA,NA,NA,0,0,0,0,NA,NA,0,10.1088/2752-5309/ac7d69,doi:10.1088/2752-5309/ac7d69,1,Active CSU affiliation,environmental research health,8.3,2022,Exact journal-year,W4283765007,https://doi.org/10.1088/2752-5309/ac7d69,Outside in: the relationship between indoor and outdoor particulate air quality during wildfire smoke events in western US cities,2022,2022-06-30,article,52,Environmental Research Health,2752-5309,IOP Publishing,TRUE,FALSE,8,NA,NA,NA,N,FALSE,2022,FALSE,FALSE,N,Neither,TRUE
Goemans,Chris,ENRE,2021,JA,a,U,1,Goemans;Kroll,Learning to Accept Welfare-Enhancing Policies: Congestion Pricing,Experimental Economics,10.1007/s10683-020-09650-2,krollstephan.txt,NA,NA,NA,0,0,0,0,NA,NA,0,10.1007/s10683-020-09650-2,doi:10.1007/s10683-020-09650-2,1,Active CSU affiliation,experimental economics,2.387,2021,Exact journal-year,W3012531244,https://doi.org/10.1007/s10683-020-09650-2,Learning to accept welfare-enhancing policies: an experimental investigation of congestion pricing,2020,2020-03-20,article,24,Experimental Economics,1386-4157,Springer Science+Business Media,TRUE,FALSE,5,NA,NA,NA,N,TRUE,2021,FALSE,TRUE,N,Neither,TRUE
Kroll,Stephan,ENRE,2021,JA,a,N,1,Goemans;Kroll,Learning to Accept Welfare-Enhancing Policies: Congestion Pricing,Experimental Economics,10.1007/s10683-020-09650-2,krollstephan.txt,NA,NA,NA,0,0,0,0,NA,NA,0,10.1007/s10683-020-09650-2,doi:10.1007/s10683-020-09650-2,1,Active CSU affiliation,experimental economics,2.387,2021,Exact journal-year,W3012531244,https://doi.org/10.1007/s10683-020-09650-2,Learning to accept welfare-enhancing policies: an experimental investigation of congestion pricing,2020,2020-03-20,article,24,Experimental Economics,1386-4157,Springer Science+Business Media,TRUE,FALSE,5,NA,NA,NA,N,TRUE,2021,FALSE,TRUE,N,Neither,TRUE
Countryman,Amanda,Ag and Food,2025,JA,b,U,0,NA,Addressing retail meat waste: a focus group study on discolored beef,Food and Humanity,10.1016/j.foohum.2025.100639,countrymanamanda.txt,NA,NA,NA,0,0,0,0,NA,NA,0,10.1016/j.foohum.2025.100639,doi:10.1016/j.foohum.2025.100639,1,Active CSU affiliation,food humanity,3.5,2025,Exact journal-year,W4410198897,https://doi.org/10.1016/j.foohum.2025.100639,Addressing retail meat waste: A focus group study on discolored beef,2025,2025-05-01,article,5,Food and Humanity,2949-8244,Elsevier BV,TRUE,FALSE,6,NA,NA,NA,U,FALSE,2025,FALSE,FALSE,U,Undetermined,TRUE
Magnan,Nicholas,Ag and Food,2026,JA,a,Y,0,NA,Fungal ecology and postharvest factors driving aflatoxin contamination in Ghanaian groundnuts,Food Control,10.1016/j.foodcont.2025.111582,magnannicholas.txt,NA,NA,NA,0,0,0,0,NA,NA,1,10.1016/j.foodcont.2025.111582,doi:10.1016/j.foodcont.2025.111582,1,Active CSU affiliation,food control,7,2025,Nearest year (2025),NA,NA,NA,NA,NA,NA,NA,NA,NA,NA,NA,NA,NA,NA,NA,NA,Y,FALSE,2026,FALSE,FALSE,Y,CV only,FALSE
Bonanno,Alessandro,Ag and Food,2021,JA,a,N,0,NA,Too Cool for Farm to School? Determinants of Farm to School Programming Continuation,Food Policy,10.1016/j.foodpol.2021.102045,bonannoalessandrocv.txt,NA,NA,NA,0,0,0,0,NA,NA,0,10.1016/j.foodpol.2021.102045,doi:10.1016/j.foodpol.2021.102045,1,Active CSU affiliation,food policy,6.08,2021,Exact journal-year,W3137539494,https://doi.org/10.1016/j.foodpol.2021.102045,Too cool for farm to school? Analyzing the determinants of farm to school programming continuation,2021,2021-03-18,article,15,Food Policy,0306-9192,Elsevier BV,FALSE,FALSE,2,NA,NA,NA,N,FALSE,2021,FALSE,FALSE,N,Neither,TRUE
Bonanno,Alessandro,Ag and Food,2021,JA,a,N,1,Bonanno;Jablonski,Measuring stocks of community wealth and its association with food systems efforts,Food Policy,10.1016/j.foodpol.2021.102119,bonannoalessandrocv.txt,NA,NA,NA,0,0,0,0,NA,NA,0,10.1016/j.foodpol.2021.102119,doi:10.1016/j.foodpol.2021.102119,1,Active CSU affiliation,food policy,6.08,2021,Exact journal-year,W3175602227,https://doi.org/10.1016/j.foodpol.2021.102119,Measuring stocks of community wealth and their association with food systems efforts in rural and urban places,2021,2021-07-01,article,13,Food Policy,0306-9192,Elsevier BV,TRUE,FALSE,4,NA,NA,NA,N,TRUE,2021,FALSE,FALSE,N,Neither,TRUE
Jablonski,Becca,Ag and Food,2021,JA,a,U,1,Bonanno;Jablonski,Measuring stocks of community wealth and its association with food systems efforts,Food Policy,10.1016/j.foodpol.2021.102119,bonannoalessandrocv.txt,NA,NA,NA,0,0,0,0,NA,NA,0,10.1016/j.foodpol.2021.102119,doi:10.1016/j.foodpol.2021.102119,1,Active CSU affiliation,food policy,6.08,2021,Exact journal-year,W3175602227,https://doi.org/10.1016/j.foodpol.2021.102119,Measuring stocks of community wealth and their association with food systems efforts in rural and urban places,2021,2021-07-01,article,13,Food Policy,0306-9192,Elsevier BV,TRUE,FALSE,4,NA,NA,NA,N,TRUE,2021,FALSE,FALSE,N,Neither,TRUE
Suter,Jordan,ENRE,2024,JA,a,U,0,NA,Measuring changes in pork demand and welfare effects of African swine fever,Food Policy,10.1016/j.foodpol.2024.102672,suterjordan.txt,NA,NA,NA,0,0,0,0,NA,NA,0,10.1016/j.foodpol.2024.102672,doi:10.1016/j.foodpol.2024.102672,1,Active CSU affiliation,food policy,6,2024,Exact journal-year,W4400314702,https://doi.org/10.1016/j.foodpol.2024.102672,"Measuring changes in pork demand, welfare effects, and the role of information sources in the event of an African swine fever outbreak in the United States",2024,2024-07-01,article,11,Food Policy,0306-9192,Elsevier BV,FALSE,FALSE,3,1,Pratyoosh Kashyap,TRUE,U,FALSE,2024,FALSE,FALSE,Y,Registrar only,TRUE
Thilmany,Dawn,Ag and Food,2024,JA,a,N,0,NA,A comment on USDA Food Business Centers: Collaborations to nurture innovation,Food Policy,10.1016/j.foodpol.2024.102727,thilmanydawn.txt,NA,NA,NA,0,0,0,0,NA,NA,0,10.1016/j.foodpol.2024.102727,doi:10.1016/j.foodpol.2024.102727,1,Active CSU affiliation,food policy,6,2024,Exact journal-year,W4402951903,https://doi.org/10.1016/j.foodpol.2024.102727,A comment on USDA Food Business Centers: Collaborations to nurture innovation in the food system,2024,2024-09-29,article,2,Food Policy,0306-9192,Elsevier BV,FALSE,FALSE,3,1,Anders Van Sandt,FALSE,N,FALSE,2024,FALSE,FALSE,N,Neither,TRUE
Costanigro,Marco,Ag and Food,2025,JA,a,N,0,NA,The Information Value of Geographical Indications,Food Policy,10.1016/j.foodpol.2024.102769,costanigromarco.txt,NA,NA,NA,0,0,0,0,NA,NA,0,10.1016/j.foodpol.2024.102769,doi:10.1016/j.foodpol.2024.102769,1,Active CSU affiliation,food policy,6.8,2025,Exact journal-year,W4404872324,https://doi.org/10.1016/j.foodpol.2024.102769,The Information Value of Geographical Indications,2024,2024-11-30,article,8,Food Policy,0306-9192,Elsevier BV,FALSE,FALSE,4,NA,NA,NA,N,FALSE,2025,FALSE,TRUE,N,Neither,TRUE
Chenarides,Lauren,Ag and Food,2025,JA,a,N,0,NA,Dollar-Store Impact on Local Labor Markets and Retail Activity,Food Policy,10.1016/j.foodpol.2025.102827,chenarideslauren.txt,NA,NA,NA,0,0,0,0,NA,NA,0,10.1016/j.foodpol.2025.102827,doi:10.1016/j.foodpol.2025.102827,1,Active CSU affiliation,food policy,6.8,2025,Exact journal-year,W4408472773,https://doi.org/10.1016/j.foodpol.2025.102827,Dollar store impact on local labor markets and retail activity,2025,2025-03-14,article,3,Food Policy,0306-9192,Elsevier BV,FALSE,FALSE,4,NA,NA,NA,N,FALSE,2025,FALSE,FALSE,N,Neither,TRUE
Chenarides,Lauren,Ag and Food,2025,JA,a,N,0,NA,A Review of Data Linkages for Policy-Informing Research in Food and Ag Economics,Food Policy,10.1016/j.foodpol.2025.102996,chenarideslauren.txt,NA,NA,NA,0,0,0,0,NA,NA,0,10.1016/j.foodpol.2025.102996,doi:10.1016/j.foodpol.2025.102996,1,Active CSU affiliation,food policy,6.8,2025,Exact journal-year,W4416437729,https://doi.org/10.1016/j.foodpol.2025.102996,A review of data linkages for policy-informing research in food and agricultural economics,2025,2025-11-01,article,3,Food Policy,0306-9192,Elsevier BV,FALSE,FALSE,6,NA,NA,NA,N,FALSE,2025,FALSE,FALSE,N,Neither,TRUE
Berning,Joshua,Ag and Food,2023,JA,a,N,1,Berning;Cleary,Food Insecurity Among Immigrant Populations in the United States,Food Security,10.1007/s12571-022-01322-8,berningjoshua.txt,NA,NA,NA,0,0,0,0,NA,NA,0,10.1007/s12571-022-01322-8,doi:10.1007/s12571-022-01322-8,1,Active CSU affiliation,food security,6.7,2022,Nearest year (2022),W3084019073,https://doi.org/10.1007/s12571-022-01322-8,Food insecurity among immigrant populations in the United States,2022,2022-10-08,article,11,Food Security,1876-4517,Springer Science+Business Media,TRUE,FALSE,3,1,Caroline Norris,FALSE,N,FALSE,2023,FALSE,TRUE,N,Neither,TRUE
Cleary,Rebecca,Ag and Food,2023,JA,a,N,1,Berning;Cleary,Food Insecurity Among Immigrant Populations in the United States,Food Security,10.1007/s12571-022-01322-8,clearyrebecca.txt,NA,NA,NA,0,0,0,0,NA,NA,0,10.1007/s12571-022-01322-8,doi:10.1007/s12571-022-01322-8,1,Active CSU affiliation,food security,6.7,2022,Nearest year (2022),W3084019073,https://doi.org/10.1007/s12571-022-01322-8,Food insecurity among immigrant populations in the United States,2022,2022-10-08,article,11,Food Security,1876-4517,Springer Science+Business Media,TRUE,FALSE,3,1,Caroline Norris,FALSE,N,FALSE,2023,FALSE,TRUE,N,Neither,TRUE
Hoag,Dana,ENRE,2024,JA,b,N,0,NA,Bilateral trade welfare impacts of India’s export ban of non-basmati rice using the Global Partial Equilibrium Simulation Model (GSIM),Foods,10.3390/foods13193124,Google Scholar,NA,NA,NA,0,0,0,0,NA,NA,0,10.3390/foods13193124,doi:10.3390/foods13193124,1,Active CSU affiliation,foods,5.1,2024,Exact journal-year,W4402991773,https://doi.org/10.3390/foods13193124,Bilateral Trade Welfare Impacts of India’s Export Ban of Non-Basmati Rice Using the Global Partial Equilibrium Simulation Model (GSIM),2024,2024-09-30,article,6,Foods,2304-8158,Multidisciplinary Digital Publishing Institute,TRUE,FALSE,5,NA,NA,NA,N,FALSE,2024,FALSE,FALSE,N,Neither,TRUE
Magnan,Nicholas,Ag and Food,2023,JA,a,Y,0,NA,A Spatial Dependent Approach to Assessing Impacts of Sustainable Forestry Initiative Certification,Forest Policy and Economics,10.1016/j.forpol.2023.103071,magnannicholas.txt,NA,NA,NA,0,0,0,0,NA,NA,0,10.1016/j.forpol.2023.103071,doi:10.1016/j.forpol.2023.103071,1,Active CSU affiliation,forest policy economics,4,2022,Nearest year (2022),W4388202182,https://doi.org/10.1016/j.forpol.2023.103071,"A spatial dependence approach to assessing the impacts of Sustainable Forestry Initiative’s Fiber Sourcing certification on forestry Best Management Practices in Georgia, United States",2023,2023-10-26,article,0,Forest Policy and Economics,1389-9341,Elsevier BV,FALSE,FALSE,3,NA,NA,NA,Y,FALSE,2023,FALSE,FALSE,Y,CV only,TRUE
Bayham,Jude,ENRE,2024,JA,a,N,0,NA,Retention of Highly Qualified Wildland Firefighters in the Western US,Forest Policy and Economics,10.1016/j.forpol.2023.103115,bayhamjude.txt,NA,NA,NA,0,0,0,0,NA,NA,0,10.1016/j.forpol.2023.103115,doi:10.1016/j.forpol.2023.103115,1,Active CSU affiliation,forest policy economics,3.8,2024,Exact journal-year,W4388995879,https://doi.org/10.1016/j.forpol.2023.103115,Retention of highly qualified wildland firefighters in the Western United States,2023,2023-11-25,article,8,Forest Policy and Economics,1389-9341,Elsevier BV,FALSE,FALSE,3,NA,NA,NA,N,FALSE,2024,FALSE,TRUE,N,Neither,TRUE
Van Sandt,Anders,Ag and Food,2025,JA,a,N,0,NA,Unwinding the Spiral of Silence in Rural America,Frontiers in Climate,10.3389/fclim.2025.1398452,vansandtanders.txt,NA,NA,NA,0,0,0,0,NA,NA,0,10.3389/fclim.2025.1398452,doi:10.3389/fclim.2025.1398452,1,Active CSU affiliation,frontiers in climate,3.9,2025,Exact journal-year,W4413179794,https://doi.org/10.3389/fclim.2025.1398452,Unwinding the spiral of silence in rural America: looking backward with stories to plan forward,2025,2025-08-13,article,0,Frontiers in Climate,2624-9553,Frontiers Media,TRUE,FALSE,9,1,Anders Van Sandt,FALSE,N,FALSE,2025,FALSE,FALSE,N,Neither,TRUE
Delay,Nathan,Ag and Food,2025,JA,a,N,1,Delay;Ritten,Incorporating Virtual Fencing to Manage Yearling Steers on Extensive Rangelands,Frontiers in Veterinary Science,10.3389/fvets.2025.1637190,delaynathan.txt,NA,NA,NA,0,0,0,0,NA,NA,0,10.3389/fvets.2025.1637190,doi:10.3389/fvets.2025.1637190,1,Active CSU affiliation,frontiers in veterinary science,3.1,2025,Exact journal-year,W4414087324,https://doi.org/10.3389/fvets.2025.1637190,"Incorporating virtual fencing to manage yearling steers on extensive rangelands: spatial behavior, growth performance, and enteric methane emissions",2025,2025-09-10,article,1,Frontiers in Veterinary Science,2297-1769,Frontiers Media,TRUE,FALSE,12,NA,NA,NA,N,FALSE,2025,FALSE,FALSE,N,Neither,TRUE
Ritten,John,Ag and Food,2025,JA,a,N,1,Delay;Ritten,Incorporating Virtual Fencing to Manage Yearling Steers on Extensive Rangelands,Frontiers in Veterinary Science,10.3389/fvets.2025.1637190,rittenjohn.txt,NA,NA,NA,0,0,0,0,NA,NA,0,10.3389/fvets.2025.1637190,doi:10.3389/fvets.2025.1637190,1,Active CSU affiliation,frontiers in veterinary science,3.1,2025,Exact journal-year,W4414087324,https://doi.org/10.3389/fvets.2025.1637190,"Incorporating virtual fencing to manage yearling steers on extensive rangelands: spatial behavior, growth performance, and enteric methane emissions",2025,2025-09-10,article,1,Frontiers in Veterinary Science,2297-1769,Frontiers Media,TRUE,FALSE,12,NA,NA,NA,N,FALSE,2025,FALSE,FALSE,N,Neither,TRUE
Countryman,Amanda,Ag and Food,2025,JA,a,Y,0,NA,Potential economy-wide impacts of an African swine fever outbreak in the United States,Frontiers in Veterinary Science,10.3389/fvets.2026.1752899,Google Scholar,NA,NA,NA,0,0,0,0,NA,NA,0,10.3389/fvets.2026.1752899,doi:10.3389/fvets.2026.1752899,1,Active CSU affiliation,frontiers in veterinary science,3.1,2025,Exact journal-year,W7127067078,https://doi.org/10.3389/fvets.2026.1752899,Potential economy-wide impacts of an African swine fever outbreak in the United States,2026,2026-02-02,article,3,Frontiers in Veterinary Science,2297-1769,Frontiers Media,TRUE,FALSE,6,NA,NA,NA,Y,FALSE,2025,FALSE,TRUE,Y,CV only,TRUE
Bayham,Jude,ENRE,2021,JA,b,N,0,NA,Time Reallocation and the Cost and Benefit of School Closures During an Epidemic,Frontiers of Economics in China,10.54605/fec20210204,bayhamjude.txt,NA,NA,NA,0,0,0,0,NA,NA,0,10.54605/fec20210204,doi:10.54605/fec20210204,1,Active CSU affiliation,frontiers economics in china,NA,NA,No IF match,W4200109688,https://doi.org/10.54605/fec20210204,Time Reallocation and the Cost and Benefit of School Closures during an Epidemic,2021,2021-12-15,article,1,Frontiers of Economics in China,1673-3444,Brill,FALSE,FALSE,4,NA,NA,NA,N,FALSE,2021,FALSE,FALSE,N,Neither,TRUE
Bayham,Jude,ENRE,2022,JA,a,N,0,NA,The Unintended Benefits of the Conservation Reserve Program for Air Quality,GeoHealth,10.1029/2022gh000648,bayhamjude.txt,NA,NA,NA,0,0,0,0,NA,NA,0,10.1029/2022gh000648,doi:10.1029/2022gh000648,1,Active CSU affiliation,geohealth,4.8,2022,Exact journal-year,W4304206881,https://doi.org/10.1029/2022gh000648,The Unintended Benefits of the Conservation Reserve Program for Air Quality,2022,2022-10-01,article,9,GeoHealth,2471-1403,Wiley,TRUE,FALSE,4,NA,NA,NA,N,FALSE,2022,FALSE,FALSE,N,Neither,TRUE
Burkhardt,Jesse,ENRE,2026,JA,a,NA,0,NA,Soil Organic Carbon Improves Crop Yield and Yield Resilience,Global Change Biology,10.1111/gcb.70909,Google Scholar,NA,NA,NA,0,0,0,0,NA,NA,1,10.1111/gcb.70909,doi:10.1111/gcb.70909,1,Active CSU affiliation,global change biology,12.5,2025,Nearest year (2025),W7160869339,https://doi.org/10.1111/gcb.70909,Soil Organic Carbon Improves Crop Yield and Yield Resilience,2026,2026-05-01,article,0,Global Change Biology,1354-1013,Wiley,FALSE,FALSE,4,NA,NA,NA,U,FALSE,2026,FALSE,FALSE,U,Undetermined,FALSE
Burkhardt,Jesse,ENRE,2023,JA,a,N,1,Burkhardt;Hoag,Willingness to pay for reintroducing wolves in a divided voting base,Global Ecology and Conservation,10.1016/j.gecco.2023.e02576,burkhardtjesse.txt,NA,NA,NA,0,0,0,0,NA,NA,0,10.1016/j.gecco.2023.e02576,doi:10.1016/j.gecco.2023.e02576,1,Active CSU affiliation,global ecology conservation,4,2022,Nearest year (2022),W4384008743,https://doi.org/10.1016/j.gecco.2023.e02576,Willingness to pay for reintroducing wolves in a divided voting base,2023,2023-07-12,article,6,Global Ecology and Conservation,2351-9894,Elsevier BV,TRUE,FALSE,6,NA,NA,NA,N,FALSE,2023,FALSE,FALSE,N,Neither,TRUE
Hoag,Dana,ENRE,2023,JA,a,N,1,Burkhardt;Hoag,Willingness to pay for reintroducing wolves in a divided voting base,Global Ecology and Conservation,10.1016/j.gecco.2023.e02576,hoagdana.txt,NA,NA,NA,0,0,0,0,NA,NA,0,10.1016/j.gecco.2023.e02576,doi:10.1016/j.gecco.2023.e02576,1,Active CSU affiliation,global ecology conservation,4,2022,Nearest year (2022),W4384008743,https://doi.org/10.1016/j.gecco.2023.e02576,Willingness to pay for reintroducing wolves in a divided voting base,2023,2023-07-12,article,6,Global Ecology and Conservation,2351-9894,Elsevier BV,TRUE,FALSE,6,NA,NA,NA,N,FALSE,2023,FALSE,FALSE,N,Neither,TRUE
Ritten,John,Ag and Food,2025,JA,a,N,0,NA,Context is Key to Understand and Improve Livestock Production Systems,Global Food Security,10.1016/j.gfs.2025.100840,rittenjohn.txt,NA,NA,NA,0,0,0,0,NA,NA,0,10.1016/j.gfs.2025.100840,doi:10.1016/j.gfs.2025.100840,1,Active CSU affiliation,global food security,NA,NA,No IF match,W4408565318,https://doi.org/10.1016/j.gfs.2025.100840,Context is key to understand and improve livestock production systems,2025,2025-03-18,article,27,Global Food Security,2211-9124,Elsevier BV,TRUE,FALSE,20,NA,NA,NA,N,FALSE,2025,FALSE,FALSE,N,Neither,TRUE
Chenarides,Lauren,Ag and Food,2024,JA,b,N,0,NA,Creating Engagements: Bringing the user into Data Democratization,Harvard Data Science Review,10.1162/99608f92.24c26aa9,chenarideslauren.txt,NA,NA,NA,0,0,0,0,NA,NA,0,10.1162/99608f92.24c26aa9,doi:10.1162/99608f92.24c26aa9,1,Active CSU affiliation,harvard data science review,2.5,2024,Exact journal-year,W4393404128,https://doi.org/10.1162/99608f92.24c26aa9,Creating Engagements: Bringing the User Into Data Democratization,2024,2024-04-02,article,3,NA,NA,NA,TRUE,FALSE,1,NA,NA,NA,N,FALSE,2024,FALSE,FALSE,N,Neither,TRUE
Berning,Joshua,Ag and Food,2021,JA,b,N,0,NA,GMO Turfgrass Introduction to the Market,HortScience,10.21273/hortsci15871-21,berningjoshua.txt,NA,NA,NA,0,0,0,0,NA,NA,0,10.21273/hortsci15871-21,doi:10.21273/hortsci15871-21,1,Active CSU affiliation,hortscience,1.874,2021,Exact journal-year,W3171907984,https://doi.org/10.21273/hortsci15871-21,GMO Turfgrass Introduction to the Market: Acceptance and Market Simulations for Connecticut Consumers,2021,2021-06-02,article,3,HortScience,0018-5345,American Society for Horticultural Science,TRUE,FALSE,3,NA,NA,NA,N,FALSE,2021,FALSE,FALSE,N,Neither,TRUE
Hoag,Dana,ENRE,2025,JA,a,N,0,NA,US livestock producer interest in alternatives to compensation programs for wolf depredation,Human Dimensions of Wildlife,10.1080/10871209.2024.2414880,Google Scholar,NA,NA,NA,0,0,0,0,NA,NA,0,10.1080/10871209.2024.2414880,doi:10.1080/10871209.2024.2414880,1,Active CSU affiliation,human dimensions wildlife,1.5,2025,Exact journal-year,W4403767062,https://doi.org/10.1080/10871209.2024.2414880,U.S. livestock producer interest in alternatives to compensation programs for wolf depredation,2024,2024-10-25,article,3,Human Dimensions of Wildlife,1087-1209,Taylor & Francis,FALSE,FALSE,6,NA,NA,NA,N,FALSE,2025,FALSE,TRUE,N,Neither,TRUE
Delay,Nathan,Ag and Food,2021,JA,a,N,0,NA,LATTICE: Machine Learning Data Engineering and Policy for Digital Agriculture,IEEE Open Journal of the Computer Society,10.1109/OJCS.2021.3085846,delaynathan.txt,NA,NA,NA,0,0,0,0,NA,NA,0,10.1109/ojcs.2021.3085846,doi:10.1109/ojcs.2021.3085846,1,Active CSU affiliation,ieee open journal computer society,8.2,2024,Nearest year (2024),W3166708802,https://doi.org/10.1109/ojcs.2021.3085846,"Lattice: A Vision for Machine Learning, Data Engineering, and Policy Considerations for Digital Agriculture at Scale",2021,2021-01-01,article,33,IEEE Open Journal of the Computer Society,2644-1268,Institute of Electrical and Electronics Engineers,TRUE,FALSE,8,NA,NA,NA,N,FALSE,2021,FALSE,FALSE,N,Neither,TRUE
Bayham,Jude,ENRE,2022,JA,a,N,0,NA,Model-Based Evaluation of Policy Impacts and COVID-19 Risk at Long Term Care Facilities,Infectious Disease Modelling,10.1016/j.idm.2022.07.003,bayhamjude.txt,NA,NA,NA,0,0,0,0,NA,NA,0,10.1016/j.idm.2022.07.003,doi:10.1016/j.idm.2022.07.003,1,Active CSU affiliation,infectious disease modelling,2.5,2024,Nearest year (2024),W4285603340,https://doi.org/10.1016/j.idm.2022.07.003,Model-based evaluation of policy impacts and the continued COVID-19 risk at long term care facilities,2022,2022-07-15,article,13,Infectious Disease Modelling,2468-0427,KeAi,TRUE,FALSE,5,NA,NA,NA,N,FALSE,2022,FALSE,FALSE,N,Neither,TRUE
Chenarides,Lauren,Ag and Food,2025,JA,a,N,0,NA,Machine learning in applied economics and agribusiness,International Food and Agribusiness Management Review,10.22434/ifamr.0001,chenarideslauren.txt,NA,NA,NA,0,0,0,0,NA,NA,0,10.22434/ifamr.0001,doi:10.22434/ifamr.0001,1,Active CSU affiliation,international food agribusiness management review,1.8,2025,Exact journal-year,W4411704991,https://doi.org/10.22434/ifamr.0001,Machine learning in applied economics and agribusiness: emerging applications and integration with traditional methods,2025,2025-06-25,article,0,The International Food and Agribusiness Management Review,1096-7508,International Food and Agribusiness Management Association,TRUE,FALSE,3,NA,NA,NA,N,FALSE,2025,FALSE,FALSE,N,Neither,TRUE
Cleary,Rebecca,Ag and Food,2022,JA,a,N,0,NA,Facility Locations in the Fresh Produce Supply Chain,International Journal of Production Economics,10.1016/j.ijpe.2022.108534,clearyrebecca.txt,NA,NA,NA,0,0,0,0,NA,NA,0,10.1016/j.ijpe.2022.108534,doi:10.1016/j.ijpe.2022.108534,1,Active CSU affiliation,international journal production economics,12,2022,Exact journal-year,W4281850555,https://doi.org/10.1016/j.ijpe.2022.108534,Facility locations in the fresh produce supply chain: An integration of optimization and empirical methods,2022,2022-06-01,article,27,International Journal of Production Economics,0925-5273,Elsevier BV,TRUE,FALSE,5,NA,NA,NA,N,FALSE,2022,FALSE,FALSE,N,Neither,TRUE
Ritten,John,Ag and Food,2023,JA,a,Y,0,NA,A ranching economic analysis of ventenata control in northeast Wyoming,Invasive Plant Science and Management,10.1017/inp.2023.8,rittenjohn.txt,NA,NA,NA,0,0,0,0,NA,NA,0,10.1017/inp.2023.8,doi:10.1017/inp.2023.8,1,Active CSU affiliation,invasive plant science management,1.1,2022,Nearest year (2022),W4322500407,https://doi.org/10.1017/inp.2023.8,A ranching economic analysis of ventenata (<i>Ventenata dubia</i>) control in northeast Wyoming,2023,2023-02-27,article,4,Invasive Plant Science and Management,1939-7291,Cambridge University Press,TRUE,FALSE,3,NA,NA,NA,Y,FALSE,2023,FALSE,FALSE,Y,CV only,TRUE
Hoag,Dana,ENRE,2026,JA,b,N,0,NA,Stochastic Risk and Economic Analyses of Hydroponic Systems for Vegetable Production under Arid Lands Conditions,J. Agricultural and Environmental Information Systems,nodoi,Google Scholar,NA,NA,NA,0,0,0,0,NA,NA,1,NA,titleyear:stochastic risk and economic analyses of hydroponic systems |2026,1,Active CSU affiliation,j agricultural environmental information systems,NA,NA,No IF match,NA,NA,NA,NA,NA,NA,NA,NA,NA,NA,NA,NA,NA,NA,NA,NA,N,FALSE,2026,FALSE,FALSE,N,Neither,FALSE
Mooney,Daniel,Ag and Food,2025,JA,b,N,0,NA,Hemp Farming and Credit Access in the United States,Journal of Agribusiness,10.22004/ag.econ.387628,mooneydaniel.txt,NA,NA,NA,0,0,0,0,NA,NA,0,10.22004/ag.econ.387628,doi:10.22004/ag.econ.387628,1,Active CSU affiliation,journal agribusiness,NA,NA,No IF match,W7125015489,https://doi.org/10.22004/ag.econ.387628,Hemp Farming and Credit Access in the United States: Developing a Conceptual Framework for Future Research,2022,2022-01-01,article,0,"AgEcon Search (University of Minnesota, USA)",NA,University of Minnesota Rochester,TRUE,FALSE,3,NA,NA,NA,N,FALSE,2025,FALSE,TRUE,N,Neither,TRUE
Mooney,Daniel,Ag and Food,2023,JA,a,Y,0,NA,Comparative Profitability of Irrigated Cropping Activities for Temporary Water Transfers,Journal of Agricultural and Resource Economics,10.22004/ag.econ.320671,mooneydaniel.txt,NA,NA,NA,0,0,0,0,NA,NA,0,10.22004/ag.econ.320671,doi:10.22004/ag.econ.320671,1,Active CSU affiliation,journal agricultural resource economics,1.4,2022,Nearest year (2022),NA,NA,NA,NA,NA,NA,NA,NA,NA,NA,NA,NA,NA,NA,NA,NA,Y,FALSE,2023,FALSE,FALSE,Y,CV only,TRUE
Bonanno,Alessandro,Ag and Food,2023,JA,a,N,0,NA,I say Milk you say Mylk: Demand separability and substitution in a broadened milk category,Journal of Agricultural and Resource Economics,10.22004/ag.econ.320675,bonannoalessandrocv.txt,NA,NA,NA,0,0,0,0,NA,NA,0,10.22004/ag.econ.320675,doi:10.22004/ag.econ.320675,1,Active CSU affiliation,journal agricultural resource economics,1.4,2022,Nearest year (2022),NA,NA,NA,NA,NA,NA,NA,NA,NA,NA,NA,NA,NA,NA,NA,NA,N,FALSE,2023,FALSE,FALSE,N,Neither,TRUE
Bayham,Jude,ENRE,2023,JA,a,N,1,Bayham;Suter,Reductions in National Forest Campground Reservation Demand from Wildfire,Journal of Agricultural and Resource Economics,10.22004/ag.econ.322851,bayhamjude.txt,NA,NA,NA,0,0,0,0,NA,NA,0,10.22004/ag.econ.322851,doi:10.22004/ag.econ.322851,1,Active CSU affiliation,journal agricultural resource economics,1.4,2022,Nearest year (2022),NA,NA,NA,NA,NA,NA,NA,NA,NA,NA,NA,NA,NA,NA,NA,NA,N,FALSE,2023,FALSE,FALSE,N,Neither,TRUE
Suter,Jordan,ENRE,2023,JA,a,N,1,Bayham;Suter,Reductions in National Forest Campground Reservation Demand from Wildfire,Journal of Agricultural and Resource Economics,10.22004/ag.econ.322851,suterjordan.txt,NA,NA,NA,0,0,0,0,NA,NA,0,10.22004/ag.econ.322851,doi:10.22004/ag.econ.322851,1,Active CSU affiliation,journal agricultural resource economics,1.4,2022,Nearest year (2022),NA,NA,NA,NA,NA,NA,NA,NA,NA,NA,NA,NA,NA,NA,NA,NA,N,FALSE,2023,FALSE,FALSE,N,Neither,TRUE
Countryman,Amanda,Ag and Food,2024,JA,a,Y,0,NA,Economy-Wide Effects of Bovine Spongiform Encephalopathy in Brazil,Journal of Agricultural and Resource Economics,10.22004/ag.econ.342181,countrymanamanda.txt,NA,NA,NA,0,0,0,0,NA,NA,0,10.22004/ag.econ.342181,doi:10.22004/ag.econ.342181,1,Active CSU affiliation,journal agricultural resource economics,1.4,2024,Exact journal-year,NA,NA,NA,NA,NA,NA,NA,NA,NA,NA,NA,NA,NA,NA,NA,NA,Y,FALSE,2024,FALSE,FALSE,Y,CV only,TRUE
Cleary,Rebecca,Ag and Food,2024,JA,a,N,0,NA,Health News Environment and the Distribution of Diet Quality,Journal of Agricultural and Resource Economics,10.22004/ag.econ.342182,clearyrebecca.txt,NA,NA,NA,0,0,0,0,NA,NA,0,10.22004/ag.econ.342182,doi:10.22004/ag.econ.342182,1,Active CSU affiliation,journal agricultural resource economics,1.4,2024,Exact journal-year,NA,NA,NA,NA,NA,NA,NA,NA,NA,NA,NA,NA,NA,NA,NA,NA,N,FALSE,2024,FALSE,FALSE,N,Neither,TRUE
Delay,Nathan,Ag and Food,2025,JA,a,N,1,Delay;Mooney;Ritten,Climate and Consolidation in the US Beef Cow Sector,Journal of Agricultural and Resource Economics,10.22004/ag.econ.344684,delaynathan.txt,NA,NA,NA,0,0,0,0,NA,NA,0,10.22004/ag.econ.344684,doi:10.22004/ag.econ.344684,1,Active CSU affiliation,journal agricultural resource economics,1.3,2025,Exact journal-year,NA,NA,NA,NA,NA,NA,NA,NA,NA,NA,NA,NA,NA,NA,NA,NA,N,FALSE,2025,FALSE,FALSE,N,Neither,TRUE
Mooney,Daniel,Ag and Food,2025,JA,a,N,1,Delay;Mooney;Ritten,Climate and Consolidation in the US Beef Cow Sector,Journal of Agricultural and Resource Economics,10.22004/ag.econ.344684,mooneydaniel.txt,NA,NA,NA,0,0,0,0,NA,NA,0,10.22004/ag.econ.344684,doi:10.22004/ag.econ.344684,1,Active CSU affiliation,journal agricultural resource economics,1.3,2025,Exact journal-year,NA,NA,NA,NA,NA,NA,NA,NA,NA,NA,NA,NA,NA,NA,NA,NA,N,FALSE,2025,FALSE,FALSE,N,Neither,TRUE
Ritten,John,Ag and Food,2025,JA,a,N,1,Delay;Mooney;Ritten,Climate and Consolidation in the US Beef Cow Sector,Journal of Agricultural and Resource Economics,10.22004/ag.econ.344684,rittenjohn.txt,NA,NA,NA,0,0,0,0,NA,NA,0,10.22004/ag.econ.344684,doi:10.22004/ag.econ.344684,1,Active CSU affiliation,journal agricultural resource economics,1.3,2025,Exact journal-year,NA,NA,NA,NA,NA,NA,NA,NA,NA,NA,NA,NA,NA,NA,NA,NA,N,FALSE,2025,FALSE,FALSE,N,Neither,TRUE
Delay,Nathan,Ag and Food,2022,JA,a,N,0,NA,Precision Agriculture Adoption and Technical Efficiency,Journal of Agricultural Economics,10.1111/1477-9552.12440,delaynathan.txt,NA,NA,NA,0,0,0,0,NA,NA,0,10.1111/1477-9552.12440,doi:10.1111/1477-9552.12440,1,Active CSU affiliation,journal agricultural economics,3.4,2022,Exact journal-year,W3161348351,https://doi.org/10.1111/1477-9552.12440,Precision agriculture technology adoption and technical efficiency,2021,2021-05-27,article,9,Journal of Agricultural Economics,0021-857X,Wiley,TRUE,FALSE,3,NA,NA,NA,N,FALSE,2022,FALSE,TRUE,N,Neither,TRUE
Enns,Kellie,Ag Ed,2022,JA,b,N,0,NA,Agrarianism in Agricultural Education: A Narrative Study,Journal of Agricultural Education,10.5032/jae.2022.03135,ennskellie.txt,NA,NA,NA,0,0,0,0,NA,NA,0,10.5032/jae.2022.03135,doi:10.5032/jae.2022.03135,1,Active CSU affiliation,journal agricultural education,NA,NA,No IF match,W4386489467,https://doi.org/10.5032/jae.2022.03135,Agrarianism in Agricultural Education: A Narrative Study,2022,2022-09-30,article,0,Journal of Agricultural Education,1042-0541,American Association for Agricultural Education,TRUE,FALSE,3,NA,NA,NA,N,FALSE,2022,FALSE,FALSE,N,Neither,TRUE
Bennett,Jenny,Ag Ed,2025,JA,b,N,0,NA,Understanding Barriers to SAE Implementation and Professional Development Needs,Journal of Agricultural Education,10.5032/jae.v66i4.3220,bennettjenny.txt,NA,NA,NA,0,0,0,0,NA,NA,0,10.5032/jae.v66i4.3220,doi:10.5032/jae.v66i4.3220,1,Active CSU affiliation,journal agricultural education,NA,NA,No IF match,W4417097694,https://doi.org/10.5032/jae.v66i4.3220,Understanding Barriers to SAE Implementation and Professional Development Needs of Middle School SBAE Teachers,2025,2025-12-07,article,0,Journal of Agricultural Education,1042-0541,American Association for Agricultural Education,TRUE,FALSE,2,NA,NA,NA,N,FALSE,2025,FALSE,FALSE,N,Neither,TRUE
Bennett,Jenny,Ag Ed,2026,JA,b,U,1,Bennett;Clark;Enns,Investigating the Sources and Influences Shaping Pedagogical Content Knowledge,Journal of Agricultural Education,10.5032/jae.v67i1.3218,clarknathan.txt,NA,NA,NA,0,0,0,0,NA,NA,1,10.5032/jae.v67i1.3218,doi:10.5032/jae.v67i1.3218,1,Active CSU affiliation,journal agricultural education,NA,NA,No IF match,W7118128088,https://doi.org/10.5032/jae.v67i1.3218,Investigating the Sources and Influences Shaping Pedagogical Content Knowledge among Colorado Agricultural Educators,2026,2026-01-04,article,0,Journal of Agricultural Education,1042-0541,American Association for Agricultural Education,TRUE,FALSE,4,NA,NA,NA,N,TRUE,2026,FALSE,FALSE,N,Neither,FALSE
Clark,Nathan,Ag Ed,2026,JA,b,N,1,Bennett;Clark;Enns,Investigating the Sources and Influences Shaping Pedagogical Content Knowledge,Journal of Agricultural Education,10.5032/jae.v67i1.3218,clarknathan.txt,NA,NA,NA,0,0,0,0,NA,NA,1,10.5032/jae.v67i1.3218,doi:10.5032/jae.v67i1.3218,1,Active CSU affiliation,journal agricultural education,NA,NA,No IF match,W7118128088,https://doi.org/10.5032/jae.v67i1.3218,Investigating the Sources and Influences Shaping Pedagogical Content Knowledge among Colorado Agricultural Educators,2026,2026-01-04,article,0,Journal of Agricultural Education,1042-0541,American Association for Agricultural Education,TRUE,FALSE,4,NA,NA,NA,N,TRUE,2026,FALSE,FALSE,N,Neither,FALSE
Enns,Kellie,Ag Ed,2026,JA,b,U,1,Bennett;Clark;Enns,Investigating the Sources and Influences Shaping Pedagogical Content Knowledge,Journal of Agricultural Education,10.5032/jae.v67i1.3218,clarknathan.txt,NA,NA,NA,0,0,0,0,NA,NA,1,10.5032/jae.v67i1.3218,doi:10.5032/jae.v67i1.3218,1,Active CSU affiliation,journal agricultural education,NA,NA,No IF match,W7118128088,https://doi.org/10.5032/jae.v67i1.3218,Investigating the Sources and Influences Shaping Pedagogical Content Knowledge among Colorado Agricultural Educators,2026,2026-01-04,article,0,Journal of Agricultural Education,1042-0541,American Association for Agricultural Education,TRUE,FALSE,4,NA,NA,NA,N,TRUE,2026,FALSE,FALSE,N,Neither,FALSE
Hill,Alexandra,Ag and Food,2022,JA,a,N,0,NA,Estimating the Nonfatal Injury Undercount in Agriculture from 2004-2019,Journal of Agricultural Safety and Health,10.13031/jash.15039,hillalexandra.txt,NA,NA,NA,0,0,0,0,NA,NA,0,10.13031/jash.15039,doi:10.13031/jash.15039,1,Active CSU affiliation,journal agricultural safety health,0.9,2024,Nearest year (2024),W4285193779,https://doi.org/10.13031/jash.15039,Estimating the Nonfatal Injury Undercount in Agriculture from 2004 to 2019,2022,2022-01-01,article,8,Journal of Agricultural Safety and Health,1074-7583,NA,FALSE,FALSE,3,NA,NA,NA,N,FALSE,2022,FALSE,FALSE,N,Neither,TRUE
Mooney,Daniel,Ag and Food,2021,JA,a,Y,0,NA,Evaluation of Biological and Economic Efficiency of the All Heifer No Cow Beef Production System,Journal of Animal Science,10.1093/jas/skaa405,mooneydaniel.txt,NA,NA,NA,0,0,0,0,NA,NA,0,10.1093/jas/skaa405,doi:10.1093/jas/skaa405,1,Active CSU affiliation,journal animal science,3.338,2021,Exact journal-year,W3116943314,https://doi.org/10.1093/jas/skaa405,"Evaluation of biological and economic efficiency of the All Heifer, No Cow beef production system using a system dynamics model based on 6 yr of demonstration herd data",2020,2020-12-22,article,6,Journal of Animal Science,0021-8812,Oxford University Press,TRUE,FALSE,6,NA,NA,NA,Y,FALSE,2021,FALSE,TRUE,Y,CV only,TRUE
Enns,Kellie,Ag Ed,2025,JA,a,U,1,Enns;Ritten,Evaluation of cattle sub-species and growth-promoting technology on growth performance,Journal of Animal Science,10.1093/jas/skaf322,rittenjohn.txt,NA,NA,NA,0,0,0,0,NA,NA,0,10.1093/jas/skaf322,doi:10.1093/jas/skaf322,1,Active CSU affiliation,journal animal science,3.7,2025,Exact journal-year,W4414471519,https://doi.org/10.1093/jas/skaf322,"Evaluation of cattle sub-species and growth-promoting technology on growth performance, carcass characteristics, and gas flux of steers finished in summer feedlot conditions",2025,2025-01-01,article,0,Journal of Animal Science,0021-8812,Oxford University Press,TRUE,FALSE,13,NA,NA,NA,N,TRUE,2025,FALSE,FALSE,N,Neither,TRUE
Ritten,John,Ag and Food,2025,JA,a,N,1,Enns;Ritten,Evaluation of cattle sub-species and growth-promoting technology on growth performance,Journal of Animal Science,10.1093/jas/skaf322,rittenjohn.txt,NA,NA,NA,0,0,0,0,NA,NA,0,10.1093/jas/skaf322,doi:10.1093/jas/skaf322,1,Active CSU affiliation,journal animal science,3.7,2025,Exact journal-year,W4414471519,https://doi.org/10.1093/jas/skaf322,"Evaluation of cattle sub-species and growth-promoting technology on growth performance, carcass characteristics, and gas flux of steers finished in summer feedlot conditions",2025,2025-01-01,article,0,Journal of Animal Science,0021-8812,Oxford University Press,TRUE,FALSE,13,NA,NA,NA,N,TRUE,2025,FALSE,FALSE,N,Neither,TRUE
Ritten,John,Ag and Food,2025,JA,a,NA,0,NA,"Evaluation of cattle sub-species and growth-promoting technology on growth performance, carcass characteristics, and enteric gas flux of steers finished in winter feedlot conditions",Journal of Animal Science,10.1093/jas/skaf448,Google Scholar,NA,NA,NA,0,0,0,0,NA,NA,0,10.1093/jas/skaf448,doi:10.1093/jas/skaf448,1,Active CSU affiliation,journal animal science,3.7,2025,Exact journal-year,W7117544177,https://doi.org/10.1093/jas/skaf448,"Evaluation of cattle sub-species and growth-promoting technology on growth performance, carcass characteristics, and enteric gas flux of steers finished in winter feedlot conditions",2025,2025-12-27,article,1,Journal of Animal Science,0021-8812,Oxford University Press,TRUE,FALSE,14,NA,NA,NA,U,FALSE,2025,FALSE,FALSE,U,Undetermined,TRUE
Suter,Jordan,ENRE,2025,JA,a,N,0,NA,Time pressure and motivated delay effects on sanctioning in a social dilemma,Journal of Behavioral and Experimental Economics,10.1016/j.socec.2025.102403,suterjordan.txt,NA,NA,NA,0,0,0,0,NA,NA,0,10.1016/j.socec.2025.102403,doi:10.1016/j.socec.2025.102403,1,Active CSU affiliation,journal behavioral experimental economics,1.5,2025,Exact journal-year,W4412450665,https://doi.org/10.1016/j.socec.2025.102403,Time pressure and motivated delay effects on sanctioning in a social dilemma: Experimental evidence,2025,2025-07-15,article,0,Journal of Behavioral and Experimental Economics,2214-8043,Elsevier BV,TRUE,FALSE,2,NA,NA,NA,N,FALSE,2025,FALSE,FALSE,N,Neither,TRUE
Burkhardt,Jesse,ENRE,2023,JA,a,N,0,NA,Sustainability of lettuce production: local and centralized food production,Journal of Cleaner Production,10.1016/j.jclepro.2023.139224,burkhardtjesse.txt,NA,NA,NA,0,0,0,0,NA,NA,0,10.1016/j.jclepro.2023.139224,doi:10.1016/j.jclepro.2023.139224,1,Active CSU affiliation,journal cleaner production,11.1,2022,Nearest year (2022),W4387454956,https://doi.org/10.1016/j.jclepro.2023.139224,Sustainability of lettuce production: A comparison of local and centralized food production,2023,2023-10-09,article,22,Journal of Cleaner Production,0959-6526,Elsevier BV,FALSE,FALSE,3,NA,NA,NA,N,FALSE,2023,FALSE,FALSE,N,Neither,TRUE
Hoag,Dana,ENRE,2025,JA,a,N,0,NA,Life cycle assessment of open and closed hydroponic systems for vegetable production,Journal of Cleaner Production,10.1016/j.jclepro.2025.146920,hoagdana.txt,NA,NA,NA,0,0,0,0,NA,NA,0,10.1016/j.jclepro.2025.146920,doi:10.1016/j.jclepro.2025.146920,1,Active CSU affiliation,journal cleaner production,10.7,2025,Exact journal-year,W4416408763,https://doi.org/10.1016/j.jclepro.2025.146920,Life cycle assessment of open and closed hydroponic systems for vegetable (tomato and cucumber) production in arid lands,2025,2025-11-20,article,7,Journal of Cleaner Production,0959-6526,Elsevier BV,TRUE,FALSE,8,NA,NA,NA,N,FALSE,2025,FALSE,FALSE,N,Neither,TRUE
Delay,Nathan,Ag and Food,2026,JA,a,NA,0,NA,Integrating automated body condition scores and lactation data via optimization algorithms for maximized milk revenue and minimized cost of delayed conception in dairy cows,Journal of Dairy Science,10.3168/jds.2025-28132,Google Scholar,NA,NA,NA,0,0,0,0,NA,NA,1,10.3168/jds.2025-28132,doi:10.3168/jds.2025-28132,1,Active CSU affiliation,journal dairy science,4.7,2025,Nearest year (2025),W7167262554,https://doi.org/10.3168/jds.2025-28132,Integrating automated body condition scores and lactation data via optimization algorithms for maximized milk revenue and minimized cost of delayed conception in dairy cows,2026,2026-07-01,article,0,Journal of Dairy Science,0022-0302,Elsevier BV,TRUE,FALSE,4,NA,NA,NA,U,FALSE,2026,FALSE,FALSE,U,Undetermined,FALSE
Magnan,Nicholas,Ag and Food,2021,JA,a,Y,0,NA,Information Technology and Market Rewards: Incentivizing Aflatoxin Control in Ghana,Journal of Development Economics,10.1016/j.jdeveco.2020.102620,magnannicholas.txt,NA,NA,NA,0,0,0,0,NA,NA,0,10.1016/j.jdeveco.2020.102620,doi:10.1016/j.jdeveco.2020.102620,0,Outside active CSU affiliation,journal development economics,4.277,2021,Exact journal-year,W2779231959,https://doi.org/10.1016/j.jdeveco.2020.102620,"Information, technology, and market rewards: Incentivizing aflatoxin control in Ghana",2021,2021-02-01,article,39,Journal of Development Economics,0304-3878,Elsevier BV,TRUE,FALSE,5,NA,NA,NA,Y,FALSE,2021,FALSE,FALSE,Y,CV only,TRUE
Magnan,Nicholas,Ag and Food,2025,JA,a,Y,0,NA,Going the Distance: Hybrid Vocational Training for Women in Nepal,Journal of Development Economics,10.1016/j.jdeveco.2024.103414,magnannicholas.txt,NA,NA,NA,0,0,0,0,NA,NA,0,10.1016/j.jdeveco.2024.103414,doi:10.1016/j.jdeveco.2024.103414,1,Active CSU affiliation,journal development economics,5,2025,Exact journal-year,W4405747403,https://doi.org/10.1016/j.jdeveco.2024.103414,Going the distance: Hybrid vocational training for women in Nepal,2024,2024-12-25,article,1,Journal of Development Economics,0304-3878,Elsevier BV,FALSE,FALSE,5,NA,NA,NA,Y,FALSE,2025,FALSE,TRUE,Y,CV only,TRUE
Magnan,Nicholas,Ag and Food,2024,JA,a,Y,0,NA,Challenges to Groundnut Value Chain Development: Lessons from an Attempted Experiment in Ghana,Journal of Development Effectiveness,10.1080/19439342.2024.2319657,magnannicholas.txt,NA,NA,NA,0,0,0,0,NA,NA,0,10.1080/19439342.2024.2319657,doi:10.1080/19439342.2024.2319657,1,Active CSU affiliation,journal development effectiveness,0.5,2024,Exact journal-year,W4392906477,https://doi.org/10.1080/19439342.2024.2319657,Challenges to groundnut value chain development: lessons from an (attempted) experiment in Ghana,2024,2024-03-18,article,2,Journal of Development Effectiveness,1943-9342,Taylor & Francis,TRUE,FALSE,6,NA,NA,NA,Y,FALSE,2024,FALSE,FALSE,Y,CV only,TRUE
Suter,Jordan,ENRE,2022,JA,a,U,0,NA,Experimental Evidence of Common Pool Resource Use in the Presence of Uncertainty,Journal of Economic Behavior and Organization,10.1016/j.jebo.2021.12.012,suterjordan.txt,NA,NA,NA,0,0,0,0,NA,NA,0,10.1016/j.jebo.2021.12.012,doi:10.1016/j.jebo.2021.12.012,1,Active CSU affiliation,journal economic behavior organization,2.3,2024,Nearest year (2024),W4200145669,https://doi.org/10.1016/j.jebo.2021.12.012,Experimental evidence of common pool resource use in the presence of uncertainty,2021,2021-12-29,article,22,Journal of Economic Behavior & Organization,0167-2681,Elsevier BV,FALSE,FALSE,3,NA,NA,NA,U,FALSE,2022,FALSE,TRUE,U,Undetermined,TRUE
Magnan,Nicholas,Ag and Food,2022,JA,a,N,0,NA,Demand for Weather Index Insurance among Smallholder Farmers under Prospect Theory,Journal of Economic Behavior and Organization,10.1016/j.jebo.2022.07.027,magnannicholas.txt,NA,NA,NA,0,0,0,0,NA,NA,0,10.1016/j.jebo.2022.07.027,doi:10.1016/j.jebo.2022.07.027,0,Outside active CSU affiliation,journal economic behavior organization,2.3,2024,Nearest year (2024),W4291734210,https://doi.org/10.1016/j.jebo.2022.07.027,Demand for Weather Index Insurance among Smallholder Farmers under Prospect Theory,2022,2022-08-13,article,17,Journal of Economic Behavior & Organization,0167-2681,Elsevier BV,FALSE,FALSE,4,NA,NA,NA,N,FALSE,2022,FALSE,FALSE,N,Neither,TRUE
Van Sandt,Anders,Ag and Food,2025,JA,a,N,0,NA,Revealing US Retail Industries Functional Hierarchy Through Demand Thresholds,Journal of Economic Structures,10.1186/s40008-025-00359-0,vansandtanders.txt,NA,NA,NA,0,0,0,0,NA,NA,0,10.1186/s40008-025-00359-0,doi:10.1186/s40008-025-00359-0,1,Active CSU affiliation,journal economic structures,NA,NA,No IF match,W4415995576,https://doi.org/10.1186/s40008-025-00359-0,Revealing U.S. retail industries’ functional hierarchy through demand thresholds,2025,2025-11-07,article,0,Journal of Economic Structures,2193-2409,Springer Nature,TRUE,FALSE,5,1,Anders Van Sandt,FALSE,N,FALSE,2025,FALSE,FALSE,N,Neither,TRUE
Woerman,Matt,ENRE,2023,JA,a,N,0,NA,Linking carbon markets with different initial conditions,Journal of Environmental Economics and Management,10.1016/j.jeem.2023.102820,woermanmatt.txt,NA,NA,NA,0,0,0,0,NA,NA,0,10.1016/j.jeem.2023.102820,doi:10.1016/j.jeem.2023.102820,1,Active CSU affiliation,journal environmental economics management,5.9,2024,Nearest year (2024),W4367396773,https://doi.org/10.1016/j.jeem.2023.102820,Linking carbon markets with different initial conditions,2023,2023-04-29,article,9,Journal of Environmental Economics and Management,0095-0696,Elsevier BV,FALSE,FALSE,1,NA,NA,NA,N,FALSE,2023,FALSE,FALSE,N,Neither,TRUE
Goemans,Chris,ENRE,2025,JA,a,N,0,NA,Insurance and Extraction Incentives in a Common Pool Resource,Journal of Environmental Economics and Management,10.1016/j.jeem.2025.103125,goemanschris.txt,NA,NA,NA,0,0,0,0,NA,NA,0,10.1016/j.jeem.2025.103125,doi:10.1016/j.jeem.2025.103125,1,Active CSU affiliation,journal environmental economics management,6.4,2025,Exact journal-year,W4406602699,https://doi.org/10.1016/j.jeem.2025.103125,Insurance and extraction incentives in a common pool resource: Evidence from groundwater use in the high plains,2025,2025-01-20,article,1,Journal of Environmental Economics and Management,0095-0696,Elsevier BV,FALSE,FALSE,5,NA,NA,NA,N,FALSE,2025,FALSE,FALSE,N,Neither,TRUE
Bayham,Jude,ENRE,2022,JA,a,N,1,Bayham;Burkhardt,Does air pollution increase electric vehicle adoption,Journal of Environmental Economics and Policy,10.1080/21606544.2022.2059015,bayhamjude.txt,NA,NA,NA,0,0,0,0,NA,NA,0,10.1080/21606544.2022.2059015,doi:10.1080/21606544.2022.2059015,1,Active CSU affiliation,journal environmental economics policy,1.2,2024,Nearest year (2024),W4224076156,https://doi.org/10.1080/21606544.2022.2059015,"Does air pollution increase electric vehicle adoption? Evidence from U.S. metropolitan areas, 2011–2018",2022,2022-04-15,article,11,Journal of Environmental Economics and Policy,2160-6544,Taylor & Francis,TRUE,FALSE,5,NA,NA,NA,N,FALSE,2022,FALSE,FALSE,N,Neither,TRUE
Burkhardt,Jesse,ENRE,2022,JA,a,N,1,Bayham;Burkhardt,Does air pollution increase electric vehicle adoption,Journal of Environmental Economics and Policy,10.1080/21606544.2022.2059015,burkhardtjesse.txt,NA,NA,NA,0,0,0,0,NA,NA,0,10.1080/21606544.2022.2059015,doi:10.1080/21606544.2022.2059015,1,Active CSU affiliation,journal environmental economics policy,1.2,2024,Nearest year (2024),W4224076156,https://doi.org/10.1080/21606544.2022.2059015,"Does air pollution increase electric vehicle adoption? Evidence from U.S. metropolitan areas, 2011–2018",2022,2022-04-15,article,11,Journal of Environmental Economics and Policy,2160-6544,Taylor & Francis,TRUE,FALSE,5,NA,NA,NA,N,FALSE,2022,FALSE,FALSE,N,Neither,TRUE
Countryman,Amanda,Ag and Food,2022,JA,a,Y,0,NA,Economic and Environmental Impacts of Ballast Water Management on SIDS and LDCs,Journal of Environmental Management,10.1016/j.jenvman.2021.113779,countrymanamanda.txt,NA,NA,NA,0,0,0,0,NA,NA,0,10.1016/j.jenvman.2021.113779,doi:10.1016/j.jenvman.2021.113779,1,Active CSU affiliation,journal environmental management,8.7,2022,Exact journal-year,W3196648901,https://doi.org/10.1016/j.jenvman.2021.113779,Economic and environmental impacts of ballast water management on Small Island Developing States and Least Developed Countries,2021,2021-09-29,article,2,Journal of Environmental Management,0301-4797,Elsevier BV,TRUE,FALSE,4,NA,NA,NA,Y,FALSE,2022,FALSE,TRUE,Y,CV only,TRUE
Ritten,John,Ag and Food,2023,JA,a,N,0,NA,Ranch-Level Economic Benefits of Working Lands Greater Sage-Grouse Conservation Programs,Journal of Environmental Management,10.1016/j.jenvman.2022.116420,rittenjohn.txt,NA,NA,NA,0,0,0,0,NA,NA,0,10.1016/j.jenvman.2022.116420,doi:10.1016/j.jenvman.2022.116420,1,Active CSU affiliation,journal environmental management,8.7,2022,Nearest year (2022),W4315631941,https://doi.org/10.1016/j.jenvman.2022.116420,"Financial barriers and opportunities for conservation adoption on U.S. rangelands: A region-wide, ranch-level economic assessment of NRCS-sponsored Greater Sage-grouse habitat conservation programs",2023,2023-01-11,article,11,Journal of Environmental Management,0301-4797,Elsevier BV,FALSE,FALSE,5,NA,NA,NA,N,FALSE,2023,FALSE,FALSE,N,Neither,TRUE
Ritten,John,Ag and Food,2024,JA,a,N,0,NA,The LTAR Grazingland Common Experiment at the Central Plains Experimental Range,Journal of Environmental Quality,10.1002/jeq2.20599,rittenjohn.txt,NA,NA,NA,0,0,0,0,NA,NA,0,10.1002/jeq2.20599,doi:10.1002/jeq2.20599,1,Active CSU affiliation,journal environmental quality,2.3,2024,Exact journal-year,W4400869718,https://doi.org/10.1002/jeq2.20599,The LTAR Grazing Land Common Experiment at the Central Plains Experimental Range: Collaborative adaptive rangeland management,2024,2024-07-22,article,11,Journal of Environmental Quality,0047-2425,Wiley,TRUE,FALSE,10,NA,NA,NA,N,FALSE,2024,FALSE,FALSE,N,Neither,TRUE
Ritten,John,Ag and Food,2025,JA,a,N,0,NA,Building consensus toward an effective performance indicator framework for sustainable farms,Journal of Environmental Quality,10.1002/jeq2.70051,rittenjohn.txt,NA,NA,NA,0,0,0,0,NA,NA,0,10.1002/jeq2.70051,doi:10.1002/jeq2.70051,1,Active CSU affiliation,journal environmental quality,2.6,2025,Exact journal-year,W4411467092,https://doi.org/10.1002/jeq2.70051,Selecting performance indicators for farms and ranches engaged in collaborative agroecosystem research,2025,2025-06-20,article,3,Journal of Environmental Quality,0047-2425,Wiley,TRUE,FALSE,20,NA,NA,NA,N,FALSE,2025,FALSE,FALSE,N,Neither,TRUE
Countryman,Amanda,Ag and Food,2021,JA,b,Y,0,NA,Potential Impacts of Hard Infrastructure Development on Food and Agricultural Trade,Journal of Food Distribution Research,10.22004/ag.econ.317782,countrymanamanda.txt,NA,NA,NA,0,0,0,0,NA,NA,0,10.22004/ag.econ.317782,doi:10.22004/ag.econ.317782,1,Active CSU affiliation,journal food distribution research,NA,NA,No IF match,NA,NA,NA,NA,NA,NA,NA,NA,NA,NA,NA,NA,NA,NA,NA,NA,Y,FALSE,2021,FALSE,FALSE,Y,CV only,TRUE
Thilmany,Dawn,Ag and Food,2023,JA,b,Y,0,NA,Price Transmission and Asymmetry in the Colorado Potato Supply Chain,Journal of Food Distribution Research,10.22004/ag.econ.339678,thilmanydawn.txt,NA,NA,NA,0,0,0,0,NA,NA,0,10.22004/ag.econ.339678,doi:10.22004/ag.econ.339678,1,Active CSU affiliation,journal food distribution research,NA,NA,No IF match,NA,NA,NA,NA,NA,NA,NA,NA,NA,NA,NA,NA,NA,NA,NA,NA,Y,FALSE,2023,FALSE,FALSE,Y,CV only,TRUE
Bayham,Jude,ENRE,2023,JA,a,N,0,NA,Wildfire Response: A System on the Brink,Journal of Forestry,10.1093/jofore/fvac042,bayhamjude.txt,NA,NA,NA,0,0,0,0,NA,NA,0,10.1093/jofore/fvac042,doi:10.1093/jofore/fvac042,1,Active CSU affiliation,journal forestry,2.3,2022,Nearest year (2022),W4313336269,https://doi.org/10.1093/jofore/fvac042,Wildfire Response: A System on the Brink?,2022,2022-12-17,article,20,Journal of Forestry,0022-1201,Oxford University Press,TRUE,FALSE,6,NA,NA,NA,N,FALSE,2023,FALSE,TRUE,N,Neither,TRUE
Burkhardt,Jesse,ENRE,2022,JA,a,N,0,NA,Smoke-Driven Changes in Photosynthetically Active Radiation During US Growing Season,Journal of Geophysical Research: Atmospheres,10.1029/2022jd037446,burkhardtjesse.txt,NA,NA,NA,0,0,0,0,NA,NA,0,10.1029/2022jd037446,doi:10.1029/2022jd037446,1,Active CSU affiliation,journal geophysical research atmospheres,4.4,2022,Exact journal-year,W4309691277,https://doi.org/10.1029/2022jd037446,Smoke‐Driven Changes in Photosynthetically Active Radiation During the U.S. Agricultural Growing Season,2022,2022-11-22,article,11,Journal of Geophysical Research Atmospheres,0148-0227,American Geophysical Union,TRUE,FALSE,4,NA,NA,NA,N,FALSE,2022,FALSE,FALSE,N,Neither,TRUE
Van Sandt,Anders,Ag and Food,2026,JA,a,NA,0,NA,Nurse practitioner training and local medical provider supply,Journal of Health Economics,10.1016/j.jhealeco.2026.103121,Google Scholar,NA,NA,NA,0,0,0,0,NA,NA,1,10.1016/j.jhealeco.2026.103121,doi:10.1016/j.jhealeco.2026.103121,1,Active CSU affiliation,journal health economics,3.8,2025,Nearest year (2025),W7128963714,https://doi.org/10.1016/j.jhealeco.2026.103121,Nurse practitioner training and local medical provider supply,2026,2026-02-15,article,0,Journal of Health Economics,0167-6296,Elsevier BV,FALSE,FALSE,4,1,Anders Van Sandt,FALSE,U,FALSE,2026,FALSE,FALSE,U,Undetermined,FALSE
Cleary,Rebecca,Ag and Food,2024,JA,a,N,0,NA,Determining the Optimal Food Hub Location in the Fresh Produce Supply Chain,Journal of Modelling in Management,10.1108/jm2-02-2024-0042,clearyrebecca.txt,NA,NA,NA,0,0,0,0,NA,NA,0,10.1108/jm2-02-2024-0042,doi:10.1108/jm2-02-2024-0042,1,Active CSU affiliation,journal modelling in management,2.2,2024,Exact journal-year,W4401516848,https://doi.org/10.1108/jm2-02-2024-0042,Determining the optimal food hub location in the fresh produce supply chain,2024,2024-08-12,article,2,Journal of Modelling in Management,1746-5664,Emerald Publishing Limited,FALSE,FALSE,5,NA,NA,NA,N,FALSE,2024,FALSE,FALSE,N,Neither,TRUE
Suter,Jordan,ENRE,2023,JA,a,N,0,NA,Camping in Clearcuts: Impacts of Timber Harvesting on USFS Campground Utilization,Journal of Outdoor Recreation and Tourism,10.1016/j.jort.2023.100690,suterjordan.txt,NA,NA,NA,0,0,0,0,NA,NA,0,10.1016/j.jort.2023.100690,doi:10.1016/j.jort.2023.100690,1,Active CSU affiliation,journal outdoor recreation tourism,4.9,2025,Nearest year (2025),W4387150601,https://doi.org/10.1016/j.jort.2023.100690,Camping in clearcuts: The impacts of timber harvesting on USFS campground utilization,2023,2023-09-28,article,5,Journal of Outdoor Recreation and Tourism,2213-0780,Elsevier BV,TRUE,FALSE,3,1,Kelly Wallace,FALSE,N,FALSE,2023,FALSE,FALSE,N,Neither,TRUE
Costanigro,Marco,Ag and Food,2021,JA,a,Y,1,Costanigro;Frasier;Jablonski,The Impact of State Farm to School Procurement Incentives on School Purchasing Decisions,Journal of School Health,10.1111/josh.13013,costanigromarco.txt,NA,NA,NA,0,0,0,0,NA,NA,0,10.1111/josh.13013,doi:10.1111/josh.13013,1,Active CSU affiliation,journal school health,2.46,2021,Exact journal-year,W3155036107,https://doi.org/10.1111/josh.13013,The Impact of State Farm to School Procurement Incentives on School Purchasing Decisions,2021,2021-04-12,article,10,Journal of School Health,0022-4391,Wiley,FALSE,FALSE,4,1,Abigail Long,FALSE,Y,FALSE,2021,FALSE,FALSE,Y,CV only,TRUE
Frasier,Marshall,Ag and Food,2021,JA,a,NA,1,Costanigro;Frasier;Jablonski,The Impact of State Farm to School Procurement Incentives on School Purchasing Decisions,Journal of School Health,10.1111/josh.13013,Google Scholar,NA,NA,NA,0,0,0,0,NA,NA,0,10.1111/josh.13013,doi:10.1111/josh.13013,1,Active CSU affiliation,journal school health,2.46,2021,Exact journal-year,W3155036107,https://doi.org/10.1111/josh.13013,The Impact of State Farm to School Procurement Incentives on School Purchasing Decisions,2021,2021-04-12,article,10,Journal of School Health,0022-4391,Wiley,FALSE,FALSE,4,1,Abigail Long,FALSE,Y,FALSE,2021,FALSE,FALSE,Y,CV only,TRUE
Jablonski,Becca,Ag and Food,2021,JA,a,NA,1,Costanigro;Frasier;Jablonski,The Impact of State Farm to School Procurement Incentives on School Purchasing Decisions,Journal of School Health,10.1111/josh.13013,Google Scholar,NA,NA,NA,0,0,0,0,NA,NA,0,10.1111/josh.13013,doi:10.1111/josh.13013,1,Active CSU affiliation,journal school health,2.46,2021,Exact journal-year,W3155036107,https://doi.org/10.1111/josh.13013,The Impact of State Farm to School Procurement Incentives on School Purchasing Decisions,2021,2021-04-12,article,10,Journal of School Health,0022-4391,Wiley,FALSE,FALSE,4,1,Abigail Long,FALSE,Y,FALSE,2021,FALSE,FALSE,Y,CV only,TRUE
Burkhardt,Jesse,ENRE,2024,JA,a,N,0,NA,Delivering affordable clean energy to consumers,Journal of the Academy of Marketing Science,10.1007/s11747-024-01003-2,burkhardtjesse.txt,NA,NA,NA,0,0,0,0,NA,NA,0,10.1007/s11747-024-01003-2,doi:10.1007/s11747-024-01003-2,1,Active CSU affiliation,journal academy marketing science,10.1,2024,Exact journal-year,W4391538670,https://doi.org/10.1007/s11747-024-01003-2,Delivering affordable clean energy to consumers,2024,2024-02-05,article,10,Journal of the Academy of Marketing Science,0092-0703,Springer Science+Business Media,FALSE,FALSE,5,NA,NA,NA,N,FALSE,2024,FALSE,FALSE,N,Neither,TRUE
Chenarides,Lauren,Ag and Food,2024,JA,b,N,1,Chenarides;Jablonski;Thilmany,Federal Economic Data on Local and Regional Food Producers,Journal of the Agricultural and Applied Economics Association,10.1002/jaa2.131,chenarideslauren.txt,NA,NA,NA,0,0,0,0,NA,NA,0,10.1002/jaa2.131,doi:10.1002/jaa2.131,1,Active CSU affiliation,journal agricultural applied economics association,1.8,2025,Nearest year (2025),W4400204195,https://doi.org/10.1002/jaa2.131,Federal economic data on local and regional food producers,2024,2024-07-01,article,0,Journal of the Agricultural and Applied Economics Association,2769-2485,Wiley,TRUE,FALSE,5,NA,NA,NA,N,TRUE,2024,FALSE,FALSE,N,Neither,TRUE
Jablonski,Becca,Ag and Food,2024,JA,b,U,1,Chenarides;Jablonski;Thilmany,Federal Economic Data on Local and Regional Food Producers,Journal of the Agricultural and Applied Economics Association,10.1002/jaa2.131,chenarideslauren.txt,NA,NA,NA,0,0,0,0,NA,NA,0,10.1002/jaa2.131,doi:10.1002/jaa2.131,1,Active CSU affiliation,journal agricultural applied economics association,1.8,2025,Nearest year (2025),W4400204195,https://doi.org/10.1002/jaa2.131,Federal economic data on local and regional food producers,2024,2024-07-01,article,0,Journal of the Agricultural and Applied Economics Association,2769-2485,Wiley,TRUE,FALSE,5,NA,NA,NA,N,TRUE,2024,FALSE,FALSE,N,Neither,TRUE
Thilmany,Dawn,Ag and Food,2024,JA,b,N,1,Chenarides;Jablonski;Thilmany,Federal Economic Data on Local and Regional Food Producers,Journal of the Agricultural and Applied Economics Association,10.1002/jaa2.131,thilmanydawn.txt,NA,NA,NA,0,0,0,0,NA,NA,0,10.1002/jaa2.131,doi:10.1002/jaa2.131,1,Active CSU affiliation,journal agricultural applied economics association,1.8,2025,Nearest year (2025),W4400204195,https://doi.org/10.1002/jaa2.131,Federal economic data on local and regional food producers,2024,2024-07-01,article,0,Journal of the Agricultural and Applied Economics Association,2769-2485,Wiley,TRUE,FALSE,5,NA,NA,NA,N,TRUE,2024,FALSE,FALSE,N,Neither,TRUE
Thilmany,Dawn,Ag and Food,2026,JA,a,NA,0,NA,Regionalizing the food dollar,Journal of the Agricultural and Applied Economics Association,10.1002/jaa2.70044,Google Scholar,NA,NA,NA,0,0,0,0,NA,NA,1,10.1002/jaa2.70044,doi:10.1002/jaa2.70044,1,Active CSU affiliation,journal agricultural applied economics association,1.8,2025,Nearest year (2025),W7162422700,https://doi.org/10.1002/jaa2.70044,Regionalizing the food dollar,2026,2026-05-26,article,0,Journal of the Agricultural and Applied Economics Association,2769-2485,Wiley,TRUE,FALSE,3,NA,NA,NA,U,FALSE,2026,FALSE,FALSE,U,Undetermined,FALSE
Countryman,Amanda,Ag and Food,2023,JA,a,Y,0,NA,Potential economic impacts of foot-and-mouth disease in Brazil,Journal of the Agricultural and Applied Economics Association,10.1002/jaa2.73,countrymanamanda.txt,NA,NA,NA,0,0,0,0,NA,NA,0,10.1002/jaa2.73,doi:10.1002/jaa2.73,1,Active CSU affiliation,journal agricultural applied economics association,1.8,2025,Nearest year (2025),W4385067478,https://doi.org/10.1002/jaa2.73,Potential economic impacts of foot‐and‐mouth disease in Brazil: A case study for Mato Grosso and Paraná,2023,2023-07-20,article,10,Journal of the Agricultural and Applied Economics Association,2769-2485,Wiley,TRUE,FALSE,3,NA,NA,NA,Y,FALSE,2023,FALSE,FALSE,Y,CV only,TRUE
Suter,Jordan,ENRE,2023,JA,a,N,0,NA,"Seasons, Stress, Salience, and Support for Cooperative Groundwater Management",Journal of the Agricultural and Applied Economics Association,10.1002/jaa2.78,suterjordan.txt,NA,NA,NA,0,0,0,0,NA,NA,0,10.1002/jaa2.78,doi:10.1002/jaa2.78,1,Active CSU affiliation,journal agricultural applied economics association,1.8,2025,Nearest year (2025),W4386031430,https://doi.org/10.1002/jaa2.78,"Seasons, stress, salience, and support for cooperative groundwater management",2023,2023-08-21,article,2,Journal of the Agricultural and Applied Economics Association,2769-2485,Wiley,TRUE,FALSE,3,NA,NA,NA,N,FALSE,2023,FALSE,FALSE,N,Neither,TRUE
Mooney,Daniel,Ag and Food,2023,JA,b,N,0,NA,Estimating the Ex-Ante Adoption Determinants of Novel Cropping Systems with Nonpecuniary Benefits,Journal of the Agricultural and Applied Economics Association,10.1002/jaa2.93,mooneydaniel.txt,NA,NA,NA,0,0,0,0,NA,NA,0,10.1002/jaa2.93,doi:10.1002/jaa2.93,1,Active CSU affiliation,journal agricultural applied economics association,1.8,2025,Nearest year (2025),W4389228450,https://doi.org/10.1002/jaa2.93,Estimating the ex ante adoption determinants of novel cropping systems with nonpecuniary benefits,2023,2023-11-30,article,0,Journal of the Agricultural and Applied Economics Association,2769-2485,Wiley,TRUE,FALSE,2,NA,NA,NA,N,FALSE,2023,FALSE,FALSE,N,Neither,TRUE
Bonanno,Alessandro,Ag and Food,2024,JA,b,N,0,NA,Farm to School Programming Spillovers and Households Fruits and Vegetables Purchases,Journal of the Agricultural and Applied Economics Association,10.1002/jaa2.95,bonannoalessandrocv.txt,NA,NA,NA,0,0,0,0,NA,NA,0,10.1002/jaa2.95,doi:10.1002/jaa2.95,1,Active CSU affiliation,journal agricultural applied economics association,1.8,2025,Nearest year (2025),W4391281161,https://doi.org/10.1002/jaa2.95,Farm to school programming spillovers and households' fruits and vegetables purchases,2024,2024-01-26,article,1,Journal of the Agricultural and Applied Economics Association,2769-2485,Wiley,TRUE,FALSE,3,NA,NA,NA,N,FALSE,2024,FALSE,FALSE,N,Neither,TRUE
Mooney,Daniel,Ag and Food,2024,JA,b,Y,0,NA,Total Ranch Analysis Colorado (TRAC): A Ranch Benchmarking Program,Journal of the American Society of Farm Managers and Rural Appraisers,10.22004/ag.econ.342913,mooneydaniel.txt,NA,NA,NA,0,0,0,0,NA,NA,0,10.22004/ag.econ.342913,doi:10.22004/ag.econ.342913,1,Active CSU affiliation,journal american society farm managers rural appraisers,NA,NA,No IF match,NA,NA,NA,NA,NA,NA,NA,NA,NA,NA,NA,NA,NA,NA,NA,NA,Y,FALSE,2024,FALSE,FALSE,Y,CV only,TRUE
Ritten,John,Ag and Food,2022,JA,b,Y,0,NA,Farm-Level Economics of Bioenergy in the Upper Missouri River Basin,Journal of the American Society of Farm Managers and Rural Appraisers,nodoi,rittenjohn.txt,NA,NA,NA,0,0,0,0,NA,NA,0,NA,titleyear:farm level economics of bioenergy in the upper missouri rive|2022,1,Active CSU affiliation,journal american society farm managers rural appraisers,NA,NA,No IF match,NA,NA,NA,NA,NA,NA,NA,NA,NA,NA,NA,NA,NA,NA,NA,NA,Y,FALSE,2022,FALSE,FALSE,Y,CV only,TRUE
Ritten,John,Ag and Food,2024,JA,b,Y,0,NA,Feasibility of Integrating Cover Crops into Irrigated Barley,Journal of the American Society of Farm Managers and Rural Appraisers,nodoi,rittenjohn.txt,NA,NA,NA,0,0,0,0,NA,NA,0,NA,titleyear:feasibility of integrating cover crops into irrigated barley|2024,1,Active CSU affiliation,journal american society farm managers rural appraisers,NA,NA,No IF match,NA,NA,NA,NA,NA,NA,NA,NA,NA,NA,NA,NA,NA,NA,NA,NA,Y,FALSE,2024,FALSE,FALSE,Y,CV only,TRUE
Goemans,Chris,ENRE,2021,JA,a,N,1,Goemans;Manning;Suter,Policy Leakage or Policy Benefit? Spatial Spillovers from Conservation Policies,Journal of the Association of Environmental and Resource Economists,10.1086/714148,goemanschris.txt,NA,NA,NA,0,0,0,0,NA,NA,0,10.1086/714148,doi:10.1086/714148,1,Active CSU affiliation,journal association environmental resource economists,3.2,2024,Nearest year (2024),W3027908917,https://doi.org/10.1086/714148,Policy Leakage or Policy Benefit? Spatial Spillovers from Conservation Policies in Common Property Resources,2021,2021-03-02,article,4,Journal of the Association of Environmental and Resource Economists,2333-5955,University of Chicago Press,FALSE,FALSE,4,NA,NA,NA,N,FALSE,2021,FALSE,FALSE,N,Neither,TRUE
Manning,Dale,ENRE,2021,JA,a,N,1,Goemans;Manning;Suter,Policy Leakage or Policy Benefit? Spatial Spillovers from Conservation Policies,Journal of the Association of Environmental and Resource Economists,10.1086/714148,manningdale.txt,NA,NA,NA,0,0,0,0,NA,NA,0,10.1086/714148,doi:10.1086/714148,1,Active CSU affiliation,journal association environmental resource economists,3.2,2024,Nearest year (2024),W3027908917,https://doi.org/10.1086/714148,Policy Leakage or Policy Benefit? Spatial Spillovers from Conservation Policies in Common Property Resources,2021,2021-03-02,article,4,Journal of the Association of Environmental and Resource Economists,2333-5955,University of Chicago Press,FALSE,FALSE,4,NA,NA,NA,N,FALSE,2021,FALSE,FALSE,N,Neither,TRUE
Suter,Jordan,ENRE,2021,JA,a,N,1,Goemans;Manning;Suter,Policy Leakage or Policy Benefit? Spatial Spillovers from Conservation Policies,Journal of the Association of Environmental and Resource Economists,10.1086/714148,suterjordan.txt,NA,NA,NA,0,0,0,0,NA,NA,0,10.1086/714148,doi:10.1086/714148,1,Active CSU affiliation,journal association environmental resource economists,3.2,2024,Nearest year (2024),W3027908917,https://doi.org/10.1086/714148,Policy Leakage or Policy Benefit? Spatial Spillovers from Conservation Policies in Common Property Resources,2021,2021-03-02,article,4,Journal of the Association of Environmental and Resource Economists,2333-5955,University of Chicago Press,FALSE,FALSE,4,NA,NA,NA,N,FALSE,2021,FALSE,FALSE,N,Neither,TRUE
Manning,Dale,ENRE,2022,JA,a,N,0,NA,Ecosystem Services and Land Rental Markets: Producer Costs of Bat Population Crashes,Journal of the Association of Environmental and Resource Economists,10.1086/720303,manningdale.txt,NA,NA,NA,0,0,0,0,NA,NA,0,10.1086/720303,doi:10.1086/720303,1,Active CSU affiliation,journal association environmental resource economists,3.2,2024,Nearest year (2024),W4225547470,https://doi.org/10.1086/720303,Ecosystem Services and Land Rental Markets: Producer Costs of Bat Population Crashes,2022,2022-04-08,article,14,Journal of the Association of Environmental and Resource Economists,2333-5955,University of Chicago Press,FALSE,FALSE,2,NA,NA,NA,N,FALSE,2022,FALSE,FALSE,N,Neither,TRUE
Kroll,Stephan,ENRE,2024,JA,a,N,0,NA,International Climate Agreements under the Threat of Solar Geoengineering,Journal of the Association of Environmental and Resource Economists,10.1086/728140,krollstephan.txt,NA,NA,NA,0,0,0,0,NA,NA,0,10.1086/728140,doi:10.1086/728140,1,Active CSU affiliation,journal association environmental resource economists,3.2,2024,Exact journal-year,W4387444518,https://doi.org/10.1086/728140,International Climate Agreements under the Threat of Solar Geoengineering,2023,2023-10-09,article,9,Journal of the Association of Environmental and Resource Economists,2333-5955,University of Chicago Press,FALSE,FALSE,4,NA,NA,NA,N,FALSE,2024,FALSE,TRUE,N,Neither,TRUE
Woerman,Matt,ENRE,2024,JA,a,N,0,NA,Intermittency or uncertainty? Impacts of renewable energy in electricity markets,Journal of the Association of Environmental and Resource Economists,10.1086/729841,woermanmatt.txt,NA,NA,NA,0,0,0,0,NA,NA,0,10.1086/729841,doi:10.1086/729841,1,Active CSU affiliation,journal association environmental resource economists,3.2,2024,Exact journal-year,W4391542603,https://doi.org/10.1086/729841,Intermittency or Uncertainty? Impacts of Renewable Energy in Electricity Markets,2024,2024-02-05,article,10,Journal of the Association of Environmental and Resource Economists,2333-5955,University of Chicago Press,FALSE,FALSE,2,NA,NA,NA,N,FALSE,2024,FALSE,FALSE,N,Neither,TRUE
Costanigro,Marco,Ag and Food,2021,JA,a,N,1,Costanigro;Jablonski,Consumer Stigma and the Reputation Trap Hypothesis,Journal of Wine Economics,10.1017/jwe.2021.8,costanigromarco.txt,NA,NA,NA,0,0,0,0,NA,NA,0,10.1017/jwe.2021.8,doi:10.1017/jwe.2021.8,1,Active CSU affiliation,journal wine economics,2.178,2021,Exact journal-year,W3156003308,https://doi.org/10.1017/jwe.2021.8,Consumer Stigma and the Reputation Trap Hypothesis: An In-Store Experiment with Colorado Wines,2021,2021-04-12,article,2,Journal of Wine Economics,1931-4361,Cambridge University Press,TRUE,FALSE,2,NA,NA,NA,N,TRUE,2021,FALSE,FALSE,N,Neither,TRUE
Jablonski,Becca,Ag and Food,2021,JA,a,U,1,Costanigro;Jablonski,Consumer Stigma and the Reputation Trap Hypothesis,Journal of Wine Economics,10.1017/jwe.2021.8,costanigromarco.txt,NA,NA,NA,0,0,0,0,NA,NA,0,10.1017/jwe.2021.8,doi:10.1017/jwe.2021.8,1,Active CSU affiliation,journal wine economics,2.178,2021,Exact journal-year,W3156003308,https://doi.org/10.1017/jwe.2021.8,Consumer Stigma and the Reputation Trap Hypothesis: An In-Store Experiment with Colorado Wines,2021,2021-04-12,article,2,Journal of Wine Economics,1931-4361,Cambridge University Press,TRUE,FALSE,2,NA,NA,NA,N,TRUE,2021,FALSE,FALSE,N,Neither,TRUE
Delay,Nathan,Ag and Food,2024,JA,a,N,0,NA,Value of Farm Data in Farmland Rental Markets,Land Economics,10.3368/le.100.4.041023-0032R1,delaynathan.txt,NA,NA,NA,0,0,0,0,NA,NA,0,10.3368/le.100.4.041023-0032r1,doi:10.3368/le.100.4.041023-0032r1,1,Active CSU affiliation,land economics,1.6,2024,Exact journal-year,W4393161275,https://doi.org/10.3368/le.100.4.041023-0032r1,Value of Farm Data in Farmland Rental Markets,2024,2024-03-25,article,1,Land Economics,0023-7639,University of Wisconsin Press,FALSE,FALSE,5,NA,NA,NA,N,FALSE,2024,FALSE,FALSE,N,Neither,TRUE
Lewis,Lynne,ENRE,2024,JA,a,N,0,NA,Fat Tails and WTP: Kristrom revisited,Land Economics,10.3368/le.100.4.060823-0052r,lewislynne.txt,NA,NA,NA,0,0,0,0,NA,NA,0,10.3368/le.100.4.060823-0052r,doi:10.3368/le.100.4.060823-0052r,1,Active CSU affiliation,land economics,1.6,2024,Exact journal-year,W4393145512,https://doi.org/10.3368/le.100.4.060823-0052r,"Fat Tails, Flat Tails, and Willingness to Pay: Kriström Revisited",2024,2024-03-25,article,3,Land Economics,0023-7639,University of Wisconsin Press,FALSE,FALSE,3,NA,NA,NA,N,FALSE,2024,FALSE,FALSE,N,Neither,TRUE
Bayham,Jude,ENRE,2026,JA,a,N,0,NA,Are mobility data a substitute for travel cost surveys,Land Economics,10.3368/le.102.3.012626-0015,bayhamjude.txt,NA,NA,NA,0,0,0,0,NA,NA,1,10.3368/le.102.3.012626-0015,doi:10.3368/le.102.3.012626-0015,1,Active CSU affiliation,land economics,1.9,2025,Nearest year (2025),W7135135882,https://doi.org/10.3368/le.102.3.012626-0015,Are Mobile Device Location Data a Substitute for Travel Cost Surveys?,2026,2026-03-11,article,1,Land Economics,0023-7639,University of Wisconsin Press,TRUE,FALSE,3,NA,NA,NA,N,FALSE,2026,FALSE,FALSE,N,Neither,FALSE
Suter,Jordan,ENRE,2021,JA,a,N,0,NA,The Importance of Well Yield in Groundwater Demand Specification,Land Economics,10.3368/wple.97.3.030320-0031r1,suterjordan.txt,NA,NA,NA,0,0,0,0,NA,NA,0,10.3368/wple.97.3.030320-0031r1,doi:10.3368/wple.97.3.030320-0031r1,1,Active CSU affiliation,land economics,2.03,2021,Exact journal-year,W3204241389,https://doi.org/10.3368/wple.97.3.030320-0031r1,The Importance of Well Yield in Groundwater Demand Specifications,2021,2021-08-01,article,1,Land Economics,0023-7639,University of Wisconsin Press,FALSE,FALSE,4,NA,NA,NA,N,FALSE,2021,FALSE,FALSE,N,Neither,TRUE
Burkhardt,Jesse,ENRE,2023,JA,a,N,0,NA,Field experimental evidence on the effect of pricing on residential electricity conservation,Management Science,10.1287/mnsc.2020.02074,burkhardtjesse.txt,NA,NA,NA,0,0,0,0,NA,NA,0,10.1287/mnsc.2020.02074,doi:10.1287/mnsc.2020.02074,1,Active CSU affiliation,management science,5.4,2022,Nearest year (2022),W4388454759,https://doi.org/10.1287/mnsc.2020.02074,Field Experimental Evidence on the Effect of Pricing on Residential Electricity Conservation,2023,2023-11-07,article,29,Management Science,0025-1909,Institute for Operations Research and the Management Sciences,FALSE,FALSE,3,NA,NA,NA,N,FALSE,2023,FALSE,FALSE,N,Neither,TRUE
Countryman,Amanda,Ag and Food,2024,JA,a,Y,0,NA,Consumer willingness to pay for beef based on color and price discounts,Meat Science,10.1016/j.meatsci.2024.109597,countrymanamanda.txt,NA,NA,NA,0,0,0,0,NA,NA,0,10.1016/j.meatsci.2024.109597,doi:10.1016/j.meatsci.2024.109597,1,Active CSU affiliation,meat science,6.1,2024,Exact journal-year,W4400612753,https://doi.org/10.1016/j.meatsci.2024.109597,Consumer willingness to pay (WTP) for beef based on color and price discounts,2024,2024-07-14,article,24,Meat Science,0309-1740,Elsevier BV,TRUE,FALSE,5,NA,NA,NA,Y,FALSE,2024,FALSE,FALSE,Y,CV only,TRUE
Bayham,Jude,ENRE,2021,JA,b,N,0,NA,Maximizing the Efficiency of Active Case Finding for SARS-CoV-2 Using Bandit Algorithms,Medical Decision Making,10.1177/0272989x211021603,bayhamjude.txt,NA,NA,NA,0,0,0,0,NA,NA,0,10.1177/0272989x211021603,doi:10.1177/0272989x211021603,1,Active CSU affiliation,medical decision making,2.749,2021,Exact journal-year,W3168577360,https://doi.org/10.1177/0272989x211021603,Maximizing the Efficiency of Active Case Finding for SARS-CoV-2 Using Bandit Algorithms,2021,2021-06-14,article,9,Medical Decision Making,0272-989X,SAGE Publishing,TRUE,FALSE,16,NA,NA,NA,N,FALSE,2021,FALSE,FALSE,N,Neither,TRUE
Enns,Kellie,Ag Ed,2023,JA,b,Y,0,NA,Impacts of the COVID-19 Pandemic on Student Performance and Perceptions of Learning,NACTA Journal,10.56103/nactaj.v67i1.94,ennskellie.txt,NA,NA,NA,0,0,0,0,NA,NA,0,10.56103/nactaj.v67i1.94,doi:10.56103/nactaj.v67i1.94,1,Active CSU affiliation,nacta journal,NA,NA,No IF match,W4382025137,https://doi.org/10.56103/nactaj.v67i1.94,Impacts of the COVID-19 Pandemic on Student Performance and Perceptions of Learning,2023,2023-06-07,article,2,NACTA Journal,0149-4910,NA,TRUE,FALSE,3,NA,NA,NA,Y,FALSE,2023,FALSE,FALSE,Y,CV only,TRUE
Bennett,Jenny,Ag Ed,2025,JA,b,N,1,Bennett;Clark;Enns,An examination of the effectiveness of an institutional intervention to improve retention,NACTA Journal,10.56103/nactaj.v69i1.210,bennettjenny.txt,NA,NA,NA,0,0,0,0,NA,NA,0,10.56103/nactaj.v69i1.210,doi:10.56103/nactaj.v69i1.210,1,Active CSU affiliation,nacta journal,NA,NA,No IF match,W4410430809,https://doi.org/10.56103/nactaj.v69i1.210,Examination of the Effectiveness of an Institutional Intervention to Improve Retention at an Agricultural College,2025,2025-05-16,article,0,NACTA Journal,0149-4910,NA,TRUE,FALSE,6,NA,NA,NA,N,FALSE,2025,FALSE,FALSE,N,Neither,TRUE
Clark,Nathan,Ag Ed,2025,JA,b,N,1,Bennett;Clark;Enns,An examination of the effectiveness of an institutional intervention to improve retention,NACTA Journal,10.56103/nactaj.v69i1.210,clarknathan.txt,NA,NA,NA,0,0,0,0,NA,NA,0,10.56103/nactaj.v69i1.210,doi:10.56103/nactaj.v69i1.210,1,Active CSU affiliation,nacta journal,NA,NA,No IF match,W4410430809,https://doi.org/10.56103/nactaj.v69i1.210,Examination of the Effectiveness of an Institutional Intervention to Improve Retention at an Agricultural College,2025,2025-05-16,article,0,NACTA Journal,0149-4910,NA,TRUE,FALSE,6,NA,NA,NA,N,FALSE,2025,FALSE,FALSE,N,Neither,TRUE
Enns,Kellie,Ag Ed,2025,JA,b,N,1,Bennett;Clark;Enns,An examination of the effectiveness of an institutional intervention to improve retention,NACTA Journal,10.56103/nactaj.v69i1.210,ennskellie.txt,NA,NA,NA,0,0,0,0,NA,NA,0,10.56103/nactaj.v69i1.210,doi:10.56103/nactaj.v69i1.210,1,Active CSU affiliation,nacta journal,NA,NA,No IF match,W4410430809,https://doi.org/10.56103/nactaj.v69i1.210,Examination of the Effectiveness of an Institutional Intervention to Improve Retention at an Agricultural College,2025,2025-05-16,article,0,NACTA Journal,0149-4910,NA,TRUE,FALSE,6,NA,NA,NA,N,FALSE,2025,FALSE,FALSE,N,Neither,TRUE
Woerman,Matt,ENRE,2026,JA,a,NA,0,NA,Reproducibility and robustness of economics and political science research,Nature,10.1038/s41586-026-10251-x,Google Scholar,NA,NA,NA,0,0,0,0,NA,NA,1,10.1038/s41586-026-10251-x,doi:10.1038/s41586-026-10251-x,1,Active CSU affiliation,nature,56.1,2025,Nearest year (2025),W7147329468,https://doi.org/10.1038/s41586-026-10251-x,Reproducibility and robustness of economics and political science research,2026,2026-04-01,article,7,Nature,0028-0836,Nature Portfolio,TRUE,FALSE,100,NA,NA,NA,U,FALSE,2026,FALSE,FALSE,U,Undetermined,FALSE
Burkhardt,Jesse,ENRE,2025,JA,a,N,0,NA,Solar energy resource availability under extreme and historical wildfire smoke conditions,Nature Communications,10.1038/s41467-024-54163-8,burkhardtjesse.txt,NA,NA,NA,0,0,0,0,NA,NA,0,10.1038/s41467-024-54163-8,doi:10.1038/s41467-024-54163-8,1,Active CSU affiliation,nature communications,18.1,2025,Exact journal-year,W4406001170,https://doi.org/10.1038/s41467-024-54163-8,Solar energy resource availability under extreme and historical wildfire smoke conditions,2025,2025-01-02,article,20,Nature Communications,2041-1723,Nature Portfolio,TRUE,FALSE,6,NA,NA,NA,N,FALSE,2025,FALSE,FALSE,N,Neither,TRUE
Seidl,Andrew,ENRE,2021,JA,a,N,0,NA,The effectiveness of national biodiversity investments to protect the wealth of nature,Nature Ecology and Evolution,10.1038/s41559-020-01372-1,seidlandrew.txt,NA,NA,NA,0,0,0,0,NA,NA,0,10.1038/s41559-020-01372-1,doi:10.1038/s41559-020-01372-1,1,Active CSU affiliation,nature ecology evolution,19.1,2021,Exact journal-year,W3122428385,https://doi.org/10.1038/s41559-020-01372-1,The effectiveness of national biodiversity investments to protect the wealth of nature,2021,2021-01-18,article,47,Nature Ecology & Evolution,2397-334X,Nature Portfolio,FALSE,FALSE,5,1,Kelvin Mulungu,FALSE,N,FALSE,2021,FALSE,FALSE,N,Neither,TRUE
Seidl,Andrew,ENRE,2023,JA,a,N,0,NA,Crowdfunding marine and coastal parks and protected areas,Ocean & Coastal Management,10.1016/j.ocecoaman.2023.106726,seidlandrew.txt,NA,NA,NA,0,0,0,0,NA,NA,0,10.1016/j.ocecoaman.2023.106726,doi:10.1016/j.ocecoaman.2023.106726,1,Active CSU affiliation,ocean coastal management,NA,NA,No IF match,W4383032658,https://doi.org/10.1016/j.ocecoaman.2023.106726,Crowdfunding marine and coastal protected areas: Reducing the revenue gap and financial vulnerabilities revealed by COVID-19,2023,2023-07-03,article,10,Ocean & Coastal Management,0964-5691,Elsevier BV,FALSE,FALSE,11,1,Kelly Wallace,FALSE,N,FALSE,2023,FALSE,FALSE,N,Neither,TRUE
Seidl,Andrew,ENRE,2021,JA,a,N,0,NA,Building sustainable financing for resilient protected and conserved areas,PARKS,10.2305/IUCN.CH.2021.PARKS-27-SITC.en,seidlandrew.txt,NA,NA,NA,0,0,0,0,NA,NA,0,10.2305/iucn.ch.2021.parks-27-sitc.en,doi:10.2305/iucn.ch.2021.parks-27-sitc.en,1,Active CSU affiliation,parks,NA,NA,No IF match,W3137015242,https://doi.org/10.2305/iucn.ch.2021.parks-27-sitc.en,Building sustainable finance for resilient protected and conserved areas: lessons from COVID-19,2021,2021-03-11,article,35,PARKS,0960-233X,World Commission on Protected Areas,TRUE,FALSE,7,NA,NA,NA,N,FALSE,2021,FALSE,FALSE,N,Neither,TRUE
Hoag,Dana,ENRE,2026,JA,a,N,0,NA,Drivers of wolf depredation reporting and compensation use intentions by livestock producers,PeerJ,10.7717/peerj.20732,Google Scholar,NA,NA,NA,0,0,0,0,NA,NA,1,10.7717/peerj.20732,doi:10.7717/peerj.20732,1,Active CSU affiliation,peerj,2.9,2025,Nearest year (2025),W7127181137,https://doi.org/10.7717/peerj.20732,Drivers of wolf depredation reporting and compensation use intentions by livestock producers,2026,2026-02-02,article,0,PeerJ,2167-8359,"PeerJ, Inc.",TRUE,FALSE,6,NA,NA,NA,N,FALSE,2026,FALSE,FALSE,N,Neither,FALSE
Suter,Jordan,ENRE,2022,JA,a,Y,0,NA,Summer Crowds: USFS Campground Reservations During the COVID-19 Pandemic,PLOS ONE,10.1371/journal.pone.0261833,suterjordan.txt,NA,NA,NA,0,0,0,0,NA,NA,0,10.1371/journal.pone.0261833,doi:10.1371/journal.pone.0261833,1,Active CSU affiliation,plos one,3.7,2022,Exact journal-year,W4206111445,https://doi.org/10.1371/journal.pone.0261833,Summer crowds: An analysis of USFS campground reservations during the COVID-19 pandemic,2022,2022-01-12,article,10,PLoS ONE,1932-6203,Public Library of Science,TRUE,FALSE,3,1,Mostafa Shartaj,TRUE,Y,FALSE,2022,FALSE,FALSE,Y,CV and registrar,TRUE
Countryman,Amanda,Ag and Food,2024,JA,a,Y,0,NA,Economic effects of livestock disease burden in Ethiopia: a CGE analysis,PLOS ONE,10.1371/journal.pone.0310268,countrymanamanda.txt,NA,NA,NA,0,0,0,0,NA,NA,0,10.1371/journal.pone.0310268,doi:10.1371/journal.pone.0310268,1,Active CSU affiliation,plos one,2.6,2024,Exact journal-year,W4405940882,https://doi.org/10.1371/journal.pone.0310268,Economic effects of livestock disease burden in Ethiopia: A computable general equilibrium analysis,2024,2024-12-31,article,14,PLoS ONE,1932-6203,Public Library of Science,TRUE,FALSE,5,NA,NA,NA,Y,FALSE,2024,FALSE,FALSE,Y,CV only,TRUE
Delay,Nathan,Ag and Food,2025,JA,a,N,1,Delay;Mooney,Externalities in Wild Pig Damages on US Crop and Livestock Farms,PLOS ONE,10.1371/journal.pone.0320316,delaynathan.txt,NA,NA,NA,0,0,0,0,NA,NA,0,10.1371/journal.pone.0320316,doi:10.1371/journal.pone.0320316,1,Active CSU affiliation,plos one,2.8,2025,Exact journal-year,W4409325059,https://doi.org/10.1371/journal.pone.0320316,Externalities in wild pig damages on U.S. crop and livestock farms: The role of landowner actions and landscape heterogeneity,2025,2025-04-10,article,2,PLoS ONE,1932-6203,Public Library of Science,TRUE,FALSE,4,NA,NA,NA,N,FALSE,2025,FALSE,FALSE,N,Neither,TRUE
Mooney,Daniel,Ag and Food,2025,JA,a,N,1,Delay;Mooney,Externalities in Wild Pig Damages on US Crop and Livestock Farms,PLOS ONE,10.1371/journal.pone.0320316,mooneydaniel.txt,NA,NA,NA,0,0,0,0,NA,NA,0,10.1371/journal.pone.0320316,doi:10.1371/journal.pone.0320316,1,Active CSU affiliation,plos one,2.8,2025,Exact journal-year,W4409325059,https://doi.org/10.1371/journal.pone.0320316,Externalities in wild pig damages on U.S. crop and livestock farms: The role of landowner actions and landscape heterogeneity,2025,2025-04-10,article,2,PLoS ONE,1932-6203,Public Library of Science,TRUE,FALSE,4,NA,NA,NA,N,FALSE,2025,FALSE,FALSE,N,Neither,TRUE
Goemans,Chris,ENRE,2024,JA,a,N,0,NA,A review of residential water conservation policies,PLOS Water,10.1371/journal.pwat.0000278,goemanschris.txt,NA,NA,NA,0,0,0,0,NA,NA,0,10.1371/journal.pwat.0000278,doi:10.1371/journal.pwat.0000278,1,Active CSU affiliation,plos water,2.8,2024,Exact journal-year,W4401695105,https://doi.org/10.1371/journal.pwat.0000278,A review of residential water conservation policies and attempts to measure their effectiveness,2024,2024-08-19,article,11,PLOS Water,2767-3219,Public Library of Science,TRUE,FALSE,3,NA,NA,NA,N,FALSE,2024,FALSE,FALSE,N,Neither,TRUE
Delay,Nathan,Ag and Food,2021,JA,a,N,0,NA,Understanding the Farm Data Lifecycle,Precision Agriculture,10.1007/s11119-021-09807-w,delaynathan.txt,NA,NA,NA,0,0,0,0,NA,NA,0,10.1007/s11119-021-09807-w,doi:10.1007/s11119-021-09807-w,1,Active CSU affiliation,precision agriculture,5.767,2021,Exact journal-year,W3158856111,https://doi.org/10.1007/s11119-021-09807-w,"Understanding the farm data lifecycle: collection, use, and impact of farm data on U.S. commercial corn and soybean farms",2021,2021-04-24,article,19,Precision Agriculture,1385-2256,Springer Science+Business Media,TRUE,FALSE,3,NA,NA,NA,N,FALSE,2021,FALSE,FALSE,N,Neither,TRUE
Countryman,Amanda,Ag and Food,2025,JA,a,U,0,NA,Integrating epidemiological and economic models to estimate FMD outbreak cost in Brazil,Preventive Veterinary Medicine,10.1016/j.prevetmed.2025.106558,countrymanamanda.txt,NA,NA,NA,0,0,0,0,NA,NA,0,10.1016/j.prevetmed.2025.106558,doi:10.1016/j.prevetmed.2025.106558,1,Active CSU affiliation,preventive veterinary medicine,2.8,2025,Exact journal-year,W4410384050,https://doi.org/10.1016/j.prevetmed.2025.106558,Integrating epidemiological and economic models to estimate the cost of simulated foot-and-mouth disease outbreaks in Brazil,2025,2025-05-15,article,3,Preventive Veterinary Medicine,0167-5877,Elsevier BV,FALSE,FALSE,8,NA,NA,NA,U,FALSE,2025,FALSE,FALSE,U,Undetermined,TRUE
Bayham,Jude,ENRE,2021,JA,a,N,0,NA,Measuring voluntary and policy-induced social distancing behavior during COVID-19,Proceedings of the National Academy of Sciences,10.1073/pnas.2008814118,bayhamjude.txt,NA,NA,NA,0,0,0,0,NA,NA,0,10.1073/pnas.2008814118,doi:10.1073/pnas.2008814118,1,Active CSU affiliation,proceedings national academy sciences,11.1,2022,Nearest year (2022),W3141737218,https://doi.org/10.1073/pnas.2008814118,Measuring voluntary and policy-induced social distancing behavior during the COVID-19 pandemic,2021,2021-04-05,article,167,Proceedings of the National Academy of Sciences,0027-8424,National Academy of Sciences,TRUE,FALSE,6,NA,NA,NA,N,FALSE,2021,FALSE,FALSE,N,Neither,TRUE
Countryman,Amanda,Ag and Food,2021,JA,b,N,0,NA,"The Impacts of COVID-19 on GDP, food prices, and food security",Q Open,10.1093/qopen/qoab005,countrymanamanda.txt,NA,NA,NA,0,0,0,0,NA,NA,0,10.1093/qopen/qoab005,doi:10.1093/qopen/qoab005,1,Active CSU affiliation,q open,2.3,2025,Nearest year (2025),W3146301825,https://doi.org/10.1093/qopen/qoab005,"The impacts of COVID-19 on GDP, food prices, and food security",2021,2021-01-01,article,51,Q Open,2633-9048,Oxford University Press,TRUE,FALSE,3,NA,NA,NA,N,FALSE,2021,FALSE,FALSE,N,Neither,TRUE
Kroll,Stephan,ENRE,2021,JA,b,N,0,NA,Inequality Hinders Group Efforts to Avoid Environmental Disasters,Q Open,10.1093/qopen/qoab006,krollstephan.txt,NA,NA,NA,0,0,0,0,NA,NA,0,10.1093/qopen/qoab006,doi:10.1093/qopen/qoab006,1,Active CSU affiliation,q open,2.3,2025,Nearest year (2025),W3160910648,https://doi.org/10.1093/qopen/qoab006,Inequality hinders group efforts to avoid environmental disasters,2021,2021-01-01,article,3,Q Open,2633-9048,Oxford University Press,TRUE,FALSE,2,NA,NA,NA,N,FALSE,2021,FALSE,FALSE,N,Neither,TRUE
Countryman,Amanda,Ag and Food,2021,JA,b,N,0,NA,Safeguard Measures and Fresh Produce Trade: U.S. Blueberry Imports,Q Open,10.1093/qopen/qoab018,countrymanamanda.txt,NA,NA,NA,0,0,0,0,NA,NA,0,10.1093/qopen/qoab018,doi:10.1093/qopen/qoab018,1,Active CSU affiliation,q open,2.3,2025,Nearest year (2025),W3203835871,https://doi.org/10.1093/qopen/qoab018,Safeguard measures and fresh produce trade: The case of US blueberry imports,2021,2021-01-01,article,2,Q Open,2633-9048,Oxford University Press,TRUE,FALSE,2,NA,NA,NA,N,FALSE,2021,FALSE,FALSE,N,Neither,TRUE
Countryman,Amanda,Ag and Food,2022,JA,b,Y,0,NA,Economic Assessment of Foot-and-Mouth Disease Outbreaks in Brazil,Q Open,10.1093/qopen/qoac028,countrymanamanda.txt,NA,NA,NA,0,0,0,0,NA,NA,0,10.1093/qopen/qoac028,doi:10.1093/qopen/qoac028,1,Active CSU affiliation,q open,2.3,2025,Nearest year (2025),W4302760106,https://doi.org/10.1093/qopen/qoac028,Economic assessment of foot-and-mouth disease outbreaks in Brazil,2022,2022-01-01,article,15,Q Open,2633-9048,Oxford University Press,TRUE,FALSE,4,NA,NA,NA,Y,FALSE,2022,FALSE,FALSE,Y,CV only,TRUE
Mooney,Daniel,Ag and Food,2023,JA,b,N,0,NA,Type and Frequency of Wild Pig-Domestic Livestock Contacts and Operator Concern,Q Open,10.1093/qopen/qoad027,mooneydaniel.txt,NA,NA,NA,0,0,0,0,NA,NA,0,10.1093/qopen/qoad027,doi:10.1093/qopen/qoad027,1,Active CSU affiliation,q open,2.3,2025,Nearest year (2025),W4387648594,https://doi.org/10.1093/qopen/qoad027,Type and frequency of wild pig-domestic livestock contacts and operator concern for disease spread,2023,2023-01-01,article,5,Q Open,2633-9048,Oxford University Press,TRUE,FALSE,3,NA,NA,NA,N,FALSE,2023,FALSE,FALSE,N,Neither,TRUE
Chouinard,Hayley,Ag and Food,2026,JA,a,NA,1,Chouinard;Costanigro,"Food fights in the classroom: a case study exploring the connections between economic reasoning, critical thinking, engagement, and dialogue in polarized contexts",Q Open,10.1093/qopen/qoag010,Google Scholar,NA,NA,NA,0,0,0,0,NA,NA,1,10.1093/qopen/qoag010,doi:10.1093/qopen/qoag010,1,Active CSU affiliation,q open,2.3,2025,Nearest year (2025),W7151891273,https://doi.org/10.1093/qopen/qoag010,"Food fights in the classroom: a case study exploring the connections between economic reasoning, critical thinking, engagement, and dialogue in polarized contexts",2026,2026-04-04,article,1,Q Open,2633-9048,Oxford University Press,TRUE,FALSE,2,NA,NA,NA,U,FALSE,2026,FALSE,FALSE,U,Undetermined,FALSE
Costanigro,Marco,Ag and Food,2026,JA,a,NA,1,Chouinard;Costanigro,"Food fights in the classroom: a case study exploring the connections between economic reasoning, critical thinking, engagement, and dialogue in polarized contexts",Q Open,10.1093/qopen/qoag010,Google Scholar,NA,NA,NA,0,0,0,0,NA,NA,1,10.1093/qopen/qoag010,doi:10.1093/qopen/qoag010,1,Active CSU affiliation,q open,2.3,2025,Nearest year (2025),W7151891273,https://doi.org/10.1093/qopen/qoag010,"Food fights in the classroom: a case study exploring the connections between economic reasoning, critical thinking, engagement, and dialogue in polarized contexts",2026,2026-04-04,article,1,Q Open,2633-9048,Oxford University Press,TRUE,FALSE,2,NA,NA,NA,U,FALSE,2026,FALSE,FALSE,U,Undetermined,FALSE
Thilmany,Dawn,Ag and Food,2026,JA,a,NA,0,NA,Assessing Factors Contributing to a Healthy Work Ecosystem in the Applied Economics Profession,Q Open,10.1093/qopen/qoag018,Google Scholar,NA,NA,NA,0,0,0,0,NA,NA,1,10.1093/qopen/qoag018,doi:10.1093/qopen/qoag018,1,Active CSU affiliation,q open,2.3,2025,Nearest year (2025),W7163986589,https://doi.org/10.1093/qopen/qoag018,Assessing factors contributing to a healthy work ecosystem in the applied economics profession,2026,2026-06-06,article,0,Q Open,2633-9048,Oxford University Press,TRUE,FALSE,8,NA,NA,NA,U,FALSE,2026,FALSE,FALSE,U,Undetermined,FALSE
Ritten,John,Ag and Food,2022,JA,a,Y,0,NA,Evaluating economic impacts of prairie dog-cattle competition on ranching enterprises,Rangeland Ecology & Management,10.1016/j.rama.2022.09.003,rittenjohn.txt,NA,NA,NA,0,0,0,0,NA,NA,0,10.1016/j.rama.2022.09.003,doi:10.1016/j.rama.2022.09.003,1,Active CSU affiliation,rangeland ecology management,2.3,2022,Exact journal-year,W4307954858,https://doi.org/10.1016/j.rama.2022.09.003,Evaluating Prairie Dog–Cattle Competition from the Perspective of a Ranching Enterprise in the Western Great Plains: Economic Analysis of Potential Effects on Long-Term Profitability,2022,2022-10-30,article,10,Rangeland Ecology & Management,1550-7424,Elsevier BV,FALSE,FALSE,6,NA,NA,NA,Y,FALSE,2022,FALSE,FALSE,Y,CV only,TRUE
Ritten,John,Ag and Food,2024,JA,a,N,0,NA,Flexible Stocking: Livestock Production and Economic Responses in Mixed-Grass Prairie,Rangeland Ecology & Management,10.1016/j.rama.2024.01.007,rittenjohn.txt,NA,NA,NA,0,0,0,0,NA,NA,0,10.1016/j.rama.2024.01.007,doi:10.1016/j.rama.2024.01.007,1,Active CSU affiliation,rangeland ecology management,2.4,2024,Exact journal-year,W4391848077,https://doi.org/10.1016/j.rama.2024.01.007,Flexible Stocking: Livestock Production and Economic Responses in Mixed-Grass Prairie,2024,2024-02-15,article,2,Rangeland Ecology & Management,1550-7424,Elsevier BV,TRUE,FALSE,6,NA,NA,NA,N,FALSE,2024,FALSE,FALSE,N,Neither,TRUE
Hoag,Dana,ENRE,2024,JA,a,N,0,NA,"What's in a Name? Standardizing Terminology for the Enhancement of Research, Extension, and Industry Applications of Virtual Fence Use on Grazing Livestock",Rangeland Ecology & Management,10.1016/j.rama.2024.03.004,Google Scholar,NA,NA,NA,0,0,0,0,NA,NA,0,10.1016/j.rama.2024.03.004,doi:10.1016/j.rama.2024.03.004,1,Active CSU affiliation,rangeland ecology management,2.4,2024,Exact journal-year,W4394903695,https://doi.org/10.1016/j.rama.2024.03.004,"What's in a Name? Standardizing Terminology for the Enhancement of Research, Extension, and Industry Applications of Virtual Fence Use on Grazing Livestock",2024,2024-04-17,article,11,Rangeland Ecology & Management,1550-7424,Elsevier BV,TRUE,FALSE,11,NA,NA,NA,N,FALSE,2024,FALSE,FALSE,N,Neither,TRUE
Ritten,John,Ag and Food,2025,JA,a,N,0,NA,Does drought intensify effects of black-tailed prairie dog on livestock production,Rangeland Ecology & Management,10.1016/j.rama.2024.04.011,rittenjohn.txt,NA,NA,NA,0,0,0,0,NA,NA,0,10.1016/j.rama.2024.04.011,doi:10.1016/j.rama.2024.04.011,1,Active CSU affiliation,rangeland ecology management,2.9,2025,Exact journal-year,W4399202799,https://doi.org/10.1016/j.rama.2024.04.011,Does Drought Intensify the Effects of Black-Tailed Prairie Dogs on Livestock Production and Net Revenue in Semiarid Rangelands?,2024,2024-05-31,article,5,Rangeland Ecology & Management,1550-7424,Elsevier BV,FALSE,FALSE,4,NA,NA,NA,N,FALSE,2025,FALSE,TRUE,N,Neither,TRUE
Hoag,Dana,ENRE,2024,JA,a,Y,1,Hoag;Mooney,Beef Cattle Producer Perspectives on Virtual Fencing,Rangeland Ecology & Management,10.1016/j.rama.2024.06.004,hoagdana.txt,NA,NA,NA,0,0,0,0,NA,NA,0,10.1016/j.rama.2024.06.004,doi:10.1016/j.rama.2024.06.004,1,Active CSU affiliation,rangeland ecology management,2.4,2024,Exact journal-year,W4401021950,https://doi.org/10.1016/j.rama.2024.06.004,Beef Cattle Producer Perspectives on Virtual Fencing,2024,2024-07-26,article,17,Rangeland Ecology & Management,1550-7424,Elsevier BV,TRUE,FALSE,7,NA,NA,NA,Y,FALSE,2024,FALSE,FALSE,Y,CV only,TRUE
Mooney,Daniel,Ag and Food,2024,JA,a,Y,1,Hoag;Mooney,Beef Cattle Producer Perspectives on Virtual Fencing,Rangeland Ecology & Management,10.1016/j.rama.2024.06.004,mooneydaniel.txt,NA,NA,NA,0,0,0,0,NA,NA,0,10.1016/j.rama.2024.06.004,doi:10.1016/j.rama.2024.06.004,1,Active CSU affiliation,rangeland ecology management,2.4,2024,Exact journal-year,W4401021950,https://doi.org/10.1016/j.rama.2024.06.004,Beef Cattle Producer Perspectives on Virtual Fencing,2024,2024-07-26,article,17,Rangeland Ecology & Management,1550-7424,Elsevier BV,TRUE,FALSE,7,NA,NA,NA,Y,FALSE,2024,FALSE,FALSE,Y,CV only,TRUE
Ritten,John,Ag and Food,2025,JA,a,Y,0,NA,US Beef Cattle Inventory Trends with Implications for Land Use and Rangelands,Rangeland Ecology & Management,10.1016/j.rama.2025.01.007,rittenjohn.txt,NA,NA,NA,0,0,0,0,NA,NA,0,10.1016/j.rama.2025.01.007,doi:10.1016/j.rama.2025.01.007,1,Active CSU affiliation,rangeland ecology management,2.9,2025,Exact journal-year,W4408251596,https://doi.org/10.1016/j.rama.2025.01.007,US Beef Cattle Inventory Trends With Implications for Land Use and Rangelands,2025,2025-03-08,article,4,Rangeland Ecology & Management,1550-7424,Elsevier BV,TRUE,FALSE,4,NA,NA,NA,Y,FALSE,2025,FALSE,FALSE,Y,CV only,TRUE
Ritten,John,Ag and Food,2025,JA,a,N,0,NA,Does Initial Body Size Influence Weight Gain of Stocker Steers,Rangeland Ecology & Management,10.1016/j.rama.2025.08.009,rittenjohn.txt,NA,NA,NA,0,0,0,0,NA,NA,0,10.1016/j.rama.2025.08.009,doi:10.1016/j.rama.2025.08.009,1,Active CSU affiliation,rangeland ecology management,2.9,2025,Exact journal-year,W4414414261,https://doi.org/10.1016/j.rama.2025.08.009,Does Initial Body Size Influence Weight Gain of Stocker Steers During the Growing Season in Semiarid Western Great Plains Rangeland?,2025,2025-09-23,article,0,Rangeland Ecology & Management,1550-7424,Elsevier BV,TRUE,FALSE,5,NA,NA,NA,N,FALSE,2025,FALSE,FALSE,N,Neither,TRUE
Enns,Kellie,Ag Ed,2025,JA,a,U,1,Enns;Ritten,Steer Growth Performance and Enteric Gas Flux Across Backgrounding Phases,Rangeland Ecology & Management,10.1016/j.rama.2025.08.010,rittenjohn.txt,NA,NA,NA,0,0,0,0,NA,NA,0,10.1016/j.rama.2025.08.010,doi:10.1016/j.rama.2025.08.010,1,Active CSU affiliation,rangeland ecology management,2.9,2025,Exact journal-year,W4414479085,https://doi.org/10.1016/j.rama.2025.08.010,Steer Growth Performance and Enteric Gas Flux Across Backgrounding Phases in the Western Great Plains,2025,2025-09-24,article,1,Rangeland Ecology & Management,1550-7424,Elsevier BV,TRUE,FALSE,13,NA,NA,NA,N,TRUE,2025,FALSE,FALSE,N,Neither,TRUE
Ritten,John,Ag and Food,2025,JA,a,N,1,Enns;Ritten,Steer Growth Performance and Enteric Gas Flux Across Backgrounding Phases,Rangeland Ecology & Management,10.1016/j.rama.2025.08.010,rittenjohn.txt,NA,NA,NA,0,0,0,0,NA,NA,0,10.1016/j.rama.2025.08.010,doi:10.1016/j.rama.2025.08.010,1,Active CSU affiliation,rangeland ecology management,2.9,2025,Exact journal-year,W4414479085,https://doi.org/10.1016/j.rama.2025.08.010,Steer Growth Performance and Enteric Gas Flux Across Backgrounding Phases in the Western Great Plains,2025,2025-09-24,article,1,Rangeland Ecology & Management,1550-7424,Elsevier BV,TRUE,FALSE,13,NA,NA,NA,N,TRUE,2025,FALSE,FALSE,N,Neither,TRUE
Ritten,John,Ag and Food,2026,JA,a,NA,0,NA,Unravelling the Influence of Adaptive Grazing Management with Multiple Paddocks on Cattle Production in Semiarid Rangeland,Rangeland Ecology & Management,10.1016/j.rama.2026.03.004,Google Scholar,NA,NA,NA,0,0,0,0,NA,NA,1,10.1016/j.rama.2026.03.004,doi:10.1016/j.rama.2026.03.004,1,Active CSU affiliation,rangeland ecology management,2.9,2025,Nearest year (2025),W7155510746,https://doi.org/10.1016/j.rama.2026.03.004,Unravelling the Influence of Adaptive Grazing Management with Multiple Paddocks on Cattle Production in Semiarid Rangeland,2026,2026-04-24,article,0,Rangeland Ecology & Management,1550-7424,Elsevier BV,TRUE,FALSE,8,NA,NA,NA,U,FALSE,2026,FALSE,FALSE,U,Undetermined,FALSE
Ritten,John,Ag and Food,2026,JA,a,NA,0,NA,"Adaptive, Multipaddock Grazing Management Increased C3 and Reduced C4 Graminoids Without Changing Total Forage Production in Shortgrass Steppe",Rangeland Ecology & Management,10.1016/j.rama.2026.04.003,Google Scholar,NA,NA,NA,0,0,0,0,NA,NA,1,10.1016/j.rama.2026.04.003,doi:10.1016/j.rama.2026.04.003,1,Active CSU affiliation,rangeland ecology management,2.9,2025,Nearest year (2025),W7162435065,https://doi.org/10.1016/j.rama.2026.04.003,"Adaptive, Multipaddock Grazing Management Increased C3 and Reduced C4 Graminoids Without Changing Total Forage Production in Shortgrass Steppe",2026,2026-05-26,article,0,Rangeland Ecology & Management,1550-7424,Elsevier BV,TRUE,FALSE,7,NA,NA,NA,U,FALSE,2026,FALSE,FALSE,U,Undetermined,FALSE
Ritten,John,Ag and Food,2026,JA,a,NA,0,NA,Nutrient Runoff From North American Grasslands,Rangeland Ecology & Management,10.1016/j.rama.2026.05.006,Google Scholar,NA,NA,NA,0,0,0,0,NA,NA,1,10.1016/j.rama.2026.05.006,doi:10.1016/j.rama.2026.05.006,1,Active CSU affiliation,rangeland ecology management,2.9,2025,Nearest year (2025),W7166506521,https://doi.org/10.1016/j.rama.2026.05.006,Nutrient Runoff From North American Grasslands,2026,2026-06-29,article,0,Rangeland Ecology & Management,1550-7424,Elsevier BV,TRUE,FALSE,10,NA,NA,NA,U,FALSE,2026,FALSE,FALSE,U,Undetermined,FALSE
Ritten,John,Ag and Food,2022,JA,b,N,0,NA,Social learning lessons from Collaborative Adaptive Rangeland Management,Rangelands,10.1016/j.rala.2021.02.002,rittenjohn.txt,NA,NA,NA,0,0,0,0,NA,NA,0,10.1016/j.rala.2021.02.002,doi:10.1016/j.rala.2021.02.002,1,Active CSU affiliation,rangelands,NA,NA,No IF match,W3148129500,https://doi.org/10.1016/j.rala.2021.02.002,Social learning lessons from Collaborative Adaptive Rangeland Management,2021,2021-04-02,article,28,Rangelands,0190-0528,Elsevier BV,TRUE,FALSE,9,NA,NA,NA,N,FALSE,2022,FALSE,TRUE,N,Neither,TRUE
Ritten,John,Ag and Food,2022,JA,b,N,0,NA,Adaptive Grazing Management in Semiarid Rangelands: An Outcome-driven Focus,Rangelands,10.1016/j.rala.2021.02.004,rittenjohn.txt,NA,NA,NA,0,0,0,0,NA,NA,0,10.1016/j.rala.2021.02.004,doi:10.1016/j.rala.2021.02.004,1,Active CSU affiliation,rangelands,NA,NA,No IF match,W3143326807,https://doi.org/10.1016/j.rala.2021.02.004,Adaptive grazing management in semiarid rangelands: An outcome-driven focus,2021,2021-04-01,article,30,Rangelands,0190-0528,Elsevier BV,TRUE,FALSE,8,NA,NA,NA,N,FALSE,2022,FALSE,TRUE,N,Neither,TRUE
Ritten,John,Ag and Food,2022,JA,b,Y,0,NA,Stocking rate and marketing dates for yearling steers grazing rangelands,Rangelands,10.1016/j.rala.2022.04.002,rittenjohn.txt,NA,NA,NA,0,0,0,0,NA,NA,0,10.1016/j.rala.2022.04.002,doi:10.1016/j.rala.2022.04.002,1,Active CSU affiliation,rangelands,NA,NA,No IF match,W4281652952,https://doi.org/10.1016/j.rala.2022.04.002,Stocking rate and marketing dates for yearling steers grazing rangelands: Can producers do things differently to increase economic net benefits?,2022,2022-06-03,article,11,Rangelands,0190-0528,Elsevier BV,TRUE,FALSE,9,NA,NA,NA,Y,FALSE,2022,FALSE,FALSE,Y,CV only,TRUE
Ritten,John,Ag and Food,2022,JA,b,N,0,NA,Balancing Ecosystem Service Outcomes at the Ranch-Scale in Shortgrass Steppe,Rangelands,10.1016/j.rala.2022.05.003,rittenjohn.txt,NA,NA,NA,0,0,0,0,NA,NA,0,10.1016/j.rala.2022.05.003,doi:10.1016/j.rala.2022.05.003,1,Active CSU affiliation,rangelands,NA,NA,No IF match,W4298120606,https://doi.org/10.1016/j.rala.2022.05.003,Balancing ecosystem service outcomes at the ranch-scale in shortgrass steppe: The role of grazing management,2022,2022-09-30,article,10,Rangelands,0190-0528,Elsevier BV,TRUE,FALSE,8,NA,NA,NA,N,FALSE,2022,FALSE,FALSE,N,Neither,TRUE
Delay,Nathan,Ag and Food,2025,JA,b,N,1,Delay;Hoag;Mooney;Ritten,The Economic Fundamentals of Virtual Fencing Compared to Traditional Fencing,Rangelands,10.1016/j.rala.2024.05.006,delaynathan.txt,NA,NA,NA,0,0,0,0,NA,NA,0,10.1016/j.rala.2024.05.006,doi:10.1016/j.rala.2024.05.006,1,Active CSU affiliation,rangelands,NA,NA,No IF match,W4407209665,https://doi.org/10.1016/j.rala.2024.05.006,The economic fundamentals of virtual fencing compared to traditional fencing,2025,2025-02-01,article,14,Rangelands,0190-0528,Elsevier BV,TRUE,FALSE,8,NA,NA,NA,N,FALSE,2025,FALSE,FALSE,N,Neither,TRUE
Hoag,Dana,ENRE,2025,JA,b,N,1,Delay;Hoag;Mooney;Ritten,The Economic Fundamentals of Virtual Fencing Compared to Traditional Fencing,Rangelands,10.1016/j.rala.2024.05.006,hoagdana.txt,NA,NA,NA,0,0,0,0,NA,NA,0,10.1016/j.rala.2024.05.006,doi:10.1016/j.rala.2024.05.006,1,Active CSU affiliation,rangelands,NA,NA,No IF match,W4407209665,https://doi.org/10.1016/j.rala.2024.05.006,The economic fundamentals of virtual fencing compared to traditional fencing,2025,2025-02-01,article,14,Rangelands,0190-0528,Elsevier BV,TRUE,FALSE,8,NA,NA,NA,N,FALSE,2025,FALSE,FALSE,N,Neither,TRUE
Mooney,Daniel,Ag and Food,2025,JA,b,N,1,Delay;Hoag;Mooney;Ritten,The Economic Fundamentals of Virtual Fencing Compared to Traditional Fencing,Rangelands,10.1016/j.rala.2024.05.006,mooneydaniel.txt,NA,NA,NA,0,0,0,0,NA,NA,0,10.1016/j.rala.2024.05.006,doi:10.1016/j.rala.2024.05.006,1,Active CSU affiliation,rangelands,NA,NA,No IF match,W4407209665,https://doi.org/10.1016/j.rala.2024.05.006,The economic fundamentals of virtual fencing compared to traditional fencing,2025,2025-02-01,article,14,Rangelands,0190-0528,Elsevier BV,TRUE,FALSE,8,NA,NA,NA,N,FALSE,2025,FALSE,FALSE,N,Neither,TRUE
Ritten,John,Ag and Food,2025,JA,b,N,1,Delay;Hoag;Mooney;Ritten,The Economic Fundamentals of Virtual Fencing Compared to Traditional Fencing,Rangelands,10.1016/j.rala.2024.05.006,rittenjohn.txt,NA,NA,NA,0,0,0,0,NA,NA,0,10.1016/j.rala.2024.05.006,doi:10.1016/j.rala.2024.05.006,1,Active CSU affiliation,rangelands,NA,NA,No IF match,W4407209665,https://doi.org/10.1016/j.rala.2024.05.006,The economic fundamentals of virtual fencing compared to traditional fencing,2025,2025-02-01,article,14,Rangelands,0190-0528,Elsevier BV,TRUE,FALSE,8,NA,NA,NA,N,FALSE,2025,FALSE,FALSE,N,Neither,TRUE
Bayham,Jude,ENRE,2023,JA,a,Y,1,Bayham;Berning;Costanigro;Thilmany,Beer sales in grocery and convenience stores: a glass half-full for craft brewers,Regional Studies,10.1080/00343404.2023.2166914,costanigromarco.txt,NA,NA,NA,0,0,0,0,NA,NA,0,10.1080/00343404.2023.2166914,doi:10.1080/00343404.2023.2166914,1,Active CSU affiliation,regional studies,4.2,2024,Nearest year (2024),W4319067211,https://doi.org/10.1080/00343404.2023.2166914,Beer sales in grocery and convenience stores: a glass half-full for craft brewers?,2023,2023-02-03,article,14,Regional Studies,0034-3404,Routledge,TRUE,FALSE,7,1,Nathan Palardy,FALSE,Y,FALSE,2023,FALSE,FALSE,Y,CV only,TRUE
Berning,Joshua,Ag and Food,2023,JA,a,Y,1,Bayham;Berning;Costanigro;Thilmany,Beer sales in grocery and convenience stores: a glass half-full for craft brewers,Regional Studies,10.1080/00343404.2023.2166914,costanigromarco.txt,NA,NA,NA,0,0,0,0,NA,NA,0,10.1080/00343404.2023.2166914,doi:10.1080/00343404.2023.2166914,1,Active CSU affiliation,regional studies,4.2,2024,Nearest year (2024),W4319067211,https://doi.org/10.1080/00343404.2023.2166914,Beer sales in grocery and convenience stores: a glass half-full for craft brewers?,2023,2023-02-03,article,14,Regional Studies,0034-3404,Routledge,TRUE,FALSE,7,1,Nathan Palardy,FALSE,Y,FALSE,2023,FALSE,FALSE,Y,CV only,TRUE
Costanigro,Marco,Ag and Food,2023,JA,a,Y,1,Bayham;Berning;Costanigro;Thilmany,Beer sales in grocery and convenience stores: a glass half-full for craft brewers,Regional Studies,10.1080/00343404.2023.2166914,costanigromarco.txt,NA,NA,NA,0,0,0,0,NA,NA,0,10.1080/00343404.2023.2166914,doi:10.1080/00343404.2023.2166914,1,Active CSU affiliation,regional studies,4.2,2024,Nearest year (2024),W4319067211,https://doi.org/10.1080/00343404.2023.2166914,Beer sales in grocery and convenience stores: a glass half-full for craft brewers?,2023,2023-02-03,article,14,Regional Studies,0034-3404,Routledge,TRUE,FALSE,7,1,Nathan Palardy,FALSE,Y,FALSE,2023,FALSE,FALSE,Y,CV only,TRUE
Thilmany,Dawn,Ag and Food,2023,JA,a,Y,1,Bayham;Berning;Costanigro;Thilmany,Beer sales in grocery and convenience stores: a glass half-full for craft brewers,Regional Studies,10.1080/00343404.2023.2166914,thilmanydawn.txt,NA,NA,NA,0,0,0,0,NA,NA,0,10.1080/00343404.2023.2166914,doi:10.1080/00343404.2023.2166914,1,Active CSU affiliation,regional studies,4.2,2024,Nearest year (2024),W4319067211,https://doi.org/10.1080/00343404.2023.2166914,Beer sales in grocery and convenience stores: a glass half-full for craft brewers?,2023,2023-02-03,article,14,Regional Studies,0034-3404,Routledge,TRUE,FALSE,7,1,Nathan Palardy,FALSE,Y,FALSE,2023,FALSE,FALSE,Y,CV only,TRUE
Bonanno,Alessandro,Ag and Food,2021,JA,a,U,1,Bonanno;Cleary,Enhancing Understanding of Food Purchasing Patterns in the Northeast,Renewable Agriculture and Food Systems,10.1017/s1742170519000371,clearyrebecca.txt,NA,NA,NA,0,0,0,0,NA,NA,0,10.1017/s1742170519000371,doi:10.1017/s1742170519000371,1,Active CSU affiliation,renewable agriculture food systems,2.915,2021,Exact journal-year,W2981340085,https://doi.org/10.1017/s1742170519000371,Enhancing understanding of food purchasing patterns in the Northeast US using multiple datasets,2019,2019-10-25,article,3,Renewable Agriculture and Food Systems,1742-1705,Cambridge University Press,TRUE,FALSE,6,NA,NA,NA,Y,TRUE,2021,FALSE,TRUE,Y,CV only,TRUE
Cleary,Rebecca,Ag and Food,2021,JA,a,Y,1,Bonanno;Cleary,Enhancing Understanding of Food Purchasing Patterns in the Northeast,Renewable Agriculture and Food Systems,10.1017/s1742170519000371,clearyrebecca.txt,NA,NA,NA,0,0,0,0,NA,NA,0,10.1017/s1742170519000371,doi:10.1017/s1742170519000371,1,Active CSU affiliation,renewable agriculture food systems,2.915,2021,Exact journal-year,W2981340085,https://doi.org/10.1017/s1742170519000371,Enhancing understanding of food purchasing patterns in the Northeast US using multiple datasets,2019,2019-10-25,article,3,Renewable Agriculture and Food Systems,1742-1705,Cambridge University Press,TRUE,FALSE,6,NA,NA,NA,Y,TRUE,2021,FALSE,TRUE,Y,CV only,TRUE
Jablonski,Becca,Ag and Food,2023,JA,a,U,1,Jablonski;Mooney;Thilmany,Producers Marketing a Novel Crop: A Field-Level View of Hemp Market Channels,Renewable Agriculture and Food Systems,10.1017/S1742170523000145,mooneydaniel.txt,NA,NA,NA,0,0,0,0,NA,NA,0,10.1017/s1742170523000145,doi:10.1017/s1742170523000145,1,Active CSU affiliation,renewable agriculture food systems,2.7,2022,Nearest year (2022),W4366223024,https://doi.org/10.1017/s1742170523000145,Producers marketing a novel crop: a field-level view of hemp market channels,2023,2023-01-01,article,5,Renewable Agriculture and Food Systems,1742-1705,Cambridge University Press,TRUE,FALSE,10,1,Ming Wang,TRUE,Y,TRUE,2023,FALSE,FALSE,Y,CV and registrar,TRUE
Mooney,Daniel,Ag and Food,2023,JA,a,Y,1,Jablonski;Mooney;Thilmany,Producers Marketing a Novel Crop: A Field-Level View of Hemp Market Channels,Renewable Agriculture and Food Systems,10.1017/S1742170523000145,mooneydaniel.txt,NA,NA,NA,0,0,0,0,NA,NA,0,10.1017/s1742170523000145,doi:10.1017/s1742170523000145,1,Active CSU affiliation,renewable agriculture food systems,2.7,2022,Nearest year (2022),W4366223024,https://doi.org/10.1017/s1742170523000145,Producers marketing a novel crop: a field-level view of hemp market channels,2023,2023-01-01,article,5,Renewable Agriculture and Food Systems,1742-1705,Cambridge University Press,TRUE,FALSE,10,1,Ming Wang,TRUE,Y,TRUE,2023,FALSE,FALSE,Y,CV and registrar,TRUE
Thilmany,Dawn,Ag and Food,2023,JA,a,Y,1,Jablonski;Mooney;Thilmany,Producers Marketing a Novel Crop: A Field-Level View of Hemp Market Channels,Renewable Agriculture and Food Systems,10.1017/S1742170523000145,thilmanydawn.txt,NA,NA,NA,0,0,0,0,NA,NA,0,10.1017/s1742170523000145,doi:10.1017/s1742170523000145,1,Active CSU affiliation,renewable agriculture food systems,2.7,2022,Nearest year (2022),W4366223024,https://doi.org/10.1017/s1742170523000145,Producers marketing a novel crop: a field-level view of hemp market channels,2023,2023-01-01,article,5,Renewable Agriculture and Food Systems,1742-1705,Cambridge University Press,TRUE,FALSE,10,1,Ming Wang,TRUE,Y,TRUE,2023,FALSE,FALSE,Y,CV and registrar,TRUE
Goemans,Chris,ENRE,2021,JA,a,U,1,Goemans;Manning;Suter,Groundwater Depletion Climate and the Incremental Value of Groundwater,Resource and Energy Economics,10.1016/j.reseneeco.2019.101143,manningdale.txt,NA,NA,NA,0,0,0,0,NA,NA,0,10.1016/j.reseneeco.2019.101143,doi:10.1016/j.reseneeco.2019.101143,1,Active CSU affiliation,resource energy economics,3.553,2021,Exact journal-year,W2994849090,https://doi.org/10.1016/j.reseneeco.2019.101143,"Depletion, climate, and the incremental value of groundwater",2019,2019-12-20,article,32,Resource and Energy Economics,0928-7655,Elsevier BV,FALSE,FALSE,5,NA,NA,NA,N,TRUE,2021,FALSE,TRUE,N,Neither,TRUE
Manning,Dale,ENRE,2021,JA,a,N,1,Goemans;Manning;Suter,Groundwater Depletion Climate and the Incremental Value of Groundwater,Resource and Energy Economics,10.1016/j.reseneeco.2019.101143,manningdale.txt,NA,NA,NA,0,0,0,0,NA,NA,0,10.1016/j.reseneeco.2019.101143,doi:10.1016/j.reseneeco.2019.101143,1,Active CSU affiliation,resource energy economics,3.553,2021,Exact journal-year,W2994849090,https://doi.org/10.1016/j.reseneeco.2019.101143,"Depletion, climate, and the incremental value of groundwater",2019,2019-12-20,article,32,Resource and Energy Economics,0928-7655,Elsevier BV,FALSE,FALSE,5,NA,NA,NA,N,TRUE,2021,FALSE,TRUE,N,Neither,TRUE
Suter,Jordan,ENRE,2021,JA,a,U,1,Goemans;Manning;Suter,Groundwater Depletion Climate and the Incremental Value of Groundwater,Resource and Energy Economics,10.1016/j.reseneeco.2019.101143,manningdale.txt,NA,NA,NA,0,0,0,0,NA,NA,0,10.1016/j.reseneeco.2019.101143,doi:10.1016/j.reseneeco.2019.101143,1,Active CSU affiliation,resource energy economics,3.553,2021,Exact journal-year,W2994849090,https://doi.org/10.1016/j.reseneeco.2019.101143,"Depletion, climate, and the incremental value of groundwater",2019,2019-12-20,article,32,Resource and Energy Economics,0928-7655,Elsevier BV,FALSE,FALSE,5,NA,NA,NA,N,TRUE,2021,FALSE,TRUE,N,Neither,TRUE
Goemans,Chris,ENRE,2021,JA,a,N,1,Goemans;Manning;Suter,Depletion climate and the incremental value of groundwater,Resource and Energy Economics,10.1016/j.reseneeco.2021.101143,goemanschris.txt,NA,NA,NA,0,0,0,0,NA,NA,0,10.1016/j.reseneeco.2021.101143,doi:10.1016/j.reseneeco.2021.101143,1,Active CSU affiliation,resource energy economics,3.553,2021,Exact journal-year,NA,NA,NA,NA,NA,NA,NA,NA,NA,NA,NA,NA,NA,NA,NA,NA,N,TRUE,2021,FALSE,FALSE,N,Neither,TRUE
Manning,Dale,ENRE,2021,JA,a,U,1,Goemans;Manning;Suter,Depletion climate and the incremental value of groundwater,Resource and Energy Economics,10.1016/j.reseneeco.2021.101143,goemanschris.txt,NA,NA,NA,0,0,0,0,NA,NA,0,10.1016/j.reseneeco.2021.101143,doi:10.1016/j.reseneeco.2021.101143,1,Active CSU affiliation,resource energy economics,3.553,2021,Exact journal-year,NA,NA,NA,NA,NA,NA,NA,NA,NA,NA,NA,NA,NA,NA,NA,NA,N,TRUE,2021,FALSE,FALSE,N,Neither,TRUE
Suter,Jordan,ENRE,2021,JA,a,U,1,Goemans;Manning;Suter,Depletion climate and the incremental value of groundwater,Resource and Energy Economics,10.1016/j.reseneeco.2021.101143,goemanschris.txt,NA,NA,NA,0,0,0,0,NA,NA,0,10.1016/j.reseneeco.2021.101143,doi:10.1016/j.reseneeco.2021.101143,1,Active CSU affiliation,resource energy economics,3.553,2021,Exact journal-year,NA,NA,NA,NA,NA,NA,NA,NA,NA,NA,NA,NA,NA,NA,NA,NA,N,TRUE,2021,FALSE,FALSE,N,Neither,TRUE
Countryman,Amanda,Ag and Food,2025,JA,a,U,0,NA,Island economies in the wake: shipping cost effects from carbon taxes,Resources Conservation and Recycling,10.1016/j.resconrec.2025.108325,countrymanamanda.txt,NA,NA,NA,0,0,0,0,NA,NA,0,10.1016/j.resconrec.2025.108325,doi:10.1016/j.resconrec.2025.108325,1,Active CSU affiliation,resources conservation recycling,10.4,2025,Exact journal-year,W4409634153,https://doi.org/10.1016/j.resconrec.2025.108325,Island economies in the wake: Assessing increased shipping cost effects from carbon taxes on maritime trade,2025,2025-04-21,article,9,Resources Conservation and Recycling,0921-3449,Elsevier BV,FALSE,FALSE,2,NA,NA,NA,U,FALSE,2025,FALSE,FALSE,U,Undetermined,TRUE
Chenarides,Lauren,Ag and Food,2023,JA,a,N,0,NA,Retail Markups and Discount-Store Entry,Review of Industrial Organization,10.1007/s11151-023-09926-w,chenarideslauren.txt,NA,NA,NA,0,0,0,0,NA,NA,0,10.1007/s11151-023-09926-w,doi:10.1007/s11151-023-09926-w,1,Active CSU affiliation,review industrial organization,1.313,2021,Nearest year (2021),W4387817813,https://doi.org/10.1007/s11151-023-09926-w,Retail Markups and Discount-Store Entry,2023,2023-10-20,article,6,Review of Industrial Organization,0889-938X,Springer Science+Business Media,TRUE,FALSE,4,NA,NA,NA,N,FALSE,2023,FALSE,FALSE,N,Neither,TRUE
Bayham,Jude,ENRE,2021,JA,a,N,0,NA,Effects of land dispossession and forced migration on Indigenous peoples,Science,10.1126/science.abe4943,bayhamjude.txt,NA,NA,NA,0,0,0,0,NA,NA,0,10.1126/science.abe4943,doi:10.1126/science.abe4943,1,Active CSU affiliation,science,63.714,2021,Exact journal-year,W3210493173,https://doi.org/10.1126/science.abe4943,Effects of land dispossession and forced migration on Indigenous peoples in North America,2021,2021-10-28,article,204,Science,0036-8075,American Association for the Advancement of Science,TRUE,FALSE,6,NA,NA,NA,N,FALSE,2021,FALSE,FALSE,N,Neither,TRUE
Lewis,Lynne,ENRE,2025,JA,a,N,0,NA,Reinstate the National Climate Assessment,Science,10.1126/science.adz3885,lewislynne.txt,NA,NA,NA,0,0,0,0,NA,NA,0,10.1126/science.adz3885,doi:10.1126/science.adz3885,1,Active CSU affiliation,science,47.3,2025,Exact journal-year,W4412622914,https://doi.org/10.1126/science.adz3885,Reinstate the National Climate Assessment,2025,2025-07-24,article,1,Science,0036-8075,American Association for the Advancement of Science,FALSE,FALSE,6,NA,NA,NA,N,FALSE,2025,FALSE,FALSE,N,Neither,TRUE
Goemans,Chris,ENRE,2023,JA,a,Y,1,Goemans;Manning,Assessment of vulnerability to water shortage in semi-arid river basins,Science of the Total Environment,10.1016/j.scitotenv.2023.161964,goemanschris.txt,NA,NA,NA,0,0,0,0,NA,NA,0,10.1016/j.scitotenv.2023.161964,doi:10.1016/j.scitotenv.2023.161964,1,Active CSU affiliation,science total environment,9.8,2022,Nearest year (2022),W4318828324,https://doi.org/10.1016/j.scitotenv.2023.161964,Assessment of vulnerability to water shortage in semi-arid river basins: The value of demand reduction and storage capacity,2023,2023-02-01,article,34,The Science of The Total Environment,0048-9697,Elsevier BV,TRUE,FALSE,5,NA,NA,NA,Y,FALSE,2023,FALSE,FALSE,Y,CV only,TRUE
Manning,Dale,ENRE,2023,JA,a,Y,1,Goemans;Manning,Assessment of vulnerability to water shortage in semi-arid river basins,Science of the Total Environment,10.1016/j.scitotenv.2023.161964,manningdale.txt,NA,NA,NA,0,0,0,0,NA,NA,0,10.1016/j.scitotenv.2023.161964,doi:10.1016/j.scitotenv.2023.161964,1,Active CSU affiliation,science total environment,9.8,2022,Nearest year (2022),W4318828324,https://doi.org/10.1016/j.scitotenv.2023.161964,Assessment of vulnerability to water shortage in semi-arid river basins: The value of demand reduction and storage capacity,2023,2023-02-01,article,34,The Science of The Total Environment,0048-9697,Elsevier BV,TRUE,FALSE,5,NA,NA,NA,Y,FALSE,2023,FALSE,FALSE,Y,CV only,TRUE
Burkhardt,Jesse,ENRE,2025,JA,a,Y,1,Burkhardt;Suter,Characterizing community water systems exposed to wildfire in the Western US,Science of the Total Environment,10.1016/j.scitotenv.2025.179814,burkhardtjesse.txt,NA,NA,NA,0,0,0,0,NA,NA,0,10.1016/j.scitotenv.2025.179814,doi:10.1016/j.scitotenv.2025.179814,1,Active CSU affiliation,science total environment,8,2024,Nearest year (2024),W4411225024,https://doi.org/10.1016/j.scitotenv.2025.179814,Characterizing community water systems exposed to wildfire in the Western U.S.,2025,2025-06-12,article,0,The Science of The Total Environment,0048-9697,Elsevier BV,FALSE,FALSE,7,NA,NA,NA,Y,FALSE,2025,FALSE,FALSE,Y,CV only,TRUE
Suter,Jordan,ENRE,2025,JA,a,Y,1,Burkhardt;Suter,Characterizing community water systems exposed to wildfire in the Western US,Science of the Total Environment,10.1016/j.scitotenv.2025.179814,suterjordan.txt,NA,NA,NA,0,0,0,0,NA,NA,0,10.1016/j.scitotenv.2025.179814,doi:10.1016/j.scitotenv.2025.179814,1,Active CSU affiliation,science total environment,8,2024,Nearest year (2024),W4411225024,https://doi.org/10.1016/j.scitotenv.2025.179814,Characterizing community water systems exposed to wildfire in the Western U.S.,2025,2025-06-12,article,0,The Science of The Total Environment,0048-9697,Elsevier BV,FALSE,FALSE,7,NA,NA,NA,Y,FALSE,2025,FALSE,FALSE,Y,CV only,TRUE
Chenarides,Lauren,Ag and Food,2026,JA,a,N,0,NA,Data-usage descriptors as search metadata: the case of food security data and the National Data Platform,Scientific Data,10.1038/s41597-026-07753-8,Google Scholar,NA,NA,NA,0,0,0,0,NA,NA,1,10.1038/s41597-026-07753-8,doi:10.1038/s41597-026-07753-8,1,Active CSU affiliation,scientific data,NA,NA,No IF match,W7201847054,https://doi.org/10.1038/s41597-026-07753-8,Data-usage descriptors as search metadata: the case of food security data and the National Data Platform,2026,2026-08-07,data-paper,0,Scientific Data,2052-4463,Nature Portfolio,TRUE,FALSE,6,NA,NA,NA,N,FALSE,2026,FALSE,FALSE,N,Neither,FALSE
Bayham,Jude,ENRE,2021,JA,a,N,0,NA,Risk compensation and face mask mandates during the COVID-19 pandemic,Scientific Reports,10.1038/s41598-021-82574-w,bayhamjude.txt,NA,NA,NA,0,0,0,0,NA,NA,0,10.1038/s41598-021-82574-w,doi:10.1038/s41598-021-82574-w,1,Active CSU affiliation,scientific reports,4.996,2021,Exact journal-year,W3127456818,https://doi.org/10.1038/s41598-021-82574-w,Risk compensation and face mask mandates during the COVID-19 pandemic,2021,2021-02-04,article,102,Scientific Reports,2045-2322,Nature Portfolio,TRUE,FALSE,4,NA,NA,NA,N,FALSE,2021,FALSE,FALSE,N,Neither,TRUE
Bayham,Jude,ENRE,2022,JA,a,N,0,NA,Modeling the systemic risks of COVID-19 on the wildland firefighting workforce,Scientific Reports,10.1038/s41598-022-12253-x,bayhamjude.txt,NA,NA,NA,0,0,0,0,NA,NA,0,10.1038/s41598-022-12253-x,doi:10.1038/s41598-022-12253-x,1,Active CSU affiliation,scientific reports,4.6,2022,Exact journal-year,W4280497021,https://doi.org/10.1038/s41598-022-12253-x,Modeling the systemic risks of COVID-19 on the wildland firefighting workforce,2022,2022-05-18,article,5,Scientific Reports,2045-2322,Nature Portfolio,TRUE,FALSE,5,NA,NA,NA,N,FALSE,2022,FALSE,FALSE,N,Neither,TRUE
Ritten,John,Ag and Food,2022,JA,a,Y,0,NA,Effects of Feed Efficiency and Diet on Performance and Carcass Characteristics in Growing Wether Lambs,Small Ruminant Research,10.1016/j.smallrumres.2021.106611,rittenjohn.txt,NA,NA,NA,0,0,0,0,NA,NA,0,10.1016/j.smallrumres.2021.106611,doi:10.1016/j.smallrumres.2021.106611,1,Active CSU affiliation,small ruminant research,1.8,2022,Exact journal-year,W4205369369,https://doi.org/10.1016/j.smallrumres.2021.106611,Effects of feed efficiency and diet on performance and carcass characteristics in growing wether lambs,2022,2022-01-04,article,20,Small Ruminant Research,0921-4488,Elsevier BV,TRUE,FALSE,7,NA,NA,NA,Y,FALSE,2022,FALSE,FALSE,Y,CV only,TRUE
Burkhardt,Jesse,ENRE,2025,JA,a,U,1,Burkhardt;Hoag,How sense of place influences willingness to pay for sustainable wolf populations,Society & Natural Resources,10.1080/08941920.2025.2572064,hoagdana.txt,NA,NA,NA,0,0,0,0,NA,NA,0,10.1080/08941920.2025.2572064,doi:10.1080/08941920.2025.2572064,1,Active CSU affiliation,society natural resources,2.1,2025,Exact journal-year,W4415021393,https://doi.org/10.1080/08941920.2025.2572064,How Sense of Place Influences Willingness to Pay for Sustainable Wolf Populations,2025,2025-10-10,article,0,Society & Natural Resources,0894-1920,Taylor & Francis,FALSE,FALSE,3,NA,NA,NA,N,TRUE,2025,FALSE,FALSE,N,Neither,TRUE
Hoag,Dana,ENRE,2025,JA,a,N,1,Burkhardt;Hoag,How sense of place influences willingness to pay for sustainable wolf populations,Society & Natural Resources,10.1080/08941920.2025.2572064,hoagdana.txt,NA,NA,NA,0,0,0,0,NA,NA,0,10.1080/08941920.2025.2572064,doi:10.1080/08941920.2025.2572064,1,Active CSU affiliation,society natural resources,2.1,2025,Exact journal-year,W4415021393,https://doi.org/10.1080/08941920.2025.2572064,How Sense of Place Influences Willingness to Pay for Sustainable Wolf Populations,2025,2025-10-10,article,0,Society & Natural Resources,0894-1920,Taylor & Francis,FALSE,FALSE,3,NA,NA,NA,N,TRUE,2025,FALSE,FALSE,N,Neither,TRUE
Hoag,Dana,ENRE,2021,JA,b,Y,0,NA,Valuing Cattle Manure as an Agricultural Resource for Efficiency and Environmental Sustainability,Sustainability,10.3390/su13169375,hoagdana.txt,NA,NA,NA,0,0,0,0,NA,NA,0,10.3390/su13169375,doi:10.3390/su13169375,1,Active CSU affiliation,sustainability,3.889,2021,Exact journal-year,W3193515861,https://doi.org/10.3390/su13169375,Valuing Cattle Manure as an Agricultural Resource for Efficiency and Environmental Sustainability,2021,2021-08-20,article,2,Sustainability,2071-1050,Multidisciplinary Digital Publishing Institute,TRUE,FALSE,2,NA,NA,NA,Y,FALSE,2021,FALSE,FALSE,Y,CV only,TRUE
Mooney,Daniel,Ag and Food,2022,JA,b,N,0,NA,Returns to Disease Resistance Research when Pest Management is an Option,Sustainability,10.3390/su14052859,mooneydaniel.txt,NA,NA,NA,0,0,0,0,NA,NA,0,10.3390/su14052859,doi:10.3390/su14052859,1,Active CSU affiliation,sustainability,3.9,2022,Exact journal-year,W4214897389,https://doi.org/10.3390/su14052859,Returns to Disease Resistance Research When Pest Management Is an Option,2022,2022-03-01,article,7,Sustainability,2071-1050,Multidisciplinary Digital Publishing Institute,TRUE,FALSE,4,NA,NA,NA,N,FALSE,2022,FALSE,FALSE,N,Neither,TRUE
Ritten,John,Ag and Food,2025,JA,a,N,0,NA,Examining climate benefits from rangeland and pasture management practices,Sustainable Agriculture,10.1038/s44264-025-00105-w,rittenjohn.txt,NA,NA,NA,0,0,0,0,NA,NA,0,10.1038/s44264-025-00105-w,doi:10.1038/s44264-025-00105-w,1,Active CSU affiliation,sustainable agriculture,NA,NA,No IF match,W4416850448,https://doi.org/10.1038/s44264-025-00105-w,"Examining climate benefits from rangeland and pasture management practices in the United States: opportunities, tradeoffs, and information gaps",2025,2025-12-01,article,1,npj Sustainable Agriculture,2731-9202,NA,TRUE,FALSE,11,NA,NA,NA,N,FALSE,2025,FALSE,FALSE,N,Neither,TRUE
Van Sandt,Anders,Ag and Food,2026,JA,a,NA,0,NA,Rural emergency hospitals: Emerging patterns of adaptation and community perception,The Journal of Rural Health,10.1111/jrh.70112,Google Scholar,NA,NA,NA,0,0,0,0,NA,NA,1,10.1111/jrh.70112,doi:10.1111/jrh.70112,1,Active CSU affiliation,journal rural health,NA,NA,No IF match,W7124536210,https://doi.org/10.1111/jrh.70112,Rural emergency hospitals: Emerging patterns of adaptation and community perception,2026,2026-01-01,article,0,The Journal of Rural Health,0890-765X,Wiley,TRUE,FALSE,6,1,Anders Van Sandt,FALSE,U,FALSE,2026,FALSE,FALSE,U,Undetermined,FALSE
Countryman,Amanda,Ag and Food,2025,JA,a,Y,0,NA,Tariff Troubles: Repercussions of Protectionist Policies on U.S. Agriculture,The World Economy,10.1111/twec.13731,countrymanamanda.txt,NA,NA,NA,0,0,0,0,NA,NA,0,10.1111/twec.13731,doi:10.1111/twec.13731,1,Active CSU affiliation,world economy,NA,NA,No IF match,W4412138115,https://doi.org/10.1111/twec.13731,Tariff Troubles: Repercussions of Protectionist Policies on US Agriculture and the Trade Deficit,2025,2025-07-09,article,5,World Economy,0378-5920,Wiley,TRUE,FALSE,3,NA,NA,NA,Y,FALSE,2025,FALSE,FALSE,Y,CV only,TRUE
Thilmany,Dawn,Ag and Food,2024,JA,a,N,0,NA,Assessing Economic Impacts of Mile High 420 Festival in Colorado,Tourism and Hospitality,10.3390/tourhosp5030032,thilmanydawn.txt,NA,NA,NA,0,0,0,0,NA,NA,0,10.3390/tourhosp5030032,doi:10.3390/tourhosp5030032,1,Active CSU affiliation,tourism hospitality,NA,NA,No IF match,W4399882779,https://doi.org/10.3390/tourhosp5030032,Assessing Economic Impacts of Mile High 420 Festival in Colorado,2024,2024-06-21,article,0,Tourism and Hospitality,2673-5768,Multidisciplinary Digital Publishing Institute,TRUE,FALSE,3,NA,NA,NA,N,FALSE,2024,FALSE,FALSE,N,Neither,TRUE
Mooney,Daniel,Ag and Food,2024,JA,a,Y,0,NA,Benchmarking Current Pre-Slaughter Management Factors Welfare Indicators and Meat Quality,Translational Animal Science,10.1093/tas/txad150,mooneydaniel.txt,NA,NA,NA,0,0,0,0,NA,NA,0,10.1093/tas/txad150,doi:10.1093/tas/txad150,1,Active CSU affiliation,translational animal science,1.8,2024,Exact journal-year,W4390544728,https://doi.org/10.1093/tas/txad150,"Benchmarking current preslaughter management factors, welfare indicators, and meat quality outcomes at commercial fed cattle processing facilities in the United States",2024,2024-01-01,article,6,Translational Animal Science,2573-2102,Oxford University Press,TRUE,FALSE,6,NA,NA,NA,Y,FALSE,2024,FALSE,FALSE,Y,CV only,TRUE
Mooney,Daniel,Ag and Food,2024,JA,a,Y,0,NA,Pre-Slaughter Factors Affecting Mobility Blood Parameters Bruising and Muscle pH,Translational Animal Science,10.1093/tas/txae035,mooneydaniel.txt,NA,NA,NA,0,0,0,0,NA,NA,0,10.1093/tas/txae035,doi:10.1093/tas/txae035,1,Active CSU affiliation,translational animal science,1.8,2024,Exact journal-year,W4392736989,https://doi.org/10.1093/tas/txae035,"Preslaughter factors affecting mobility, blood parameters, bruising, and muscle pH of finished beef cattle in the United States",2024,2024-01-01,article,12,Translational Animal Science,2573-2102,Oxford University Press,TRUE,FALSE,6,NA,NA,NA,Y,FALSE,2024,FALSE,FALSE,Y,CV only,TRUE
Mooney,Daniel,Ag and Food,2024,JA,a,Y,0,NA,An analysis of preslaughter management factors on welfare and meat quality outcomes,Translational Animal Science,10.1093/tas/txae108,mooneydaniel.txt,NA,NA,NA,0,0,0,0,NA,NA,0,10.1093/tas/txae108,doi:10.1093/tas/txae108,1,Active CSU affiliation,translational animal science,1.8,2024,Exact journal-year,W4401040928,https://doi.org/10.1093/tas/txae108,An analysis of the influence of preslaughter management factors on welfare and meat quality outcomes in fed beef cattle in the United States,2024,2024-01-01,article,5,Translational Animal Science,2573-2102,Oxford University Press,TRUE,FALSE,6,NA,NA,NA,Y,FALSE,2024,FALSE,FALSE,Y,CV only,TRUE
Enns,Kellie,Ag Ed,2025,JA,a,Y,0,NA,Developing critical thinking and professional skills in animal science students,Translational Animal Science,10.1093/tas/txaf169,ennskellie.txt,NA,NA,NA,0,0,0,0,NA,NA,0,10.1093/tas/txaf169,doi:10.1093/tas/txaf169,1,Active CSU affiliation,translational animal science,1.9,2025,Exact journal-year,W7117588825,https://doi.org/10.1093/tas/txaf169,Developing critical thinking and professional skills in animal science students through case-based learning and cognitive interventions,2025,2025-12-30,article,1,Translational Animal Science,2573-2102,Oxford University Press,TRUE,FALSE,4,NA,NA,NA,Y,FALSE,2025,FALSE,FALSE,Y,CV only,TRUE
Ritten,John,Ag and Food,2026,JA,a,NA,0,NA,"Effects of growth hormone implants on animal growth performance, feed intake, carcass characteristics, feeding behavior, gas flux emissions, and relative profitability of finishing Angus steers",Translational Animal Science,10.1093/tas/txag072,Google Scholar,NA,NA,NA,0,0,0,0,NA,NA,1,10.1093/tas/txag072,doi:10.1093/tas/txag072,1,Active CSU affiliation,translational animal science,1.9,2025,Nearest year (2025),W7162752579,https://doi.org/10.1093/tas/txag072,"Effects of growth hormone implants on animal growth performance, feed intake, carcass characteristics, feeding behavior, gas flux emissions, and relative profitability of finishing Angus steers",2026,2026-01-01,article,0,Translational Animal Science,2573-2102,Oxford University Press,TRUE,FALSE,12,NA,NA,NA,U,FALSE,2026,FALSE,FALSE,U,Undetermined,FALSE
Suter,Jordan,ENRE,2025,JA,a,Y,0,NA,The unaccounted costs of slash pile burning,Trees Forests and People,10.1016/j.tfp.2025.101081,suterjordan.txt,NA,NA,NA,0,0,0,0,NA,NA,0,10.1016/j.tfp.2025.101081,doi:10.1016/j.tfp.2025.101081,1,Active CSU affiliation,trees forests people,3.6,2025,Exact journal-year,W4416373336,https://doi.org/10.1016/j.tfp.2025.101081,"The unaccounted costs of slash pile burning: Carbon emissions and PM2.5 exposure in central Oregon, USA",2025,2025-11-19,article,1,Trees Forests and People,2666-7193,Elsevier BV,TRUE,FALSE,3,NA,NA,NA,Y,FALSE,2025,FALSE,FALSE,Y,CV only,TRUE
Hoag,Dana,ENRE,2022,JA,a,Y,1,Hoag;Mooney,More Risk More Money: When are Payments for Water Savings from Limited Irrigation Profitable,Water Resources and Economics,10.1016/j.wre.2022.100212,hoagdana.txt,NA,NA,NA,0,0,0,0,NA,NA,0,10.1016/j.wre.2022.100212,doi:10.1016/j.wre.2022.100212,1,Active CSU affiliation,water resources economics,2.2,2022,Exact journal-year,W4308921092,https://doi.org/10.1016/j.wre.2022.100212,"More risk, more money: When are payments for water savings from limited irrigation profitable for farmers?",2022,2022-10-01,article,10,Water Resources and Economics,2212-4284,Elsevier BV,TRUE,FALSE,4,NA,NA,NA,Y,FALSE,2022,FALSE,FALSE,Y,CV only,TRUE
Mooney,Daniel,Ag and Food,2022,JA,a,Y,1,Hoag;Mooney,More Risk More Money: When are Payments for Water Savings from Limited Irrigation Profitable,Water Resources and Economics,10.1016/j.wre.2022.100212,mooneydaniel.txt,NA,NA,NA,0,0,0,0,NA,NA,0,10.1016/j.wre.2022.100212,doi:10.1016/j.wre.2022.100212,1,Active CSU affiliation,water resources economics,2.2,2022,Exact journal-year,W4308921092,https://doi.org/10.1016/j.wre.2022.100212,"More risk, more money: When are payments for water savings from limited irrigation profitable for farmers?",2022,2022-10-01,article,10,Water Resources and Economics,2212-4284,Elsevier BV,TRUE,FALSE,4,NA,NA,NA,Y,FALSE,2022,FALSE,FALSE,Y,CV only,TRUE
Burkhardt,Jesse,ENRE,2023,JA,a,U,1,Burkhardt;Goemans;Manning,Further evidence on social comparison and residential water use,Water Resources and Economics,10.1016/j.wre.2023.100214,goemanschris.txt,NA,NA,NA,0,0,0,0,NA,NA,0,10.1016/j.wre.2023.100214,doi:10.1016/j.wre.2023.100214,1,Active CSU affiliation,water resources economics,2.2,2022,Nearest year (2022),NA,NA,NA,NA,NA,NA,NA,NA,NA,NA,NA,NA,NA,NA,NA,NA,Y,TRUE,2023,FALSE,FALSE,Y,CV only,TRUE
Goemans,Chris,ENRE,2023,JA,a,Y,1,Burkhardt;Goemans;Manning,Further evidence on social comparison and residential water use,Water Resources and Economics,10.1016/j.wre.2023.100214,goemanschris.txt,NA,NA,NA,0,0,0,0,NA,NA,0,10.1016/j.wre.2023.100214,doi:10.1016/j.wre.2023.100214,1,Active CSU affiliation,water resources economics,2.2,2022,Nearest year (2022),NA,NA,NA,NA,NA,NA,NA,NA,NA,NA,NA,NA,NA,NA,NA,NA,Y,TRUE,2023,FALSE,FALSE,Y,CV only,TRUE
Manning,Dale,ENRE,2023,JA,a,U,1,Burkhardt;Goemans;Manning,Further evidence on social comparison and residential water use,Water Resources and Economics,10.1016/j.wre.2023.100214,goemanschris.txt,NA,NA,NA,0,0,0,0,NA,NA,0,10.1016/j.wre.2023.100214,doi:10.1016/j.wre.2023.100214,1,Active CSU affiliation,water resources economics,2.2,2022,Nearest year (2022),NA,NA,NA,NA,NA,NA,NA,NA,NA,NA,NA,NA,NA,NA,NA,NA,Y,TRUE,2023,FALSE,FALSE,Y,CV only,TRUE
Costanigro,Marco,Ag and Food,2022,JA,a,N,0,NA,Implicit and Explicit Biases for Recycled Water and Tap Water,Water Resources Research,10.1029/2021WR030712,costanigromarco.txt,NA,NA,NA,0,0,0,0,NA,NA,0,10.1029/2021wr030712,doi:10.1029/2021wr030712,1,Active CSU affiliation,water resources research,5.4,2022,Exact journal-year,W4281790344,https://doi.org/10.1029/2021wr030712,Implicit and Explicit Biases for Recycled Water and Tap Water,2022,2022-05-31,article,19,Water Resources Research,0043-1397,Wiley,TRUE,FALSE,4,NA,NA,NA,N,FALSE,2022,FALSE,FALSE,N,Neither,TRUE
Goemans,Chris,ENRE,2024,JA,a,Y,1,Goemans;Manning,Integrated water management under different water rights institutions,Water Resources Research,10.1029/2024WR037196,goemanschris.txt,NA,NA,NA,0,0,0,0,NA,NA,0,10.1029/2024wr037196,doi:10.1029/2024wr037196,1,Active CSU affiliation,water resources research,5,2024,Exact journal-year,W4404038588,https://doi.org/10.1029/2024wr037196,Integrated Water Management Under Different Water Rights Institutions and Population Patterns: Methodology and Application,2024,2024-11-01,article,2,Water Resources Research,0043-1397,Wiley,TRUE,FALSE,5,NA,NA,NA,Y,TRUE,2024,FALSE,FALSE,Y,CV only,TRUE
Manning,Dale,ENRE,2024,JA,a,U,1,Goemans;Manning,Integrated water management under different water rights institutions,Water Resources Research,10.1029/2024WR037196,goemanschris.txt,NA,NA,NA,0,0,0,0,NA,NA,0,10.1029/2024wr037196,doi:10.1029/2024wr037196,1,Active CSU affiliation,water resources research,5,2024,Exact journal-year,W4404038588,https://doi.org/10.1029/2024wr037196,Integrated Water Management Under Different Water Rights Institutions and Population Patterns: Methodology and Application,2024,2024-11-01,article,2,Water Resources Research,0043-1397,Wiley,TRUE,FALSE,5,NA,NA,NA,Y,TRUE,2024,FALSE,FALSE,Y,CV only,TRUE
Suter,Jordan,ENRE,2025,JA,a,U,0,NA,Water scarcity compounds negative effects of salinity on irrigated agriculture,Water Resources Research,10.1029/2024wr038504,suterjordan.txt,NA,NA,NA,0,0,0,0,NA,NA,0,10.1029/2024wr038504,doi:10.1029/2024wr038504,1,Active CSU affiliation,water resources research,6.3,2025,Exact journal-year,W4415701601,https://doi.org/10.1029/2024wr038504,Water Scarcity Compounds the Negative Effects of Salinity on Irrigated Agriculture,2025,2025-10-30,article,0,Water Resources Research,0043-1397,Wiley,TRUE,FALSE,6,NA,NA,NA,U,FALSE,2025,FALSE,FALSE,U,Undetermined,TRUE
Suter,Jordan,ENRE,2026,JA,a,NA,0,NA,Groundwater management amidst a changing climate: A more severe climate could decrease the value of groundwater conservation,Water Resources Research,10.1029/2025WR040427,Google Scholar,NA,NA,NA,0,0,0,0,NA,NA,1,10.1029/2025wr040427,doi:10.1029/2025wr040427,1,Active CSU affiliation,water resources research,6.3,2025,Nearest year (2025),W7162135996,https://doi.org/10.1029/2025wr040427,Groundwater Management Amidst a Changing Climate: A More Severe Climate Could Decrease the Value of Groundwater Conservation,2026,2026-05-01,article,0,Water Resources Research,0043-1397,Wiley,TRUE,FALSE,9,NA,NA,NA,U,FALSE,2026,FALSE,FALSE,U,Undetermined,FALSE
Hill,Alexandra,Ag and Food,2021,JA,b,N,0,NA,COVID-19 and Farm Workers,Western Economics Forum,10.22004/ag.econ.311308,hillalexandra.txt,NA,NA,NA,0,0,0,0,NA,NA,0,10.22004/ag.econ.311308,doi:10.22004/ag.econ.311308,1,Active CSU affiliation,western economics forum,NA,NA,No IF match,W3203596447,https://doi.org/10.22004/ag.econ.311308,COVID-19 and Farm Workers,2021,2021-01-01,article,0,"AgEcon Search (University of Minnesota, USA)",NA,University of Minnesota Rochester,TRUE,FALSE,4,NA,NA,NA,N,FALSE,2021,FALSE,FALSE,N,Neither,TRUE
Bayham,Jude,ENRE,2021,JA,b,Y,0,NA,COVID-19 and the renewed migration to the rural west,Western Economics Forum,10.22004/ag.econ.311309,bayhamjude.txt,NA,NA,NA,0,0,0,0,NA,NA,0,10.22004/ag.econ.311309,doi:10.22004/ag.econ.311309,1,Active CSU affiliation,western economics forum,NA,NA,No IF match,W3185528076,https://doi.org/10.22004/ag.econ.311309,COVID-19 and the Renewed Migration to the Rural West,2021,2021-01-01,article,10,"AgEcon Search (University of Minnesota, USA)",NA,University of Minnesota Rochester,TRUE,FALSE,6,NA,NA,NA,Y,FALSE,2021,FALSE,FALSE,Y,CV only,TRUE
Bayham,Jude,ENRE,2023,JA,b,Y,0,NA,The Economics of Wildland Firefighting Aviation Procurement and Effectiveness,Western Economics Forum,10.22004/ag.econ.339590,bayhamjude.txt,NA,NA,NA,0,0,0,0,NA,NA,0,10.22004/ag.econ.339590,doi:10.22004/ag.econ.339590,1,Active CSU affiliation,western economics forum,NA,NA,No IF match,NA,NA,NA,NA,NA,NA,NA,NA,NA,NA,NA,NA,NA,NA,NA,NA,Y,FALSE,2023,FALSE,FALSE,Y,CV only,TRUE
Delay,Nathan,Ag and Food,2024,JA,b,U,1,Delay;Hoag;Mooney;Ritten,Virtual Fencing: Economic and Policy Implications of an Emerging Livestock Technology,Western Economics Forum,10.22004/ag.econ.349293,mooneydaniel.txt,NA,NA,NA,0,0,0,0,NA,NA,0,10.22004/ag.econ.349293,doi:10.22004/ag.econ.349293,1,Active CSU affiliation,western economics forum,NA,NA,No IF match,NA,NA,NA,NA,NA,NA,NA,NA,NA,NA,NA,NA,NA,NA,NA,NA,N,TRUE,2024,FALSE,FALSE,N,Neither,TRUE
Hoag,Dana,ENRE,2024,JA,b,U,1,Delay;Hoag;Mooney;Ritten,Virtual Fencing: Economic and Policy Implications of an Emerging Livestock Technology,Western Economics Forum,10.22004/ag.econ.349293,mooneydaniel.txt,NA,NA,NA,0,0,0,0,NA,NA,0,10.22004/ag.econ.349293,doi:10.22004/ag.econ.349293,1,Active CSU affiliation,western economics forum,NA,NA,No IF match,NA,NA,NA,NA,NA,NA,NA,NA,NA,NA,NA,NA,NA,NA,NA,NA,N,TRUE,2024,FALSE,FALSE,N,Neither,TRUE
Mooney,Daniel,Ag and Food,2024,JA,b,N,1,Delay;Hoag;Mooney;Ritten,Virtual Fencing: Economic and Policy Implications of an Emerging Livestock Technology,Western Economics Forum,10.22004/ag.econ.349293,mooneydaniel.txt,NA,NA,NA,0,0,0,0,NA,NA,0,10.22004/ag.econ.349293,doi:10.22004/ag.econ.349293,1,Active CSU affiliation,western economics forum,NA,NA,No IF match,NA,NA,NA,NA,NA,NA,NA,NA,NA,NA,NA,NA,NA,NA,NA,NA,N,TRUE,2024,FALSE,FALSE,N,Neither,TRUE
Ritten,John,Ag and Food,2024,JA,b,U,1,Delay;Hoag;Mooney;Ritten,Virtual Fencing: Economic and Policy Implications of an Emerging Livestock Technology,Western Economics Forum,10.22004/ag.econ.349293,mooneydaniel.txt,NA,NA,NA,0,0,0,0,NA,NA,0,10.22004/ag.econ.349293,doi:10.22004/ag.econ.349293,1,Active CSU affiliation,western economics forum,NA,NA,No IF match,NA,NA,NA,NA,NA,NA,NA,NA,NA,NA,NA,NA,NA,NA,NA,NA,N,TRUE,2024,FALSE,FALSE,N,Neither,TRUE
Ritten,John,Ag and Food,2025,JA,b,N,0,NA,Identifying a Path Forward: Evaluating Ranch Socio-Economic Sustainability,Western Economics Forum,10.22004/ag.econ.364766,rittenjohn.txt,NA,NA,NA,0,0,0,0,NA,NA,0,10.22004/ag.econ.364766,doi:10.22004/ag.econ.364766,1,Active CSU affiliation,western economics forum,NA,NA,No IF match,NA,NA,NA,NA,NA,NA,NA,NA,NA,NA,NA,NA,NA,NA,NA,NA,N,FALSE,2025,FALSE,FALSE,N,Neither,TRUE
Mooney,Daniel,Ag and Food,2025,JA,b,Y,1,Mooney;Seidl,Exploring the Potential for Innovative Water Management Strategies to Support Irrigated Farmland Transitions,Western Economics Forum,10.22004/ag.econ.364767,mooneydaniel.txt,NA,NA,NA,0,0,0,0,NA,NA,0,10.22004/ag.econ.364767,doi:10.22004/ag.econ.364767,1,Active CSU affiliation,western economics forum,NA,NA,No IF match,NA,NA,NA,NA,NA,NA,NA,NA,NA,NA,NA,NA,NA,NA,NA,NA,Y,TRUE,2025,FALSE,FALSE,Y,CV only,TRUE
Seidl,Andrew,ENRE,2025,JA,b,U,1,Mooney;Seidl,Exploring the Potential for Innovative Water Management Strategies to Support Irrigated Farmland Transitions,Western Economics Forum,10.22004/ag.econ.364767,mooneydaniel.txt,NA,NA,NA,0,0,0,0,NA,NA,0,10.22004/ag.econ.364767,doi:10.22004/ag.econ.364767,1,Active CSU affiliation,western economics forum,NA,NA,No IF match,NA,NA,NA,NA,NA,NA,NA,NA,NA,NA,NA,NA,NA,NA,NA,NA,Y,TRUE,2025,FALSE,FALSE,Y,CV only,TRUE
Ritten,John,Ag and Food,2025,JA,b,Y,0,NA,Labor Changes in the US Beef Industry Magnify Challenges with Succession,Western Economics Forum,10.22004/ag.econ.364770,rittenjohn.txt,NA,NA,NA,0,0,0,0,NA,NA,0,10.22004/ag.econ.364770,doi:10.22004/ag.econ.364770,1,Active CSU affiliation,western economics forum,NA,NA,No IF match,NA,NA,NA,NA,NA,NA,NA,NA,NA,NA,NA,NA,NA,NA,NA,NA,Y,FALSE,2025,FALSE,FALSE,Y,CV only,TRUE
Hoag,Dana,ENRE,2022,JA,b,N,0,NA,Economic Consequences of the Wolf Comeback in the Western United States,Western Economics Forum,nodoi,hoagdana.txt,NA,NA,NA,0,0,0,0,NA,NA,0,NA,titleyear:economic consequences of the wolf comeback in the western un|2022,1,Active CSU affiliation,western economics forum,NA,NA,No IF match,NA,NA,NA,NA,NA,NA,NA,NA,NA,NA,NA,NA,NA,NA,NA,NA,N,FALSE,2022,FALSE,FALSE,N,Neither,TRUE
Delay,Nathan,Ag and Food,2021,JA,b,N,0,NA,Farm Data Collection and Software Adoption in Commercial Scale US Corn-Soybean Farms,Western Economics Forum,nodoi,delaynathan.txt,NA,NA,NA,0,0,0,0,NA,NA,0,NA,titleyear:farm data collection and software adoption in commercial sca|2021,1,Active CSU affiliation,western economics forum,NA,NA,No IF match,NA,NA,NA,NA,NA,NA,NA,NA,NA,NA,NA,NA,NA,NA,NA,NA,N,FALSE,2021,FALSE,FALSE,N,Neither,TRUE
Bayham,Jude,ENRE,2021,JA,b,N,0,NA,Impacts of the COVID-19 pandemic on agriculture and natural resources in the western US,Western Economics Forum,nodoi,bayhamjude.txt,NA,NA,NA,0,0,0,0,NA,NA,0,NA,titleyear:impacts of the covid 19 pandemic on agriculture and natural |2021,1,Active CSU affiliation,western economics forum,NA,NA,No IF match,NA,NA,NA,NA,NA,NA,NA,NA,NA,NA,NA,NA,NA,NA,NA,NA,N,FALSE,2021,FALSE,FALSE,N,Neither,TRUE
Delay,Nathan,Ag and Food,2021,JA,b,Y,0,NA,Recent Trends in PA Technology Adoption and Bundling in Corn Production,Western Economics Forum,nodoi,delaynathan.txt,NA,NA,NA,0,0,0,0,NA,NA,0,NA,titleyear:recent trends in pa technology adoption and bundling in corn|2021,1,Active CSU affiliation,western economics forum,NA,NA,No IF match,NA,NA,NA,NA,NA,NA,NA,NA,NA,NA,NA,NA,NA,NA,NA,NA,Y,FALSE,2021,FALSE,FALSE,Y,CV only,TRUE
Burkhardt,Jesse,ENRE,2021,JA,a,N,0,NA,Dry landscapes and parched economies: drought impacts on nonagricultural sectors,WIREs Water,10.1002/wat2.1571,burkhardtjesse.txt,NA,NA,NA,0,0,0,0,NA,NA,0,10.1002/wat2.1571,doi:10.1002/wat2.1571,1,Active CSU affiliation,wires water,7.428,2021,Exact journal-year,W4200579997,https://doi.org/10.1002/wat2.1571,Dry landscapes and parched economies: A review of how drought impacts nonagricultural socioeconomic sectors in the <scp>US</scp> Intermountain West,2021,2021-12-29,article,38,Wiley Interdisciplinary Reviews Water,2049-1948,Wiley,TRUE,FALSE,6,NA,NA,NA,N,FALSE,2021,FALSE,FALSE,N,Neither,TRUE
Burkhardt,Jesse,ENRE,2022,JA,a,N,0,NA,Data availability and sector-specific frameworks restrict drought impact quantification,WIREs Water,10.1002/wat2.1586,burkhardtjesse.txt,NA,NA,NA,0,0,0,0,NA,NA,0,10.1002/wat2.1586,doi:10.1002/wat2.1586,1,Active CSU affiliation,wires water,8.2,2022,Exact journal-year,W4221017855,https://doi.org/10.1002/wat2.1586,Data availability and sector‐specific frameworks restrict drought impact quantification in the Intermountain West,2022,2022-03-26,article,1,Wiley Interdisciplinary Reviews Water,2049-1948,Wiley,TRUE,FALSE,6,NA,NA,NA,N,FALSE,2022,FALSE,FALSE,N,Neither,TRUE
Magnan,Nicholas,Ag and Food,2025,JA,a,Y,0,NA,Who is Asking and How? Effects of Survey Mode and Enumerator Gender,World Development,10.1016/j.worlddev.2025.107078,magnannicholas.txt,NA,NA,NA,0,0,0,0,NA,NA,0,10.1016/j.worlddev.2025.107078,doi:10.1016/j.worlddev.2025.107078,1,Active CSU affiliation,world development,5.1,2025,Exact journal-year,W4412025049,https://doi.org/10.1016/j.worlddev.2025.107078,Who is asking and how? Effects of survey mode and enumerator gender on measuring women’s life experience,2025,2025-07-04,article,1,World Development,0305-750X,Elsevier BV,TRUE,FALSE,4,NA,NA,NA,Y,FALSE,2025,FALSE,FALSE,Y,CV only,TRUE
Magnan,Nicholas,Ag and Food,2026,JA,a,N,0,NA,Gendered Networks and Demand for an Agricultural Technology in India,World Development,10.1016/j.worlddev.2025.107182,magnannicholas.txt,NA,NA,NA,0,0,0,0,NA,NA,1,10.1016/j.worlddev.2025.107182,doi:10.1016/j.worlddev.2025.107182,1,Active CSU affiliation,world development,5.1,2025,Nearest year (2025),W4416538740,https://doi.org/10.1016/j.worlddev.2025.107182,Gendered networks and demand for an agricultural technology in India,2025,2025-10-10,article,1,World Development,0305-750X,Elsevier BV,TRUE,FALSE,4,NA,NA,NA,N,FALSE,2026,FALSE,TRUE,N,Neither,FALSE
Koontz,Stephen,Ag and Food,2021,RP,b,N,0,NA,Price Discovery in Fed Cattle and Beef Markets: Does Volume of Cash Trade Have an Impact,American Farm Bureau Federation Research Report,nodoi,koontzstephen.txt,NA,NA,NA,0,0,0,0,NA,NA,0,NA,titleyear:price discovery in fed cattle and beef markets does volume o|2021,1,Active CSU affiliation,american farm bureau federation research report,NA,NA,Not applicable,NA,NA,NA,NA,NA,NA,NA,NA,NA,NA,NA,NA,NA,NA,NA,NA,N,FALSE,2021,FALSE,FALSE,N,Neither,TRUE
Costanigro,Marco,Ag and Food,2021,RP,a,N,0,NA,Reputation Leaders and Quality Laggards (book review AJAE),American Journal of Agricultural Economics,10.1111/ajae.12198,costanigromarco.txt,NA,NA,NA,0,0,0,0,NA,NA,0,10.1111/ajae.12198,doi:10.1111/ajae.12198,1,Active CSU affiliation,american journal agricultural economics,4.2,2022,Not applicable,W3130263887,https://doi.org/10.1111/ajae.12198,"Three Good Reasons for Reading “Wine Economics,” by Stefano Castriota, 2020, The MIT Press",2021,2021-02-17,article,0,American Journal of Agricultural Economics,0002-9092,Wiley,FALSE,FALSE,1,NA,NA,NA,N,FALSE,2021,FALSE,FALSE,N,Neither,TRUE
Countryman,Amanda,Ag and Food,2025,RP,b,N,0,NA,Modelling the Global Economic Impact of Antimicrobial Resistance in Humans,Center for Global Development Working Paper 713,nodoi,countrymanamanda.txt,NA,NA,NA,0,0,0,0,NA,NA,0,NA,titleyear:modelling the global economic impact of antimicrobial resist|2025,1,Active CSU affiliation,center global development working paper 713,NA,NA,Not applicable,NA,NA,NA,NA,NA,NA,NA,NA,NA,NA,NA,NA,NA,NA,NA,NA,N,FALSE,2025,FALSE,FALSE,N,Neither,TRUE
Countryman,Amanda,Ag and Food,2022,RP,b,N,0,NA,The Future of Food and Agricultural Trade with China,Farm Foundation Issue Report,nodoi,countrymanamanda.txt,NA,NA,NA,0,0,0,0,NA,NA,0,NA,titleyear:the future of food and agricultural trade with china|2022,1,Active CSU affiliation,farm foundation issue report,NA,NA,Not applicable,NA,NA,NA,NA,NA,NA,NA,NA,NA,NA,NA,NA,NA,NA,NA,NA,N,FALSE,2022,FALSE,FALSE,N,Neither,TRUE
Goemans,Chris,ENRE,2022,RP,b,Y,1,Goemans;Manning,Producer Beliefs and Conservation: The Impact of Perceived Water Scarcity on Irrigation Technology Adoption,National Bureau of Economic Research,10.3386/w30080,goemanschris.txt,NA,NA,NA,0,0,0,0,NA,NA,0,10.3386/w30080,doi:10.3386/w30080,1,Active CSU affiliation,national bureau economic research,NA,NA,Not applicable,W4281859237,https://doi.org/10.3386/w30080,Producer Beliefs and Conservation: The Impact of Perceived Water Scarcity on Irrigation Technology Adoption,2022,2022-05-01,report,0,National Bureau of Economic Research,NA,NA,FALSE,FALSE,3,NA,NA,NA,Y,TRUE,2022,FALSE,FALSE,Y,CV only,TRUE
Manning,Dale,ENRE,2022,RP,b,U,1,Goemans;Manning,Producer Beliefs and Conservation: The Impact of Perceived Water Scarcity on Irrigation Technology Adoption,National Bureau of Economic Research,10.3386/w30080,goemanschris.txt,NA,NA,NA,0,0,0,0,NA,NA,0,10.3386/w30080,doi:10.3386/w30080,1,Active CSU affiliation,national bureau economic research,NA,NA,Not applicable,W4281859237,https://doi.org/10.3386/w30080,Producer Beliefs and Conservation: The Impact of Perceived Water Scarcity on Irrigation Technology Adoption,2022,2022-05-01,report,0,National Bureau of Economic Research,NA,NA,FALSE,FALSE,3,NA,NA,NA,Y,TRUE,2022,FALSE,FALSE,Y,CV only,TRUE
Bayham,Jude,ENRE,2024,RP,b,Y,1,Bayham;Berning;Bonanno,Unemployment and Food Insecurity Amongst Immigrants in the United States,Regional Economic Development Institute,nodoi,berningjoshua.txt,NA,NA,NA,0,0,0,0,NA,NA,0,NA,titleyear:unemployment and food insecurity amongst immigrants in the u|2024,1,Active CSU affiliation,regional economic development institute,NA,NA,Not applicable,NA,NA,NA,NA,NA,NA,NA,NA,NA,NA,NA,NA,NA,NA,NA,NA,Y,TRUE,2024,FALSE,FALSE,Y,CV only,TRUE
Berning,Joshua,Ag and Food,2024,RP,b,N,1,Bayham;Berning;Bonanno,Unemployment and Food Insecurity Amongst Immigrants in the United States,Regional Economic Development Institute,nodoi,berningjoshua.txt,NA,NA,NA,0,0,0,0,NA,NA,0,NA,titleyear:unemployment and food insecurity amongst immigrants in the u|2024,1,Active CSU affiliation,regional economic development institute,NA,NA,Not applicable,NA,NA,NA,NA,NA,NA,NA,NA,NA,NA,NA,NA,NA,NA,NA,NA,Y,TRUE,2024,FALSE,FALSE,Y,CV only,TRUE
Bonanno,Alessandro,Ag and Food,2024,RP,b,U,1,Bayham;Berning;Bonanno,Unemployment and Food Insecurity Amongst Immigrants in the United States,Regional Economic Development Institute,nodoi,berningjoshua.txt,NA,NA,NA,0,0,0,0,NA,NA,0,NA,titleyear:unemployment and food insecurity amongst immigrants in the u|2024,1,Active CSU affiliation,regional economic development institute,NA,NA,Not applicable,NA,NA,NA,NA,NA,NA,NA,NA,NA,NA,NA,NA,NA,NA,NA,NA,Y,TRUE,2024,FALSE,FALSE,Y,CV only,TRUE
Koontz,Stephen,Ag and Food,2024,RP,b,N,0,NA,Economic Valuation of Landsat Next,United States Geological Survey,nodoi,koontzstephen.txt,NA,NA,NA,0,0,0,0,NA,NA,0,NA,titleyear:economic valuation of landsat next|2024,1,Active CSU affiliation,united states geological survey,NA,NA,Not applicable,NA,NA,NA,NA,NA,NA,NA,NA,NA,NA,NA,NA,NA,NA,NA,NA,N,FALSE,2024,FALSE,FALSE,N,Neither,TRUE
Countryman,Amanda,Ag and Food,2022,RP,b,N,0,NA,Ukraine Conflict Disrupts Agricultural Production and International Trade,Virginia Tech Global Agricultural Productivity Report,nodoi,countrymanamanda.txt,NA,NA,NA,0,0,0,0,NA,NA,0,NA,titleyear:ukraine conflict disrupts agricultural production and intern|2022,1,Active CSU affiliation,virginia tech global agricultural productivity report,NA,NA,Not applicable,NA,NA,NA,NA,NA,NA,NA,NA,NA,NA,NA,NA,NA,NA,NA,NA,N,FALSE,2022,FALSE,FALSE,N,Neither,TRUE
Countryman,Amanda,Ag and Food,2024,RP,b,N,0,NA,Forecasting the Fallout from AMR (EcoAMR series),World Organisation for Animal Health / World Bank,10.20506/ecoAMR.3539,countrymanamanda.txt,NA,NA,NA,0,0,0,0,NA,NA,0,10.20506/ecoamr.3539,doi:10.20506/ecoamr.3539,1,Active CSU affiliation,world organisation animal health world bank,NA,NA,Not applicable,W4402760575,https://doi.org/10.20506/ecoamr.3539,Forecasting the Fallout from AMR: Economic Impacts of Antimicrobial Resistance in Humans. A report from the EcoAMR series,2024,2024-09-01,report,10,NA,NA,NA,FALSE,FALSE,0,NA,NA,NA,N,FALSE,2024,FALSE,FALSE,N,Neither,TRUE
Burkhardt,Jesse,ENRE,2025,WP,b,Y,1,Burkhardt;Hoag;Mooney,Willingness to Participate in Agricultural Water Conservation Programs: Choice Experiment Evidence from the Upper Colorado River Basin,AAEA Conference Paper,10.22004/ag.econ.361067,Google Scholar,NA,NA,NA,0,NA,0,0,NA,NA,0,10.22004/ag.econ.361067,doi:10.22004/ag.econ.361067,1,Active CSU affiliation,aaea conference paper,NA,NA,Not applicable,NA,NA,NA,NA,NA,NA,NA,NA,NA,NA,NA,NA,NA,NA,NA,NA,Y,FALSE,2025,FALSE,FALSE,Y,CV only,TRUE
Hoag,Dana,ENRE,2025,WP,b,Y,1,Burkhardt;Hoag;Mooney,Willingness to Participate in Agricultural Water Conservation Programs: Choice Experiment Evidence from the Upper Colorado River Basin,AAEA Conference Paper,10.22004/ag.econ.361067,Google Scholar,NA,NA,NA,0,NA,0,0,NA,NA,0,10.22004/ag.econ.361067,doi:10.22004/ag.econ.361067,1,Active CSU affiliation,aaea conference paper,NA,NA,Not applicable,NA,NA,NA,NA,NA,NA,NA,NA,NA,NA,NA,NA,NA,NA,NA,NA,Y,FALSE,2025,FALSE,FALSE,Y,CV only,TRUE
Mooney,Daniel,Ag and Food,2025,WP,b,Y,1,Burkhardt;Hoag;Mooney,Willingness to Participate in Agricultural Water Conservation Programs: Choice Experiment Evidence from the Upper Colorado River Basin,AAEA Conference Paper,10.22004/ag.econ.361067,Google Scholar,NA,NA,NA,0,NA,0,0,NA,NA,0,10.22004/ag.econ.361067,doi:10.22004/ag.econ.361067,1,Active CSU affiliation,aaea conference paper,NA,NA,Not applicable,NA,NA,NA,NA,NA,NA,NA,NA,NA,NA,NA,NA,NA,NA,NA,NA,Y,FALSE,2025,FALSE,FALSE,Y,CV only,TRUE
Hoag,Dana,ENRE,2026,WP,b,N,1,Hoag;Mooney,Profitability of Threshold-Based Flex Crop Strategies for Dryland Wheat Rotations,AAEA Conference Paper,10.22004/ag.econ.404698,Google Scholar,NA,NA,NA,0,NA,0,0,NA,NA,1,10.22004/ag.econ.404698,doi:10.22004/ag.econ.404698,1,Active CSU affiliation,aaea conference paper,NA,NA,Not applicable,W7168092414,https://doi.org/10.22004/ag.econ.404698,Profitability of Threshold-Based Flex Crop Strategies for Dryland Wheat Rotations,2026,2026-07-12,other,0,"AgEcon Search (University of Minnesota, USA)",NA,University of Minnesota Rochester,TRUE,FALSE,3,NA,NA,NA,N,FALSE,2026,FALSE,FALSE,N,Neither,FALSE
Mooney,Daniel,Ag and Food,2026,WP,b,NA,1,Hoag;Mooney,Profitability of Threshold-Based Flex Crop Strategies for Dryland Wheat Rotations,AAEA Conference Paper,10.22004/ag.econ.404698,Google Scholar,NA,NA,NA,0,NA,0,0,NA,NA,1,10.22004/ag.econ.404698,doi:10.22004/ag.econ.404698,1,Active CSU affiliation,aaea conference paper,NA,NA,Not applicable,W7168092414,https://doi.org/10.22004/ag.econ.404698,Profitability of Threshold-Based Flex Crop Strategies for Dryland Wheat Rotations,2026,2026-07-12,other,0,"AgEcon Search (University of Minnesota, USA)",NA,University of Minnesota Rochester,TRUE,FALSE,3,NA,NA,NA,N,FALSE,2026,FALSE,FALSE,N,Neither,FALSE
Burkhardt,Jesse,ENRE,2026,WP,b,NA,0,NA,Climate variability introduces uncertainty into future emissions pathways,EarthAirXiv,10.31223/X5518B,Google Scholar,NA,NA,NA,0,NA,0,0,NA,NA,1,10.31223/x5518b,doi:10.31223/x5518b,1,Active CSU affiliation,earthairxiv,NA,NA,Not applicable,W7153033473,https://doi.org/10.31223/x5518b,Climate variability introduces uncertainty into future emissions pathways,2026,2026-04-10,preprint,0,NA,NA,NA,TRUE,FALSE,4,NA,NA,NA,U,FALSE,2026,FALSE,FALSE,U,Undetermined,FALSE
Graff,Gregory,Ag and Food,2025,WP,b,NA,0,NA,"The contribution of startups, venture finance, and patenting to innovation in US agriculture",USPTO Economic Working Paper,10.2139/ssrn.4892791,Google Scholar,NA,NA,NA,0,NA,0,0,NA,NA,0,10.2139/ssrn.4892791,doi:10.2139/ssrn.4892791,1,Active CSU affiliation,uspto economic working paper,NA,NA,Not applicable,W4400683073,https://doi.org/10.2139/ssrn.4892791,"The Contribution of Startups, Venture Finance, and Patenting to Innovation in U.S. Agriculture",2024,2024-01-01,preprint,1,SSRN Electronic Journal,1556-5068,RELX Group (Netherlands),TRUE,FALSE,3,NA,NA,NA,U,FALSE,2025,FALSE,TRUE,U,Undetermined,TRUE
Graff,Gregory,Ag and Food,2026,WP,b,NA,0,NA,Diffusion of Genetically Modified Crop Technology: Economic Research Working Paper No. 93,World Intellectual Property Organization (WIPO) Economic Research Working Paper Series,nodoi,Google Scholar,NA,NA,NA,0,NA,0,0,NA,NA,1,NA,titleyear:diffusion of genetically modified crop technology economic r|2026,1,Active CSU affiliation,world intellectual property organization wipo economic research working paper series,NA,NA,Not applicable,NA,NA,NA,NA,NA,NA,NA,NA,NA,NA,NA,NA,NA,NA,NA,NA,U,FALSE,2026,FALSE,FALSE,U,Undetermined,FALSE
