last,first,area,year,type,student_coauthor,dare_coauthors_names,dare_coauthors,title_short,venue,doi,doi_clean,journal_norm,impact_factor,if_year_used,if_match_rule,oa_id,doi_raw,oa_title,oa_year,oa_date,oa_type,cited_by_count,oa_venue,oa_issn_l,oa_publisher,is_oa,is_retracted,n_authors,n_grad_coauthors,grad_coauthors,any_student_at_pub,student_flag_disagrees,year_disagrees,faculty_type,faculty_rank,is_tt,pct_research,departed_flag,research_fte
Bayham,Jude,ENRE,2025,JA,Y,Berning;Costanigro,1,Changes in Alcohol Retail Laws and Foot Traffic at Liquor Stores,Applied Economic Perspectives and Policy,10.1002/aepp.70037,10.1002/aepp.70037,applied economic perspectives policy,3.6,2025,Exact journal-year,https://openalex.org/W4416337945,https://doi.org/10.1002/aepp.70037,Changes in Alcohol Retail Laws and Foot Traffic at Liquor Stores,2025,2025-11-18,article,1,Applied Economic Perspectives and Policy,2040-5790,Wiley,TRUE,FALSE,4,1,Nathan Palardy,FALSE,FALSE,FALSE,Tenured/Tenure Track,Associate Professor,TRUE,50,FALSE,0.5
Bayham,Jude,ENRE,2026,JA,Y,Berning;Bonanno,1,Food Insecurity and Unemployment among Immigrants in the United States,American Journal of Agricultural Economics,10.1002/ajae.70071,10.1002/ajae.70071,american journal agricultural economics,4.9,2025,Nearest year (2025),https://openalex.org/W7152708484,https://doi.org/10.1002/ajae.70071,Food insecurity and unemployment among immigrants in the United States,2026,2026-04-09,article,0,American Journal of Agricultural Economics,0002-9092,Wiley,TRUE,FALSE,4,1,Siwen Zhou,FALSE,FALSE,FALSE,Tenured/Tenure Track,Associate Professor,TRUE,50,FALSE,0.5
Bayham,Jude,ENRE,2024,JA,N,NA,0,Retention of Highly Qualified Wildland Firefighters in the Western US,Forest Policy and Economics,10.1016/j.forpol.2023.103115,10.1016/j.forpol.2023.103115,forest policy economics,3.8,2024,Exact journal-year,https://openalex.org/W4388995879,https://doi.org/10.1016/j.forpol.2023.103115,Retention of highly qualified wildland firefighters in the Western United States,2023,2023-11-25,article,8,Forest Policy and Economics,1389-9341,Elsevier BV,FALSE,FALSE,3,NA,NA,NA,FALSE,TRUE,Tenured/Tenure Track,Associate Professor,TRUE,50,FALSE,0.5
Bayham,Jude,ENRE,2022,JA,N,NA,0,Model-Based Evaluation of Policy Impacts and COVID-19 Risk at Long Term Care Facilities,Infectious Disease Modelling,10.1016/j.idm.2022.07.003,10.1016/j.idm.2022.07.003,infectious disease modelling,2.5,2024,Nearest year (2024),https://openalex.org/W4285603340,https://doi.org/10.1016/j.idm.2022.07.003,Model-based evaluation of policy impacts and the continued COVID-19 risk at long term care facilities,2022,2022-07-15,article,13,Infectious Disease Modelling,2468-0427,KeAi,TRUE,FALSE,5,NA,NA,NA,FALSE,FALSE,Tenured/Tenure Track,Associate Professor,TRUE,50,FALSE,0.5
Bayham,Jude,ENRE,2022,JA,N,NA,0,The Unintended Benefits of the Conservation Reserve Program for Air Quality,GeoHealth,10.1029/2022gh000648,10.1029/2022gh000648,geohealth,4.8,2022,Exact journal-year,https://openalex.org/W4304206881,https://doi.org/10.1029/2022gh000648,The Unintended Benefits of the Conservation Reserve Program for Air Quality,2022,2022-10-01,article,9,GeoHealth,2471-1403,Wiley,TRUE,FALSE,4,NA,NA,NA,FALSE,FALSE,Tenured/Tenure Track,Associate Professor,TRUE,50,FALSE,0.5
Bayham,Jude,ENRE,2021,JA,N,NA,0,Risk compensation and face mask mandates during the COVID-19 pandemic,Scientific Reports,10.1038/s41598-021-82574-w,10.1038/s41598-021-82574-w,scientific reports,4.996,2021,Exact journal-year,https://openalex.org/W3127456818,https://doi.org/10.1038/s41598-021-82574-w,Risk compensation and face mask mandates during the COVID-19 pandemic,2021,2021-02-04,article,102,Scientific Reports,2045-2322,Nature Portfolio,TRUE,FALSE,4,NA,NA,NA,FALSE,FALSE,Tenured/Tenure Track,Associate Professor,TRUE,50,FALSE,0.5
Bayham,Jude,ENRE,2022,JA,N,NA,0,Modeling the systemic risks of COVID-19 on the wildland firefighting workforce,Scientific Reports,10.1038/s41598-022-12253-x,10.1038/s41598-022-12253-x,scientific reports,4.6,2022,Exact journal-year,https://openalex.org/W4280497021,https://doi.org/10.1038/s41598-022-12253-x,Modeling the systemic risks of COVID-19 on the wildland firefighting workforce,2022,2022-05-18,article,5,Scientific Reports,2045-2322,Nature Portfolio,TRUE,FALSE,5,NA,NA,NA,FALSE,FALSE,Tenured/Tenure Track,Associate Professor,TRUE,50,FALSE,0.5
Bayham,Jude,ENRE,2021,JA,N,NA,0,Measuring voluntary and policy-induced social distancing behavior during COVID-19,Proceedings of the National Academy of Sciences,10.1073/pnas.2008814118,10.1073/pnas.2008814118,proceedings national academy sciences,11.1,2022,Nearest year (2022),https://openalex.org/W3141737218,https://doi.org/10.1073/pnas.2008814118,Measuring voluntary and policy-induced social distancing behavior during the COVID-19 pandemic,2021,2021-04-05,article,167,Proceedings of the National Academy of Sciences,0027-8424,National Academy of Sciences,TRUE,FALSE,6,NA,NA,NA,FALSE,FALSE,Tenured/Tenure Track,Associate Professor,TRUE,50,FALSE,0.5
Bayham,Jude,ENRE,2023,JA,Y,Berning;Costanigro;Thilmany,1,Beer sales in grocery and convenience stores: a glass half-full for craft brewers,Regional Studies,10.1080/00343404.2023.2166914,10.1080/00343404.2023.2166914,regional studies,4.2,2024,Nearest year (2024),https://openalex.org/W4319067211,https://doi.org/10.1080/00343404.2023.2166914,Beer sales in grocery and convenience stores: a glass half-full for craft brewers?,2023,2023-02-03,article,14,Regional Studies,0034-3404,Routledge,TRUE,FALSE,7,1,Nathan Palardy,FALSE,FALSE,FALSE,Tenured/Tenure Track,Associate Professor,TRUE,50,FALSE,0.5
Bayham,Jude,ENRE,2022,JA,N,Burkhardt,1,Does air pollution increase electric vehicle adoption,Journal of Environmental Economics and Policy,10.1080/21606544.2022.2059015,10.1080/21606544.2022.2059015,journal environmental economics policy,1.2,2024,Nearest year (2024),https://openalex.org/W4224076156,https://doi.org/10.1080/21606544.2022.2059015,"Does air pollution increase electric vehicle adoption? Evidence from U.S. metropolitan areas, 2011–2018",2022,2022-04-15,article,11,Journal of Environmental Economics and Policy,2160-6544,Taylor & Francis,TRUE,FALSE,5,NA,NA,NA,FALSE,FALSE,Tenured/Tenure Track,Associate Professor,TRUE,50,FALSE,0.5
Bayham,Jude,ENRE,2025,JA,U,Goemans;Manning;Suter,1,Inland flooding in the United States: a review,Environmental Research Letters,10.1088/1748-9326/add35e,10.1088/1748-9326/add35e,environmental research letters,5.4,2025,Exact journal-year,https://openalex.org/W4410022855,https://doi.org/10.1088/1748-9326/add35e,"Inland flooding in the United States: a review of research related to risk management, economic behavior, and data resources",2025,2025-05-02,article,1,Environmental Research Letters,1748-9326,IOP Publishing,TRUE,FALSE,5,1,Diellza Muriqi,TRUE,FALSE,FALSE,Tenured/Tenure Track,Associate Professor,TRUE,50,FALSE,0.5
Bayham,Jude,ENRE,2022,JA,N,Burkhardt,1,Outside in: indoor and outdoor particulate air quality during wildfire smoke events,Environmental Research: Health,10.1088/2752-5309/ac7d69,10.1088/2752-5309/ac7d69,environmental research health,8.3,2022,Exact journal-year,https://openalex.org/W4283765007,https://doi.org/10.1088/2752-5309/ac7d69,Outside in: the relationship between indoor and outdoor particulate air quality during wildfire smoke events in western US cities,2022,2022-06-30,article,52,Environmental Research Health,2752-5309,IOP Publishing,TRUE,FALSE,8,NA,NA,NA,FALSE,FALSE,Tenured/Tenure Track,Associate Professor,TRUE,50,FALSE,0.5
Bayham,Jude,ENRE,2023,JA,N,NA,0,Wildfire Response: A System on the Brink,Journal of Forestry,10.1093/jofore/fvac042,10.1093/jofore/fvac042,journal forestry,1.8,2024,Nearest year (2024),https://openalex.org/W4313336269,https://doi.org/10.1093/jofore/fvac042,Wildfire Response: A System on the Brink?,2022,2022-12-17,article,20,Journal of Forestry,0022-1201,Oxford University Press,TRUE,FALSE,6,NA,NA,NA,FALSE,TRUE,Tenured/Tenure Track,Associate Professor,TRUE,50,FALSE,0.5
Bayham,Jude,ENRE,2024,JA,U,Burkhardt;Hill,1,Air pollution weather and agricultural worker productivity,American Journal of Agricultural Economics,10.1111/ajae.12439,10.1111/ajae.12439,american journal agricultural economics,3.3,2024,Exact journal-year,https://openalex.org/W4388279823,https://doi.org/10.1111/ajae.12439,"Air pollution, weather, and agricultural worker productivity",2023,2023-11-03,article,17,American Journal of Agricultural Economics,0002-9092,Wiley,TRUE,FALSE,7,NA,NA,NA,FALSE,TRUE,Tenured/Tenure Track,Associate Professor,TRUE,50,FALSE,0.5
Bayham,Jude,ENRE,2021,JA,N,NA,0,Effects of land dispossession and forced migration on Indigenous peoples,Science,10.1126/science.abe4943,10.1126/science.abe4943,science,63.714,2021,Exact journal-year,https://openalex.org/W3210493173,https://doi.org/10.1126/science.abe4943,Effects of land dispossession and forced migration on Indigenous peoples in North America,2021,2021-10-28,article,204,Science,0036-8075,American Association for the Advancement of Science,TRUE,FALSE,6,NA,NA,NA,FALSE,FALSE,Tenured/Tenure Track,Associate Professor,TRUE,50,FALSE,0.5
Bayham,Jude,ENRE,2022,JA,N,NA,0,The Economics of Wildfire in the United States,Annual Review of Resource Economics,10.1146/annurev-resource-111920-014804,10.1146/annurev-resource-111920-014804,annual review resource economics,5.8,2022,Exact journal-year,https://openalex.org/W4281886895,https://doi.org/10.1146/annurev-resource-111920-014804,The Economics of Wildfire in the United States,2022,2022-06-09,article,79,Annual Review of Resource Economics,1941-1340,Annual Reviews,FALSE,FALSE,4,NA,NA,NA,FALSE,FALSE,Tenured/Tenure Track,Associate Professor,TRUE,50,FALSE,0.5
Bayham,Jude,ENRE,2021,JA,N,NA,0,Maximizing the Efficiency of Active Case Finding for SARS-CoV-2 Using Bandit Algorithms,Medical Decision Making,10.1177/0272989x211021603,10.1177/0272989x211021603,medical decision making,2.749,2021,Exact journal-year,https://openalex.org/W3168577360,https://doi.org/10.1177/0272989x211021603,Maximizing the Efficiency of Active Case Finding for SARS-CoV-2 Using Bandit Algorithms,2021,2021-06-14,article,9,Medical Decision Making,0272-989X,SAGE Publishing,TRUE,FALSE,16,NA,NA,NA,FALSE,FALSE,Tenured/Tenure Track,Associate Professor,TRUE,50,FALSE,0.5
Bayham,Jude,ENRE,2021,JA,Y,NA,0,COVID-19 and the renewed migration to the rural west,Western Economics Forum,10.22004/ag.econ.311309,10.22004/ag.econ.311309,western economics forum,NA,NA,No IF match,https://openalex.org/W3185528076,https://doi.org/10.22004/ag.econ.311309,COVID-19 and the Renewed Migration to the Rural West,2021,2021-01-01,article,10,"AgEcon Search (University of Minnesota, USA)",NA,University of Minnesota Rochester,TRUE,FALSE,6,NA,NA,NA,TRUE,FALSE,Tenured/Tenure Track,Associate Professor,TRUE,50,FALSE,0.5
Bayham,Jude,ENRE,2023,JA,N,Suter,1,Reductions in National Forest Campground Reservation Demand from Wildfire,Journal of Agricultural and Resource Economics,10.22004/ag.econ.322851,10.22004/ag.econ.322851,journal agricultural resource economics,1.4,2024,Nearest year (2024),NA,NA,NA,NA,NA,NA,NA,NA,NA,NA,NA,NA,NA,NA,NA,NA,FALSE,FALSE,Tenured/Tenure Track,Associate Professor,TRUE,50,FALSE,0.5
Bayham,Jude,ENRE,2023,JA,Y,NA,0,The Economics of Wildland Firefighting Aviation Procurement and Effectiveness,Western Economics Forum,10.22004/ag.econ.339590,10.22004/ag.econ.339590,western economics forum,NA,NA,No IF match,NA,NA,NA,NA,NA,NA,NA,NA,NA,NA,NA,NA,NA,NA,NA,NA,TRUE,FALSE,Tenured/Tenure Track,Associate Professor,TRUE,50,FALSE,0.5
Bayham,Jude,ENRE,2021,JA,N,NA,0,Estimating the Impact of Statewide Policies to Reduce Spread of SARS-CoV-2,Emerging Infectious Diseases,10.3201/eid2709.204167,10.3201/eid2709.204167,emerging infectious diseases,16.126,2021,Exact journal-year,https://openalex.org/W3174989026,https://doi.org/10.3201/eid2709.204167,"Estimating the Impact of Statewide Policies to Reduce Spread of Severe Acute Respiratory Syndrome Coronavirus 2 in Real Time, Colorado, USA",2021,2021-07-01,article,17,Emerging infectious diseases,1080-6040,Centers for Disease Control and Prevention,TRUE,FALSE,11,NA,NA,NA,FALSE,FALSE,Tenured/Tenure Track,Associate Professor,TRUE,50,FALSE,0.5
Bayham,Jude,ENRE,2026,JA,N,NA,0,Are mobility data a substitute for travel cost surveys,Land Economics,10.3368/le.102.3.012626-0015,10.3368/le.102.3.012626-0015,land economics,1.9,2025,Nearest year (2025),https://openalex.org/W7135135882,https://doi.org/10.3368/le.102.3.012626-0015,Are Mobile Device Location Data a Substitute for Travel Cost Surveys?,2026,2026-03-11,article,1,Land Economics,0023-7639,University of Wisconsin Press,TRUE,FALSE,3,NA,NA,NA,FALSE,FALSE,Tenured/Tenure Track,Associate Professor,TRUE,50,FALSE,0.5
Bayham,Jude,ENRE,2021,JA,N,NA,0,Time Reallocation and the Cost and Benefit of School Closures During an Epidemic,Frontiers of Economics in China,10.54605/fec20210204,10.54605/fec20210204,frontiers economics in china,NA,NA,No IF match,https://openalex.org/W4200109688,https://doi.org/10.54605/fec20210204,Time Reallocation and the Cost and Benefit of School Closures during an Epidemic,2021,2021-12-15,article,1,Frontiers of Economics in China,1673-3444,Brill,FALSE,FALSE,4,NA,NA,NA,FALSE,FALSE,Tenured/Tenure Track,Associate Professor,TRUE,50,FALSE,0.5
Bayham,Jude,ENRE,2021,JA,N,NA,0,Impacts of the COVID-19 pandemic on agriculture and natural resources in the western US,Western Economics Forum,nodoi,NA,western economics forum,NA,NA,No IF match,NA,NA,NA,NA,NA,NA,NA,NA,NA,NA,NA,NA,NA,NA,NA,NA,FALSE,FALSE,Tenured/Tenure Track,Associate Professor,TRUE,50,FALSE,0.5
Bennett,Jenny,Ag Ed,2025,JA,N,NA,0,Understanding Barriers to SAE Implementation and Professional Development Needs,Journal of Agricultural Education,10.5032/jae.v66i4.3220,10.5032/jae.v66i4.3220,journal agricultural education,NA,NA,No IF match,https://openalex.org/W4417097694,https://doi.org/10.5032/jae.v66i4.3220,Understanding Barriers to SAE Implementation and Professional Development Needs of Middle School SBAE Teachers,2025,2025-12-07,article,0,Journal of Agricultural Education,1042-0541,American Association for Agricultural Education,TRUE,FALSE,2,NA,NA,NA,FALSE,FALSE,Tenured/Tenure Track,Assistant Professor,TRUE,25,FALSE,0.25
Bennett,Jenny,Ag Ed,2026,JA,U,Clark;Enns,1,Investigating the Sources and Influences Shaping Pedagogical Content Knowledge,Journal of Agricultural Education,10.5032/jae.v67i1.3218,10.5032/jae.v67i1.3218,journal agricultural education,NA,NA,No IF match,https://openalex.org/W7118128088,https://doi.org/10.5032/jae.v67i1.3218,Investigating the Sources and Influences Shaping Pedagogical Content Knowledge among Colorado Agricultural Educators,2026,2026-01-04,article,0,Journal of Agricultural Education,1042-0541,American Association for Agricultural Education,TRUE,FALSE,4,NA,NA,NA,FALSE,FALSE,Tenured/Tenure Track,Assistant Professor,TRUE,25,FALSE,0.25
Bennett,Jenny,Ag Ed,2025,JA,N,Clark;Enns,1,An examination of the effectiveness of an institutional intervention to improve retention,NACTA Journal,10.56103/nactaj.v69i1.210,10.56103/nactaj.v69i1.210,nacta journal,NA,NA,No IF match,https://openalex.org/W4410430809,https://doi.org/10.56103/nactaj.v69i1.210,Examination of the Effectiveness of an Institutional Intervention to Improve Retention at an Agricultural College,2025,2025-05-16,article,0,NACTA Journal,0149-4910,NA,TRUE,FALSE,6,NA,NA,NA,FALSE,FALSE,Tenured/Tenure Track,Assistant Professor,TRUE,25,FALSE,0.25
Berning,Joshua,Ag and Food,2023,JA,U,Bonanno;Cleary,1,Food Insecurity and Time Use in Elderly vs Non-Elderly,Applied Economic Perspectives and Policy,10.1002/aepp.13275,10.1002/aepp.13275,applied economic perspectives policy,3.4,2024,Nearest year (2024),https://openalex.org/W4225008403,https://doi.org/10.1002/aepp.13275,Food insecurity and time use in elderly vs. non‐elderly: An exploratory analysis,2022,2022-04-27,article,8,Applied Economic Perspectives and Policy,2040-5790,Wiley,FALSE,FALSE,3,NA,NA,NA,FALSE,TRUE,Tenured/Tenure Track,Professor,TRUE,50,FALSE,0.5
Berning,Joshua,Ag and Food,2024,JA,U,Bonanno;Cleary,1,Disparities in Food Insecurity among Black and White Households,Applied Economic Perspectives and Policy,10.1002/aepp.13332,10.1002/aepp.13332,applied economic perspectives policy,3.4,2024,Exact journal-year,https://openalex.org/W4307650297,https://doi.org/10.1002/aepp.13332,"Disparities in food insecurity among Black and White households: An analysis by age cohort, poverty, education, and home ownership",2022,2022-10-27,article,12,Applied Economic Perspectives and Policy,2040-5790,Wiley,TRUE,FALSE,3,NA,NA,NA,FALSE,TRUE,Tenured/Tenure Track,Professor,TRUE,50,FALSE,0.5
Berning,Joshua,Ag and Food,2025,JA,Y,Bayham;Costanigro,1,Changes in Alcohol Retail Laws and Foot Traffic at Liquor Stores,Applied Economic Perspectives and Policy,10.1002/aepp.70037,10.1002/aepp.70037,applied economic perspectives policy,3.6,2025,Exact journal-year,https://openalex.org/W4416337945,https://doi.org/10.1002/aepp.70037,Changes in Alcohol Retail Laws and Foot Traffic at Liquor Stores,2025,2025-11-18,article,1,Applied Economic Perspectives and Policy,2040-5790,Wiley,TRUE,FALSE,4,1,Nathan Palardy,FALSE,FALSE,FALSE,Tenured/Tenure Track,Professor,TRUE,50,FALSE,0.5
Berning,Joshua,Ag and Food,2026,JA,N,Bayham;Bonanno,1,Food Insecurity and Unemployment among Immigrants in the United States,American Journal of Agricultural Economics,10.1002/ajae.70071,10.1002/ajae.70071,american journal agricultural economics,4.9,2025,Nearest year (2025),https://openalex.org/W7152708484,https://doi.org/10.1002/ajae.70071,Food insecurity and unemployment among immigrants in the United States,2026,2026-04-09,article,0,American Journal of Agricultural Economics,0002-9092,Wiley,TRUE,FALSE,4,1,Siwen Zhou,FALSE,TRUE,FALSE,Tenured/Tenure Track,Professor,TRUE,50,FALSE,0.5
Berning,Joshua,Ag and Food,2023,JA,N,Cleary,1,Food Insecurity Among Immigrant Populations in the United States,Food Security,10.1007/s12571-022-01322-8,10.1007/s12571-022-01322-8,food security,6.2,2024,Nearest year (2024),https://openalex.org/W3084019073,https://doi.org/10.1007/s12571-022-01322-8,Food insecurity among immigrant populations in the United States,2022,2022-10-08,article,11,Food Security,1876-4517,Springer Science+Business Media,TRUE,FALSE,3,1,Caroline Norris,FALSE,TRUE,TRUE,Tenured/Tenure Track,Professor,TRUE,50,FALSE,0.5
Berning,Joshua,Ag and Food,2023,JA,Y,Bayham;Costanigro;Thilmany,1,Beer sales in grocery and convenience stores: a glass half-full for craft brewers,Regional Studies,10.1080/00343404.2023.2166914,10.1080/00343404.2023.2166914,regional studies,4.2,2024,Nearest year (2024),https://openalex.org/W4319067211,https://doi.org/10.1080/00343404.2023.2166914,Beer sales in grocery and convenience stores: a glass half-full for craft brewers?,2023,2023-02-03,article,14,Regional Studies,0034-3404,Routledge,TRUE,FALSE,7,1,Nathan Palardy,FALSE,FALSE,FALSE,Tenured/Tenure Track,Professor,TRUE,50,FALSE,0.5
Berning,Joshua,Ag and Food,2021,JA,N,NA,0,GMO Turfgrass Introduction to the Market,HortScience,10.21273/hortsci15871-21,10.21273/hortsci15871-21,hortscience,1.874,2021,Exact journal-year,https://openalex.org/W3171907984,https://doi.org/10.21273/hortsci15871-21,GMO Turfgrass Introduction to the Market: Acceptance and Market Simulations for Connecticut Consumers,2021,2021-06-02,article,3,HortScience,0018-5345,American Society for Horticultural Science,TRUE,FALSE,3,NA,NA,NA,FALSE,FALSE,Tenured/Tenure Track,Professor,TRUE,50,FALSE,0.5
Bonanno,Alessandro,Ag and Food,2021,JA,N,Chenarides,1,If You Build It Will it Matter? Food Stores Presence and Perceived Barriers,Applied Economic Perspectives and Policy,10.1002/aepp.13098,10.1002/aepp.13098,applied economic perspectives policy,4.89,2021,Exact journal-year,https://openalex.org/W3093424154,https://doi.org/10.1002/aepp.13098,If You Build Them… Will it Matter? Food Stores' Presence and Perceived Barriers to Purchasing Healthy Foods in the Northeastern U.S.,2020,2020-10-12,article,6,Applied Economic Perspectives and Policy,2040-5790,Wiley,FALSE,FALSE,3,NA,NA,NA,FALSE,TRUE,Tenured/Tenure Track,Professor,TRUE,50,FALSE,0.5
Bonanno,Alessandro,Ag and Food,2021,JA,Y,Cleary,1,School Meals and Quality of Household Food Acquisitions,Applied Economic Perspectives and Policy,10.1002/aepp.13130,10.1002/aepp.13130,applied economic perspectives policy,4.89,2021,Exact journal-year,https://openalex.org/W3120068039,https://doi.org/10.1002/aepp.13130,School meals and quality of household food acquisitions,2021,2021-01-07,article,1,Applied Economic Perspectives and Policy,2040-5790,Wiley,FALSE,FALSE,5,1,Armen Ghazaryan,FALSE,FALSE,FALSE,Tenured/Tenure Track,Professor,TRUE,50,FALSE,0.5
Bonanno,Alessandro,Ag and Food,2023,JA,N,Berning;Cleary,1,Food Insecurity and Time Use in Elderly vs Non-Elderly,Applied Economic Perspectives and Policy,10.1002/aepp.13275,10.1002/aepp.13275,applied economic perspectives policy,3.4,2024,Nearest year (2024),https://openalex.org/W4225008403,https://doi.org/10.1002/aepp.13275,Food insecurity and time use in elderly vs. non‐elderly: An exploratory analysis,2022,2022-04-27,article,8,Applied Economic Perspectives and Policy,2040-5790,Wiley,FALSE,FALSE,3,NA,NA,NA,FALSE,TRUE,Tenured/Tenure Track,Professor,TRUE,50,FALSE,0.5
Bonanno,Alessandro,Ag and Food,2024,JA,N,Berning;Cleary,1,Disparities in Food Insecurity among Black and White Households,Applied Economic Perspectives and Policy,10.1002/aepp.13332,10.1002/aepp.13332,applied economic perspectives policy,3.4,2024,Exact journal-year,https://openalex.org/W4307650297,https://doi.org/10.1002/aepp.13332,"Disparities in food insecurity among Black and White households: An analysis by age cohort, poverty, education, and home ownership",2022,2022-10-27,article,12,Applied Economic Perspectives and Policy,2040-5790,Wiley,TRUE,FALSE,3,NA,NA,NA,FALSE,TRUE,Tenured/Tenure Track,Professor,TRUE,50,FALSE,0.5
Bonanno,Alessandro,Ag and Food,2026,JA,N,Bayham;Berning,1,Food Insecurity and Unemployment among Immigrants in the United States,American Journal of Agricultural Economics,10.1002/ajae.70071,10.1002/ajae.70071,american journal agricultural economics,4.9,2025,Nearest year (2025),https://openalex.org/W7152708484,https://doi.org/10.1002/ajae.70071,Food insecurity and unemployment among immigrants in the United States,2026,2026-04-09,article,0,American Journal of Agricultural Economics,0002-9092,Wiley,TRUE,FALSE,4,1,Siwen Zhou,FALSE,TRUE,FALSE,Tenured/Tenure Track,Professor,TRUE,50,FALSE,0.5
Bonanno,Alessandro,Ag and Food,2024,JA,N,NA,0,Farm to School Programming Spillovers and Households Fruits and Vegetables Purchases,Journal of the Agricultural and Applied Economics Association,10.1002/jaa2.95,10.1002/jaa2.95,journal agricultural applied economics association,1.8,2025,Nearest year (2025),https://openalex.org/W4391281161,https://doi.org/10.1002/jaa2.95,Farm to school programming spillovers and households' fruits and vegetables purchases,2024,2024-01-26,article,1,Journal of the Agricultural and Applied Economics Association,2769-2485,Wiley,TRUE,FALSE,3,NA,NA,NA,FALSE,FALSE,Tenured/Tenure Track,Professor,TRUE,50,FALSE,0.5
Bonanno,Alessandro,Ag and Food,2023,JA,U,Cleary;Jablonski,1,The Influence of Food Assistance Program Participation on Home Food Environment,Current Developments in Nutrition,10.1016/j.cdnut.2023.100292,10.1016/j.cdnut.2023.100292,current developments in nutrition,3.2,2024,Nearest year (2024),https://openalex.org/W4385306485,https://doi.org/10.1016/j.cdnut.2023.100292,OR23-07-23 The Influence of Food Assistance Program Participation on the Quality of the Home Food Environment Is Modified by Household Food Security Levels,2023,2023-07-01,article,0,Current Developments in Nutrition,2475-2991,Elsevier BV,TRUE,FALSE,6,1,Erin Love,FALSE,FALSE,FALSE,Tenured/Tenure Track,Professor,TRUE,50,FALSE,0.5
Bonanno,Alessandro,Ag and Food,2021,JA,N,NA,0,Too Cool for Farm to School? Determinants of Farm to School Programming Continuation,Food Policy,10.1016/j.foodpol.2021.102045,10.1016/j.foodpol.2021.102045,food policy,6.08,2021,Exact journal-year,https://openalex.org/W3137539494,https://doi.org/10.1016/j.foodpol.2021.102045,Too cool for farm to school? Analyzing the determinants of farm to school programming continuation,2021,2021-03-18,article,15,Food Policy,0306-9192,Elsevier BV,FALSE,FALSE,2,NA,NA,NA,FALSE,FALSE,Tenured/Tenure Track,Professor,TRUE,50,FALSE,0.5
Bonanno,Alessandro,Ag and Food,2021,JA,N,Jablonski,1,Measuring stocks of community wealth and its association with food systems efforts,Food Policy,10.1016/j.foodpol.2021.102119,10.1016/j.foodpol.2021.102119,food policy,6.08,2021,Exact journal-year,https://openalex.org/W3175602227,https://doi.org/10.1016/j.foodpol.2021.102119,Measuring stocks of community wealth and their association with food systems efforts in rural and urban places,2021,2021-07-01,article,13,Food Policy,0306-9192,Elsevier BV,TRUE,FALSE,4,NA,NA,NA,FALSE,FALSE,Tenured/Tenure Track,Professor,TRUE,50,FALSE,0.5
Bonanno,Alessandro,Ag and Food,2021,JA,U,Cleary,1,Enhancing Understanding of Food Purchasing Patterns in the Northeast,Renewable Agriculture and Food Systems,10.1017/s1742170519000371,10.1017/s1742170519000371,renewable agriculture food systems,2.915,2021,Exact journal-year,https://openalex.org/W2981340085,https://doi.org/10.1017/s1742170519000371,Enhancing understanding of food purchasing patterns in the Northeast US using multiple datasets,2019,2019-10-25,article,3,Renewable Agriculture and Food Systems,1742-1705,Cambridge University Press,TRUE,FALSE,6,NA,NA,NA,FALSE,TRUE,Tenured/Tenure Track,Professor,TRUE,50,FALSE,0.5
Bonanno,Alessandro,Ag and Food,2021,JA,N,NA,0,Competitive and Welfare Effects of Private Label Presence in Differentiated Food Markets,Applied Economics,10.1080/00036846.2020.1866160,10.1080/00036846.2020.1866160,applied economics,1.916,2021,Exact journal-year,https://openalex.org/W3132144767,https://doi.org/10.1080/00036846.2020.1866160,Competitive and welfare effects of private label presence in differentiated food markets,2021,2021-02-16,article,11,Applied Economics,0003-6846,Taylor & Francis,FALSE,FALSE,4,NA,NA,NA,FALSE,FALSE,Tenured/Tenure Track,Professor,TRUE,50,FALSE,0.5
Bonanno,Alessandro,Ag and Food,2023,JA,N,Jablonski,1,Beginning farmer status and financial performance differentials,Agricultural Finance Review,10.1108/AFR-05-2023-0054,10.1108/afr-05-2023-0054,agricultural finance review,1.9,2024,Nearest year (2024),https://openalex.org/W4386804267,https://doi.org/10.1108/afr-05-2023-0054,Beginning farmer status and financial performance differentials,2023,2023-09-16,article,1,Agricultural Finance Review,0002-1466,Emerald Publishing Limited,FALSE,FALSE,4,NA,NA,NA,FALSE,FALSE,Tenured/Tenure Track,Professor,TRUE,50,FALSE,0.5
Bonanno,Alessandro,Ag and Food,2023,JA,N,NA,0,Geographical Indications Prices and Marketing Margins,British Food Journal,10.1108/bfj-09-2021-1000,10.1108/bfj-09-2021-1000,british food journal,4.2,2024,Nearest year (2024),https://openalex.org/W4220717619,https://doi.org/10.1108/bfj-09-2021-1000,"Geographical indications' prices and marketing margins: the role of group size, longevity and production decisions",2022,2022-03-23,article,5,British Food Journal,0007-070X,Emerald Publishing Limited,FALSE,FALSE,3,NA,NA,NA,FALSE,TRUE,Tenured/Tenure Track,Professor,TRUE,50,FALSE,0.5
Bonanno,Alessandro,Ag and Food,2023,JA,N,NA,0,I say Milk you say Mylk: Demand separability and substitution in a broadened milk category,Journal of Agricultural and Resource Economics,10.22004/ag.econ.320675,10.22004/ag.econ.320675,journal agricultural resource economics,1.4,2024,Nearest year (2024),NA,NA,NA,NA,NA,NA,NA,NA,NA,NA,NA,NA,NA,NA,NA,NA,FALSE,FALSE,Tenured/Tenure Track,Professor,TRUE,50,FALSE,0.5
Burkhardt,Jesse,ENRE,2021,JA,N,NA,0,Dry landscapes and parched economies: drought impacts on nonagricultural sectors,WIREs Water,10.1002/wat2.1571,10.1002/wat2.1571,wires water,7.428,2021,Exact journal-year,https://openalex.org/W4200579997,https://doi.org/10.1002/wat2.1571,Dry landscapes and parched economies: A review of how drought impacts nonagricultural socioeconomic sectors in the <scp>US</scp> Intermountain West,2021,2021-12-29,article,38,Wiley Interdisciplinary Reviews Water,2049-1948,Wiley,TRUE,FALSE,6,NA,NA,NA,FALSE,FALSE,Tenured/Tenure Track,Associate Professor,TRUE,50,FALSE,0.5
Burkhardt,Jesse,ENRE,2022,JA,N,NA,0,Data availability and sector-specific frameworks restrict drought impact quantification,WIREs Water,10.1002/wat2.1586,10.1002/wat2.1586,wires water,8.2,2022,Exact journal-year,https://openalex.org/W4221017855,https://doi.org/10.1002/wat2.1586,Data availability and sector‐specific frameworks restrict drought impact quantification in the Intermountain West,2022,2022-03-26,article,1,Wiley Interdisciplinary Reviews Water,2049-1948,Wiley,TRUE,FALSE,6,NA,NA,NA,FALSE,FALSE,Tenured/Tenure Track,Associate Professor,TRUE,50,FALSE,0.5
Burkhardt,Jesse,ENRE,2024,JA,N,NA,0,Delivering affordable clean energy to consumers,Journal of the Academy of Marketing Science,10.1007/s11747-024-01003-2,10.1007/s11747-024-01003-2,journal academy marketing science,10.1,2024,Exact journal-year,https://openalex.org/W4391538670,https://doi.org/10.1007/s11747-024-01003-2,Delivering affordable clean energy to consumers,2024,2024-02-05,article,10,Journal of the Academy of Marketing Science,0092-0703,Springer Science+Business Media,FALSE,FALSE,5,NA,NA,NA,FALSE,FALSE,Tenured/Tenure Track,Associate Professor,TRUE,50,FALSE,0.5
Burkhardt,Jesse,ENRE,2023,JA,N,Hoag,1,Willingness to pay for reintroducing wolves in a divided voting base,Global Ecology and Conservation,10.1016/j.gecco.2023.e02576,10.1016/j.gecco.2023.e02576,global ecology conservation,3.4,2024,Nearest year (2024),https://openalex.org/W4384008743,https://doi.org/10.1016/j.gecco.2023.e02576,Willingness to pay for reintroducing wolves in a divided voting base,2023,2023-07-12,article,6,Global Ecology and Conservation,2351-9894,Elsevier BV,TRUE,FALSE,6,NA,NA,NA,FALSE,FALSE,Tenured/Tenure Track,Associate Professor,TRUE,50,FALSE,0.5
Burkhardt,Jesse,ENRE,2023,JA,N,NA,0,Sustainability of lettuce production: local and centralized food production,Journal of Cleaner Production,10.1016/j.jclepro.2023.139224,10.1016/j.jclepro.2023.139224,journal cleaner production,10,2024,Nearest year (2024),NA,NA,NA,NA,NA,NA,NA,NA,NA,NA,NA,NA,NA,NA,NA,NA,FALSE,FALSE,Tenured/Tenure Track,Associate Professor,TRUE,50,FALSE,0.5
Burkhardt,Jesse,ENRE,2025,JA,Y,Suter,1,Characterizing community water systems exposed to wildfire in the Western US,Science of the Total Environment,10.1016/j.scitotenv.2025.179814,10.1016/j.scitotenv.2025.179814,science total environment,8,2024,Nearest year (2024),https://openalex.org/W4411225024,https://doi.org/10.1016/j.scitotenv.2025.179814,Characterizing community water systems exposed to wildfire in the Western U.S.,2025,2025-06-12,article,0,The Science of The Total Environment,0048-9697,Elsevier BV,FALSE,FALSE,7,NA,NA,NA,TRUE,FALSE,Tenured/Tenure Track,Associate Professor,TRUE,50,FALSE,0.5
Burkhardt,Jesse,ENRE,2023,JA,U,Goemans;Manning,1,Further evidence on social comparison and residential water use,Water Resources and Economics,10.1016/j.wre.2023.100214,10.1016/j.wre.2023.100214,water resources economics,1.9,2024,Nearest year (2024),NA,NA,NA,NA,NA,NA,NA,NA,NA,NA,NA,NA,NA,NA,NA,NA,FALSE,FALSE,Tenured/Tenure Track,Associate Professor,TRUE,50,FALSE,0.5
Burkhardt,Jesse,ENRE,2022,JA,N,NA,0,Smoke-Driven Changes in Photosynthetically Active Radiation During US Growing Season,Journal of Geophysical Research: Atmospheres,10.1029/2022jd037446,10.1029/2022jd037446,journal geophysical research atmospheres,4.4,2022,Exact journal-year,https://openalex.org/W4309691277,https://doi.org/10.1029/2022jd037446,Smoke‐Driven Changes in Photosynthetically Active Radiation During the U.S. Agricultural Growing Season,2022,2022-11-22,article,11,Journal of Geophysical Research Atmospheres,0148-0227,American Geophysical Union,TRUE,FALSE,4,NA,NA,NA,FALSE,FALSE,Tenured/Tenure Track,Associate Professor,TRUE,50,FALSE,0.5
Burkhardt,Jesse,ENRE,2025,JA,N,NA,0,Solar energy resource availability under extreme and historical wildfire smoke conditions,Nature Communications,10.1038/s41467-024-54163-8,10.1038/s41467-024-54163-8,nature communications,18.1,2025,Exact journal-year,https://openalex.org/W4406001170,https://doi.org/10.1038/s41467-024-54163-8,Solar energy resource availability under extreme and historical wildfire smoke conditions,2025,2025-01-02,article,20,Nature Communications,2041-1723,Nature Portfolio,TRUE,FALSE,6,NA,NA,NA,FALSE,FALSE,Tenured/Tenure Track,Associate Professor,TRUE,50,FALSE,0.5
Burkhardt,Jesse,ENRE,2025,JA,U,Hoag,1,How sense of place influences willingness to pay for sustainable wolf populations,Society & Natural Resources,10.1080/08941920.2025.2572064,10.1080/08941920.2025.2572064,society natural resources,2.1,2025,Exact journal-year,https://openalex.org/W4415021393,https://doi.org/10.1080/08941920.2025.2572064,How Sense of Place Influences Willingness to Pay for Sustainable Wolf Populations,2025,2025-10-10,article,0,Society & Natural Resources,0894-1920,Taylor & Francis,FALSE,FALSE,3,NA,NA,NA,FALSE,FALSE,Tenured/Tenure Track,Associate Professor,TRUE,50,FALSE,0.5
Burkhardt,Jesse,ENRE,2022,JA,N,Bayham,1,Does air pollution increase electric vehicle adoption,Journal of Environmental Economics and Policy,10.1080/21606544.2022.2059015,10.1080/21606544.2022.2059015,journal environmental economics policy,1.2,2024,Nearest year (2024),https://openalex.org/W4224076156,https://doi.org/10.1080/21606544.2022.2059015,"Does air pollution increase electric vehicle adoption? Evidence from U.S. metropolitan areas, 2011–2018",2022,2022-04-15,article,11,Journal of Environmental Economics and Policy,2160-6544,Taylor & Francis,TRUE,FALSE,5,NA,NA,NA,FALSE,FALSE,Tenured/Tenure Track,Associate Professor,TRUE,50,FALSE,0.5
Burkhardt,Jesse,ENRE,2022,JA,N,Bayham,1,Outside in: indoor and outdoor particulate air quality during wildfire smoke events,Environmental Research: Health,10.1088/2752-5309/ac7d69,10.1088/2752-5309/ac7d69,environmental research health,8.3,2022,Exact journal-year,https://openalex.org/W4283765007,https://doi.org/10.1088/2752-5309/ac7d69,Outside in: the relationship between indoor and outdoor particulate air quality during wildfire smoke events in western US cities,2022,2022-06-30,article,52,Environmental Research Health,2752-5309,IOP Publishing,TRUE,FALSE,8,NA,NA,NA,FALSE,FALSE,Tenured/Tenure Track,Associate Professor,TRUE,50,FALSE,0.5
Burkhardt,Jesse,ENRE,2021,JA,U,Hill,1,Peers in the Field: Ability and Gender in Peer Effects among Agricultural Workers,American Journal of Agricultural Economics,10.1111/ajae.12192,10.1111/ajae.12192,american journal agricultural economics,4.2,2022,Nearest year (2022),https://openalex.org/W3130764381,https://doi.org/10.1111/ajae.12192,Peers in the Field: The Role of Ability and Gender in Peer Effects among Agricultural Workers,2021,2021-02-16,article,12,American Journal of Agricultural Economics,0002-9092,Wiley,FALSE,FALSE,2,NA,NA,NA,FALSE,FALSE,Tenured/Tenure Track,Associate Professor,TRUE,50,FALSE,0.5
Burkhardt,Jesse,ENRE,2022,JA,N,NA,0,Conformity and Conservation: Home Landscaping and Water Conservation,American Journal of Agricultural Economics,10.1111/ajae.12224,10.1111/ajae.12224,american journal agricultural economics,4.2,2022,Exact journal-year,https://openalex.org/W3157171384,https://doi.org/10.1111/ajae.12224,Conformity and Conservation: Evidence from Home Landscaping and Water Conservation,2021,2021-05-05,article,9,American Journal of Agricultural Economics,0002-9092,Wiley,FALSE,FALSE,4,NA,NA,NA,FALSE,TRUE,Tenured/Tenure Track,Associate Professor,TRUE,50,FALSE,0.5
Burkhardt,Jesse,ENRE,2024,JA,N,Bayham;Hill,1,Air pollution weather and agricultural worker productivity,American Journal of Agricultural Economics,10.1111/ajae.12439,10.1111/ajae.12439,american journal agricultural economics,3.3,2024,Exact journal-year,https://openalex.org/W4388279823,https://doi.org/10.1111/ajae.12439,"Air pollution, weather, and agricultural worker productivity",2023,2023-11-03,article,17,American Journal of Agricultural Economics,0002-9092,Wiley,TRUE,FALSE,7,NA,NA,NA,FALSE,TRUE,Tenured/Tenure Track,Associate Professor,TRUE,50,FALSE,0.5
Burkhardt,Jesse,ENRE,2022,JA,N,Manning,1,The Local Effects of Federal Law Enforcement Policies: Sanctuary Jurisdictions and Crime,Contemporary Economic Policy,10.1111/coep.12564,10.1111/coep.12564,contemporary economic policy,1.212,2021,Nearest year (2021),https://openalex.org/W4211021726,https://doi.org/10.1111/coep.12564,The local effects of federal law enforcement policies: Evidence from sanctuary jurisdictions and crime,2022,2022-02-08,article,5,Contemporary Economic Policy,1074-3529,Wiley,FALSE,FALSE,2,NA,NA,NA,FALSE,FALSE,Tenured/Tenure Track,Associate Professor,TRUE,50,FALSE,0.5
Burkhardt,Jesse,ENRE,2026,JA,NA,NA,0,Soil Organic Carbon Improves Crop Yield and Yield Resilience,Global Change Biology,10.1111/gcb.70909,10.1111/gcb.70909,global change biology,12.5,2025,Nearest year (2025),https://openalex.org/W7160869339,https://doi.org/10.1111/gcb.70909,Soil Organic Carbon Improves Crop Yield and Yield Resilience,2026,2026-05-01,article,0,Global Change Biology,1354-1013,Wiley,FALSE,FALSE,4,NA,NA,NA,NA,FALSE,Tenured/Tenure Track,Associate Professor,TRUE,50,FALSE,0.5
Burkhardt,Jesse,ENRE,2023,JA,N,NA,0,Field experimental evidence on the effect of pricing on residential electricity conservation,Management Science,10.1287/mnsc.2020.02074,10.1287/mnsc.2020.02074,management science,4.9,2024,Nearest year (2024),https://openalex.org/W4388454759,https://doi.org/10.1287/mnsc.2020.02074,Field Experimental Evidence on the Effect of Pricing on Residential Electricity Conservation,2023,2023-11-07,article,29,Management Science,0025-1909,Institute for Operations Research and the Management Sciences,FALSE,FALSE,3,NA,NA,NA,FALSE,FALSE,Tenured/Tenure Track,Associate Professor,TRUE,50,FALSE,0.5
Chenarides,Lauren,Ag and Food,2021,JA,N,NA,0,COVID-19 and Food Supply Chains,Applied Economic Perspectives and Policy,10.1002/aepp.13085,10.1002/aepp.13085,applied economic perspectives policy,4.89,2021,Exact journal-year,https://openalex.org/W3084376488,https://doi.org/10.1002/aepp.13085,COVID‐19 and Food Supply Chains,2020,2020-09-18,article,152,Applied Economic Perspectives and Policy,2040-5790,Wiley,FALSE,FALSE,3,NA,NA,NA,FALSE,TRUE,Tenured/Tenure Track,Assistant Professor,TRUE,50,FALSE,0.5
Chenarides,Lauren,Ag and Food,2021,JA,U,Bonanno,1,If You Build It Will it Matter? Food Stores Presence and Perceived Barriers,Applied Economic Perspectives and Policy,10.1002/aepp.13098,10.1002/aepp.13098,applied economic perspectives policy,4.89,2021,Exact journal-year,https://openalex.org/W3093424154,https://doi.org/10.1002/aepp.13098,If You Build Them… Will it Matter? Food Stores' Presence and Perceived Barriers to Purchasing Healthy Foods in the Northeastern U.S.,2020,2020-10-12,article,6,Applied Economic Perspectives and Policy,2040-5790,Wiley,FALSE,FALSE,3,NA,NA,NA,FALSE,TRUE,Tenured/Tenure Track,Assistant Professor,TRUE,50,FALSE,0.5
Chenarides,Lauren,Ag and Food,2022,JA,N,NA,0,Consumer Spending Patterns for Plant-Based Meat Alternatives,Applied Economic Perspectives and Policy,10.1002/aepp.13280,10.1002/aepp.13280,applied economic perspectives policy,5.8,2022,Exact journal-year,https://openalex.org/W4229377569,https://doi.org/10.1002/aepp.13280,Consumer spending patterns for <scp>plant‐based</scp> meat alternatives,2022,2022-05-09,article,29,Applied Economic Perspectives and Policy,2040-5790,Wiley,FALSE,FALSE,4,NA,NA,NA,FALSE,FALSE,Tenured/Tenure Track,Assistant Professor,TRUE,50,FALSE,0.5
Chenarides,Lauren,Ag and Food,2025,JA,Y,NA,0,Relationship between Knowledge and Compliance with Safety Measures: COVID-19,Applied Economic Perspectives and Policy,10.1002/aepp.70031,10.1002/aepp.70031,applied economic perspectives policy,3.6,2025,Exact journal-year,https://openalex.org/W4416825524,https://doi.org/10.1002/aepp.70031,Relationship Between Knowledge and Compliance With Safety Measures: Evidence From <scp>COVID</scp> ‐19,2025,2025-11-29,article,0,Applied Economic Perspectives and Policy,2040-5790,Wiley,TRUE,FALSE,3,NA,NA,NA,TRUE,FALSE,Tenured/Tenure Track,Assistant Professor,TRUE,50,FALSE,0.5
Chenarides,Lauren,Ag and Food,2021,JA,N,NA,0,Who Practices Urban Agriculture,Agribusiness: An International Journal,10.1002/agr.21675,10.1002/agr.21675,agribusiness international journal,2.841,2021,Exact journal-year,https://openalex.org/W3106940430,https://doi.org/10.1002/agr.21675,Who practices urban agriculture? An empirical analysis of participation before and during the COVID‐19 pandemic,2020,2020-11-27,article,66,Agribusiness,0742-4477,Wiley,TRUE,FALSE,4,NA,NA,NA,FALSE,TRUE,Tenured/Tenure Track,Assistant Professor,TRUE,50,FALSE,0.5
Chenarides,Lauren,Ag and Food,2021,JA,N,NA,0,Food Consumption Behavior During COVID-19,Agribusiness: An International Journal,10.1002/agr.21679,10.1002/agr.21679,agribusiness international journal,2.841,2021,Exact journal-year,https://openalex.org/W3110332938,https://doi.org/10.1002/agr.21679,Food consumption behavior during the COVID‐19 pandemic,2020,2020-11-27,article,355,Agribusiness,0742-4477,Wiley,TRUE,FALSE,4,NA,NA,NA,FALSE,TRUE,Tenured/Tenure Track,Assistant Professor,TRUE,50,FALSE,0.5
Chenarides,Lauren,Ag and Food,2022,JA,N,Cleary,1,Food Retail Profits Competition and the Great Recession,Agribusiness: An International Journal,10.1002/agr.21743,10.1002/agr.21743,agribusiness international journal,3.2,2022,Exact journal-year,https://openalex.org/W4281647998,https://doi.org/10.1002/agr.21743,"Food retail profits, competition, and the Great Recession",2022,2022-05-27,article,6,Agribusiness,0742-4477,Wiley,TRUE,FALSE,2,NA,NA,NA,FALSE,FALSE,Tenured/Tenure Track,Assistant Professor,TRUE,50,FALSE,0.5
Chenarides,Lauren,Ag and Food,2025,JA,N,NA,0,Grocery Stockouts and Seller Performance in Amazon's Marketplaces,Agribusiness: An International Journal,10.1002/agr.22051,10.1002/agr.22051,agribusiness international journal,2.4,2025,Exact journal-year,https://openalex.org/W4409601532,https://doi.org/10.1002/agr.22051,Grocery Stockouts and Seller Performance in Amazon's Marketplaces,2025,2025-04-18,article,0,Agribusiness,0742-4477,Wiley,TRUE,FALSE,3,NA,NA,NA,FALSE,FALSE,Tenured/Tenure Track,Assistant Professor,TRUE,50,FALSE,0.5
Chenarides,Lauren,Ag and Food,2024,JA,N,Jablonski;Thilmany,1,Federal Economic Data on Local and Regional Food Producers,Journal of the Agricultural and Applied Economics Association,10.1002/jaa2.131,10.1002/jaa2.131,journal agricultural applied economics association,1.8,2025,Nearest year (2025),https://openalex.org/W4400204195,https://doi.org/10.1002/jaa2.131,Federal economic data on local and regional food producers,2024,2024-07-01,article,0,Journal of the Agricultural and Applied Economics Association,2769-2485,Wiley,TRUE,FALSE,5,NA,NA,NA,FALSE,FALSE,Tenured/Tenure Track,Assistant Professor,TRUE,50,FALSE,0.5
Chenarides,Lauren,Ag and Food,2023,JA,N,NA,0,Retail Markups and Discount-Store Entry,Review of Industrial Organization,10.1007/s11151-023-09926-w,10.1007/s11151-023-09926-w,review industrial organization,1,2025,Nearest year (2025),https://openalex.org/W4387817813,https://doi.org/10.1007/s11151-023-09926-w,Retail Markups and Discount-Store Entry,2023,2023-10-20,article,6,Review of Industrial Organization,0889-938X,Springer Science+Business Media,TRUE,FALSE,4,NA,NA,NA,FALSE,FALSE,Tenured/Tenure Track,Assistant Professor,TRUE,50,FALSE,0.5
Chenarides,Lauren,Ag and Food,2021,JA,N,NA,0,Dollar Stores and Food Deserts,Applied Geography,10.1016/j.apgeog.2021.102497,10.1016/j.apgeog.2021.102497,applied geography,4.732,2021,Exact journal-year,https://openalex.org/W3180146024,https://doi.org/10.1016/j.apgeog.2021.102497,Dollar stores and food deserts,2021,2021-07-08,article,54,Applied Geography,0143-6228,Elsevier BV,FALSE,FALSE,4,NA,NA,NA,FALSE,FALSE,Tenured/Tenure Track,Assistant Professor,TRUE,50,FALSE,0.5
Chenarides,Lauren,Ag and Food,2025,JA,N,NA,0,Dollar-Store Impact on Local Labor Markets and Retail Activity,Food Policy,10.1016/j.foodpol.2025.102827,10.1016/j.foodpol.2025.102827,food policy,6.8,2025,Exact journal-year,https://openalex.org/W4408472773,https://doi.org/10.1016/j.foodpol.2025.102827,Dollar store impact on local labor markets and retail activity,2025,2025-03-14,article,3,Food Policy,0306-9192,Elsevier BV,FALSE,FALSE,4,NA,NA,NA,FALSE,FALSE,Tenured/Tenure Track,Assistant Professor,TRUE,50,FALSE,0.5
Chenarides,Lauren,Ag and Food,2025,JA,N,NA,0,A Review of Data Linkages for Policy-Informing Research in Food and Ag Economics,Food Policy,10.1016/j.foodpol.2025.102996,10.1016/j.foodpol.2025.102996,food policy,6.8,2025,Exact journal-year,https://openalex.org/W4416437729,https://doi.org/10.1016/j.foodpol.2025.102996,A review of data linkages for policy-informing research in food and agricultural economics,2025,2025-11-01,article,3,Food Policy,0306-9192,Elsevier BV,FALSE,FALSE,6,NA,NA,NA,FALSE,FALSE,Tenured/Tenure Track,Assistant Professor,TRUE,50,FALSE,0.5
Chenarides,Lauren,Ag and Food,2022,JA,N,NA,0,A Calibrated Choice Experiment Method,European Review of Agricultural Economics,10.1093/erae/jbac011,10.1093/erae/jbac011,european review agricultural economics,3.4,2022,Exact journal-year,https://openalex.org/W4312455155,https://doi.org/10.1093/erae/jbac011,A calibrated choice experiment method,2022,2022-05-26,article,5,European Review of Agricultural Economics,0165-1587,Oxford University Press,TRUE,FALSE,4,NA,NA,NA,FALSE,FALSE,Tenured/Tenure Track,Assistant Professor,TRUE,50,FALSE,0.5
Chenarides,Lauren,Ag and Food,2023,JA,N,NA,0,Dynamic Model of Entry: Dollar Stores,American Journal of Agricultural Economics,10.1111/ajae.12404,10.1111/ajae.12404,american journal agricultural economics,3.3,2024,Nearest year (2024),https://openalex.org/W4380190325,https://doi.org/10.1111/ajae.12404,Dynamic model of entry: Dollar stores,2023,2023-05-30,article,16,American Journal of Agricultural Economics,0002-9092,Wiley,TRUE,FALSE,3,NA,NA,NA,FALSE,FALSE,Tenured/Tenure Track,Assistant Professor,TRUE,50,FALSE,0.5
Chenarides,Lauren,Ag and Food,2021,JA,N,NA,0,COVID-19 Impact on Fruit and Vegetable Markets: One year later,Canadian Journal of Agricultural Economics,10.1111/cjag.12272,10.1111/cjag.12272,canadian journal agricultural economics,2.2,2025,Nearest year (2025),https://openalex.org/W3139308052,https://doi.org/10.1111/cjag.12272,COVID‐19 impact on fruit and vegetable markets: One year later,2021,2021-03-22,article,26,Canadian Journal of Agricultural Economics/Revue canadienne d agroeconomie,0008-3976,Wiley,TRUE,FALSE,3,NA,NA,NA,FALSE,FALSE,Tenured/Tenure Track,Assistant Professor,TRUE,50,FALSE,0.5
Chenarides,Lauren,Ag and Food,2024,JA,N,NA,0,Creating Engagements: Bringing the user into Data Democratization,Harvard Data Science Review,10.1162/99608f92.24c26aa9,10.1162/99608f92.24c26aa9,harvard data science review,2.5,2024,Exact journal-year,https://openalex.org/W4393404128,https://doi.org/10.1162/99608f92.24c26aa9,Creating Engagements: Bringing the User Into Data Democratization,2024,2024-04-02,article,3,NA,NA,NA,TRUE,FALSE,1,NA,NA,NA,FALSE,FALSE,Tenured/Tenure Track,Assistant Professor,TRUE,50,FALSE,0.5
Chenarides,Lauren,Ag and Food,2026,JA,NA,NA,0,Data-usage descriptors as search metadata: the case of food security data and the National Data Platform,Scientific Data,10.21203/rs.3.rs-8569040/v1,10.21203/rs.3.rs-8569040/v1,scientific data,NA,NA,No IF match,https://openalex.org/W7133513686,https://doi.org/10.21203/rs.3.rs-8569040/v1,Data-usage descriptors as search metadata: the case of food security data and the National Data Platform (2015-2025),2026,2026-03-04,preprint,0,Research Square,NA,NA,TRUE,FALSE,5,NA,NA,NA,NA,FALSE,Tenured/Tenure Track,Assistant Professor,TRUE,50,FALSE,0.5
Chenarides,Lauren,Ag and Food,2021,JA,N,NA,0,Integrating Experiential Learning into a Systems Framework,Applied Economics Teaching Resources,10.22004/ag.econ.316504,10.22004/ag.econ.316504,applied economics teaching resources,NA,NA,No IF match,https://openalex.org/W4287422356,https://doi.org/10.22004/ag.econ.316504,Integrating Experiential Learning into a Food Systems Framework: An Application to Promote Food Deserts and Food Access Concepts Among College Students,2021,2021-01-01,article,1,RePEc: Research Papers in Economics,NA,Federal Reserve Bank of St. Louis,TRUE,FALSE,10,NA,NA,NA,FALSE,FALSE,Tenured/Tenure Track,Assistant Professor,TRUE,50,FALSE,0.5
Chenarides,Lauren,Ag and Food,2024,JA,N,NA,0,Grand Challenge: Safe Affordable Accessible and Acceptable Food,Choices,10.22004/ag.econ.348931,10.22004/ag.econ.348931,choices,NA,NA,No IF match,NA,NA,NA,NA,NA,NA,NA,NA,NA,NA,NA,NA,NA,NA,NA,NA,FALSE,FALSE,Tenured/Tenure Track,Assistant Professor,TRUE,50,FALSE,0.5
Chenarides,Lauren,Ag and Food,2024,JA,Y,NA,0,Consumer Spending on Plant-Based Meat Alternatives,Choices,10.22004/ag.econ.352133,10.22004/ag.econ.352133,choices,NA,NA,No IF match,NA,NA,NA,NA,NA,NA,NA,NA,NA,NA,NA,NA,NA,NA,NA,NA,TRUE,FALSE,Tenured/Tenure Track,Assistant Professor,TRUE,50,FALSE,0.5
Chenarides,Lauren,Ag and Food,2025,JA,N,NA,0,Machine learning in applied economics and agribusiness,International Food and Agribusiness Management Review,10.22434/ifamr.0001,10.22434/ifamr.0001,international food agribusiness management review,1.8,2025,Exact journal-year,https://openalex.org/W4411704991,https://doi.org/10.22434/ifamr.0001,Machine learning in applied economics and agribusiness: emerging applications and integration with traditional methods,2025,2025-06-25,article,0,The International Food and Agribusiness Management Review,1096-7508,International Food and Agribusiness Management Association,TRUE,FALSE,3,NA,NA,NA,FALSE,FALSE,Tenured/Tenure Track,Assistant Professor,TRUE,50,FALSE,0.5
Chenarides,Lauren,Ag and Food,2024,JA,N,NA,0,An Outlook on Evidence-Based Policymaking,Choices,nodoi,NA,choices,NA,NA,No IF match,NA,NA,NA,NA,NA,NA,NA,NA,NA,NA,NA,NA,NA,NA,NA,NA,FALSE,FALSE,Tenured/Tenure Track,Assistant Professor,TRUE,50,FALSE,0.5
Chouinard,Hayley,Ag and Food,2026,JA,NA,Costanigro,1,"Food fights in the classroom: a case study exploring the connections between economic reasoning, critical thinking, engagement, and dialogue in polarized contexts",Q Open,10.1093/qopen/qoag010,10.1093/qopen/qoag010,q open,2.3,2025,Nearest year (2025),https://openalex.org/W7151891273,https://doi.org/10.1093/qopen/qoag010,"Food fights in the classroom: a case study exploring the connections between economic reasoning, critical thinking, engagement, and dialogue in polarized contexts",2026,2026-04-04,article,1,Q Open,2633-9048,Oxford University Press,TRUE,FALSE,2,NA,NA,NA,NA,FALSE,Tenured/Tenure Track,NA,TRUE,5,TRUE,0.05
Clark,Nathan,Ag Ed,2026,JA,N,Bennett;Enns,1,Investigating the Sources and Influences Shaping Pedagogical Content Knowledge,Journal of Agricultural Education,10.5032/jae.v67i1.3218,10.5032/jae.v67i1.3218,journal agricultural education,NA,NA,No IF match,https://openalex.org/W7118128088,https://doi.org/10.5032/jae.v67i1.3218,Investigating the Sources and Influences Shaping Pedagogical Content Knowledge among Colorado Agricultural Educators,2026,2026-01-04,article,0,Journal of Agricultural Education,1042-0541,American Association for Agricultural Education,TRUE,FALSE,4,NA,NA,NA,FALSE,FALSE,Continuing,Master Instructor,FALSE,0,FALSE,0
Clark,Nathan,Ag Ed,2025,JA,N,Bennett;Enns,1,An examination of the effectiveness of an institutional intervention to improve retention,NACTA Journal,10.56103/nactaj.v69i1.210,10.56103/nactaj.v69i1.210,nacta journal,NA,NA,No IF match,https://openalex.org/W4410430809,https://doi.org/10.56103/nactaj.v69i1.210,Examination of the Effectiveness of an Institutional Intervention to Improve Retention at an Agricultural College,2025,2025-05-16,article,0,NACTA Journal,0149-4910,NA,TRUE,FALSE,6,NA,NA,NA,FALSE,FALSE,Continuing,Master Instructor,FALSE,0,FALSE,0
Cleary,Rebecca,Ag and Food,2021,JA,N,Jablonski,1,Emergency Food Provision for Children and Families during the Covid-19 Pandemic,Applied Economic Perspectives and Policy,10.1002/aepp.13096,10.1002/aepp.13096,applied economic perspectives policy,4.89,2021,Exact journal-year,https://openalex.org/W3089211388,https://doi.org/10.1002/aepp.13096,Emergency Food Provision for Children and Families during the <scp>COVID</scp>‐19 Pandemic: Examples from Five U.S. Cities,2020,2020-09-24,article,60,Applied Economic Perspectives and Policy,2040-5790,Wiley,TRUE,FALSE,13,NA,NA,NA,FALSE,TRUE,Tenured/Tenure Track,Associate Professor,TRUE,50,FALSE,0.5
Cleary,Rebecca,Ag and Food,2021,JA,Y,Bonanno,1,School Meals and Quality of Household Food Acquisitions,Applied Economic Perspectives and Policy,10.1002/aepp.13130,10.1002/aepp.13130,applied economic perspectives policy,4.89,2021,Exact journal-year,https://openalex.org/W3120068039,https://doi.org/10.1002/aepp.13130,School meals and quality of household food acquisitions,2021,2021-01-07,article,1,Applied Economic Perspectives and Policy,2040-5790,Wiley,FALSE,FALSE,5,1,Armen Ghazaryan,FALSE,FALSE,FALSE,Tenured/Tenure Track,Associate Professor,TRUE,50,FALSE,0.5
Cleary,Rebecca,Ag and Food,2023,JA,U,Berning;Bonanno,1,Food Insecurity and Time Use in Elderly vs Non-Elderly,Applied Economic Perspectives and Policy,10.1002/aepp.13275,10.1002/aepp.13275,applied economic perspectives policy,3.4,2024,Nearest year (2024),https://openalex.org/W4225008403,https://doi.org/10.1002/aepp.13275,Food insecurity and time use in elderly vs. non‐elderly: An exploratory analysis,2022,2022-04-27,article,8,Applied Economic Perspectives and Policy,2040-5790,Wiley,FALSE,FALSE,3,NA,NA,NA,FALSE,TRUE,Tenured/Tenure Track,Associate Professor,TRUE,50,FALSE,0.5
Cleary,Rebecca,Ag and Food,2024,JA,U,Berning;Bonanno,1,Disparities in Food Insecurity among Black and White Households,Applied Economic Perspectives and Policy,10.1002/aepp.13332,10.1002/aepp.13332,applied economic perspectives policy,3.4,2024,Exact journal-year,https://openalex.org/W4307650297,https://doi.org/10.1002/aepp.13332,"Disparities in food insecurity among Black and White households: An analysis by age cohort, poverty, education, and home ownership",2022,2022-10-27,article,12,Applied Economic Perspectives and Policy,2040-5790,Wiley,TRUE,FALSE,3,NA,NA,NA,FALSE,TRUE,Tenured/Tenure Track,Associate Professor,TRUE,50,FALSE,0.5
Cleary,Rebecca,Ag and Food,2022,JA,U,Chenarides,1,Food Retail Profits Competition and the Great Recession,Agribusiness: An International Journal,10.1002/agr.21743,10.1002/agr.21743,agribusiness international journal,3.2,2022,Exact journal-year,https://openalex.org/W4281647998,https://doi.org/10.1002/agr.21743,"Food retail profits, competition, and the Great Recession",2022,2022-05-27,article,6,Agribusiness,0742-4477,Wiley,TRUE,FALSE,2,NA,NA,NA,FALSE,FALSE,Tenured/Tenure Track,Associate Professor,TRUE,50,FALSE,0.5
Cleary,Rebecca,Ag and Food,2022,JA,N,NA,0,Strategic Supermarket Pricing of Private Labels and Manufacturer Brands,Empirical Economics,10.1007/s00181-021-02123-2,10.1007/s00181-021-02123-2,empirical economics,2.647,2021,Nearest year (2021),https://openalex.org/W3201299049,https://doi.org/10.1007/s00181-021-02123-2,Strategic supermarket pricing of private labels and manufacturer brands,2021,2021-09-16,article,5,Empirical Economics,0377-7332,Springer Science+Business Media,FALSE,FALSE,2,NA,NA,NA,FALSE,TRUE,Tenured/Tenure Track,Associate Professor,TRUE,50,FALSE,0.5
Cleary,Rebecca,Ag and Food,2023,JA,N,Berning,1,Food Insecurity Among Immigrant Populations in the United States,Food Security,10.1007/s12571-022-01322-8,10.1007/s12571-022-01322-8,food security,6.2,2024,Nearest year (2024),https://openalex.org/W3084019073,https://doi.org/10.1007/s12571-022-01322-8,Food insecurity among immigrant populations in the United States,2022,2022-10-08,article,11,Food Security,1876-4517,Springer Science+Business Media,TRUE,FALSE,3,1,Caroline Norris,FALSE,TRUE,TRUE,Tenured/Tenure Track,Associate Professor,TRUE,50,FALSE,0.5
Cleary,Rebecca,Ag and Food,2023,JA,Y,Bonanno;Jablonski,1,The Influence of Food Assistance Program Participation on Home Food Environment,Current Developments in Nutrition,10.1016/j.cdnut.2023.100292,10.1016/j.cdnut.2023.100292,current developments in nutrition,3.2,2024,Nearest year (2024),https://openalex.org/W4385306485,https://doi.org/10.1016/j.cdnut.2023.100292,OR23-07-23 The Influence of Food Assistance Program Participation on the Quality of the Home Food Environment Is Modified by Household Food Security Levels,2023,2023-07-01,article,0,Current Developments in Nutrition,2475-2991,Elsevier BV,TRUE,FALSE,6,1,Erin Love,FALSE,FALSE,FALSE,Tenured/Tenure Track,Associate Professor,TRUE,50,FALSE,0.5
Cleary,Rebecca,Ag and Food,2022,JA,N,NA,0,Facility Locations in the Fresh Produce Supply Chain,International Journal of Production Economics,10.1016/j.ijpe.2022.108534,10.1016/j.ijpe.2022.108534,international journal production economics,12,2022,Exact journal-year,https://openalex.org/W4281850555,https://doi.org/10.1016/j.ijpe.2022.108534,Facility locations in the fresh produce supply chain: An integration of optimization and empirical methods,2022,2022-06-01,article,27,International Journal of Production Economics,0925-5273,Elsevier BV,TRUE,FALSE,5,NA,NA,NA,FALSE,FALSE,Tenured/Tenure Track,Associate Professor,TRUE,50,FALSE,0.5
Cleary,Rebecca,Ag and Food,2021,JA,Y,Bonanno,1,Enhancing Understanding of Food Purchasing Patterns in the Northeast,Renewable Agriculture and Food Systems,10.1017/s1742170519000371,10.1017/s1742170519000371,renewable agriculture food systems,2.915,2021,Exact journal-year,https://openalex.org/W2981340085,https://doi.org/10.1017/s1742170519000371,Enhancing understanding of food purchasing patterns in the Northeast US using multiple datasets,2019,2019-10-25,article,3,Renewable Agriculture and Food Systems,1742-1705,Cambridge University Press,TRUE,FALSE,6,NA,NA,NA,TRUE,TRUE,Tenured/Tenure Track,Associate Professor,TRUE,50,FALSE,0.5
Cleary,Rebecca,Ag and Food,2024,JA,N,NA,0,Determining the Optimal Food Hub Location in the Fresh Produce Supply Chain,Journal of Modelling in Management,10.1108/jm2-02-2024-0042,10.1108/jm2-02-2024-0042,journal modelling in management,2.2,2024,Exact journal-year,https://openalex.org/W4401516848,https://doi.org/10.1108/jm2-02-2024-0042,Determining the optimal food hub location in the fresh produce supply chain,2024,2024-08-12,article,2,Journal of Modelling in Management,1746-5664,Emerald Publishing Limited,FALSE,FALSE,5,NA,NA,NA,FALSE,FALSE,Tenured/Tenure Track,Associate Professor,TRUE,50,FALSE,0.5
Cleary,Rebecca,Ag and Food,2024,JA,N,NA,0,Health News Environment and the Distribution of Diet Quality,Journal of Agricultural and Resource Economics,10.22004/ag.econ.342182,10.22004/ag.econ.342182,journal agricultural resource economics,1.4,2024,Exact journal-year,NA,NA,NA,NA,NA,NA,NA,NA,NA,NA,NA,NA,NA,NA,NA,NA,FALSE,FALSE,Tenured/Tenure Track,Associate Professor,TRUE,50,FALSE,0.5
Costanigro,Marco,Ag and Food,2025,JA,Y,Bayham;Berning,1,Changes in Alcohol Retail Laws and Foot Traffic at Liquor Stores,Applied Economic Perspectives and Policy,10.1002/aepp.70037,10.1002/aepp.70037,applied economic perspectives policy,3.6,2025,Exact journal-year,https://openalex.org/W4416337945,https://doi.org/10.1002/aepp.70037,Changes in Alcohol Retail Laws and Foot Traffic at Liquor Stores,2025,2025-11-18,article,1,Applied Economic Perspectives and Policy,2040-5790,Wiley,TRUE,FALSE,4,1,Nathan Palardy,FALSE,FALSE,FALSE,Tenured/Tenure Track,Professor,TRUE,50,FALSE,0.5
Costanigro,Marco,Ag and Food,2021,JA,Y,Jablonski,1,Promoting Farmers Markets via Information Nudges and Coupons,Agribusiness: An International Journal,10.1002/agr.21688,10.1002/agr.21688,agribusiness international journal,2.841,2021,Exact journal-year,https://openalex.org/W3121785173,https://doi.org/10.1002/agr.21688,Promoting farmers market via information nudges and coupons: A randomized control trial,2021,2021-01-25,article,10,Agribusiness,0742-4477,Wiley,FALSE,FALSE,3,1,Nicole Didero,FALSE,FALSE,FALSE,Tenured/Tenure Track,Professor,TRUE,50,FALSE,0.5
Costanigro,Marco,Ag and Food,2025,JA,N,NA,0,The Information Value of Geographical Indications,Food Policy,10.1016/j.foodpol.2024.102769,10.1016/j.foodpol.2024.102769,food policy,6.8,2025,Exact journal-year,https://openalex.org/W4404872324,https://doi.org/10.1016/j.foodpol.2024.102769,The Information Value of Geographical Indications,2024,2024-11-30,article,8,Food Policy,0306-9192,Elsevier BV,FALSE,FALSE,4,NA,NA,NA,FALSE,TRUE,Tenured/Tenure Track,Professor,TRUE,50,FALSE,0.5
Costanigro,Marco,Ag and Food,2021,JA,N,Jablonski,1,Consumer Stigma and the Reputation Trap Hypothesis,Journal of Wine Economics,10.1017/jwe.2021.8,10.1017/jwe.2021.8,journal wine economics,2.178,2021,Exact journal-year,https://openalex.org/W3156003308,https://doi.org/10.1017/jwe.2021.8,Consumer Stigma and the Reputation Trap Hypothesis: An In-Store Experiment with Colorado Wines,2021,2021-04-12,article,2,Journal of Wine Economics,1931-4361,Cambridge University Press,TRUE,FALSE,2,NA,NA,NA,FALSE,FALSE,Tenured/Tenure Track,Professor,TRUE,50,FALSE,0.5
Costanigro,Marco,Ag and Food,2022,JA,N,NA,0,Implicit and Explicit Biases for Recycled Water and Tap Water,Water Resources Research,10.1029/2021WR030712,10.1029/2021wr030712,water resources research,5.4,2022,Exact journal-year,https://openalex.org/W4281790344,https://doi.org/10.1029/2021wr030712,Implicit and Explicit Biases for Recycled Water and Tap Water,2022,2022-05-31,article,19,Water Resources Research,0043-1397,Wiley,TRUE,FALSE,4,NA,NA,NA,FALSE,FALSE,Tenured/Tenure Track,Professor,TRUE,50,FALSE,0.5
Costanigro,Marco,Ag and Food,2023,JA,Y,Bayham;Berning;Thilmany,1,Beer sales in grocery and convenience stores: a glass half-full for craft brewers,Regional Studies,10.1080/00343404.2023.2166914,10.1080/00343404.2023.2166914,regional studies,4.2,2024,Nearest year (2024),https://openalex.org/W4319067211,https://doi.org/10.1080/00343404.2023.2166914,Beer sales in grocery and convenience stores: a glass half-full for craft brewers?,2023,2023-02-03,article,14,Regional Studies,0034-3404,Routledge,TRUE,FALSE,7,1,Nathan Palardy,FALSE,FALSE,FALSE,Tenured/Tenure Track,Professor,TRUE,50,FALSE,0.5
Costanigro,Marco,Ag and Food,2026,JA,NA,Chouinard,1,"Food fights in the classroom: a case study exploring the connections between economic reasoning, critical thinking, engagement, and dialogue in polarized contexts",Q Open,10.1093/qopen/qoag010,10.1093/qopen/qoag010,q open,2.3,2025,Nearest year (2025),https://openalex.org/W7151891273,https://doi.org/10.1093/qopen/qoag010,"Food fights in the classroom: a case study exploring the connections between economic reasoning, critical thinking, engagement, and dialogue in polarized contexts",2026,2026-04-04,article,1,Q Open,2633-9048,Oxford University Press,TRUE,FALSE,2,NA,NA,NA,NA,FALSE,Tenured/Tenure Track,Professor,TRUE,50,FALSE,0.5
Costanigro,Marco,Ag and Food,2021,JA,Y,Jablonski,1,The Impact of State Farm to School Procurement Incentives on School Purchasing Decisions,Journal of School Health,10.1111/josh.13013,10.1111/josh.13013,journal school health,2.46,2021,Exact journal-year,https://openalex.org/W3155036107,https://doi.org/10.1111/josh.13013,The Impact of State Farm to School Procurement Incentives on School Purchasing Decisions,2021,2021-04-12,article,10,Journal of School Health,0022-4391,Wiley,FALSE,FALSE,4,1,Abigail Long,FALSE,FALSE,FALSE,Tenured/Tenure Track,Professor,TRUE,50,FALSE,0.5
Costanigro,Marco,Ag and Food,2021,JA,NA,Costanigro;Frasier,1,The Impact of State Farm to School Procurement Incentives on School Purchasing Decisions,Journal of School Health,10.1111/josh.13013,10.1111/josh.13013,journal school health,2.46,2021,Exact journal-year,https://openalex.org/W3155036107,https://doi.org/10.1111/josh.13013,The Impact of State Farm to School Procurement Incentives on School Purchasing Decisions,2021,2021-04-12,article,10,Journal of School Health,0022-4391,Wiley,FALSE,FALSE,4,1,Abigail Long,FALSE,NA,FALSE,Tenured/Tenure Track,Professor,TRUE,50,FALSE,0.5
Countryman,Amanda,Ag and Food,2024,JA,Y,NA,0,Global Economic Effects of War-Induced Agricultural Export Declines from Ukraine,Applied Economic Perspectives and Policy,10.1002/aepp.13468,10.1002/aepp.13468,applied economic perspectives policy,3.4,2024,Exact journal-year,https://openalex.org/W4402116092,https://doi.org/10.1002/aepp.13468,Global economic effects of war‐induced agricultural export declines from Ukraine,2024,2024-09-01,article,24,Applied Economic Perspectives and Policy,2040-5790,Wiley,TRUE,FALSE,5,NA,NA,NA,TRUE,FALSE,Tenured/Tenure Track,Professor,TRUE,50,FALSE,0.5
Countryman,Amanda,Ag and Food,2025,JA,Y,NA,0,U.S. Employment Exposure to Domestic and Foreign Tariff Changes under NAFTA,Applied Economic Perspectives and Policy,10.1002/aepp.13503,10.1002/aepp.13503,applied economic perspectives policy,3.6,2025,Exact journal-year,https://openalex.org/W4408333772,https://doi.org/10.1002/aepp.13503,US employment exposure to domestic and foreign tariff changes under <scp>NAFTA</scp>,2025,2025-02-27,article,0,Applied Economic Perspectives and Policy,2040-5790,Wiley,TRUE,FALSE,4,NA,NA,NA,TRUE,FALSE,Tenured/Tenure Track,Professor,TRUE,50,FALSE,0.5
Countryman,Amanda,Ag and Food,2026,JA,Y,NA,0,Quantitative Comparison of Ad-Valorem Equivalents for Non-Tariff Trade Measures: WTO Versus TRAINS,Applied Economic Perspectives and Policy,10.1002/aepp.70039,10.1002/aepp.70039,applied economic perspectives policy,3.6,2025,Nearest year (2025),https://openalex.org/W4416563969,https://doi.org/10.1002/aepp.70039,Quantitative Comparison of Ad‐Valorem Equivalents for Non‐Tariff Trade Measures: <scp>WTO</scp> Versus <scp>TRAINS</scp>,2025,2025-11-23,article,0,Applied Economic Perspectives and Policy,2040-5790,Wiley,TRUE,FALSE,4,NA,NA,NA,TRUE,TRUE,Tenured/Tenure Track,Professor,TRUE,50,FALSE,0.5
Countryman,Amanda,Ag and Food,2026,JA,Y,NA,0,"Livestock Tango: US and Latin America Dance Together, but Who Will Lead?",Applied Economic Perspectives and Policy,10.1002/aepp.70047,10.1002/aepp.70047,applied economic perspectives policy,3.6,2025,Nearest year (2025),https://openalex.org/W7116446301,https://doi.org/10.1002/aepp.70047,"Livestock Tango: U.S. and Latin America Dance Together, but Who Will Lead?",2025,2025-12-19,article,0,Applied Economic Perspectives and Policy,2040-5790,Wiley,TRUE,FALSE,3,NA,NA,NA,TRUE,TRUE,Tenured/Tenure Track,Professor,TRUE,50,FALSE,0.5
Countryman,Amanda,Ag and Food,2023,JA,Y,NA,0,Potential economic impacts of foot-and-mouth disease in Brazil,Journal of the Agricultural and Applied Economics Association,10.1002/jaa2.73,10.1002/jaa2.73,journal agricultural applied economics association,1.8,2025,Nearest year (2025),https://openalex.org/W4385067478,https://doi.org/10.1002/jaa2.73,Potential economic impacts of foot‐and‐mouth disease in Brazil: A case study for Mato Grosso and Paraná,2023,2023-07-20,article,10,Journal of the Agricultural and Applied Economics Association,2769-2485,Wiley,TRUE,FALSE,3,NA,NA,NA,TRUE,FALSE,Tenured/Tenure Track,Professor,TRUE,50,FALSE,0.5
Countryman,Amanda,Ag and Food,2025,JA,U,NA,0,Addressing retail meat waste: a focus group study on discolored beef,Food and Humanity,10.1016/j.foohum.2025.100639,10.1016/j.foohum.2025.100639,food humanity,3.5,2025,Exact journal-year,https://openalex.org/W4410198897,https://doi.org/10.1016/j.foohum.2025.100639,Addressing retail meat waste: A focus group study on discolored beef,2025,2025-05-01,article,5,Food and Humanity,2949-8244,Elsevier BV,TRUE,FALSE,6,NA,NA,NA,FALSE,FALSE,Tenured/Tenure Track,Professor,TRUE,50,FALSE,0.5
Countryman,Amanda,Ag and Food,2022,JA,Y,NA,0,Economic and Environmental Impacts of Ballast Water Management on SIDS and LDCs,Journal of Environmental Management,10.1016/j.jenvman.2021.113779,10.1016/j.jenvman.2021.113779,journal environmental management,8.7,2022,Exact journal-year,https://openalex.org/W3196648901,https://doi.org/10.1016/j.jenvman.2021.113779,Economic and environmental impacts of ballast water management on Small Island Developing States and Least Developed Countries,2021,2021-09-29,article,2,Journal of Environmental Management,0301-4797,Elsevier BV,TRUE,FALSE,4,NA,NA,NA,TRUE,TRUE,Tenured/Tenure Track,Professor,TRUE,50,FALSE,0.5
Countryman,Amanda,Ag and Food,2024,JA,Y,NA,0,Consumer willingness to pay for beef based on color and price discounts,Meat Science,10.1016/j.meatsci.2024.109597,10.1016/j.meatsci.2024.109597,meat science,6.1,2024,Exact journal-year,https://openalex.org/W4400612753,https://doi.org/10.1016/j.meatsci.2024.109597,Consumer willingness to pay (WTP) for beef based on color and price discounts,2024,2024-07-14,article,24,Meat Science,0309-1740,Elsevier BV,TRUE,FALSE,5,NA,NA,NA,TRUE,FALSE,Tenured/Tenure Track,Professor,TRUE,50,FALSE,0.5
Countryman,Amanda,Ag and Food,2025,JA,U,NA,0,Integrating epidemiological and economic models to estimate FMD outbreak cost in Brazil,Preventive Veterinary Medicine,10.1016/j.prevetmed.2025.106558,10.1016/j.prevetmed.2025.106558,preventive veterinary medicine,2.8,2025,Exact journal-year,https://openalex.org/W4410384050,https://doi.org/10.1016/j.prevetmed.2025.106558,Integrating epidemiological and economic models to estimate the cost of simulated foot-and-mouth disease outbreaks in Brazil,2025,2025-05-15,article,3,Preventive Veterinary Medicine,0167-5877,Elsevier BV,FALSE,FALSE,8,NA,NA,NA,FALSE,FALSE,Tenured/Tenure Track,Professor,TRUE,50,FALSE,0.5
Countryman,Amanda,Ag and Food,2025,JA,U,NA,0,Island economies in the wake: shipping cost effects from carbon taxes,Resources Conservation and Recycling,10.1016/j.resconrec.2025.108325,10.1016/j.resconrec.2025.108325,resources conservation recycling,10.4,2025,Exact journal-year,https://openalex.org/W4409634153,https://doi.org/10.1016/j.resconrec.2025.108325,Island economies in the wake: Assessing increased shipping cost effects from carbon taxes on maritime trade,2025,2025-04-21,article,9,Resources Conservation and Recycling,0921-3449,Elsevier BV,FALSE,FALSE,2,NA,NA,NA,FALSE,FALSE,Tenured/Tenure Track,Professor,TRUE,50,FALSE,0.5
Countryman,Amanda,Ag and Food,2021,JA,N,NA,0,"The Impacts of COVID-19 on GDP, food prices, and food security",Q Open,10.1093/qopen/qoab005,10.1093/qopen/qoab005,q open,2.3,2025,Nearest year (2025),https://openalex.org/W3146301825,https://doi.org/10.1093/qopen/qoab005,"The impacts of COVID-19 on GDP, food prices, and food security",2021,2021-01-01,article,51,Q Open,2633-9048,Oxford University Press,TRUE,FALSE,3,NA,NA,NA,FALSE,FALSE,Tenured/Tenure Track,Professor,TRUE,50,FALSE,0.5
Countryman,Amanda,Ag and Food,2021,JA,N,NA,0,Safeguard Measures and Fresh Produce Trade: U.S. Blueberry Imports,Q Open,10.1093/qopen/qoab018,10.1093/qopen/qoab018,q open,2.3,2025,Nearest year (2025),https://openalex.org/W3203835871,https://doi.org/10.1093/qopen/qoab018,Safeguard measures and fresh produce trade: The case of US blueberry imports,2021,2021-01-01,article,2,Q Open,2633-9048,Oxford University Press,TRUE,FALSE,2,NA,NA,NA,FALSE,FALSE,Tenured/Tenure Track,Professor,TRUE,50,FALSE,0.5
Countryman,Amanda,Ag and Food,2022,JA,Y,NA,0,Economic Assessment of Foot-and-Mouth Disease Outbreaks in Brazil,Q Open,10.1093/qopen/qoac028,10.1093/qopen/qoac028,q open,2.3,2025,Nearest year (2025),https://openalex.org/W4302760106,https://doi.org/10.1093/qopen/qoac028,Economic assessment of foot-and-mouth disease outbreaks in Brazil,2022,2022-01-01,article,15,Q Open,2633-9048,Oxford University Press,TRUE,FALSE,4,NA,NA,NA,TRUE,FALSE,Tenured/Tenure Track,Professor,TRUE,50,FALSE,0.5
Countryman,Amanda,Ag and Food,2021,JA,N,NA,0,The Importance of Agriculture in the Economy: Impacts from COVID-19,American Journal of Agricultural Economics,10.1111/ajae.12212,10.1111/ajae.12212,american journal agricultural economics,4.2,2022,Nearest year (2022),https://openalex.org/W3130877874,https://doi.org/10.1111/ajae.12212,The Importance of Agriculture in the Economy: Impacts from <scp>COVID</scp>‐19,2021,2021-02-22,article,189,American Journal of Agricultural Economics,0002-9092,Wiley,TRUE,FALSE,2,NA,NA,NA,FALSE,FALSE,Tenured/Tenure Track,Professor,TRUE,50,FALSE,0.5
Countryman,Amanda,Ag and Food,2025,JA,Y,NA,0,Tariff Troubles: Repercussions of Protectionist Policies on U.S. Agriculture,The World Economy,10.1111/twec.13731,10.1111/twec.13731,world economy,NA,NA,No IF match,https://openalex.org/W4412138115,https://doi.org/10.1111/twec.13731,Tariff Troubles: Repercussions of Protectionist Policies on US Agriculture and the Trade Deficit,2025,2025-07-09,article,5,World Economy,0378-5920,Wiley,TRUE,FALSE,3,NA,NA,NA,TRUE,FALSE,Tenured/Tenure Track,Professor,TRUE,50,FALSE,0.5
Countryman,Amanda,Ag and Food,2024,JA,Y,NA,0,Economic effects of livestock disease burden in Ethiopia: a CGE analysis,PLOS ONE,10.1371/journal.pone.0310268,10.1371/journal.pone.0310268,plos one,2.6,2024,Exact journal-year,https://openalex.org/W4405940882,https://doi.org/10.1371/journal.pone.0310268,Economic effects of livestock disease burden in Ethiopia: A computable general equilibrium analysis,2024,2024-12-31,article,14,PLoS ONE,1932-6203,Public Library of Science,TRUE,FALSE,5,NA,NA,NA,TRUE,FALSE,Tenured/Tenure Track,Professor,TRUE,50,FALSE,0.5
Countryman,Amanda,Ag and Food,2021,JA,Y,NA,0,Potential Impacts of Hard Infrastructure Development on Food and Agricultural Trade,Journal of Food Distribution Research,10.22004/ag.econ.317782,10.22004/ag.econ.317782,journal food distribution research,NA,NA,No IF match,NA,NA,NA,NA,NA,NA,NA,NA,NA,NA,NA,NA,NA,NA,NA,NA,TRUE,FALSE,Tenured/Tenure Track,Professor,TRUE,50,FALSE,0.5
Countryman,Amanda,Ag and Food,2024,JA,Y,NA,0,Economy-Wide Effects of Bovine Spongiform Encephalopathy in Brazil,Journal of Agricultural and Resource Economics,10.22004/ag.econ.342181,10.22004/ag.econ.342181,journal agricultural resource economics,1.4,2024,Exact journal-year,NA,NA,NA,NA,NA,NA,NA,NA,NA,NA,NA,NA,NA,NA,NA,NA,TRUE,FALSE,Tenured/Tenure Track,Professor,TRUE,50,FALSE,0.5
Countryman,Amanda,Ag and Food,2024,JA,Y,NA,0,U.S. Meat Export Potential in ASEAN,Choices,10.22004/ag.econ.344756,10.22004/ag.econ.344756,choices,NA,NA,No IF match,NA,NA,NA,NA,NA,NA,NA,NA,NA,NA,NA,NA,NA,NA,NA,NA,TRUE,FALSE,Tenured/Tenure Track,Professor,TRUE,50,FALSE,0.5
Countryman,Amanda,Ag and Food,2024,JA,Y,NA,0,U.S. Soy Exports Could Crush it in ASEAN,Choices,10.22004/ag.econ.344758,10.22004/ag.econ.344758,choices,NA,NA,No IF match,NA,NA,NA,NA,NA,NA,NA,NA,NA,NA,NA,NA,NA,NA,NA,NA,TRUE,FALSE,Tenured/Tenure Track,Professor,TRUE,50,FALSE,0.5
Countryman,Amanda,Ag and Food,2025,JA,Y,NA,0,Potential economy-wide impacts of an African swine fever outbreak in the United States,Frontiers in Veterinary Science,10.3389/fvets.2026.1752899,10.3389/fvets.2026.1752899,frontiers in veterinary science,3.1,2025,Exact journal-year,https://openalex.org/W7127067078,https://doi.org/10.3389/fvets.2026.1752899,Potential economy-wide impacts of an African swine fever outbreak in the United States,2026,2026-02-02,article,3,Frontiers in Veterinary Science,2297-1769,Frontiers Media,TRUE,FALSE,6,NA,NA,NA,TRUE,TRUE,Tenured/Tenure Track,Professor,TRUE,50,FALSE,0.5
Delay,Nathan,Ag and Food,2022,JA,N,NA,0,The Impact of Crop Insurance on Farm Financial Outcomes,Applied Economic Perspectives and Policy,10.1002/aepp.13223,10.1002/aepp.13223,applied economic perspectives policy,5.8,2022,Exact journal-year,https://openalex.org/W3018359190,https://doi.org/10.1002/aepp.13223,The impact of crop insurance on farm financial outcomes,2022,2022-01-03,article,2,Applied Economic Perspectives and Policy,2040-5790,Wiley,TRUE,FALSE,4,NA,NA,NA,FALSE,FALSE,Tenured/Tenure Track,Assistant Professor,TRUE,40,FALSE,0.4
Delay,Nathan,Ag and Food,2023,JA,N,NA,0,The Economics of Property Rights in Digital Farming Data,Applied Economic Perspectives and Policy,10.1002/aepp.13340,10.1002/aepp.13340,applied economic perspectives policy,3.4,2024,Nearest year (2024),https://openalex.org/W4316653239,https://doi.org/10.1002/aepp.13340,The economics of property rights in digital farming data: Implications for farmland markets,2023,2023-01-16,article,10,Applied Economic Perspectives and Policy,2040-5790,Wiley,TRUE,FALSE,3,NA,NA,NA,FALSE,FALSE,Tenured/Tenure Track,Assistant Professor,TRUE,40,FALSE,0.4
Delay,Nathan,Ag and Food,2021,JA,N,NA,0,Understanding the Farm Data Lifecycle,Precision Agriculture,10.1007/s11119-021-09807-w,10.1007/s11119-021-09807-w,precision agriculture,5.767,2021,Exact journal-year,https://openalex.org/W3158856111,https://doi.org/10.1007/s11119-021-09807-w,"Understanding the farm data lifecycle: collection, use, and impact of farm data on U.S. commercial corn and soybean farms",2021,2021-04-24,article,19,Precision Agriculture,1385-2256,Springer Science+Business Media,TRUE,FALSE,3,NA,NA,NA,FALSE,FALSE,Tenured/Tenure Track,Assistant Professor,TRUE,40,FALSE,0.4
Delay,Nathan,Ag and Food,2025,JA,N,Hoag;Mooney;Ritten,1,The Economic Fundamentals of Virtual Fencing Compared to Traditional Fencing,Rangelands,10.1016/j.rala.2024.05.006,10.1016/j.rala.2024.05.006,rangelands,NA,NA,No IF match,https://openalex.org/W4407209665,https://doi.org/10.1016/j.rala.2024.05.006,The economic fundamentals of virtual fencing compared to traditional fencing,2025,2025-02-01,article,14,Rangelands,0190-0528,Elsevier BV,TRUE,FALSE,8,NA,NA,NA,FALSE,FALSE,Tenured/Tenure Track,Assistant Professor,TRUE,40,FALSE,0.4
Delay,Nathan,Ag and Food,2023,JA,Y,NA,0,Estimating US Farmers Speed of Climate Change Adaptation: Subsurface Tile Drainage,Agricultural Finance Review,10.1108/AFR-02-2023-0027,10.1108/afr-02-2023-0027,agricultural finance review,1.9,2024,Nearest year (2024),https://openalex.org/W4386790550,https://doi.org/10.1108/afr-02-2023-0027,Estimating US farmers' speed of climate change adaptation: the case of subsurface tile drainage,2023,2023-09-15,article,1,Agricultural Finance Review,0002-1466,Emerald Publishing Limited,FALSE,FALSE,2,NA,NA,NA,TRUE,FALSE,Tenured/Tenure Track,Assistant Professor,TRUE,40,FALSE,0.4
Delay,Nathan,Ag and Food,2021,JA,N,NA,0,LATTICE: Machine Learning Data Engineering and Policy for Digital Agriculture,IEEE Open Journal of the Computer Society,10.1109/OJCS.2021.3085846,10.1109/ojcs.2021.3085846,ieee open journal computer society,8.2,2024,Nearest year (2024),https://openalex.org/W3166708802,https://doi.org/10.1109/ojcs.2021.3085846,"Lattice: A Vision for Machine Learning, Data Engineering, and Policy Considerations for Digital Agriculture at Scale",2021,2021-01-01,article,33,IEEE Open Journal of the Computer Society,2644-1268,Institute of Electrical and Electronics Engineers,TRUE,FALSE,8,NA,NA,NA,FALSE,FALSE,Tenured/Tenure Track,Assistant Professor,TRUE,40,FALSE,0.4
Delay,Nathan,Ag and Food,2022,JA,N,NA,0,Precision Agriculture Adoption and Technical Efficiency,Journal of Agricultural Economics,10.1111/1477-9552.12440,10.1111/1477-9552.12440,journal agricultural economics,3.4,2022,Exact journal-year,https://openalex.org/W3161348351,https://doi.org/10.1111/1477-9552.12440,Precision agriculture technology adoption and technical efficiency,2021,2021-05-27,article,9,Journal of Agricultural Economics,0021-857X,Wiley,TRUE,FALSE,3,NA,NA,NA,FALSE,TRUE,Tenured/Tenure Track,Assistant Professor,TRUE,40,FALSE,0.4
Delay,Nathan,Ag and Food,2025,JA,N,NA,0,Mapping Agents: A Spatial Economic Analysis of Agent Location in Federal Crop Insurance,American Journal of Agricultural Economics,10.1111/ajae.12503,10.1111/ajae.12503,american journal agricultural economics,4.9,2025,Exact journal-year,https://openalex.org/W4405137934,https://doi.org/10.1111/ajae.12503,Mapping agents: A spatial economic analysis of agent location in the Federal Crop Insurance Program,2024,2024-12-07,article,1,American Journal of Agricultural Economics,0002-9092,Wiley,TRUE,FALSE,2,NA,NA,NA,FALSE,TRUE,Tenured/Tenure Track,Assistant Professor,TRUE,40,FALSE,0.4
Delay,Nathan,Ag and Food,2026,JA,NA,NA,0,Merging rigor and relevance in grazingland research: a comprehensive social-ecological monitoring approach,Carbon Balance and Management,10.1186/s13021-026-00431-7,10.1186/s13021-026-00431-7,carbon balance management,7,2025,Nearest year (2025),https://openalex.org/W7148776770,https://doi.org/10.1186/s13021-026-00431-7,Merging rigor and relevance in grazingland research: a comprehensive social-ecological monitoring approach,2026,2026-04-03,article,1,Carbon Balance and Management,1750-0680,Springer Science+Business Media,TRUE,FALSE,43,NA,NA,NA,NA,FALSE,Tenured/Tenure Track,Assistant Professor,TRUE,40,FALSE,0.4
Delay,Nathan,Ag and Food,2025,JA,N,Mooney,1,Externalities in Wild Pig Damages on US Crop and Livestock Farms,PLOS ONE,10.1371/journal.pone.0320316,10.1371/journal.pone.0320316,plos one,2.8,2025,Exact journal-year,https://openalex.org/W4409325059,https://doi.org/10.1371/journal.pone.0320316,Externalities in wild pig damages on U.S. crop and livestock farms: The role of landowner actions and landscape heterogeneity,2025,2025-04-10,article,2,PLoS ONE,1932-6203,Public Library of Science,TRUE,FALSE,4,NA,NA,NA,FALSE,FALSE,Tenured/Tenure Track,Assistant Professor,TRUE,40,FALSE,0.4
Delay,Nathan,Ag and Food,2022,JA,Y,NA,0,Opportunities and Challenges Associated with Carbon Farming for US Row-Crop Producers,Choices,10.22004/ag.econ.329528,10.22004/ag.econ.329528,choices,NA,NA,No IF match,NA,NA,NA,NA,NA,NA,NA,NA,NA,NA,NA,NA,NA,NA,NA,NA,TRUE,FALSE,Tenured/Tenure Track,Assistant Professor,TRUE,40,FALSE,0.4
Delay,Nathan,Ag and Food,2025,JA,N,Mooney;Ritten,1,Climate and Consolidation in the US Beef Cow Sector,Journal of Agricultural and Resource Economics,10.22004/ag.econ.344684,10.22004/ag.econ.344684,journal agricultural resource economics,1.3,2025,Exact journal-year,NA,NA,NA,NA,NA,NA,NA,NA,NA,NA,NA,NA,NA,NA,NA,NA,FALSE,FALSE,Tenured/Tenure Track,Assistant Professor,TRUE,40,FALSE,0.4
Delay,Nathan,Ag and Food,2024,JA,U,Hoag;Mooney;Ritten,1,Virtual Fencing: Economic and Policy Implications of an Emerging Livestock Technology,Western Economics Forum,10.22004/ag.econ.349293,10.22004/ag.econ.349293,western economics forum,NA,NA,No IF match,NA,NA,NA,NA,NA,NA,NA,NA,NA,NA,NA,NA,NA,NA,NA,NA,FALSE,FALSE,Tenured/Tenure Track,Assistant Professor,TRUE,40,FALSE,0.4
Delay,Nathan,Ag and Food,2026,JA,NA,NA,0,Integrating automated body condition scores and lactation data via optimization algorithms for maximized milk revenue and minimized cost of delayed conception in dairy cows,Journal of Dairy Science,10.3168/jds.2025-28132,10.3168/jds.2025-28132,journal dairy science,4.7,2025,Nearest year (2025),https://openalex.org/W7167262554,https://doi.org/10.3168/jds.2025-28132,Integrating automated body condition scores and lactation data via optimization algorithms for maximized milk revenue and minimized cost of delayed conception in dairy cows,2026,2026-07-01,article,0,Journal of Dairy Science,0022-0302,Elsevier BV,TRUE,FALSE,4,NA,NA,NA,NA,FALSE,Tenured/Tenure Track,Assistant Professor,TRUE,40,FALSE,0.4
Delay,Nathan,Ag and Food,2024,JA,N,NA,0,Value of Farm Data in Farmland Rental Markets,Land Economics,10.3368/le.100.4.041023-0032R1,10.3368/le.100.4.041023-0032r1,land economics,1.6,2024,Exact journal-year,https://openalex.org/W4393161275,https://doi.org/10.3368/le.100.4.041023-0032r1,Value of Farm Data in Farmland Rental Markets,2024,2024-03-25,article,1,Land Economics,0023-7639,University of Wisconsin Press,FALSE,FALSE,5,NA,NA,NA,FALSE,FALSE,Tenured/Tenure Track,Assistant Professor,TRUE,40,FALSE,0.4
Delay,Nathan,Ag and Food,2025,JA,N,Ritten,1,Incorporating Virtual Fencing to Manage Yearling Steers on Extensive Rangelands,Frontiers in Veterinary Science,10.3389/fvets.2025.1637190,10.3389/fvets.2025.1637190,frontiers in veterinary science,3.1,2025,Exact journal-year,https://openalex.org/W4414087324,https://doi.org/10.3389/fvets.2025.1637190,"Incorporating virtual fencing to manage yearling steers on extensive rangelands: spatial behavior, growth performance, and enteric methane emissions",2025,2025-09-10,article,1,Frontiers in Veterinary Science,2297-1769,Frontiers Media,TRUE,FALSE,12,NA,NA,NA,FALSE,FALSE,Tenured/Tenure Track,Assistant Professor,TRUE,40,FALSE,0.4
Delay,Nathan,Ag and Food,2021,JA,N,NA,0,Farm Data Collection and Software Adoption in Commercial Scale US Corn-Soybean Farms,Western Economics Forum,nodoi,NA,western economics forum,NA,NA,No IF match,NA,NA,NA,NA,NA,NA,NA,NA,NA,NA,NA,NA,NA,NA,NA,NA,FALSE,FALSE,Tenured/Tenure Track,Assistant Professor,TRUE,40,FALSE,0.4
Delay,Nathan,Ag and Food,2021,JA,Y,NA,0,Recent Trends in PA Technology Adoption and Bundling in Corn Production,Western Economics Forum,nodoi,NA,western economics forum,NA,NA,No IF match,NA,NA,NA,NA,NA,NA,NA,NA,NA,NA,NA,NA,NA,NA,NA,NA,TRUE,FALSE,Tenured/Tenure Track,Assistant Professor,TRUE,40,FALSE,0.4
Enns,Kellie,Ag Ed,2025,JA,U,Ritten,1,Steer Growth Performance and Enteric Gas Flux Across Backgrounding Phases,Rangeland Ecology & Management,10.1016/j.rama.2025.08.010,10.1016/j.rama.2025.08.010,rangeland ecology management,2.9,2025,Exact journal-year,https://openalex.org/W4414479085,https://doi.org/10.1016/j.rama.2025.08.010,Steer Growth Performance and Enteric Gas Flux Across Backgrounding Phases in the Western Great Plains,2025,2025-09-24,article,1,Rangeland Ecology & Management,1550-7424,Elsevier BV,TRUE,FALSE,13,NA,NA,NA,FALSE,FALSE,Tenured/Tenure Track,Professor,TRUE,0,TRUE,0
Enns,Kellie,Ag Ed,2025,JA,U,Ritten,1,Evaluation of cattle sub-species and growth-promoting technology on growth performance,Journal of Animal Science,10.1093/jas/skaf322,10.1093/jas/skaf322,journal animal science,3.7,2025,Exact journal-year,https://openalex.org/W4414471519,https://doi.org/10.1093/jas/skaf322,"Evaluation of cattle sub-species and growth-promoting technology on growth performance, carcass characteristics, and gas flux of steers finished in summer feedlot conditions",2025,2025-01-01,article,0,Journal of Animal Science,0021-8812,Oxford University Press,TRUE,FALSE,13,NA,NA,NA,FALSE,FALSE,Tenured/Tenure Track,Professor,TRUE,0,TRUE,0
Enns,Kellie,Ag Ed,2025,JA,Y,NA,0,Developing critical thinking and professional skills in animal science students,Translational Animal Science,10.1093/tas/txaf169,10.1093/tas/txaf169,translational animal science,1.9,2025,Exact journal-year,https://openalex.org/W7117588825,https://doi.org/10.1093/tas/txaf169,Developing critical thinking and professional skills in animal science students through case-based learning and cognitive interventions,2025,2025-12-30,article,1,Translational Animal Science,2573-2102,Oxford University Press,TRUE,FALSE,4,NA,NA,NA,TRUE,FALSE,Tenured/Tenure Track,Professor,TRUE,0,TRUE,0
Enns,Kellie,Ag Ed,2022,JA,N,NA,0,Agrarianism in Agricultural Education: A Narrative Study,Journal of Agricultural Education,10.5032/jae.2022.03135,10.5032/jae.2022.03135,journal agricultural education,NA,NA,No IF match,https://openalex.org/W4386489467,https://doi.org/10.5032/jae.2022.03135,Agrarianism in Agricultural Education: A Narrative Study,2022,2022-09-30,article,0,Journal of Agricultural Education,1042-0541,American Association for Agricultural Education,TRUE,FALSE,3,NA,NA,NA,FALSE,FALSE,Tenured/Tenure Track,Professor,TRUE,0,TRUE,0
Enns,Kellie,Ag Ed,2026,JA,U,Bennett;Clark,1,Investigating the Sources and Influences Shaping Pedagogical Content Knowledge,Journal of Agricultural Education,10.5032/jae.v67i1.3218,10.5032/jae.v67i1.3218,journal agricultural education,NA,NA,No IF match,https://openalex.org/W7118128088,https://doi.org/10.5032/jae.v67i1.3218,Investigating the Sources and Influences Shaping Pedagogical Content Knowledge among Colorado Agricultural Educators,2026,2026-01-04,article,0,Journal of Agricultural Education,1042-0541,American Association for Agricultural Education,TRUE,FALSE,4,NA,NA,NA,FALSE,FALSE,Tenured/Tenure Track,Professor,TRUE,0,TRUE,0
Enns,Kellie,Ag Ed,2023,JA,Y,NA,0,Impacts of the COVID-19 Pandemic on Student Performance and Perceptions of Learning,NACTA Journal,10.56103/nactaj.v67i1.94,10.56103/nactaj.v67i1.94,nacta journal,NA,NA,No IF match,https://openalex.org/W4382025137,https://doi.org/10.56103/nactaj.v67i1.94,Impacts of the COVID-19 Pandemic on Student Performance and Perceptions of Learning,2023,2023-06-07,article,2,NACTA Journal,0149-4910,NA,TRUE,FALSE,3,NA,NA,NA,TRUE,FALSE,Tenured/Tenure Track,Professor,TRUE,0,TRUE,0
Enns,Kellie,Ag Ed,2025,JA,N,Bennett;Clark,1,An examination of the effectiveness of an institutional intervention to improve retention,NACTA Journal,10.56103/nactaj.v69i1.210,10.56103/nactaj.v69i1.210,nacta journal,NA,NA,No IF match,https://openalex.org/W4410430809,https://doi.org/10.56103/nactaj.v69i1.210,Examination of the Effectiveness of an Institutional Intervention to Improve Retention at an Agricultural College,2025,2025-05-16,article,0,NACTA Journal,0149-4910,NA,TRUE,FALSE,6,NA,NA,NA,FALSE,FALSE,Tenured/Tenure Track,Professor,TRUE,0,TRUE,0
Frasier,Marshall,Ag and Food,2021,JA,NA,Jablonski;Costanigro,1,The Impact of State Farm to School Procurement Incentives on School Purchasing Decisions,Journal of School Health,10.1111/josh.13013,10.1111/josh.13013,journal school health,2.46,2021,Exact journal-year,https://openalex.org/W3155036107,https://doi.org/10.1111/josh.13013,The Impact of State Farm to School Procurement Incentives on School Purchasing Decisions,2021,2021-04-12,article,10,Journal of School Health,0022-4391,Wiley,FALSE,FALSE,4,1,Abigail Long,FALSE,NA,FALSE,Tenured/Tenure Track,NA,TRUE,NA,TRUE,NA
Goemans,Chris,ENRE,2021,JA,N,Manning;Suter,1,Changing climate changing minds? Effects of natural disasters on public perceptions,Climatic Change,10.1007/s10584-022-03441-9,10.1007/s10584-022-03441-9,climatic change,5.174,2021,Exact journal-year,https://openalex.org/W4298000409,https://doi.org/10.1007/s10584-022-03441-9,"Correction to: Changing climate, changing minds? The effects of natural disasters on public perceptions of climate change",2022,2022-09-01,erratum,2,Climatic Change,0165-0009,Springer Science+Business Media,TRUE,FALSE,5,NA,NA,NA,FALSE,TRUE,Tenured/Tenure Track,Professor,TRUE,50,FALSE,0.5
Goemans,Chris,ENRE,2021,JA,U,Kroll,1,Learning to Accept Welfare-Enhancing Policies: Congestion Pricing,Experimental Economics,10.1007/s10683-020-09650-2,10.1007/s10683-020-09650-2,experimental economics,2.387,2021,Exact journal-year,https://openalex.org/W3012531244,https://doi.org/10.1007/s10683-020-09650-2,Learning to accept welfare-enhancing policies: an experimental investigation of congestion pricing,2020,2020-03-20,article,24,Experimental Economics,1386-4157,Springer Science+Business Media,TRUE,FALSE,5,NA,NA,NA,FALSE,TRUE,Tenured/Tenure Track,Professor,TRUE,50,FALSE,0.5
Goemans,Chris,ENRE,2022,JA,N,Manning,1,Remote sensing of field-scale irrigation withdrawals in the central Ogallala aquifer,Agricultural Water Management,10.1016/j.agwat.2022.107764,10.1016/j.agwat.2022.107764,agricultural water management,6.7,2022,Exact journal-year,https://openalex.org/W4282928459,https://doi.org/10.1016/j.agwat.2022.107764,Remote sensing of field-scale irrigation withdrawals in the central Ogallala aquifer region,2022,2022-06-15,article,23,Agricultural Water Management,0378-3774,Elsevier BV,FALSE,FALSE,6,NA,NA,NA,FALSE,FALSE,Tenured/Tenure Track,Professor,TRUE,50,FALSE,0.5
Goemans,Chris,ENRE,2025,JA,N,Manning,1,Insurance and Extraction Incentives in a Common Pool Resource,Journal of Environmental Economics and Management,10.1016/j.jeem.2025.103125,10.1016/j.jeem.2025.103125,journal environmental economics management,6.4,2025,Exact journal-year,https://openalex.org/W4406602699,https://doi.org/10.1016/j.jeem.2025.103125,Insurance and extraction incentives in a common pool resource: Evidence from groundwater use in the high plains,2025,2025-01-20,article,1,Journal of Environmental Economics and Management,0095-0696,Elsevier BV,FALSE,FALSE,5,NA,NA,NA,FALSE,FALSE,Tenured/Tenure Track,Professor,TRUE,50,FALSE,0.5
Goemans,Chris,ENRE,2021,JA,U,Manning;Suter,1,Groundwater Depletion Climate and the Incremental Value of Groundwater,Resource and Energy Economics,10.1016/j.reseneeco.2019.101143,10.1016/j.reseneeco.2019.101143,resource energy economics,3.553,2021,Exact journal-year,https://openalex.org/W2994849090,https://doi.org/10.1016/j.reseneeco.2019.101143,"Depletion, climate, and the incremental value of groundwater",2019,2019-12-20,article,32,Resource and Energy Economics,0928-7655,Elsevier BV,FALSE,FALSE,5,NA,NA,NA,FALSE,TRUE,Tenured/Tenure Track,Professor,TRUE,50,FALSE,0.5
Goemans,Chris,ENRE,2021,JA,N,Manning;Suter,1,Depletion climate and the incremental value of groundwater,Resource and Energy Economics,10.1016/j.reseneeco.2021.101143,10.1016/j.reseneeco.2021.101143,resource energy economics,3.553,2021,Exact journal-year,NA,NA,NA,NA,NA,NA,NA,NA,NA,NA,NA,NA,NA,NA,NA,NA,FALSE,FALSE,Tenured/Tenure Track,Professor,TRUE,50,FALSE,0.5
Goemans,Chris,ENRE,2023,JA,Y,Manning,1,Assessment of vulnerability to water shortage in semi-arid river basins,Science of the Total Environment,10.1016/j.scitotenv.2023.161964,10.1016/j.scitotenv.2023.161964,science total environment,8,2024,Nearest year (2024),https://openalex.org/W4318828324,https://doi.org/10.1016/j.scitotenv.2023.161964,Assessment of vulnerability to water shortage in semi-arid river basins: The value of demand reduction and storage capacity,2023,2023-02-01,article,34,The Science of The Total Environment,0048-9697,Elsevier BV,TRUE,FALSE,5,NA,NA,NA,TRUE,FALSE,Tenured/Tenure Track,Professor,TRUE,50,FALSE,0.5
Goemans,Chris,ENRE,2023,JA,U,Manning,1,Assessment of vulnerability to water shortage in semi-arid river basins,Science of the Total Environment,10.1016/j.scitotenv.2023.161964,10.1016/j.scitotenv.2023.161964,science total environment,8,2024,Nearest year (2024),https://openalex.org/W4318828324,https://doi.org/10.1016/j.scitotenv.2023.161964,Assessment of vulnerability to water shortage in semi-arid river basins: The value of demand reduction and storage capacity,2023,2023-02-01,article,34,The Science of The Total Environment,0048-9697,Elsevier BV,TRUE,FALSE,5,NA,NA,NA,FALSE,FALSE,Tenured/Tenure Track,Professor,TRUE,50,FALSE,0.5
Goemans,Chris,ENRE,2023,JA,Y,Burkhardt;Manning,1,Further evidence on social comparison and residential water use,Water Resources and Economics,10.1016/j.wre.2023.100214,10.1016/j.wre.2023.100214,water resources economics,1.9,2024,Nearest year (2024),NA,NA,NA,NA,NA,NA,NA,NA,NA,NA,NA,NA,NA,NA,NA,NA,TRUE,FALSE,Tenured/Tenure Track,Professor,TRUE,50,FALSE,0.5
Goemans,Chris,ENRE,2024,JA,Y,Manning,1,Integrated water management under different water rights institutions,Water Resources Research,10.1029/2024WR037196,10.1029/2024wr037196,water resources research,5,2024,Exact journal-year,https://openalex.org/W4404038588,https://doi.org/10.1029/2024wr037196,Integrated Water Management Under Different Water Rights Institutions and Population Patterns: Methodology and Application,2024,2024-11-01,article,2,Water Resources Research,0043-1397,Wiley,TRUE,FALSE,5,NA,NA,NA,TRUE,FALSE,Tenured/Tenure Track,Professor,TRUE,50,FALSE,0.5
Goemans,Chris,ENRE,2021,JA,N,Manning;Suter,1,Policy Leakage or Policy Benefit? Spatial Spillovers from Conservation Policies,Journal of the Association of Environmental and Resource Economists,10.1086/714148,10.1086/714148,journal association environmental resource economists,3.2,2024,Nearest year (2024),https://openalex.org/W3027908917,https://doi.org/10.1086/714148,Policy Leakage or Policy Benefit? Spatial Spillovers from Conservation Policies in Common Property Resources,2021,2021-03-02,article,4,Journal of the Association of Environmental and Resource Economists,2333-5955,University of Chicago Press,FALSE,FALSE,4,NA,NA,NA,FALSE,FALSE,Tenured/Tenure Track,Professor,TRUE,50,FALSE,0.5
Goemans,Chris,ENRE,2025,JA,Y,Bayham;Manning;Suter,1,Inland flooding in the United States: a review,Environmental Research Letters,10.1088/1748-9326/add35e,10.1088/1748-9326/add35e,environmental research letters,5.4,2025,Exact journal-year,https://openalex.org/W4410022855,https://doi.org/10.1088/1748-9326/add35e,"Inland flooding in the United States: a review of research related to risk management, economic behavior, and data resources",2025,2025-05-02,article,1,Environmental Research Letters,1748-9326,IOP Publishing,TRUE,FALSE,5,1,Diellza Muriqi,TRUE,FALSE,FALSE,Tenured/Tenure Track,Professor,TRUE,50,FALSE,0.5
Goemans,Chris,ENRE,2022,JA,Y,Manning;Suter,1,Impacts of Block-Rate Energy Pricing on Groundwater Demand in Irrigated Agriculture,American Journal of Agricultural Economics,10.1111/ajae.12231,10.1111/ajae.12231,american journal agricultural economics,4.2,2022,Exact journal-year,https://openalex.org/W3165941821,https://doi.org/10.1111/ajae.12231,Impacts of<scp>Block‐Rate</scp>Energy Pricing on Groundwater Demand in Irrigated Agriculture,2021,2021-05-31,article,11,American Journal of Agricultural Economics,0002-9092,Wiley,FALSE,FALSE,4,NA,NA,NA,TRUE,TRUE,Tenured/Tenure Track,Professor,TRUE,50,FALSE,0.5
Goemans,Chris,ENRE,2025,JA,N,Manning;Suter,1,Abatement subsidies for groundwater conservation,American Journal of Agricultural Economics,10.1111/ajae.70021,10.1111/ajae.70021,american journal agricultural economics,4.9,2025,Exact journal-year,https://openalex.org/W4415487719,https://doi.org/10.1111/ajae.70021,Abatement subsidies for groundwater conservation,2025,2025-10-23,article,1,American Journal of Agricultural Economics,0002-9092,Wiley,TRUE,FALSE,4,NA,NA,NA,FALSE,FALSE,Tenured/Tenure Track,Professor,TRUE,50,FALSE,0.5
Goemans,Chris,ENRE,2024,JA,N,NA,0,A review of residential water conservation policies,PLOS Water,10.1371/journal.pwat.0000278,10.1371/journal.pwat.0000278,plos water,2.8,2024,Exact journal-year,https://openalex.org/W4401695105,https://doi.org/10.1371/journal.pwat.0000278,A review of residential water conservation policies and attempts to measure their effectiveness,2024,2024-08-19,article,11,PLOS Water,2767-3219,Public Library of Science,TRUE,FALSE,3,NA,NA,NA,FALSE,FALSE,Tenured/Tenure Track,Professor,TRUE,50,FALSE,0.5
Graff,Gregory,Ag and Food,2026,JA,N,NA,0,The role of venture-financed startups in innovation for US agriculture,American Journal of Agricultural Economics,10.1002/ajae.70083,10.1002/ajae.70083,american journal agricultural economics,4.9,2025,Nearest year (2025),https://openalex.org/W7164191810,https://doi.org/10.1002/ajae.70083,The role of venture‐financed startups in innovation for US agriculture,2026,2026-06-10,article,0,American Journal of Agricultural Economics,0002-9092,Wiley,TRUE,FALSE,3,NA,NA,NA,FALSE,FALSE,Tenured/Tenure Track,Professor,TRUE,35,FALSE,0.35
Hill,Alexandra,Ag and Food,2021,JA,N,Burkhardt,1,Peers in the Field: Ability and Gender in Peer Effects among Agricultural Workers,American Journal of Agricultural Economics,10.1111/ajae.12192,10.1111/ajae.12192,american journal agricultural economics,4.2,2022,Nearest year (2022),https://openalex.org/W3130764381,https://doi.org/10.1111/ajae.12192,Peers in the Field: The Role of Ability and Gender in Peer Effects among Agricultural Workers,2021,2021-02-16,article,12,American Journal of Agricultural Economics,0002-9092,Wiley,FALSE,FALSE,2,NA,NA,NA,FALSE,FALSE,Tenured/Tenure Track,NA,TRUE,50,TRUE,0.5
Hill,Alexandra,Ag and Food,2021,JA,N,NA,0,Agricultural Labor Supply,Annual Review of Resource Economics,10.1146/annurev-resource-101620-080426,10.1146/annurev-resource-101620-080426,annual review resource economics,6.617,2021,Exact journal-year,https://openalex.org/W3187830255,https://doi.org/10.1146/annurev-resource-101620-080426,Agricultural Labor Supply,2021,2021-07-02,article,34,Annual Review of Resource Economics,1941-1340,Annual Reviews,FALSE,FALSE,3,NA,NA,NA,FALSE,FALSE,Tenured/Tenure Track,NA,TRUE,50,TRUE,0.5
Hill,Alexandra,Ag and Food,2022,JA,N,NA,0,Estimating the Nonfatal Injury Undercount in Agriculture from 2004-2019,Journal of Agricultural Safety and Health,10.13031/jash.15039,10.13031/jash.15039,journal agricultural safety health,0.9,2024,Nearest year (2024),https://openalex.org/W4285193779,https://doi.org/10.13031/jash.15039,Estimating the Nonfatal Injury Undercount in Agriculture from 2004 to 2019,2022,2022-01-01,article,8,Journal of Agricultural Safety and Health,1074-7583,NA,FALSE,FALSE,3,NA,NA,NA,FALSE,FALSE,Tenured/Tenure Track,NA,TRUE,50,TRUE,0.5
Hill,Alexandra,Ag and Food,2021,JA,N,NA,0,COVID-19 and Farm Workers,Western Economics Forum,10.22004/ag.econ.311308,10.22004/ag.econ.311308,western economics forum,NA,NA,No IF match,https://openalex.org/W3203596447,https://doi.org/10.22004/ag.econ.311308,COVID-19 and Farm Workers,2021,2021-01-01,article,0,"AgEcon Search (University of Minnesota, USA)",NA,University of Minnesota Rochester,TRUE,FALSE,4,NA,NA,NA,FALSE,FALSE,Tenured/Tenure Track,NA,TRUE,50,TRUE,0.5
Hoag,Dana,ENRE,2023,JA,N,Burkhardt,1,Willingness to pay for reintroducing wolves in a divided voting base,Global Ecology and Conservation,10.1016/j.gecco.2023.e02576,10.1016/j.gecco.2023.e02576,global ecology conservation,3.4,2024,Nearest year (2024),https://openalex.org/W4384008743,https://doi.org/10.1016/j.gecco.2023.e02576,Willingness to pay for reintroducing wolves in a divided voting base,2023,2023-07-12,article,6,Global Ecology and Conservation,2351-9894,Elsevier BV,TRUE,FALSE,6,NA,NA,NA,FALSE,FALSE,Tenured/Tenure Track,Professor,TRUE,35,FALSE,0.35
Hoag,Dana,ENRE,2025,JA,N,NA,0,Life cycle assessment of open and closed hydroponic systems for vegetable production,Journal of Cleaner Production,10.1016/j.jclepro.2025.146920,10.1016/j.jclepro.2025.146920,journal cleaner production,10.7,2025,Exact journal-year,https://openalex.org/W4416408763,https://doi.org/10.1016/j.jclepro.2025.146920,Life cycle assessment of open and closed hydroponic systems for vegetable (tomato and cucumber) production in arid lands,2025,2025-11-20,article,7,Journal of Cleaner Production,0959-6526,Elsevier BV,TRUE,FALSE,8,NA,NA,NA,FALSE,FALSE,Tenured/Tenure Track,Professor,TRUE,35,FALSE,0.35
Hoag,Dana,ENRE,2025,JA,N,DeLay;Mooney;Ritten,1,The Economic Fundamentals of Virtual Fencing Compared to Traditional Fencing,Rangelands,10.1016/j.rala.2024.05.006,10.1016/j.rala.2024.05.006,rangelands,NA,NA,No IF match,https://openalex.org/W4407209665,https://doi.org/10.1016/j.rala.2024.05.006,The economic fundamentals of virtual fencing compared to traditional fencing,2025,2025-02-01,article,14,Rangelands,0190-0528,Elsevier BV,TRUE,FALSE,8,NA,NA,NA,FALSE,FALSE,Tenured/Tenure Track,Professor,TRUE,35,FALSE,0.35
Hoag,Dana,ENRE,2024,JA,N,NA,0,"What's in a Name? Standardizing Terminology for the Enhancement of Research, Extension, and Industry Applications of Virtual Fence Use on Grazing Livestock",Rangeland Ecology & Management,10.1016/j.rama.2024.03.004,10.1016/j.rama.2024.03.004,rangeland ecology management,2.4,2024,Exact journal-year,https://openalex.org/W4394903695,https://doi.org/10.1016/j.rama.2024.03.004,"What's in a Name? Standardizing Terminology for the Enhancement of Research, Extension, and Industry Applications of Virtual Fence Use on Grazing Livestock",2024,2024-04-17,article,11,Rangeland Ecology & Management,1550-7424,Elsevier BV,TRUE,FALSE,11,NA,NA,NA,FALSE,FALSE,Tenured/Tenure Track,Professor,TRUE,35,FALSE,0.35
Hoag,Dana,ENRE,2024,JA,Y,Mooney,1,Beef Cattle Producer Perspectives on Virtual Fencing,Rangeland Ecology & Management,10.1016/j.rama.2024.06.004,10.1016/j.rama.2024.06.004,rangeland ecology management,2.4,2024,Exact journal-year,https://openalex.org/W4401021950,https://doi.org/10.1016/j.rama.2024.06.004,Beef Cattle Producer Perspectives on Virtual Fencing,2024,2024-07-26,article,17,Rangeland Ecology & Management,1550-7424,Elsevier BV,TRUE,FALSE,7,NA,NA,NA,TRUE,FALSE,Tenured/Tenure Track,Professor,TRUE,35,FALSE,0.35
Hoag,Dana,ENRE,2022,JA,Y,Mooney,1,More Risk More Money: When are Payments for Water Savings from Limited Irrigation Profitable,Water Resources and Economics,10.1016/j.wre.2022.100212,10.1016/j.wre.2022.100212,water resources economics,2.2,2022,Exact journal-year,https://openalex.org/W4308921092,https://doi.org/10.1016/j.wre.2022.100212,"More risk, more money: When are payments for water savings from limited irrigation profitable for farmers?",2022,2022-10-01,article,10,Water Resources and Economics,2212-4284,Elsevier BV,TRUE,FALSE,4,NA,NA,NA,TRUE,FALSE,Tenured/Tenure Track,Professor,TRUE,35,FALSE,0.35
Hoag,Dana,ENRE,2025,JA,N,Burkhardt,1,How sense of place influences willingness to pay for sustainable wolf populations,Society & Natural Resources,10.1080/08941920.2025.2572064,10.1080/08941920.2025.2572064,society natural resources,2.1,2025,Exact journal-year,https://openalex.org/W4415021393,https://doi.org/10.1080/08941920.2025.2572064,How Sense of Place Influences Willingness to Pay for Sustainable Wolf Populations,2025,2025-10-10,article,0,Society & Natural Resources,0894-1920,Taylor & Francis,FALSE,FALSE,3,NA,NA,NA,FALSE,FALSE,Tenured/Tenure Track,Professor,TRUE,35,FALSE,0.35
Hoag,Dana,ENRE,2025,JA,N,NA,0,US livestock producer interest in alternatives to compensation programs for wolf depredation,Human Dimensions of Wildlife,10.1080/10871209.2024.2414880,10.1080/10871209.2024.2414880,human dimensions wildlife,1.5,2025,Exact journal-year,https://openalex.org/W4403767062,https://doi.org/10.1080/10871209.2024.2414880,U.S. livestock producer interest in alternatives to compensation programs for wolf depredation,2024,2024-10-25,article,3,Human Dimensions of Wildlife,1087-1209,Taylor & Francis,FALSE,FALSE,6,NA,NA,NA,FALSE,TRUE,Tenured/Tenure Track,Professor,TRUE,35,FALSE,0.35
Hoag,Dana,ENRE,2025,JA,N,Ritten,1,Transdisciplinary research priorities for a One Health approach to human-wildlife coexistence,BioScience,10.1093/biosci/biaf026,10.1093/biosci/biaf026,bioscience,9.5,2025,Exact journal-year,https://openalex.org/W4410577500,https://doi.org/10.1093/biosci/biaf026,Transdisciplinary research priorities for a One Health approach to human–wildlife coexistence,2025,2025-05-21,article,4,BioScience,0006-3568,Oxford University Press,TRUE,FALSE,23,NA,NA,NA,FALSE,FALSE,Tenured/Tenure Track,Professor,TRUE,35,FALSE,0.35
Hoag,Dana,ENRE,2026,JA,N,NA,0,Toward Coexistence: A Psychometric Framework for Large Carnivore Conservation.,Conservation Biology,10.1111/cobi.70326,10.1111/cobi.70326,conservation biology,5.2,2025,Nearest year (2025),https://openalex.org/W7161155482,https://doi.org/10.1111/cobi.70326,Psychometric framework for coexistence with large carnivores,2026,2026-05-14,article,1,Conservation Biology,0888-8892,Wiley,TRUE,FALSE,15,NA,NA,NA,FALSE,FALSE,Tenured/Tenure Track,Professor,TRUE,35,FALSE,0.35
Hoag,Dana,ENRE,2022,JA,N,NA,0,Rapid changes in public perception toward wolves,Conservation Science,10.1111/csp2.12632,10.1111/csp2.12632,conservation science,NA,NA,No IF match,https://openalex.org/W4211022438,https://doi.org/10.1111/csp2.12632,Rapid changes in public perception toward a conservation initiative,2022,2022-02-10,article,43,Conservation Science and Practice,2578-4854,Society for Conservation Biology,TRUE,FALSE,11,NA,NA,NA,FALSE,FALSE,Tenured/Tenure Track,Professor,TRUE,35,FALSE,0.35
Hoag,Dana,ENRE,2024,JA,U,DeLay;Mooney;Ritten,1,Virtual Fencing: Economic and Policy Implications of an Emerging Livestock Technology,Western Economics Forum,10.22004/ag.econ.349293,10.22004/ag.econ.349293,western economics forum,NA,NA,No IF match,NA,NA,NA,NA,NA,NA,NA,NA,NA,NA,NA,NA,NA,NA,NA,NA,FALSE,FALSE,Tenured/Tenure Track,Professor,TRUE,35,FALSE,0.35
Hoag,Dana,ENRE,2024,JA,N,NA,0,Bilateral trade welfare impacts of India’s export ban of non-basmati rice using the Global Partial Equilibrium Simulation Model (GSIM),Foods,10.3390/foods13193124,10.3390/foods13193124,foods,5.1,2024,Exact journal-year,https://openalex.org/W4402991773,https://doi.org/10.3390/foods13193124,Bilateral Trade Welfare Impacts of India’s Export Ban of Non-Basmati Rice Using the Global Partial Equilibrium Simulation Model (GSIM),2024,2024-09-30,article,6,Foods,2304-8158,Multidisciplinary Digital Publishing Institute,TRUE,FALSE,5,NA,NA,NA,FALSE,FALSE,Tenured/Tenure Track,Professor,TRUE,35,FALSE,0.35
Hoag,Dana,ENRE,2021,JA,Y,NA,0,Valuing Cattle Manure as an Agricultural Resource for Efficiency and Environmental Sustainability,Sustainability,10.3390/su13169375,10.3390/su13169375,sustainability,3.889,2021,Exact journal-year,https://openalex.org/W3193515861,https://doi.org/10.3390/su13169375,Valuing Cattle Manure as an Agricultural Resource for Efficiency and Environmental Sustainability,2021,2021-08-20,article,2,Sustainability,2071-1050,Multidisciplinary Digital Publishing Institute,TRUE,FALSE,2,NA,NA,NA,TRUE,FALSE,Tenured/Tenure Track,Professor,TRUE,35,FALSE,0.35
Hoag,Dana,ENRE,2026,JA,N,NA,0,Drivers of wolf depredation reporting and compensation use intentions by livestock producers,PeerJ,10.7717/peerj.20732,10.7717/peerj.20732,peerj,2.9,2025,Nearest year (2025),https://openalex.org/W7127181137,https://doi.org/10.7717/peerj.20732,Drivers of wolf depredation reporting and compensation use intentions by livestock producers,2026,2026-02-02,article,0,PeerJ,2167-8359,"PeerJ, Inc.",TRUE,FALSE,6,NA,NA,NA,FALSE,FALSE,Tenured/Tenure Track,Professor,TRUE,35,FALSE,0.35
Hoag,Dana,ENRE,2026,JA,N,NA,0,Stochastic Risk and Economic Analyses of Hydroponic Systems for Vegetable Production under Arid Lands Conditions,J. Agricultural and Environmental Information Systems,nodoi,NA,j agricultural environmental information systems,NA,NA,No IF match,NA,NA,NA,NA,NA,NA,NA,NA,NA,NA,NA,NA,NA,NA,NA,NA,FALSE,FALSE,Tenured/Tenure Track,Professor,TRUE,35,FALSE,0.35
Hoag,Dana,ENRE,2022,JA,N,NA,0,Economic Consequences of the Wolf Comeback in the Western United States,Western Economics Forum,nodoi,NA,western economics forum,NA,NA,No IF match,NA,NA,NA,NA,NA,NA,NA,NA,NA,NA,NA,NA,NA,NA,NA,NA,FALSE,FALSE,Tenured/Tenure Track,Professor,TRUE,35,FALSE,0.35
Jablonski,Becca,Ag and Food,2021,JA,U,Thilmany,1,Local Food Markets and Labor Intensity,Applied Economic Perspectives and Policy,10.1002/aepp.13059,10.1002/aepp.13059,applied economic perspectives policy,4.89,2021,Exact journal-year,https://openalex.org/W3043055687,https://doi.org/10.1002/aepp.13059,Local Food Market Orientation and Labor Intensity,2020,2020-07-13,article,22,Applied Economic Perspectives and Policy,2040-5790,Wiley,FALSE,FALSE,3,NA,NA,NA,FALSE,TRUE,Tenured/Tenure Track,NA,TRUE,25,TRUE,0.25
Jablonski,Becca,Ag and Food,2021,JA,U,Cleary,1,Emergency Food Provision for Children and Families during the Covid-19 Pandemic,Applied Economic Perspectives and Policy,10.1002/aepp.13096,10.1002/aepp.13096,applied economic perspectives policy,4.89,2021,Exact journal-year,https://openalex.org/W3089211388,https://doi.org/10.1002/aepp.13096,Emergency Food Provision for Children and Families during the <scp>COVID</scp>‐19 Pandemic: Examples from Five U.S. Cities,2020,2020-09-24,article,60,Applied Economic Perspectives and Policy,2040-5790,Wiley,TRUE,FALSE,13,NA,NA,NA,FALSE,TRUE,Tenured/Tenure Track,NA,TRUE,25,TRUE,0.25
Jablonski,Becca,Ag and Food,2022,JA,U,Thilmany,1,Opportunities to support beginning farmers and ranchers in the 2023 Farm Bill,Applied Economic Perspectives and Policy,10.1002/aepp.13256,10.1002/aepp.13256,applied economic perspectives policy,5.8,2022,Exact journal-year,https://openalex.org/W4220797295,https://doi.org/10.1002/aepp.13256,Opportunities to support beginning farmers and ranchers in the 2023 Farm Bill,2022,2022-03-29,article,18,Applied Economic Perspectives and Policy,2040-5790,Wiley,TRUE,FALSE,7,NA,NA,NA,FALSE,FALSE,Tenured/Tenure Track,NA,TRUE,25,TRUE,0.25
Jablonski,Becca,Ag and Food,2021,JA,U,Costanigro,1,Promoting Farmers Markets via Information Nudges and Coupons,Agribusiness: An International Journal,10.1002/agr.21688,10.1002/agr.21688,agribusiness international journal,2.841,2021,Exact journal-year,https://openalex.org/W3121785173,https://doi.org/10.1002/agr.21688,Promoting farmers market via information nudges and coupons: A randomized control trial,2021,2021-01-25,article,10,Agribusiness,0742-4477,Wiley,FALSE,FALSE,3,1,Nicole Didero,FALSE,FALSE,FALSE,Tenured/Tenure Track,NA,TRUE,25,TRUE,0.25
Jablonski,Becca,Ag and Food,2024,JA,U,Chenarides;Thilmany,1,Federal Economic Data on Local and Regional Food Producers,Journal of the Agricultural and Applied Economics Association,10.1002/jaa2.131,10.1002/jaa2.131,journal agricultural applied economics association,1.8,2025,Nearest year (2025),https://openalex.org/W4400204195,https://doi.org/10.1002/jaa2.131,Federal economic data on local and regional food producers,2024,2024-07-01,article,0,Journal of the Agricultural and Applied Economics Association,2769-2485,Wiley,TRUE,FALSE,5,NA,NA,NA,FALSE,FALSE,Tenured/Tenure Track,NA,TRUE,25,TRUE,0.25
Jablonski,Becca,Ag and Food,2023,JA,U,Bonanno;Cleary,1,The Influence of Food Assistance Program Participation on Home Food Environment,Current Developments in Nutrition,10.1016/j.cdnut.2023.100292,10.1016/j.cdnut.2023.100292,current developments in nutrition,3.2,2024,Nearest year (2024),https://openalex.org/W4385306485,https://doi.org/10.1016/j.cdnut.2023.100292,OR23-07-23 The Influence of Food Assistance Program Participation on the Quality of the Home Food Environment Is Modified by Household Food Security Levels,2023,2023-07-01,article,0,Current Developments in Nutrition,2475-2991,Elsevier BV,TRUE,FALSE,6,1,Erin Love,FALSE,FALSE,FALSE,Tenured/Tenure Track,NA,TRUE,25,TRUE,0.25
Jablonski,Becca,Ag and Food,2021,JA,U,Bonanno,1,Measuring stocks of community wealth and its association with food systems efforts,Food Policy,10.1016/j.foodpol.2021.102119,10.1016/j.foodpol.2021.102119,food policy,6.08,2021,Exact journal-year,https://openalex.org/W3175602227,https://doi.org/10.1016/j.foodpol.2021.102119,Measuring stocks of community wealth and their association with food systems efforts in rural and urban places,2021,2021-07-01,article,13,Food Policy,0306-9192,Elsevier BV,TRUE,FALSE,4,NA,NA,NA,FALSE,FALSE,Tenured/Tenure Track,NA,TRUE,25,TRUE,0.25
Jablonski,Becca,Ag and Food,2021,JA,U,Costanigro,1,Consumer Stigma and the Reputation Trap Hypothesis,Journal of Wine Economics,10.1017/jwe.2021.8,10.1017/jwe.2021.8,journal wine economics,2.178,2021,Exact journal-year,https://openalex.org/W3156003308,https://doi.org/10.1017/jwe.2021.8,Consumer Stigma and the Reputation Trap Hypothesis: An In-Store Experiment with Colorado Wines,2021,2021-04-12,article,2,Journal of Wine Economics,1931-4361,Cambridge University Press,TRUE,FALSE,2,NA,NA,NA,FALSE,FALSE,Tenured/Tenure Track,NA,TRUE,25,TRUE,0.25
Jablonski,Becca,Ag and Food,2023,JA,U,Mooney;Thilmany,1,Producers Marketing a Novel Crop: A Field-Level View of Hemp Market Channels,Renewable Agriculture and Food Systems,10.1017/S1742170523000145,10.1017/s1742170523000145,renewable agriculture food systems,2,2024,Nearest year (2024),https://openalex.org/W4366223024,https://doi.org/10.1017/s1742170523000145,Producers marketing a novel crop: a field-level view of hemp market channels,2023,2023-01-01,article,5,Renewable Agriculture and Food Systems,1742-1705,Cambridge University Press,TRUE,FALSE,10,1,Ming Wang,TRUE,FALSE,FALSE,Tenured/Tenure Track,NA,TRUE,25,TRUE,0.25
Jablonski,Becca,Ag and Food,2022,JA,U,Thilmany,1,The profitability implications of sales through local food markets for beginning farmers,Agricultural Finance Review,10.1108/AFR-05-2021-0056,10.1108/afr-05-2021-0056,agricultural finance review,1.9,2024,Nearest year (2024),https://openalex.org/W4293087468,https://doi.org/10.1108/afr-05-2021-0056,The profitability implications of sales through local food markets for beginning farmers and ranchers,2022,2022-03-23,article,22,Agricultural Finance Review,0002-1466,Emerald Publishing Limited,TRUE,FALSE,5,NA,NA,NA,FALSE,FALSE,Tenured/Tenure Track,NA,TRUE,25,TRUE,0.25
Jablonski,Becca,Ag and Food,2022,JA,U,Thilmany,1,Unique Financing Strategies Among Beginning Farmers and Ranchers,Agricultural Finance Review,10.1108/AFR-05-2021-0070,10.1108/afr-05-2021-0070,agricultural finance review,1.9,2024,Nearest year (2024),https://openalex.org/W4200169516,https://doi.org/10.1108/afr-05-2021-0070,Unique financing strategies among beginning farmers and ranchers: differences among multigenerational and beginning operations,2021,2021-12-08,article,12,Agricultural Finance Review,0002-1466,Emerald Publishing Limited,FALSE,FALSE,5,NA,NA,NA,FALSE,TRUE,Tenured/Tenure Track,NA,TRUE,25,TRUE,0.25
Jablonski,Becca,Ag and Food,2023,JA,U,Bonanno,1,Beginning farmer status and financial performance differentials,Agricultural Finance Review,10.1108/AFR-05-2023-0054,10.1108/afr-05-2023-0054,agricultural finance review,1.9,2024,Nearest year (2024),https://openalex.org/W4386804267,https://doi.org/10.1108/afr-05-2023-0054,Beginning farmer status and financial performance differentials,2023,2023-09-16,article,1,Agricultural Finance Review,0002-1466,Emerald Publishing Limited,FALSE,FALSE,4,NA,NA,NA,FALSE,FALSE,Tenured/Tenure Track,NA,TRUE,25,TRUE,0.25
Jablonski,Becca,Ag and Food,2021,JA,U,Thilmany,1,Novel methods for an interesting time: US local food systems impacts and initiatives to respond to COVID,Australian Journal of Agricultural and Resource Economics,10.1111/1467-8489.12456,10.1111/1467-8489.12456,australian journal agricultural resource economics,3.2,2022,Nearest year (2022),https://openalex.org/W3210113799,https://doi.org/10.1111/1467-8489.12456,Novel methods for an interesting time: Exploring U.S. local food systems’ impacts and initiatives to respond to COVID*,2021,2021-10-01,article,20,Australian Journal of Agricultural and Resource Economics,1364-985X,Wiley,TRUE,FALSE,8,2,Hailey Edmondson; Mackenzie Gill,TRUE,FALSE,FALSE,Tenured/Tenure Track,NA,TRUE,25,TRUE,0.25
Jablonski,Becca,Ag and Food,2021,JA,U,Costanigro,1,The Impact of State Farm to School Procurement Incentives on School Purchasing Decisions,Journal of School Health,10.1111/josh.13013,10.1111/josh.13013,journal school health,2.46,2021,Exact journal-year,https://openalex.org/W3155036107,https://doi.org/10.1111/josh.13013,The Impact of State Farm to School Procurement Incentives on School Purchasing Decisions,2021,2021-04-12,article,10,Journal of School Health,0022-4391,Wiley,FALSE,FALSE,4,1,Abigail Long,FALSE,FALSE,FALSE,Tenured/Tenure Track,NA,TRUE,25,TRUE,0.25
Jablonski,Becca,Ag and Food,2021,JA,NA,Jablonski;Frasier,1,The Impact of State Farm to School Procurement Incentives on School Purchasing Decisions,Journal of School Health,10.1111/josh.13013,10.1111/josh.13013,journal school health,2.46,2021,Exact journal-year,https://openalex.org/W3155036107,https://doi.org/10.1111/josh.13013,The Impact of State Farm to School Procurement Incentives on School Purchasing Decisions,2021,2021-04-12,article,10,Journal of School Health,0022-4391,Wiley,FALSE,FALSE,4,1,Abigail Long,FALSE,NA,FALSE,Tenured/Tenure Track,NA,TRUE,25,TRUE,0.25
Jablonski,Becca,Ag and Food,2024,JA,U,Thilmany,1,Building Representative State Groupings in an Input-Output Model for Nutrition Incentive Programs,Economic Development Quarterly,10.1177/08912424241282425,10.1177/08912424241282425,economic development quarterly,1.6,2024,Exact journal-year,https://openalex.org/W4403258135,https://doi.org/10.1177/08912424241282425,Building Representative State Groupings in an Input-Output Model for the Development of an Economic Impact Calculator for Nutrition Incentive Programs,2024,2024-10-09,article,1,Economic Development Quarterly,0891-2424,SAGE Publishing,TRUE,FALSE,7,NA,NA,NA,FALSE,FALSE,Tenured/Tenure Track,NA,TRUE,25,TRUE,0.25
Koontz,Stephen,Ag and Food,2022,JA,N,NA,0,Potential Beef Cattle Topics in the 2023 Farm Bill,Applied Economic Perspectives and Policy,10.1002/aepp.13302,10.1002/aepp.13302,applied economic perspectives policy,5.8,2022,Exact journal-year,https://openalex.org/W4283262314,https://doi.org/10.1002/aepp.13302,Potential beef cattle topics in the 2023 farm bill,2022,2022-06-21,article,0,Applied Economic Perspectives and Policy,2040-5790,Wiley,FALSE,FALSE,8,NA,NA,NA,FALSE,FALSE,Tenured/Tenure Track,Professor,TRUE,15,FALSE,0.15
Kroll,Stephan,ENRE,2021,JA,N,NA,0,Does Solar Geoengineering Crowd Out Climate Change Mitigation Efforts,Climatic Change,10.1007/s10584-021-03009-z,10.1007/s10584-021-03009-z,climatic change,5.174,2021,Exact journal-year,https://openalex.org/W3134417504,https://doi.org/10.1007/s10584-021-03009-z,Does solar geoengineering crowd out climate change mitigation efforts? Evidence from a stated preference referendum on a carbon tax,2021,2021-03-01,article,30,Climatic Change,0165-0009,Springer Science+Business Media,TRUE,FALSE,4,NA,NA,NA,FALSE,FALSE,Tenured/Tenure Track,Professor,TRUE,40,FALSE,0.4
Kroll,Stephan,ENRE,2023,JA,N,NA,0,Climate Cooperation with Risky Solar Geoengineering,Climatic Change,10.1007/s10584-023-03612-2,10.1007/s10584-023-03612-2,climatic change,4.8,2024,Nearest year (2024),https://openalex.org/W4387253917,https://doi.org/10.1007/s10584-023-03612-2,Climate cooperation with risky solar geoengineering,2023,2023-10-01,article,6,Climatic Change,0165-0009,Springer Science+Business Media,FALSE,FALSE,3,NA,NA,NA,FALSE,FALSE,Tenured/Tenure Track,Professor,TRUE,40,FALSE,0.4
Kroll,Stephan,ENRE,2024,JA,N,NA,0,Solar Geoengineering Free-Driving and Conflict: An Experimental Investigation,Environmental and Resource Economics,10.1007/s10640-024-00854-1,10.1007/s10640-024-00854-1,environmental resource economics,3.4,2024,Exact journal-year,https://openalex.org/W4393221258,https://doi.org/10.1007/s10640-024-00854-1,"Solar Geoengineering, Free-Driving and Conflict: An Experimental Investigation",2024,2024-03-27,article,4,Environmental and Resource Economics,0924-6460,Springer Science+Business Media,FALSE,FALSE,4,NA,NA,NA,FALSE,FALSE,Tenured/Tenure Track,Professor,TRUE,40,FALSE,0.4
Kroll,Stephan,ENRE,2026,JA,NA,NA,0,Climate Intervention and Mitigation: Strategic Responses to Technological Advances in Solar Geoengineering,Environmental and Resource Economics,10.1007/s10640-026-01072-7,10.1007/s10640-026-01072-7,environmental resource economics,3.5,2025,Nearest year (2025),https://openalex.org/W7140229287,https://doi.org/10.1007/s10640-026-01072-7,Climate Intervention and Mitigation: Strategic Responses to Technological Advances in Solar Geoengineering,2026,2026-03-24,article,0,Environmental and Resource Economics,0924-6460,Springer Science+Business Media,TRUE,FALSE,3,NA,NA,NA,NA,FALSE,Tenured/Tenure Track,Professor,TRUE,40,FALSE,0.4
Kroll,Stephan,ENRE,2021,JA,N,Goemans,1,Learning to Accept Welfare-Enhancing Policies: Congestion Pricing,Experimental Economics,10.1007/s10683-020-09650-2,10.1007/s10683-020-09650-2,experimental economics,2.387,2021,Exact journal-year,https://openalex.org/W3012531244,https://doi.org/10.1007/s10683-020-09650-2,Learning to accept welfare-enhancing policies: an experimental investigation of congestion pricing,2020,2020-03-20,article,24,Experimental Economics,1386-4157,Springer Science+Business Media,TRUE,FALSE,5,NA,NA,NA,FALSE,TRUE,Tenured/Tenure Track,Professor,TRUE,40,FALSE,0.4
Kroll,Stephan,ENRE,2023,JA,N,NA,0,Climate Cooperation in the Shadow of Solar Geoengineering: Moral Hazard Conjecture,Environmental Politics,10.1080/09644016.2022.2066285,10.1080/09644016.2022.2066285,environmental politics,5.9,2024,Nearest year (2024),https://openalex.org/W4225406346,https://doi.org/10.1080/09644016.2022.2066285,Climate cooperation in the shadow of solar geoengineering: an experimental investigation of the moral hazard conjecture,2022,2022-05-04,article,50,Environmental Politics,0964-4016,Taylor & Francis,TRUE,FALSE,5,NA,NA,NA,FALSE,TRUE,Tenured/Tenure Track,Professor,TRUE,40,FALSE,0.4
Kroll,Stephan,ENRE,2024,JA,N,NA,0,International Climate Agreements under the Threat of Solar Geoengineering,Journal of the Association of Environmental and Resource Economists,10.1086/728140,10.1086/728140,journal association environmental resource economists,3.2,2024,Exact journal-year,https://openalex.org/W4387444518,https://doi.org/10.1086/728140,International Climate Agreements under the Threat of Solar Geoengineering,2023,2023-10-09,article,9,Journal of the Association of Environmental and Resource Economists,2333-5955,University of Chicago Press,FALSE,FALSE,4,NA,NA,NA,FALSE,TRUE,Tenured/Tenure Track,Professor,TRUE,40,FALSE,0.4
Kroll,Stephan,ENRE,2021,JA,N,NA,0,Inequality Hinders Group Efforts to Avoid Environmental Disasters,Q Open,10.1093/qopen/qoab006,10.1093/qopen/qoab006,q open,2.3,2025,Nearest year (2025),https://openalex.org/W3160910648,https://doi.org/10.1093/qopen/qoab006,Inequality hinders group efforts to avoid environmental disasters,2021,2021-01-01,article,3,Q Open,2633-9048,Oxford University Press,TRUE,FALSE,2,NA,NA,NA,FALSE,FALSE,Tenured/Tenure Track,Professor,TRUE,40,FALSE,0.4
Lewis,Lynne,ENRE,2023,JA,N,NA,0,The Charisma Premium: Iconic Individuals and Wildlife Values,Journal of Environmental Economics and Management,10.1016/j.jeem.2023.102872,10.1016/j.jeem.2023.102872,journal environmental economics management,5.9,2024,Nearest year (2024),https://openalex.org/W4386101652,https://doi.org/10.1016/j.jeem.2023.102872,The charisma premium: Iconic individuals and wildlife values,2023,2023-08-23,article,12,Journal of Environmental Economics and Management,0095-0696,Elsevier BV,FALSE,FALSE,4,NA,NA,NA,FALSE,FALSE,Tenured/Tenure Track,Professor,TRUE,50,FALSE,0.5
Lewis,Lynne,ENRE,2022,JA,N,NA,0,New Evidence on Diversity in Environmental and Resource Economics,Review of Environmental Economics and Policy,10.1086/722907,10.1086/722907,review environmental economics policy,7.048,2021,Nearest year (2021),https://openalex.org/W4311648561,https://doi.org/10.1086/722907,New Evidence on Diversity in Environmental and Resource Economics,2022,2022-12-06,article,3,Review of Environmental Economics and Policy,1750-6816,University of Chicago Press,FALSE,FALSE,8,NA,NA,NA,FALSE,FALSE,Tenured/Tenure Track,Professor,TRUE,50,FALSE,0.5
Lewis,Lynne,ENRE,2022,JA,N,NA,0,Getting to know you: individual animals wildlife webcams and willingness to pay for brown bear preservation,American Journal of Agricultural Economics,10.1111/ajae.12249,10.1111/ajae.12249,american journal agricultural economics,4.2,2022,Exact journal-year,https://openalex.org/W3193312113,https://doi.org/10.1111/ajae.12249,"Getting to know you: individual animals, wildlife webcams, and willingness to pay for brown bear preservation",2021,2021-08-15,article,14,American Journal of Agricultural Economics,0002-9092,Wiley,FALSE,FALSE,2,NA,NA,NA,FALSE,TRUE,Tenured/Tenure Track,Professor,TRUE,50,FALSE,0.5
Lewis,Lynne,ENRE,2025,JA,N,NA,0,Reinstate the National Climate Assessment,Science,10.1126/science.adz3885,10.1126/science.adz3885,science,47.3,2025,Exact journal-year,https://openalex.org/W4412622914,https://doi.org/10.1126/science.adz3885,Reinstate the National Climate Assessment,2025,2025-07-24,article,1,Science,0036-8075,American Association for the Advancement of Science,FALSE,FALSE,6,NA,NA,NA,FALSE,FALSE,Tenured/Tenure Track,Professor,TRUE,50,FALSE,0.5
Lewis,Lynne,ENRE,2024,JA,N,NA,0,The Nature of the Beast: Wildlife Valuation from the Iconic to the Ordinary,Annual Review of Resource Economics,10.1146/annurev-resource-101623-093149,10.1146/annurev-resource-101623-093149,annual review resource economics,8.4,2024,Exact journal-year,https://openalex.org/W4400748387,https://doi.org/10.1146/annurev-resource-101623-093149,The Nature of the Beast: Wildlife Valuation from the Iconic to the Ordinary,2024,2024-07-16,article,2,Annual Review of Resource Economics,1941-1340,Annual Reviews,TRUE,FALSE,3,NA,NA,NA,FALSE,FALSE,Tenured/Tenure Track,Professor,TRUE,50,FALSE,0.5
Lewis,Lynne,ENRE,2021,JA,N,NA,0,What Should We Be Teaching Students about the Economics of Climate Change,International Review of Environmental and Resource Economics,10.1561/101.00000142,10.1561/101.00000142,international review environmental resource economics,1.1,2024,Nearest year (2024),https://openalex.org/W3202273819,https://doi.org/10.1561/101.00000142,What <i>Should</i> We Be Teaching Students about the Economics of Climate Change: Is There a Consensus?,2021,2021-09-27,article,1,International Review of Environmental and Resource Economics,1931-1465,Now Publishers,FALSE,FALSE,2,NA,NA,NA,FALSE,FALSE,Tenured/Tenure Track,Professor,TRUE,50,FALSE,0.5
Lewis,Lynne,ENRE,2024,JA,N,NA,0,Fat Tails and WTP: Kristrom revisited,Land Economics,10.3368/le.100.4.060823-0052r,10.3368/le.100.4.060823-0052r,land economics,1.6,2024,Exact journal-year,https://openalex.org/W4393145512,https://doi.org/10.3368/le.100.4.060823-0052r,"Fat Tails, Flat Tails, and Willingness to Pay: Kriström Revisited",2024,2024-03-25,article,3,Land Economics,0023-7639,University of Wisconsin Press,FALSE,FALSE,3,NA,NA,NA,FALSE,FALSE,Tenured/Tenure Track,Professor,TRUE,50,FALSE,0.5
Lewis,Lynne,ENRE,2023,JA,N,NA,0,Is one the loneliest number? Impact of tourists ability to identify individual bears,Frontiers in Sustainable Tourism,10.3389/frsut.2023.1097511,10.3389/frsut.2023.1097511,frontiers in sustainable tourism,1.7,2025,Nearest year (2025),https://openalex.org/W4318054411,https://doi.org/10.3389/frsut.2023.1097511,Is one the loneliest number? Impact of tourists' ability to identify individual bears on conservation outcomes,2023,2023-01-26,article,0,Frontiers in Sustainable Tourism,2813-2815,Frontiers Media,TRUE,FALSE,4,NA,NA,NA,FALSE,FALSE,Tenured/Tenure Track,Professor,TRUE,50,FALSE,0.5
Magnan,Nicholas,Ag and Food,2023,JA,Y,NA,0,Coping with COVID-19 Shocks in Rural Nepal,Applied Economic Perspectives and Policy,10.1002/aepp.13383,10.1002/aepp.13383,applied economic perspectives policy,3.4,2024,Nearest year (2024),https://openalex.org/W4377104004,https://doi.org/10.1002/aepp.13383,Coping with COVID‐19 shocks in rural Nepal,2023,2023-05-18,article,4,Applied Economic Perspectives and Policy,2040-5790,Wiley,TRUE,FALSE,3,NA,NA,NA,TRUE,FALSE,Tenured/Tenure Track,Professor,TRUE,50,FALSE,0.5
Magnan,Nicholas,Ag and Food,2026,JA,Y,NA,0,Fungal ecology and postharvest factors driving aflatoxin contamination in Ghanaian groundnuts,Food Control,10.1016/j.foodcont.2025.111582,10.1016/j.foodcont.2025.111582,food control,7,2025,Nearest year (2025),NA,NA,NA,NA,NA,NA,NA,NA,NA,NA,NA,NA,NA,NA,NA,NA,TRUE,FALSE,Tenured/Tenure Track,Professor,TRUE,50,FALSE,0.5
Magnan,Nicholas,Ag and Food,2023,JA,Y,NA,0,A Spatial Dependent Approach to Assessing Impacts of Sustainable Forestry Initiative Certification,Forest Policy and Economics,10.1016/j.forpol.2023.103071,10.1016/j.forpol.2023.103071,forest policy economics,3.8,2024,Nearest year (2024),https://openalex.org/W4388202182,https://doi.org/10.1016/j.forpol.2023.103071,"A spatial dependence approach to assessing the impacts of Sustainable Forestry Initiative’s Fiber Sourcing certification on forestry Best Management Practices in Georgia, United States",2023,2023-10-26,article,0,Forest Policy and Economics,1389-9341,Elsevier BV,FALSE,FALSE,3,NA,NA,NA,TRUE,FALSE,Tenured/Tenure Track,Professor,TRUE,50,FALSE,0.5
Magnan,Nicholas,Ag and Food,2021,JA,Y,NA,0,Information Technology and Market Rewards: Incentivizing Aflatoxin Control in Ghana,Journal of Development Economics,10.1016/j.jdeveco.2020.102620,10.1016/j.jdeveco.2020.102620,journal development economics,4.277,2021,Exact journal-year,https://openalex.org/W2779231959,https://doi.org/10.1016/j.jdeveco.2020.102620,"Information, technology, and market rewards: Incentivizing aflatoxin control in Ghana",2021,2021-02-01,article,39,Journal of Development Economics,0304-3878,Elsevier BV,TRUE,FALSE,5,NA,NA,NA,TRUE,FALSE,Tenured/Tenure Track,Professor,TRUE,50,FALSE,0.5
Magnan,Nicholas,Ag and Food,2025,JA,Y,NA,0,Going the Distance: Hybrid Vocational Training for Women in Nepal,Journal of Development Economics,10.1016/j.jdeveco.2024.103414,10.1016/j.jdeveco.2024.103414,journal development economics,5,2025,Exact journal-year,https://openalex.org/W4405747403,https://doi.org/10.1016/j.jdeveco.2024.103414,Going the distance: Hybrid vocational training for women in Nepal,2024,2024-12-25,article,1,Journal of Development Economics,0304-3878,Elsevier BV,FALSE,FALSE,5,NA,NA,NA,TRUE,TRUE,Tenured/Tenure Track,Professor,TRUE,50,FALSE,0.5
Magnan,Nicholas,Ag and Food,2022,JA,N,NA,0,Demand for Weather Index Insurance among Smallholder Farmers under Prospect Theory,Journal of Economic Behavior and Organization,10.1016/j.jebo.2022.07.027,10.1016/j.jebo.2022.07.027,journal economic behavior organization,2.3,2024,Nearest year (2024),https://openalex.org/W4291734210,https://doi.org/10.1016/j.jebo.2022.07.027,Demand for Weather Index Insurance among Smallholder Farmers under Prospect Theory,2022,2022-08-13,article,17,Journal of Economic Behavior & Organization,0167-2681,Elsevier BV,FALSE,FALSE,4,NA,NA,NA,FALSE,FALSE,Tenured/Tenure Track,Professor,TRUE,50,FALSE,0.5
Magnan,Nicholas,Ag and Food,2025,JA,Y,NA,0,Who is Asking and How? Effects of Survey Mode and Enumerator Gender,World Development,10.1016/j.worlddev.2025.107078,10.1016/j.worlddev.2025.107078,world development,5.1,2025,Exact journal-year,https://openalex.org/W4412025049,https://doi.org/10.1016/j.worlddev.2025.107078,Who is asking and how? Effects of survey mode and enumerator gender on measuring women’s life experience,2025,2025-07-04,article,1,World Development,0305-750X,Elsevier BV,TRUE,FALSE,4,NA,NA,NA,TRUE,FALSE,Tenured/Tenure Track,Professor,TRUE,50,FALSE,0.5
Magnan,Nicholas,Ag and Food,2026,JA,N,NA,0,Gendered Networks and Demand for an Agricultural Technology in India,World Development,10.1016/j.worlddev.2025.107182,10.1016/j.worlddev.2025.107182,world development,5.1,2025,Nearest year (2025),https://openalex.org/W4416538740,https://doi.org/10.1016/j.worlddev.2025.107182,Gendered networks and demand for an agricultural technology in India,2025,2025-10-10,article,1,World Development,0305-750X,Elsevier BV,TRUE,FALSE,4,NA,NA,NA,FALSE,TRUE,Tenured/Tenure Track,Professor,TRUE,50,FALSE,0.5
Magnan,Nicholas,Ag and Food,2024,JA,Y,NA,0,Challenges to Groundnut Value Chain Development: Lessons from an Attempted Experiment in Ghana,Journal of Development Effectiveness,10.1080/19439342.2024.2319657,10.1080/19439342.2024.2319657,journal development effectiveness,0.5,2024,Exact journal-year,https://openalex.org/W4392906477,https://doi.org/10.1080/19439342.2024.2319657,Challenges to groundnut value chain development: lessons from an (attempted) experiment in Ghana,2024,2024-03-18,article,2,Journal of Development Effectiveness,1943-9342,Taylor & Francis,TRUE,FALSE,6,NA,NA,NA,TRUE,FALSE,Tenured/Tenure Track,Professor,TRUE,50,FALSE,0.5
Magnan,Nicholas,Ag and Food,2021,JA,Y,NA,0,Can Experiential Games and Improved Risk Coverage Raise Demand for Index Insurance,American Journal of Agricultural Economics,10.1111/ajae.12124,10.1111/ajae.12124,american journal agricultural economics,4.2,2022,Nearest year (2022),https://openalex.org/W3048471999,https://doi.org/10.1111/ajae.12124,Can Experiential Games and Improved Risk Coverage Raise Demand for Index Insurance? Evidence from Kenya,2020,2020-08-12,article,24,American Journal of Agricultural Economics,0002-9092,Wiley,FALSE,FALSE,7,NA,NA,NA,TRUE,TRUE,Tenured/Tenure Track,Professor,TRUE,50,FALSE,0.5
Manning,Dale,ENRE,2021,JA,N,Goemans;Suter,1,Changing climate changing minds? Effects of natural disasters on public perceptions,Climatic Change,10.1007/s10584-022-03441-9,10.1007/s10584-022-03441-9,climatic change,5.174,2021,Exact journal-year,https://openalex.org/W4298000409,https://doi.org/10.1007/s10584-022-03441-9,"Correction to: Changing climate, changing minds? The effects of natural disasters on public perceptions of climate change",2022,2022-09-01,erratum,2,Climatic Change,0165-0009,Springer Science+Business Media,TRUE,FALSE,5,NA,NA,NA,FALSE,TRUE,Tenured/Tenure Track,NA,TRUE,50,TRUE,0.5
Manning,Dale,ENRE,2022,JA,U,Goemans,1,Remote sensing of field-scale irrigation withdrawals in the central Ogallala aquifer,Agricultural Water Management,10.1016/j.agwat.2022.107764,10.1016/j.agwat.2022.107764,agricultural water management,6.7,2022,Exact journal-year,https://openalex.org/W4282928459,https://doi.org/10.1016/j.agwat.2022.107764,Remote sensing of field-scale irrigation withdrawals in the central Ogallala aquifer region,2022,2022-06-15,article,23,Agricultural Water Management,0378-3774,Elsevier BV,FALSE,FALSE,6,NA,NA,NA,FALSE,FALSE,Tenured/Tenure Track,NA,TRUE,50,TRUE,0.5
Manning,Dale,ENRE,2021,JA,N,Goemans;Suter,1,Groundwater Depletion Climate and the Incremental Value of Groundwater,Resource and Energy Economics,10.1016/j.reseneeco.2019.101143,10.1016/j.reseneeco.2019.101143,resource energy economics,3.553,2021,Exact journal-year,https://openalex.org/W2994849090,https://doi.org/10.1016/j.reseneeco.2019.101143,"Depletion, climate, and the incremental value of groundwater",2019,2019-12-20,article,32,Resource and Energy Economics,0928-7655,Elsevier BV,FALSE,FALSE,5,NA,NA,NA,FALSE,TRUE,Tenured/Tenure Track,NA,TRUE,50,TRUE,0.5
Manning,Dale,ENRE,2021,JA,U,Goemans;Suter,1,Depletion climate and the incremental value of groundwater,Resource and Energy Economics,10.1016/j.reseneeco.2021.101143,10.1016/j.reseneeco.2021.101143,resource energy economics,3.553,2021,Exact journal-year,NA,NA,NA,NA,NA,NA,NA,NA,NA,NA,NA,NA,NA,NA,NA,NA,FALSE,FALSE,Tenured/Tenure Track,NA,TRUE,50,TRUE,0.5
Manning,Dale,ENRE,2023,JA,Y,Goemans,1,Assessment of vulnerability to water shortage in semi-arid river basins,Science of the Total Environment,10.1016/j.scitotenv.2023.161964,10.1016/j.scitotenv.2023.161964,science total environment,8,2024,Nearest year (2024),https://openalex.org/W4318828324,https://doi.org/10.1016/j.scitotenv.2023.161964,Assessment of vulnerability to water shortage in semi-arid river basins: The value of demand reduction and storage capacity,2023,2023-02-01,article,34,The Science of The Total Environment,0048-9697,Elsevier BV,TRUE,FALSE,5,NA,NA,NA,TRUE,FALSE,Tenured/Tenure Track,NA,TRUE,50,TRUE,0.5
Manning,Dale,ENRE,2023,JA,U,Burkhardt;Goemans,1,Further evidence on social comparison and residential water use,Water Resources and Economics,10.1016/j.wre.2023.100214,10.1016/j.wre.2023.100214,water resources economics,1.9,2024,Nearest year (2024),NA,NA,NA,NA,NA,NA,NA,NA,NA,NA,NA,NA,NA,NA,NA,NA,FALSE,FALSE,Tenured/Tenure Track,NA,TRUE,50,TRUE,0.5
Manning,Dale,ENRE,2024,JA,U,Goemans,1,Integrated water management under different water rights institutions,Water Resources Research,10.1029/2024WR037196,10.1029/2024wr037196,water resources research,5,2024,Exact journal-year,https://openalex.org/W4404038588,https://doi.org/10.1029/2024wr037196,Integrated Water Management Under Different Water Rights Institutions and Population Patterns: Methodology and Application,2024,2024-11-01,article,2,Water Resources Research,0043-1397,Wiley,TRUE,FALSE,5,NA,NA,NA,FALSE,FALSE,Tenured/Tenure Track,NA,TRUE,50,TRUE,0.5
Manning,Dale,ENRE,2021,JA,N,Goemans;Suter,1,Policy Leakage or Policy Benefit? Spatial Spillovers from Conservation Policies,Journal of the Association of Environmental and Resource Economists,10.1086/714148,10.1086/714148,journal association environmental resource economists,3.2,2024,Nearest year (2024),https://openalex.org/W3027908917,https://doi.org/10.1086/714148,Policy Leakage or Policy Benefit? Spatial Spillovers from Conservation Policies in Common Property Resources,2021,2021-03-02,article,4,Journal of the Association of Environmental and Resource Economists,2333-5955,University of Chicago Press,FALSE,FALSE,4,NA,NA,NA,FALSE,FALSE,Tenured/Tenure Track,NA,TRUE,50,TRUE,0.5
Manning,Dale,ENRE,2022,JA,N,NA,0,Ecosystem Services and Land Rental Markets: Producer Costs of Bat Population Crashes,Journal of the Association of Environmental and Resource Economists,10.1086/720303,10.1086/720303,journal association environmental resource economists,3.2,2024,Nearest year (2024),https://openalex.org/W4225547470,https://doi.org/10.1086/720303,Ecosystem Services and Land Rental Markets: Producer Costs of Bat Population Crashes,2022,2022-04-08,article,14,Journal of the Association of Environmental and Resource Economists,2333-5955,University of Chicago Press,FALSE,FALSE,2,NA,NA,NA,FALSE,FALSE,Tenured/Tenure Track,NA,TRUE,50,TRUE,0.5
Manning,Dale,ENRE,2022,JA,Y,Goemans;Suter,1,Impacts of Block-Rate Energy Pricing on Groundwater Demand in Irrigated Agriculture,American Journal of Agricultural Economics,10.1111/ajae.12231,10.1111/ajae.12231,american journal agricultural economics,4.2,2022,Exact journal-year,https://openalex.org/W3165941821,https://doi.org/10.1111/ajae.12231,Impacts of<scp>Block‐Rate</scp>Energy Pricing on Groundwater Demand in Irrigated Agriculture,2021,2021-05-31,article,11,American Journal of Agricultural Economics,0002-9092,Wiley,FALSE,FALSE,4,NA,NA,NA,TRUE,TRUE,Tenured/Tenure Track,NA,TRUE,50,TRUE,0.5
Manning,Dale,ENRE,2022,JA,N,Burkhardt,1,The Local Effects of Federal Law Enforcement Policies: Sanctuary Jurisdictions and Crime,Contemporary Economic Policy,10.1111/coep.12564,10.1111/coep.12564,contemporary economic policy,1.212,2021,Nearest year (2021),https://openalex.org/W4211021726,https://doi.org/10.1111/coep.12564,The local effects of federal law enforcement policies: Evidence from sanctuary jurisdictions and crime,2022,2022-02-08,article,5,Contemporary Economic Policy,1074-3529,Wiley,FALSE,FALSE,2,NA,NA,NA,FALSE,FALSE,Tenured/Tenure Track,NA,TRUE,50,TRUE,0.5
Mooney,Daniel,Ag and Food,2025,JA,N,NA,0,Synergies and trade-offs between ecosystem services and economics in dryland cover crop systems,Ecosphere,10.1002/ecs2.70397,10.1002/ecs2.70397,ecosphere,3,2025,Exact journal-year,https://openalex.org/W4414175545,https://doi.org/10.1002/ecs2.70397,Synergies and trade‐offs between ecosystem services and economics in dryland cover crop systems,2025,2025-09-01,article,2,Ecosphere,2150-8925,Wiley,TRUE,FALSE,9,NA,NA,NA,FALSE,FALSE,Tenured/Tenure Track,Associate Professor,TRUE,25,FALSE,0.25
Mooney,Daniel,Ag and Food,2023,JA,N,NA,0,Estimating the Ex-Ante Adoption Determinants of Novel Cropping Systems with Nonpecuniary Benefits,Journal of the Agricultural and Applied Economics Association,10.1002/jaa2.93,10.1002/jaa2.93,journal agricultural applied economics association,1.8,2025,Nearest year (2025),https://openalex.org/W4389228450,https://doi.org/10.1002/jaa2.93,Estimating the ex ante adoption determinants of novel cropping systems with nonpecuniary benefits,2023,2023-11-30,article,0,Journal of the Agricultural and Applied Economics Association,2769-2485,Wiley,TRUE,FALSE,2,NA,NA,NA,FALSE,FALSE,Tenured/Tenure Track,Associate Professor,TRUE,25,FALSE,0.25
Mooney,Daniel,Ag and Food,2025,JA,N,DeLay;Hoag;Ritten,1,The Economic Fundamentals of Virtual Fencing Compared to Traditional Fencing,Rangelands,10.1016/j.rala.2024.05.006,10.1016/j.rala.2024.05.006,rangelands,NA,NA,No IF match,https://openalex.org/W4407209665,https://doi.org/10.1016/j.rala.2024.05.006,The economic fundamentals of virtual fencing compared to traditional fencing,2025,2025-02-01,article,14,Rangelands,0190-0528,Elsevier BV,TRUE,FALSE,8,NA,NA,NA,FALSE,FALSE,Tenured/Tenure Track,Associate Professor,TRUE,25,FALSE,0.25
Mooney,Daniel,Ag and Food,2024,JA,Y,Hoag,1,Beef Cattle Producer Perspectives on Virtual Fencing,Rangeland Ecology & Management,10.1016/j.rama.2024.06.004,10.1016/j.rama.2024.06.004,rangeland ecology management,2.4,2024,Exact journal-year,https://openalex.org/W4401021950,https://doi.org/10.1016/j.rama.2024.06.004,Beef Cattle Producer Perspectives on Virtual Fencing,2024,2024-07-26,article,17,Rangeland Ecology & Management,1550-7424,Elsevier BV,TRUE,FALSE,7,NA,NA,NA,TRUE,FALSE,Tenured/Tenure Track,Associate Professor,TRUE,25,FALSE,0.25
Mooney,Daniel,Ag and Food,2022,JA,Y,Hoag,1,More Risk More Money: When are Payments for Water Savings from Limited Irrigation Profitable,Water Resources and Economics,10.1016/j.wre.2022.100212,10.1016/j.wre.2022.100212,water resources economics,2.2,2022,Exact journal-year,https://openalex.org/W4308921092,https://doi.org/10.1016/j.wre.2022.100212,"More risk, more money: When are payments for water savings from limited irrigation profitable for farmers?",2022,2022-10-01,article,10,Water Resources and Economics,2212-4284,Elsevier BV,TRUE,FALSE,4,NA,NA,NA,TRUE,FALSE,Tenured/Tenure Track,Associate Professor,TRUE,25,FALSE,0.25
Mooney,Daniel,Ag and Food,2023,JA,Y,Jablonski;Thilmany,1,Producers Marketing a Novel Crop: A Field-Level View of Hemp Market Channels,Renewable Agriculture and Food Systems,10.1017/S1742170523000145,10.1017/s1742170523000145,renewable agriculture food systems,2,2024,Nearest year (2024),https://openalex.org/W4366223024,https://doi.org/10.1017/s1742170523000145,Producers marketing a novel crop: a field-level view of hemp market channels,2023,2023-01-01,article,5,Renewable Agriculture and Food Systems,1742-1705,Cambridge University Press,TRUE,FALSE,10,1,Ming Wang,TRUE,FALSE,FALSE,Tenured/Tenure Track,Associate Professor,TRUE,25,FALSE,0.25
Mooney,Daniel,Ag and Food,2021,JA,Y,NA,0,Evaluation of Biological and Economic Efficiency of the All Heifer No Cow Beef Production System,Journal of Animal Science,10.1093/jas/skaa405,10.1093/jas/skaa405,journal animal science,3.338,2021,Exact journal-year,https://openalex.org/W3116943314,https://doi.org/10.1093/jas/skaa405,"Evaluation of biological and economic efficiency of the All Heifer, No Cow beef production system using a system dynamics model based on 6 yr of demonstration herd data",2020,2020-12-22,article,6,Journal of Animal Science,0021-8812,Oxford University Press,TRUE,FALSE,6,NA,NA,NA,TRUE,TRUE,Tenured/Tenure Track,Associate Professor,TRUE,25,FALSE,0.25
Mooney,Daniel,Ag and Food,2023,JA,N,NA,0,Type and Frequency of Wild Pig-Domestic Livestock Contacts and Operator Concern,Q Open,10.1093/qopen/qoad027,10.1093/qopen/qoad027,q open,2.3,2025,Nearest year (2025),https://openalex.org/W4387648594,https://doi.org/10.1093/qopen/qoad027,Type and frequency of wild pig-domestic livestock contacts and operator concern for disease spread,2023,2023-01-01,article,5,Q Open,2633-9048,Oxford University Press,TRUE,FALSE,3,NA,NA,NA,FALSE,FALSE,Tenured/Tenure Track,Associate Professor,TRUE,25,FALSE,0.25
Mooney,Daniel,Ag and Food,2024,JA,Y,NA,0,Benchmarking Current Pre-Slaughter Management Factors Welfare Indicators and Meat Quality,Translational Animal Science,10.1093/tas/txad150,10.1093/tas/txad150,translational animal science,1.8,2024,Exact journal-year,https://openalex.org/W4390544728,https://doi.org/10.1093/tas/txad150,"Benchmarking current preslaughter management factors, welfare indicators, and meat quality outcomes at commercial fed cattle processing facilities in the United States",2024,2024-01-01,article,6,Translational Animal Science,2573-2102,Oxford University Press,TRUE,FALSE,6,NA,NA,NA,TRUE,FALSE,Tenured/Tenure Track,Associate Professor,TRUE,25,FALSE,0.25
Mooney,Daniel,Ag and Food,2024,JA,Y,NA,0,Pre-Slaughter Factors Affecting Mobility Blood Parameters Bruising and Muscle pH,Translational Animal Science,10.1093/tas/txae035,10.1093/tas/txae035,translational animal science,1.8,2024,Exact journal-year,https://openalex.org/W4392736989,https://doi.org/10.1093/tas/txae035,"Preslaughter factors affecting mobility, blood parameters, bruising, and muscle pH of finished beef cattle in the United States",2024,2024-01-01,article,12,Translational Animal Science,2573-2102,Oxford University Press,TRUE,FALSE,6,NA,NA,NA,TRUE,FALSE,Tenured/Tenure Track,Associate Professor,TRUE,25,FALSE,0.25
Mooney,Daniel,Ag and Food,2024,JA,Y,NA,0,An analysis of preslaughter management factors on welfare and meat quality outcomes,Translational Animal Science,10.1093/tas/txae108,10.1093/tas/txae108,translational animal science,1.8,2024,Exact journal-year,https://openalex.org/W4401040928,https://doi.org/10.1093/tas/txae108,An analysis of the influence of preslaughter management factors on welfare and meat quality outcomes in fed beef cattle in the United States,2024,2024-01-01,article,5,Translational Animal Science,2573-2102,Oxford University Press,TRUE,FALSE,6,NA,NA,NA,TRUE,FALSE,Tenured/Tenure Track,Associate Professor,TRUE,25,FALSE,0.25
Mooney,Daniel,Ag and Food,2025,JA,N,DeLay,1,Externalities in Wild Pig Damages on US Crop and Livestock Farms,PLOS ONE,10.1371/journal.pone.0320316,10.1371/journal.pone.0320316,plos one,2.8,2025,Exact journal-year,https://openalex.org/W4409325059,https://doi.org/10.1371/journal.pone.0320316,Externalities in wild pig damages on U.S. crop and livestock farms: The role of landowner actions and landscape heterogeneity,2025,2025-04-10,article,2,PLoS ONE,1932-6203,Public Library of Science,TRUE,FALSE,4,NA,NA,NA,FALSE,FALSE,Tenured/Tenure Track,Associate Professor,TRUE,25,FALSE,0.25
Mooney,Daniel,Ag and Food,2023,JA,Y,NA,0,Comparative Profitability of Irrigated Cropping Activities for Temporary Water Transfers,Journal of Agricultural and Resource Economics,10.22004/ag.econ.320671,10.22004/ag.econ.320671,journal agricultural resource economics,1.4,2024,Nearest year (2024),NA,NA,NA,NA,NA,NA,NA,NA,NA,NA,NA,NA,NA,NA,NA,NA,TRUE,FALSE,Tenured/Tenure Track,Associate Professor,TRUE,25,FALSE,0.25
Mooney,Daniel,Ag and Food,2024,JA,Y,NA,0,Total Ranch Analysis Colorado (TRAC): A Ranch Benchmarking Program,Journal of the American Society of Farm Managers and Rural Appraisers,10.22004/ag.econ.342913,10.22004/ag.econ.342913,journal american society farm managers rural appraisers,NA,NA,No IF match,NA,NA,NA,NA,NA,NA,NA,NA,NA,NA,NA,NA,NA,NA,NA,NA,TRUE,FALSE,Tenured/Tenure Track,Associate Professor,TRUE,25,FALSE,0.25
Mooney,Daniel,Ag and Food,2025,JA,N,DeLay;Ritten,1,Climate and Consolidation in the US Beef Cow Sector,Journal of Agricultural and Resource Economics,10.22004/ag.econ.344684,10.22004/ag.econ.344684,journal agricultural resource economics,1.3,2025,Exact journal-year,NA,NA,NA,NA,NA,NA,NA,NA,NA,NA,NA,NA,NA,NA,NA,NA,FALSE,FALSE,Tenured/Tenure Track,Associate Professor,TRUE,25,FALSE,0.25
Mooney,Daniel,Ag and Food,2024,JA,N,NA,0,Agricultural Producer Decision Making around Water Conservation in the Upper Colorado River Basin,Choices,10.22004/ag.econ.348009,10.22004/ag.econ.348009,choices,NA,NA,No IF match,NA,NA,NA,NA,NA,NA,NA,NA,NA,NA,NA,NA,NA,NA,NA,NA,FALSE,FALSE,Tenured/Tenure Track,Associate Professor,TRUE,25,FALSE,0.25
Mooney,Daniel,Ag and Food,2024,JA,N,DeLay;Hoag;Ritten,1,Virtual Fencing: Economic and Policy Implications of an Emerging Livestock Technology,Western Economics Forum,10.22004/ag.econ.349293,10.22004/ag.econ.349293,western economics forum,NA,NA,No IF match,NA,NA,NA,NA,NA,NA,NA,NA,NA,NA,NA,NA,NA,NA,NA,NA,FALSE,FALSE,Tenured/Tenure Track,Associate Professor,TRUE,25,FALSE,0.25
Mooney,Daniel,Ag and Food,2025,JA,Y,Seidl,1,Exploring the Potential for Innovative Water Management Strategies to Support Irrigated Farmland Transitions,Western Economics Forum,10.22004/ag.econ.364767,10.22004/ag.econ.364767,western economics forum,NA,NA,No IF match,NA,NA,NA,NA,NA,NA,NA,NA,NA,NA,NA,NA,NA,NA,NA,NA,TRUE,FALSE,Tenured/Tenure Track,Associate Professor,TRUE,25,FALSE,0.25
Mooney,Daniel,Ag and Food,2025,JA,N,NA,0,Hemp Farming and Credit Access in the United States,Journal of Agribusiness,10.22004/ag.econ.387628,10.22004/ag.econ.387628,journal agribusiness,NA,NA,No IF match,https://openalex.org/W7125015489,https://doi.org/10.22004/ag.econ.387628,Hemp Farming and Credit Access in the United States: Developing a Conceptual Framework for Future Research,2022,2022-01-01,article,0,"AgEcon Search (University of Minnesota, USA)",NA,University of Minnesota Rochester,TRUE,FALSE,3,NA,NA,NA,FALSE,TRUE,Tenured/Tenure Track,Associate Professor,TRUE,25,FALSE,0.25
Mooney,Daniel,Ag and Food,2023,JA,Y,NA,0,Developing a Crop Water Production Function for Alfalfa Under Deficit Irrigation,Agriculture,10.3390/agriculture13040831,10.3390/agriculture13040831,agriculture,NA,NA,No IF match,https://openalex.org/W4362614797,https://doi.org/10.3390/agriculture13040831,Developing a Crop Water Production Function for Alfalfa under Deficit Irrigation: A Case Study in Eastern Colorado,2023,2023-04-04,article,8,Agriculture,2077-0472,Multidisciplinary Digital Publishing Institute,TRUE,FALSE,5,NA,NA,NA,TRUE,FALSE,Tenured/Tenure Track,Associate Professor,TRUE,25,FALSE,0.25
Mooney,Daniel,Ag and Food,2022,JA,N,NA,0,Returns to Disease Resistance Research when Pest Management is an Option,Sustainability,10.3390/su14052859,10.3390/su14052859,sustainability,3.9,2022,Exact journal-year,https://openalex.org/W4214897389,https://doi.org/10.3390/su14052859,Returns to Disease Resistance Research When Pest Management Is an Option,2022,2022-03-01,article,7,Sustainability,2071-1050,Multidisciplinary Digital Publishing Institute,TRUE,FALSE,4,NA,NA,NA,FALSE,FALSE,Tenured/Tenure Track,Associate Professor,TRUE,25,FALSE,0.25
Ritten,John,Ag and Food,2024,JA,N,NA,0,The LTAR Grazingland Common Experiment at the Central Plains Experimental Range,Journal of Environmental Quality,10.1002/jeq2.20599,10.1002/jeq2.20599,journal environmental quality,2.3,2024,Exact journal-year,https://openalex.org/W4400869718,https://doi.org/10.1002/jeq2.20599,The LTAR Grazing Land Common Experiment at the Central Plains Experimental Range: Collaborative adaptive rangeland management,2024,2024-07-22,article,11,Journal of Environmental Quality,0047-2425,Wiley,TRUE,FALSE,10,NA,NA,NA,FALSE,FALSE,Continuing,Professor,FALSE,10,FALSE,0.1
Ritten,John,Ag and Food,2025,JA,N,NA,0,Building consensus toward an effective performance indicator framework for sustainable farms,Journal of Environmental Quality,10.1002/jeq2.70051,10.1002/jeq2.70051,journal environmental quality,2.6,2025,Exact journal-year,https://openalex.org/W4411467092,https://doi.org/10.1002/jeq2.70051,Selecting performance indicators for farms and ranches engaged in collaborative agroecosystem research,2025,2025-06-20,article,3,Journal of Environmental Quality,0047-2425,Wiley,TRUE,FALSE,20,NA,NA,NA,FALSE,FALSE,Continuing,Professor,FALSE,10,FALSE,0.1
Ritten,John,Ag and Food,2025,JA,Y,NA,0,Alfalfa Harvest Timing Impacts on Alfalfa Weevil with Agronomic and Economic Contexts,Crop Production,10.1016/j.cropro.2025.107134,10.1016/j.cropro.2025.107134,crop production,NA,NA,No IF match,NA,NA,NA,NA,NA,NA,NA,NA,NA,NA,NA,NA,NA,NA,NA,NA,TRUE,FALSE,Continuing,Professor,FALSE,10,FALSE,0.1
Ritten,John,Ag and Food,2025,JA,N,NA,0,Context is Key to Understand and Improve Livestock Production Systems,Global Food Security,10.1016/j.gfs.2025.100840,10.1016/j.gfs.2025.100840,global food security,NA,NA,No IF match,https://openalex.org/W4408565318,https://doi.org/10.1016/j.gfs.2025.100840,Context is key to understand and improve livestock production systems,2025,2025-03-18,article,27,Global Food Security,2211-9124,Elsevier BV,TRUE,FALSE,20,NA,NA,NA,FALSE,FALSE,Continuing,Professor,FALSE,10,FALSE,0.1
Ritten,John,Ag and Food,2023,JA,N,NA,0,Ranch-Level Economic Benefits of Working Lands Greater Sage-Grouse Conservation Programs,Journal of Environmental Management,10.1016/j.jenvman.2022.116420,10.1016/j.jenvman.2022.116420,journal environmental management,8.4,2024,Nearest year (2024),https://openalex.org/W4315631941,https://doi.org/10.1016/j.jenvman.2022.116420,"Financial barriers and opportunities for conservation adoption on U.S. rangelands: A region-wide, ranch-level economic assessment of NRCS-sponsored Greater Sage-grouse habitat conservation programs",2023,2023-01-11,article,11,Journal of Environmental Management,0301-4797,Elsevier BV,FALSE,FALSE,5,NA,NA,NA,FALSE,FALSE,Continuing,Professor,FALSE,10,FALSE,0.1
Ritten,John,Ag and Food,2021,JA,N,NA,0,Future Climate Variability Will Challenge Rangeland Beef Cattle Production in the Great Plains,Rangelands,10.1016/j.rala.2020.11.001,10.1016/j.rala.2020.11.001,rangelands,NA,NA,No IF match,https://openalex.org/W3115208960,https://doi.org/10.1016/j.rala.2020.11.001,Future climate variability will challenge rangeland beef cattle production in the Great Plains,2020,2020-12-29,article,28,Rangelands,0190-0528,Elsevier BV,TRUE,FALSE,5,NA,NA,NA,FALSE,TRUE,Continuing,Professor,FALSE,10,FALSE,0.1
Ritten,John,Ag and Food,2022,JA,N,NA,0,Social learning lessons from Collaborative Adaptive Rangeland Management,Rangelands,10.1016/j.rala.2021.02.002,10.1016/j.rala.2021.02.002,rangelands,NA,NA,No IF match,https://openalex.org/W3148129500,https://doi.org/10.1016/j.rala.2021.02.002,Social learning lessons from Collaborative Adaptive Rangeland Management,2021,2021-04-02,article,28,Rangelands,0190-0528,Elsevier BV,TRUE,FALSE,9,NA,NA,NA,FALSE,TRUE,Continuing,Professor,FALSE,10,FALSE,0.1
Ritten,John,Ag and Food,2022,JA,N,NA,0,Adaptive Grazing Management in Semiarid Rangelands: An Outcome-driven Focus,Rangelands,10.1016/j.rala.2021.02.004,10.1016/j.rala.2021.02.004,rangelands,NA,NA,No IF match,https://openalex.org/W3143326807,https://doi.org/10.1016/j.rala.2021.02.004,Adaptive grazing management in semiarid rangelands: An outcome-driven focus,2021,2021-04-01,article,30,Rangelands,0190-0528,Elsevier BV,TRUE,FALSE,8,NA,NA,NA,FALSE,TRUE,Continuing,Professor,FALSE,10,FALSE,0.1
Ritten,John,Ag and Food,2022,JA,Y,NA,0,Stocking rate and marketing dates for yearling steers grazing rangelands,Rangelands,10.1016/j.rala.2022.04.002,10.1016/j.rala.2022.04.002,rangelands,NA,NA,No IF match,https://openalex.org/W4281652952,https://doi.org/10.1016/j.rala.2022.04.002,Stocking rate and marketing dates for yearling steers grazing rangelands: Can producers do things differently to increase economic net benefits?,2022,2022-06-03,article,11,Rangelands,0190-0528,Elsevier BV,TRUE,FALSE,9,NA,NA,NA,TRUE,FALSE,Continuing,Professor,FALSE,10,FALSE,0.1
Ritten,John,Ag and Food,2022,JA,N,NA,0,Balancing Ecosystem Service Outcomes at the Ranch-Scale in Shortgrass Steppe,Rangelands,10.1016/j.rala.2022.05.003,10.1016/j.rala.2022.05.003,rangelands,NA,NA,No IF match,https://openalex.org/W4298120606,https://doi.org/10.1016/j.rala.2022.05.003,Balancing ecosystem service outcomes at the ranch-scale in shortgrass steppe: The role of grazing management,2022,2022-09-30,article,10,Rangelands,0190-0528,Elsevier BV,TRUE,FALSE,8,NA,NA,NA,FALSE,FALSE,Continuing,Professor,FALSE,10,FALSE,0.1
Ritten,John,Ag and Food,2025,JA,N,DeLay;Hoag;Mooney,1,The Economic Fundamentals of Virtual Fencing Compared to Traditional Fencing,Rangelands,10.1016/j.rala.2024.05.006,10.1016/j.rala.2024.05.006,rangelands,NA,NA,No IF match,https://openalex.org/W4407209665,https://doi.org/10.1016/j.rala.2024.05.006,The economic fundamentals of virtual fencing compared to traditional fencing,2025,2025-02-01,article,14,Rangelands,0190-0528,Elsevier BV,TRUE,FALSE,8,NA,NA,NA,FALSE,FALSE,Continuing,Professor,FALSE,10,FALSE,0.1
Ritten,John,Ag and Food,2021,JA,Y,NA,0,Multi-decadal Directional Shift in Shortgrass Stocking Rates,Rangeland Ecology & Management,10.1016/j.rama.2020.09.005,10.1016/j.rama.2020.09.005,rangeland ecology management,2.398,2021,Exact journal-year,https://openalex.org/W3094507164,https://doi.org/10.1016/j.rama.2020.09.005,Multidecadal directional shift in shortgrass stocking rates,2020,2020-10-23,article,19,Rangeland Ecology & Management,1550-7424,Elsevier BV,TRUE,FALSE,5,NA,NA,NA,TRUE,TRUE,Continuing,Professor,FALSE,10,FALSE,0.1
Ritten,John,Ag and Food,2021,JA,N,NA,0,Can Collaborative Adaptive Management Improve Cattle Production in Multi-paddock Grazing Systems,Rangeland Ecology & Management,10.1016/j.rama.2020.11.002,10.1016/j.rama.2020.11.002,rangeland ecology management,2.398,2021,Exact journal-year,https://openalex.org/W3111070369,https://doi.org/10.1016/j.rama.2020.11.002,Can Collaborative Adaptive Management Improve Cattle Production in Multipaddock Grazing Systems?,2020,2020-12-18,article,42,Rangeland Ecology & Management,1550-7424,Elsevier BV,TRUE,FALSE,8,NA,NA,NA,FALSE,TRUE,Continuing,Professor,FALSE,10,FALSE,0.1
Ritten,John,Ag and Food,2021,JA,Y,NA,0,Ranch Profitability of Improving Soil Health on Rangelands,Rangeland Ecology & Management,10.1016/j.rama.2021.02.012,10.1016/j.rama.2021.02.012,rangeland ecology management,2.398,2021,Exact journal-year,https://openalex.org/W3157119455,https://doi.org/10.1016/j.rama.2021.02.012,Ranch Profitability of Improving Soil Health on Rangelands,2021,2021-04-27,article,11,Rangeland Ecology & Management,1550-7424,Elsevier BV,FALSE,FALSE,5,NA,NA,NA,TRUE,FALSE,Continuing,Professor,FALSE,10,FALSE,0.1
Ritten,John,Ag and Food,2022,JA,Y,NA,0,Evaluating economic impacts of prairie dog-cattle competition on ranching enterprises,Rangeland Ecology & Management,10.1016/j.rama.2022.09.003,10.1016/j.rama.2022.09.003,rangeland ecology management,2.3,2022,Exact journal-year,https://openalex.org/W4307954858,https://doi.org/10.1016/j.rama.2022.09.003,Evaluating Prairie Dog–Cattle Competition from the Perspective of a Ranching Enterprise in the Western Great Plains: Economic Analysis of Potential Effects on Long-Term Profitability,2022,2022-10-30,article,10,Rangeland Ecology & Management,1550-7424,Elsevier BV,FALSE,FALSE,6,NA,NA,NA,TRUE,FALSE,Continuing,Professor,FALSE,10,FALSE,0.1
Ritten,John,Ag and Food,2024,JA,N,NA,0,Flexible Stocking: Livestock Production and Economic Responses in Mixed-Grass Prairie,Rangeland Ecology & Management,10.1016/j.rama.2024.01.007,10.1016/j.rama.2024.01.007,rangeland ecology management,2.4,2024,Exact journal-year,https://openalex.org/W4391848077,https://doi.org/10.1016/j.rama.2024.01.007,Flexible Stocking: Livestock Production and Economic Responses in Mixed-Grass Prairie,2024,2024-02-15,article,2,Rangeland Ecology & Management,1550-7424,Elsevier BV,TRUE,FALSE,6,NA,NA,NA,FALSE,FALSE,Continuing,Professor,FALSE,10,FALSE,0.1
Ritten,John,Ag and Food,2025,JA,N,NA,0,Does drought intensify effects of black-tailed prairie dog on livestock production,Rangeland Ecology & Management,10.1016/j.rama.2024.04.011,10.1016/j.rama.2024.04.011,rangeland ecology management,2.9,2025,Exact journal-year,https://openalex.org/W4399202799,https://doi.org/10.1016/j.rama.2024.04.011,Does Drought Intensify the Effects of Black-Tailed Prairie Dogs on Livestock Production and Net Revenue in Semiarid Rangelands?,2024,2024-05-31,article,5,Rangeland Ecology & Management,1550-7424,Elsevier BV,FALSE,FALSE,4,NA,NA,NA,FALSE,TRUE,Continuing,Professor,FALSE,10,FALSE,0.1
Ritten,John,Ag and Food,2025,JA,Y,NA,0,US Beef Cattle Inventory Trends with Implications for Land Use and Rangelands,Rangeland Ecology & Management,10.1016/j.rama.2025.01.007,10.1016/j.rama.2025.01.007,rangeland ecology management,2.9,2025,Exact journal-year,https://openalex.org/W4408251596,https://doi.org/10.1016/j.rama.2025.01.007,US Beef Cattle Inventory Trends With Implications for Land Use and Rangelands,2025,2025-03-08,article,4,Rangeland Ecology & Management,1550-7424,Elsevier BV,TRUE,FALSE,4,NA,NA,NA,TRUE,FALSE,Continuing,Professor,FALSE,10,FALSE,0.1
Ritten,John,Ag and Food,2025,JA,N,NA,0,Does Initial Body Size Influence Weight Gain of Stocker Steers,Rangeland Ecology & Management,10.1016/j.rama.2025.08.009,10.1016/j.rama.2025.08.009,rangeland ecology management,2.9,2025,Exact journal-year,https://openalex.org/W4414414261,https://doi.org/10.1016/j.rama.2025.08.009,Does Initial Body Size Influence Weight Gain of Stocker Steers During the Growing Season in Semiarid Western Great Plains Rangeland?,2025,2025-09-23,article,0,Rangeland Ecology & Management,1550-7424,Elsevier BV,TRUE,FALSE,5,NA,NA,NA,FALSE,FALSE,Continuing,Professor,FALSE,10,FALSE,0.1
Ritten,John,Ag and Food,2025,JA,N,Enns,1,Steer Growth Performance and Enteric Gas Flux Across Backgrounding Phases,Rangeland Ecology & Management,10.1016/j.rama.2025.08.010,10.1016/j.rama.2025.08.010,rangeland ecology management,2.9,2025,Exact journal-year,https://openalex.org/W4414479085,https://doi.org/10.1016/j.rama.2025.08.010,Steer Growth Performance and Enteric Gas Flux Across Backgrounding Phases in the Western Great Plains,2025,2025-09-24,article,1,Rangeland Ecology & Management,1550-7424,Elsevier BV,TRUE,FALSE,13,NA,NA,NA,FALSE,FALSE,Continuing,Professor,FALSE,10,FALSE,0.1
Ritten,John,Ag and Food,2026,JA,NA,NA,0,Unravelling the Influence of Adaptive Grazing Management with Multiple Paddocks on Cattle Production in Semiarid Rangeland,Rangeland Ecology & Management,10.1016/j.rama.2026.03.004,10.1016/j.rama.2026.03.004,rangeland ecology management,2.9,2025,Nearest year (2025),https://openalex.org/W7155510746,https://doi.org/10.1016/j.rama.2026.03.004,Unravelling the Influence of Adaptive Grazing Management with Multiple Paddocks on Cattle Production in Semiarid Rangeland,2026,2026-04-24,article,0,Rangeland Ecology & Management,1550-7424,Elsevier BV,TRUE,FALSE,8,NA,NA,NA,NA,FALSE,Continuing,Professor,FALSE,10,FALSE,0.1
Ritten,John,Ag and Food,2026,JA,NA,NA,0,"Adaptive, Multipaddock Grazing Management Increased C3 and Reduced C4 Graminoids Without Changing Total Forage Production in Shortgrass Steppe",Rangeland Ecology & Management,10.1016/j.rama.2026.04.003,10.1016/j.rama.2026.04.003,rangeland ecology management,2.9,2025,Nearest year (2025),https://openalex.org/W7162435065,https://doi.org/10.1016/j.rama.2026.04.003,"Adaptive, Multipaddock Grazing Management Increased C3 and Reduced C4 Graminoids Without Changing Total Forage Production in Shortgrass Steppe",2026,2026-05-26,article,0,Rangeland Ecology & Management,1550-7424,Elsevier BV,TRUE,FALSE,7,NA,NA,NA,NA,FALSE,Continuing,Professor,FALSE,10,FALSE,0.1
Ritten,John,Ag and Food,2026,JA,NA,NA,0,Nutrient Runoff From North American Grasslands,Rangeland Ecology & Management,10.1016/j.rama.2026.05.006,10.1016/j.rama.2026.05.006,rangeland ecology management,2.9,2025,Nearest year (2025),https://openalex.org/W7166506521,https://doi.org/10.1016/j.rama.2026.05.006,Nutrient Runoff From North American Grasslands,2026,2026-06-29,article,0,Rangeland Ecology & Management,1550-7424,Elsevier BV,TRUE,FALSE,10,NA,NA,NA,NA,FALSE,Continuing,Professor,FALSE,10,FALSE,0.1
Ritten,John,Ag and Food,2022,JA,Y,NA,0,Effects of Feed Efficiency and Diet on Performance and Carcass Characteristics in Growing Wether Lambs,Small Ruminant Research,10.1016/j.smallrumres.2021.106611,10.1016/j.smallrumres.2021.106611,small ruminant research,1.8,2022,Exact journal-year,https://openalex.org/W4205369369,https://doi.org/10.1016/j.smallrumres.2021.106611,Effects of feed efficiency and diet on performance and carcass characteristics in growing wether lambs,2022,2022-01-04,article,20,Small Ruminant Research,0921-4488,Elsevier BV,TRUE,FALSE,7,NA,NA,NA,TRUE,FALSE,Continuing,Professor,FALSE,10,FALSE,0.1
Ritten,John,Ag and Food,2023,JA,Y,NA,0,A ranching economic analysis of ventenata control in northeast Wyoming,Invasive Plant Science and Management,10.1017/inp.2023.8,10.1017/inp.2023.8,invasive plant science management,1.2,2024,Nearest year (2024),https://openalex.org/W4322500407,https://doi.org/10.1017/inp.2023.8,A ranching economic analysis of ventenata (<i>Ventenata dubia</i>) control in northeast Wyoming,2023,2023-02-27,article,4,Invasive Plant Science and Management,1939-7291,Cambridge University Press,TRUE,FALSE,3,NA,NA,NA,TRUE,FALSE,Continuing,Professor,FALSE,10,FALSE,0.1
Ritten,John,Ag and Food,2025,JA,N,NA,0,Examining climate benefits from rangeland and pasture management practices,Sustainable Agriculture,10.1038/s44264-025-00105-w,10.1038/s44264-025-00105-w,sustainable agriculture,NA,NA,No IF match,https://openalex.org/W4416850448,https://doi.org/10.1038/s44264-025-00105-w,"Examining climate benefits from rangeland and pasture management practices in the United States: opportunities, tradeoffs, and information gaps",2025,2025-12-01,article,1,npj Sustainable Agriculture,2731-9202,NA,TRUE,FALSE,11,NA,NA,NA,FALSE,FALSE,Continuing,Professor,FALSE,10,FALSE,0.1
Ritten,John,Ag and Food,2024,JA,N,NA,0,Net Zero Initiative in US Beef and Dairy Systems,Environmental Research Communications,10.1088/2515-7620/ad82b5,10.1088/2515-7620/ad82b5,environmental research communications,2.9,2024,Exact journal-year,https://openalex.org/W4403054836,https://doi.org/10.1088/2515-7620/ad82b5,Net zero initiative in U.S. beef and dairy systems: integrative on-farm recommendations for greenhouse gas reduction,2024,2024-10-01,article,4,Environmental Research Communications,2515-7620,IOP Publishing,TRUE,FALSE,13,NA,NA,NA,FALSE,FALSE,Continuing,Professor,FALSE,10,FALSE,0.1
Ritten,John,Ag and Food,2021,JA,N,NA,0,Current State of Enteric Methane and the Carbon Footprint of Beef and Dairy Cattle,Animal Frontiers,10.1093/af/vfab043,10.1093/af/vfab043,animal frontiers,6.762,2021,Exact journal-year,https://openalex.org/W3198747053,https://doi.org/10.1093/af/vfab043,Current state of enteric methane and the carbon footprint of beef and dairy cattle in the United States,2021,2021-07-01,article,37,Animal Frontiers,2160-6056,Oxford University Press,TRUE,FALSE,14,NA,NA,NA,FALSE,FALSE,Continuing,Professor,FALSE,10,FALSE,0.1
Ritten,John,Ag and Food,2025,JA,N,Hoag,1,Transdisciplinary research priorities for a One Health approach to human-wildlife coexistence,BioScience,10.1093/biosci/biaf026,10.1093/biosci/biaf026,bioscience,9.5,2025,Exact journal-year,https://openalex.org/W4410577500,https://doi.org/10.1093/biosci/biaf026,Transdisciplinary research priorities for a One Health approach to human–wildlife coexistence,2025,2025-05-21,article,4,BioScience,0006-3568,Oxford University Press,TRUE,FALSE,23,NA,NA,NA,FALSE,FALSE,Continuing,Professor,FALSE,10,FALSE,0.1
Ritten,John,Ag and Food,2025,JA,N,Enns,1,Evaluation of cattle sub-species and growth-promoting technology on growth performance,Journal of Animal Science,10.1093/jas/skaf322,10.1093/jas/skaf322,journal animal science,3.7,2025,Exact journal-year,https://openalex.org/W4414471519,https://doi.org/10.1093/jas/skaf322,"Evaluation of cattle sub-species and growth-promoting technology on growth performance, carcass characteristics, and gas flux of steers finished in summer feedlot conditions",2025,2025-01-01,article,0,Journal of Animal Science,0021-8812,Oxford University Press,TRUE,FALSE,13,NA,NA,NA,FALSE,FALSE,Continuing,Professor,FALSE,10,FALSE,0.1
Ritten,John,Ag and Food,2025,JA,NA,NA,0,"Evaluation of cattle sub-species and growth-promoting technology on growth performance, carcass characteristics, and enteric gas flux of steers finished in winter feedlot conditions",Journal of Animal Science,10.1093/jas/skaf448,10.1093/jas/skaf448,journal animal science,3.7,2025,Exact journal-year,https://openalex.org/W7117544177,https://doi.org/10.1093/jas/skaf448,"Evaluation of cattle sub-species and growth-promoting technology on growth performance, carcass characteristics, and enteric gas flux of steers finished in winter feedlot conditions",2025,2025-12-27,article,1,Journal of Animal Science,0021-8812,Oxford University Press,TRUE,FALSE,14,NA,NA,NA,NA,FALSE,Continuing,Professor,FALSE,10,FALSE,0.1
Ritten,John,Ag and Food,2026,JA,NA,NA,0,"Effects of growth hormone implants on animal growth performance, feed intake, carcass characteristics, feeding behavior, gas flux emissions, and relative profitability of finishing Angus steers",Translational Animal Science,10.1093/tas/txag072,10.1093/tas/txag072,translational animal science,1.9,2025,Nearest year (2025),https://openalex.org/W7162752579,https://doi.org/10.1093/tas/txag072,"Effects of growth hormone implants on animal growth performance, feed intake, carcass characteristics, feeding behavior, gas flux emissions, and relative profitability of finishing Angus steers",2026,2026-01-01,article,0,Translational Animal Science,2573-2102,Oxford University Press,TRUE,FALSE,12,NA,NA,NA,NA,FALSE,Continuing,Professor,FALSE,10,FALSE,0.1
Ritten,John,Ag and Food,2022,JA,Y,NA,0,Effects of Harvest Season on Carcass Characteristics of Lambs Harvested in the Intermountain West,Applied Animal Science,10.15232/aas.2022-02322,10.15232/aas.2022-02322,applied animal science,1.5,2024,Nearest year (2024),https://openalex.org/W4296713815,https://doi.org/10.15232/aas.2022-02322,Effects of harvest season on carcass characteristics of lambs in the Intermountain West,2022,2022-09-21,article,3,Applied Animal Science,2590-2865,Elsevier BV,FALSE,FALSE,8,NA,NA,NA,TRUE,FALSE,Continuing,Professor,FALSE,10,FALSE,0.1
Ritten,John,Ag and Food,2025,JA,N,DeLay;Mooney,1,Climate and Consolidation in the US Beef Cow Sector,Journal of Agricultural and Resource Economics,10.22004/ag.econ.344684,10.22004/ag.econ.344684,journal agricultural resource economics,1.3,2025,Exact journal-year,NA,NA,NA,NA,NA,NA,NA,NA,NA,NA,NA,NA,NA,NA,NA,NA,FALSE,FALSE,Continuing,Professor,FALSE,10,FALSE,0.1
Ritten,John,Ag and Food,2024,JA,U,DeLay;Hoag;Mooney,1,Virtual Fencing: Economic and Policy Implications of an Emerging Livestock Technology,Western Economics Forum,10.22004/ag.econ.349293,10.22004/ag.econ.349293,western economics forum,NA,NA,No IF match,NA,NA,NA,NA,NA,NA,NA,NA,NA,NA,NA,NA,NA,NA,NA,NA,FALSE,FALSE,Continuing,Professor,FALSE,10,FALSE,0.1
Ritten,John,Ag and Food,2025,JA,N,NA,0,Identifying a Path Forward: Evaluating Ranch Socio-Economic Sustainability,Western Economics Forum,10.22004/ag.econ.364766,10.22004/ag.econ.364766,western economics forum,NA,NA,No IF match,NA,NA,NA,NA,NA,NA,NA,NA,NA,NA,NA,NA,NA,NA,NA,NA,FALSE,FALSE,Continuing,Professor,FALSE,10,FALSE,0.1
Ritten,John,Ag and Food,2025,JA,Y,NA,0,Labor Changes in the US Beef Industry Magnify Challenges with Succession,Western Economics Forum,10.22004/ag.econ.364770,10.22004/ag.econ.364770,western economics forum,NA,NA,No IF match,NA,NA,NA,NA,NA,NA,NA,NA,NA,NA,NA,NA,NA,NA,NA,NA,TRUE,FALSE,Continuing,Professor,FALSE,10,FALSE,0.1
Ritten,John,Ag and Food,2026,JA,NA,NA,0,From data to decisions: the potential of real-time precision technologies to enhance adaptive grazing management for livestock ranchers,African Journal of Range & Forage Science,10.2989/10220119.2025.2585814,10.2989/10220119.2025.2585814,african journal range forage science,1.6,2025,Nearest year (2025),https://openalex.org/W7134037685,https://doi.org/10.2989/10220119.2025.2585814,From data to decisions: the potential of real-time precision technologies to enhance adaptive grazing management for livestock ranchers,2026,2026-01-02,article,1,African Journal of Range and Forage Science,1022-0119,Taylor & Francis,FALSE,FALSE,11,NA,NA,NA,NA,FALSE,Continuing,Professor,FALSE,10,FALSE,0.1
Ritten,John,Ag and Food,2025,JA,N,DeLay,1,Incorporating Virtual Fencing to Manage Yearling Steers on Extensive Rangelands,Frontiers in Veterinary Science,10.3389/fvets.2025.1637190,10.3389/fvets.2025.1637190,frontiers in veterinary science,3.1,2025,Exact journal-year,https://openalex.org/W4414087324,https://doi.org/10.3389/fvets.2025.1637190,"Incorporating virtual fencing to manage yearling steers on extensive rangelands: spatial behavior, growth performance, and enteric methane emissions",2025,2025-09-10,article,1,Frontiers in Veterinary Science,2297-1769,Frontiers Media,TRUE,FALSE,12,NA,NA,NA,FALSE,FALSE,Continuing,Professor,FALSE,10,FALSE,0.1
Ritten,John,Ag and Food,2024,JA,Y,NA,0,Feasibility of Integrating Cover Crops into Irrigated Barley,Journal of the American Society of Farm Managers and Rural Appraisers,nodoi,NA,journal american society farm managers rural appraisers,NA,NA,No IF match,NA,NA,NA,NA,NA,NA,NA,NA,NA,NA,NA,NA,NA,NA,NA,NA,TRUE,FALSE,Continuing,Professor,FALSE,10,FALSE,0.1
Ritten,John,Ag and Food,2022,JA,Y,NA,0,Farm-Level Economics of Bioenergy in the Upper Missouri River Basin,Journal of the American Society of Farm Managers and Rural Appraisers,nodoi,NA,journal american society farm managers rural appraisers,NA,NA,No IF match,NA,NA,NA,NA,NA,NA,NA,NA,NA,NA,NA,NA,NA,NA,NA,NA,TRUE,FALSE,Continuing,Professor,FALSE,10,FALSE,0.1
Seidl,Andrew,ENRE,2021,JA,N,NA,0,Finance for Nature: Bridging the blue-green investment gap,Ecosystem Services,10.1016/j.ecoser.2021.101351,10.1016/j.ecoser.2021.101351,ecosystem services,6.91,2021,Exact journal-year,https://openalex.org/W3193367627,https://doi.org/10.1016/j.ecoser.2021.101351,Finance for nature: Bridging the blue-green investment gap to inform the post-2020 global biodiversity framework,2021,2021-08-14,article,6,Ecosystem Services,2212-0416,Elsevier BV,FALSE,FALSE,2,NA,NA,NA,FALSE,FALSE,Tenured/Tenure Track,Professor,TRUE,15,FALSE,0.15
Seidl,Andrew,ENRE,2024,JA,N,NA,0,Investing in the wealth of nature through biodiversity and ecosystem services finance solutions,Ecosystem Services,10.1016/j.ecoser.2024.101601,10.1016/j.ecoser.2024.101601,ecosystem services,6.6,2024,Exact journal-year,https://openalex.org/W4391517522,https://doi.org/10.1016/j.ecoser.2024.101601,Investing in the wealth of nature through biodiversity and ecosystem service finance solutions,2024,2024-02-03,article,54,Ecosystem Services,2212-0416,Elsevier BV,FALSE,FALSE,5,NA,NA,NA,FALSE,FALSE,Tenured/Tenure Track,Professor,TRUE,15,FALSE,0.15
Seidl,Andrew,ENRE,2023,JA,N,NA,0,Crowdfunding marine and coastal parks and protected areas,Ocean & Coastal Management,10.1016/j.ocecoaman.2023.106726,10.1016/j.ocecoaman.2023.106726,ocean coastal management,NA,NA,No IF match,https://openalex.org/W4383032658,https://doi.org/10.1016/j.ocecoaman.2023.106726,Crowdfunding marine and coastal protected areas: Reducing the revenue gap and financial vulnerabilities revealed by COVID-19,2023,2023-07-03,article,10,Ocean & Coastal Management,0964-5691,Elsevier BV,FALSE,FALSE,11,1,Kelly Wallace,FALSE,TRUE,FALSE,Tenured/Tenure Track,Professor,TRUE,15,FALSE,0.15
Seidl,Andrew,ENRE,2021,JA,N,NA,0,The effectiveness of national biodiversity investments to protect the wealth of nature,Nature Ecology and Evolution,10.1038/s41559-020-01372-1,10.1038/s41559-020-01372-1,nature ecology evolution,19.1,2021,Exact journal-year,https://openalex.org/W3122428385,https://doi.org/10.1038/s41559-020-01372-1,The effectiveness of national biodiversity investments to protect the wealth of nature,2021,2021-01-18,article,47,Nature Ecology & Evolution,2397-334X,Nature Portfolio,FALSE,FALSE,5,1,Kelvin Mulungu,FALSE,TRUE,FALSE,Tenured/Tenure Track,Professor,TRUE,15,FALSE,0.15
Seidl,Andrew,ENRE,2023,JA,N,NA,0,Essential planetary health workers: Positioning rangers within global policy,Conservation Letters,10.1111/conl.12955,10.1111/conl.12955,conservation letters,5.9,2024,Nearest year (2024),https://openalex.org/W4384342652,https://doi.org/10.1111/conl.12955,Essential planetary health workers: Positioning rangers within global policy,2023,2023-07-01,article,22,Conservation Letters,1755-263X,Wiley,TRUE,FALSE,15,NA,NA,NA,FALSE,FALSE,Tenured/Tenure Track,Professor,TRUE,15,FALSE,0.15
Seidl,Andrew,ENRE,2024,JA,N,NA,0,Cost-benefit analysis as a decision tool for conservation planning: Nyerere-Selous-Udzungwa Corridor,Conservation Science and Practice,10.1111/csp2.13273,10.1111/csp2.13273,conservation science practice,2.8,2024,Exact journal-year,https://openalex.org/W4404445485,https://doi.org/10.1111/csp2.13273,Cost–benefit analysis as a decision tool for effective conservation planning—The case of the Nyerere Selous‐Udzungwa wildlife corridor in Tanzania,2024,2024-11-15,article,2,Conservation Science and Practice,2578-4854,Society for Conservation Biology,TRUE,FALSE,9,NA,NA,NA,FALSE,FALSE,Tenured/Tenure Track,Professor,TRUE,15,FALSE,0.15
Seidl,Andrew,ENRE,2025,JA,U,Mooney,1,Exploring the Potential for Innovative Water Management Strategies to Support Irrigated Farmland Transitions,Western Economics Forum,10.22004/ag.econ.364767,10.22004/ag.econ.364767,western economics forum,NA,NA,No IF match,NA,NA,NA,NA,NA,NA,NA,NA,NA,NA,NA,NA,NA,NA,NA,NA,FALSE,FALSE,Tenured/Tenure Track,Professor,TRUE,15,FALSE,0.15
Seidl,Andrew,ENRE,2021,JA,N,NA,0,Building sustainable financing for resilient protected and conserved areas,PARKS,10.2305/IUCN.CH.2021.PARKS-27-SITC.en,10.2305/iucn.ch.2021.parks-27-sitc.en,parks,NA,NA,No IF match,https://openalex.org/W3137015242,https://doi.org/10.2305/iucn.ch.2021.parks-27-sitc.en,Building sustainable finance for resilient protected and conserved areas: lessons from COVID-19,2021,2021-03-11,article,35,PARKS,0960-233X,World Commission on Protected Areas,TRUE,FALSE,7,NA,NA,NA,FALSE,FALSE,Tenured/Tenure Track,Professor,TRUE,15,FALSE,0.15
Suter,Jordan,ENRE,2023,JA,N,NA,0,"Seasons, Stress, Salience, and Support for Cooperative Groundwater Management",Journal of the Agricultural and Applied Economics Association,10.1002/jaa2.78,10.1002/jaa2.78,journal agricultural applied economics association,1.8,2025,Nearest year (2025),https://openalex.org/W4386031430,https://doi.org/10.1002/jaa2.78,"Seasons, stress, salience, and support for cooperative groundwater management",2023,2023-08-21,article,2,Journal of the Agricultural and Applied Economics Association,2769-2485,Wiley,TRUE,FALSE,3,NA,NA,NA,FALSE,FALSE,Tenured/Tenure Track,Professor,TRUE,50,FALSE,0.5
Suter,Jordan,ENRE,2021,JA,U,Goemans;Manning,1,Changing climate changing minds? Effects of natural disasters on public perceptions,Climatic Change,10.1007/s10584-022-03441-9,10.1007/s10584-022-03441-9,climatic change,5.174,2021,Exact journal-year,https://openalex.org/W4298000409,https://doi.org/10.1007/s10584-022-03441-9,"Correction to: Changing climate, changing minds? The effects of natural disasters on public perceptions of climate change",2022,2022-09-01,erratum,2,Climatic Change,0165-0009,Springer Science+Business Media,TRUE,FALSE,5,NA,NA,NA,FALSE,TRUE,Tenured/Tenure Track,Professor,TRUE,50,FALSE,0.5
Suter,Jordan,ENRE,2022,JA,U,NA,0,Lottery Incentives and Resource Management: Evidence from AgDRIP,Environmental and Resource Economics,10.1007/s10640-022-00690-1,10.1007/s10640-022-00690-1,environmental resource economics,4.955,2021,Nearest year (2021),https://openalex.org/W4283699050,https://doi.org/10.1007/s10640-022-00690-1,Lottery Incentives and Resource Management: Evidence from the Agricultural Data Reporting Incentive Program (AgDRIP),2022,2022-06-28,article,3,Environmental and Resource Economics,0924-6460,Springer Science+Business Media,FALSE,FALSE,7,NA,NA,NA,FALSE,FALSE,Tenured/Tenure Track,Professor,TRUE,50,FALSE,0.5
Suter,Jordan,ENRE,2021,JA,U,NA,0,Sociodemographic variations in indoor environmental quality and student performance,Building and Environment,10.1016/j.buildenv.2021.108390,10.1016/j.buildenv.2021.108390,building environment,7.093,2021,Exact journal-year,https://openalex.org/W3203151447,https://doi.org/10.1016/j.buildenv.2021.108390,Sociodemographic variations in the association between indoor environmental quality in school buildings and student performance,2021,2021-09-22,article,18,Building and Environment,0360-1323,Elsevier BV,FALSE,FALSE,8,NA,NA,NA,FALSE,FALSE,Tenured/Tenure Track,Professor,TRUE,50,FALSE,0.5
Suter,Jordan,ENRE,2024,JA,U,NA,0,Measuring changes in pork demand and welfare effects of African swine fever,Food Policy,10.1016/j.foodpol.2024.102672,10.1016/j.foodpol.2024.102672,food policy,6,2024,Exact journal-year,https://openalex.org/W4400314702,https://doi.org/10.1016/j.foodpol.2024.102672,"Measuring changes in pork demand, welfare effects, and the role of information sources in the event of an African swine fever outbreak in the United States",2024,2024-07-01,article,11,Food Policy,0306-9192,Elsevier BV,FALSE,FALSE,3,1,Pratyoosh Kashyap,TRUE,FALSE,FALSE,Tenured/Tenure Track,Professor,TRUE,50,FALSE,0.5
Suter,Jordan,ENRE,2022,JA,U,NA,0,Experimental Evidence of Common Pool Resource Use in the Presence of Uncertainty,Journal of Economic Behavior and Organization,10.1016/j.jebo.2021.12.012,10.1016/j.jebo.2021.12.012,journal economic behavior organization,2.3,2024,Nearest year (2024),https://openalex.org/W4200145669,https://doi.org/10.1016/j.jebo.2021.12.012,Experimental evidence of common pool resource use in the presence of uncertainty,2021,2021-12-29,article,22,Journal of Economic Behavior & Organization,0167-2681,Elsevier BV,FALSE,FALSE,3,NA,NA,NA,FALSE,TRUE,Tenured/Tenure Track,Professor,TRUE,50,FALSE,0.5
Suter,Jordan,ENRE,2023,JA,N,NA,0,Camping in Clearcuts: Impacts of Timber Harvesting on USFS Campground Utilization,Journal of Outdoor Recreation and Tourism,10.1016/j.jort.2023.100690,10.1016/j.jort.2023.100690,journal outdoor recreation tourism,4.9,2025,Nearest year (2025),https://openalex.org/W4387150601,https://doi.org/10.1016/j.jort.2023.100690,Camping in clearcuts: The impacts of timber harvesting on USFS campground utilization,2023,2023-09-28,article,5,Journal of Outdoor Recreation and Tourism,2213-0780,Elsevier BV,TRUE,FALSE,3,1,Kelly Wallace,FALSE,TRUE,FALSE,Tenured/Tenure Track,Professor,TRUE,50,FALSE,0.5
Suter,Jordan,ENRE,2021,JA,U,Goemans;Manning,1,Groundwater Depletion Climate and the Incremental Value of Groundwater,Resource and Energy Economics,10.1016/j.reseneeco.2019.101143,10.1016/j.reseneeco.2019.101143,resource energy economics,3.553,2021,Exact journal-year,https://openalex.org/W2994849090,https://doi.org/10.1016/j.reseneeco.2019.101143,"Depletion, climate, and the incremental value of groundwater",2019,2019-12-20,article,32,Resource and Energy Economics,0928-7655,Elsevier BV,FALSE,FALSE,5,NA,NA,NA,FALSE,TRUE,Tenured/Tenure Track,Professor,TRUE,50,FALSE,0.5
Suter,Jordan,ENRE,2021,JA,U,Goemans;Manning,1,Depletion climate and the incremental value of groundwater,Resource and Energy Economics,10.1016/j.reseneeco.2021.101143,10.1016/j.reseneeco.2021.101143,resource energy economics,3.553,2021,Exact journal-year,NA,NA,NA,NA,NA,NA,NA,NA,NA,NA,NA,NA,NA,NA,NA,NA,FALSE,FALSE,Tenured/Tenure Track,Professor,TRUE,50,FALSE,0.5
Suter,Jordan,ENRE,2025,JA,Y,Burkhardt,1,Characterizing community water systems exposed to wildfire in the Western US,Science of the Total Environment,10.1016/j.scitotenv.2025.179814,10.1016/j.scitotenv.2025.179814,science total environment,8,2024,Nearest year (2024),https://openalex.org/W4411225024,https://doi.org/10.1016/j.scitotenv.2025.179814,Characterizing community water systems exposed to wildfire in the Western U.S.,2025,2025-06-12,article,0,The Science of The Total Environment,0048-9697,Elsevier BV,FALSE,FALSE,7,NA,NA,NA,TRUE,FALSE,Tenured/Tenure Track,Professor,TRUE,50,FALSE,0.5
Suter,Jordan,ENRE,2025,JA,N,NA,0,Time pressure and motivated delay effects on sanctioning in a social dilemma,Journal of Behavioral and Experimental Economics,10.1016/j.socec.2025.102403,10.1016/j.socec.2025.102403,journal behavioral experimental economics,1.5,2025,Exact journal-year,https://openalex.org/W4412450665,https://doi.org/10.1016/j.socec.2025.102403,Time pressure and motivated delay effects on sanctioning in a social dilemma: Experimental evidence,2025,2025-07-15,article,0,Journal of Behavioral and Experimental Economics,2214-8043,Elsevier BV,TRUE,FALSE,2,NA,NA,NA,FALSE,FALSE,Tenured/Tenure Track,Professor,TRUE,50,FALSE,0.5
Suter,Jordan,ENRE,2025,JA,Y,NA,0,The unaccounted costs of slash pile burning,Trees Forests and People,10.1016/j.tfp.2025.101081,10.1016/j.tfp.2025.101081,trees forests people,3.6,2025,Exact journal-year,https://openalex.org/W4416373336,https://doi.org/10.1016/j.tfp.2025.101081,"The unaccounted costs of slash pile burning: Carbon emissions and PM2.5 exposure in central Oregon, USA",2025,2025-11-19,article,1,Trees Forests and People,2666-7193,Elsevier BV,TRUE,FALSE,3,NA,NA,NA,TRUE,FALSE,Tenured/Tenure Track,Professor,TRUE,50,FALSE,0.5
Suter,Jordan,ENRE,2025,JA,U,NA,0,Water scarcity compounds negative effects of salinity on irrigated agriculture,Water Resources Research,10.1029/2024wr038504,10.1029/2024wr038504,water resources research,6.3,2025,Exact journal-year,https://openalex.org/W4415701601,https://doi.org/10.1029/2024wr038504,Water Scarcity Compounds the Negative Effects of Salinity on Irrigated Agriculture,2025,2025-10-30,article,0,Water Resources Research,0043-1397,Wiley,TRUE,FALSE,6,NA,NA,NA,FALSE,FALSE,Tenured/Tenure Track,Professor,TRUE,50,FALSE,0.5
Suter,Jordan,ENRE,2026,JA,NA,NA,0,Groundwater management amidst a changing climate: A more severe climate could decrease the value of groundwater conservation,Water Resources Research,10.1029/2025WR040427,10.1029/2025wr040427,water resources research,6.3,2025,Nearest year (2025),https://openalex.org/W7162135996,https://doi.org/10.1029/2025wr040427,Groundwater Management Amidst a Changing Climate: A More Severe Climate Could Decrease the Value of Groundwater Conservation,2026,2026-05-01,article,0,Water Resources Research,0043-1397,Wiley,TRUE,FALSE,9,NA,NA,NA,NA,FALSE,Tenured/Tenure Track,Professor,TRUE,50,FALSE,0.5
Suter,Jordan,ENRE,2021,JA,N,Goemans;Manning,1,Policy Leakage or Policy Benefit? Spatial Spillovers from Conservation Policies,Journal of the Association of Environmental and Resource Economists,10.1086/714148,10.1086/714148,journal association environmental resource economists,3.2,2024,Nearest year (2024),https://openalex.org/W3027908917,https://doi.org/10.1086/714148,Policy Leakage or Policy Benefit? Spatial Spillovers from Conservation Policies in Common Property Resources,2021,2021-03-02,article,4,Journal of the Association of Environmental and Resource Economists,2333-5955,University of Chicago Press,FALSE,FALSE,4,NA,NA,NA,FALSE,FALSE,Tenured/Tenure Track,Professor,TRUE,50,FALSE,0.5
Suter,Jordan,ENRE,2025,JA,Y,Bayham;Goemans;Manning,1,Inland flooding in the United States: a review,Environmental Research Letters,10.1088/1748-9326/add35e,10.1088/1748-9326/add35e,environmental research letters,5.4,2025,Exact journal-year,https://openalex.org/W4410022855,https://doi.org/10.1088/1748-9326/add35e,"Inland flooding in the United States: a review of research related to risk management, economic behavior, and data resources",2025,2025-05-02,article,1,Environmental Research Letters,1748-9326,IOP Publishing,TRUE,FALSE,5,1,Diellza Muriqi,TRUE,FALSE,FALSE,Tenured/Tenure Track,Professor,TRUE,50,FALSE,0.5
Suter,Jordan,ENRE,2022,JA,N,Goemans;Manning,1,Impacts of Block-Rate Energy Pricing on Groundwater Demand in Irrigated Agriculture,American Journal of Agricultural Economics,10.1111/ajae.12231,10.1111/ajae.12231,american journal agricultural economics,4.2,2022,Exact journal-year,https://openalex.org/W3165941821,https://doi.org/10.1111/ajae.12231,Impacts of<scp>Block‐Rate</scp>Energy Pricing on Groundwater Demand in Irrigated Agriculture,2021,2021-05-31,article,11,American Journal of Agricultural Economics,0002-9092,Wiley,FALSE,FALSE,4,NA,NA,NA,FALSE,TRUE,Tenured/Tenure Track,Professor,TRUE,50,FALSE,0.5
Suter,Jordan,ENRE,2024,JA,N,NA,0,Social Comparisons and Groundwater Use: Evidence from Colorado and Kansas,American Journal of Agricultural Economics,10.1111/ajae.12415,10.1111/ajae.12415,american journal agricultural economics,3.3,2024,Exact journal-year,https://openalex.org/W4381852009,https://doi.org/10.1111/ajae.12415,Social comparisons and groundwater use: Evidence from <scp>Colorado</scp> and <scp>Kansas</scp>,2023,2023-06-22,article,13,American Journal of Agricultural Economics,0002-9092,Wiley,TRUE,FALSE,4,NA,NA,NA,FALSE,TRUE,Tenured/Tenure Track,Professor,TRUE,50,FALSE,0.5
Suter,Jordan,ENRE,2025,JA,U,Goemans;Manning,1,Abatement subsidies for groundwater conservation,American Journal of Agricultural Economics,10.1111/ajae.70021,10.1111/ajae.70021,american journal agricultural economics,4.9,2025,Exact journal-year,https://openalex.org/W4415487719,https://doi.org/10.1111/ajae.70021,Abatement subsidies for groundwater conservation,2025,2025-10-23,article,1,American Journal of Agricultural Economics,0002-9092,Wiley,TRUE,FALSE,4,NA,NA,NA,FALSE,FALSE,Tenured/Tenure Track,Professor,TRUE,50,FALSE,0.5
Suter,Jordan,ENRE,2022,JA,Y,NA,0,Summer Crowds: USFS Campground Reservations During the COVID-19 Pandemic,PLOS ONE,10.1371/journal.pone.0261833,10.1371/journal.pone.0261833,plos one,3.7,2022,Exact journal-year,https://openalex.org/W4206111445,https://doi.org/10.1371/journal.pone.0261833,Summer crowds: An analysis of USFS campground reservations during the COVID-19 pandemic,2022,2022-01-12,article,10,PLoS ONE,1932-6203,Public Library of Science,TRUE,FALSE,3,1,Mostafa Shartaj,TRUE,FALSE,FALSE,Tenured/Tenure Track,Professor,TRUE,50,FALSE,0.5
Suter,Jordan,ENRE,2023,JA,N,Bayham,1,Reductions in National Forest Campground Reservation Demand from Wildfire,Journal of Agricultural and Resource Economics,10.22004/ag.econ.322851,10.22004/ag.econ.322851,journal agricultural resource economics,1.4,2024,Nearest year (2024),NA,NA,NA,NA,NA,NA,NA,NA,NA,NA,NA,NA,NA,NA,NA,NA,FALSE,FALSE,Tenured/Tenure Track,Professor,TRUE,50,FALSE,0.5
Suter,Jordan,ENRE,2021,JA,N,NA,0,The Importance of Well Yield in Groundwater Demand Specification,Land Economics,10.3368/wple.97.3.030320-0031r1,10.3368/wple.97.3.030320-0031r1,land economics,2.03,2021,Exact journal-year,https://openalex.org/W3204241389,https://doi.org/10.3368/wple.97.3.030320-0031r1,The Importance of Well Yield in Groundwater Demand Specifications,2021,2021-08-01,article,1,Land Economics,0023-7639,University of Wisconsin Press,FALSE,FALSE,4,NA,NA,NA,FALSE,FALSE,Tenured/Tenure Track,Professor,TRUE,50,FALSE,0.5
Thilmany,Dawn,Ag and Food,2021,JA,N,NA,0,Local Foods go Downstream: Exploring the Spatial Factors Driving US Food Manufacturing,Applied Economic Perspectives and Policy,10.1002/aepp.13046,10.1002/aepp.13046,applied economic perspectives policy,4.89,2021,Exact journal-year,https://openalex.org/W3042925910,https://doi.org/10.1002/aepp.13046,Local Foods Go Downstream: Exploring the Spatial Factors Driving U.S. Food Manufacturing,2020,2020-07-13,article,20,Applied Economic Perspectives and Policy,2040-5790,Wiley,TRUE,FALSE,4,NA,NA,NA,FALSE,TRUE,Tenured/Tenure Track,Professor,TRUE,21,FALSE,0.21
Thilmany,Dawn,Ag and Food,2021,JA,N,NA,0,Do Cottage Food Laws Reduce Barriers to Entry for Food Manufacturers,Applied Economic Perspectives and Policy,10.1002/aepp.13047,10.1002/aepp.13047,applied economic perspectives policy,4.89,2021,Exact journal-year,https://openalex.org/W3043543695,https://doi.org/10.1002/aepp.13047,Do Cottage Food Laws Reduce Barriers to Entry for Food Manufacturers?,2020,2020-07-13,article,10,Applied Economic Perspectives and Policy,2040-5790,Wiley,FALSE,FALSE,3,NA,NA,NA,FALSE,TRUE,Tenured/Tenure Track,Professor,TRUE,21,FALSE,0.21
Thilmany,Dawn,Ag and Food,2021,JA,N,Jablonski,1,Local Food Markets and Labor Intensity,Applied Economic Perspectives and Policy,10.1002/aepp.13059,10.1002/aepp.13059,applied economic perspectives policy,4.89,2021,Exact journal-year,https://openalex.org/W3043055687,https://doi.org/10.1002/aepp.13059,Local Food Market Orientation and Labor Intensity,2020,2020-07-13,article,22,Applied Economic Perspectives and Policy,2040-5790,Wiley,FALSE,FALSE,3,NA,NA,NA,FALSE,TRUE,Tenured/Tenure Track,Professor,TRUE,21,FALSE,0.21
Thilmany,Dawn,Ag and Food,2022,JA,N,Jablonski,1,Opportunities to support beginning farmers and ranchers in the 2023 Farm Bill,Applied Economic Perspectives and Policy,10.1002/aepp.13256,10.1002/aepp.13256,applied economic perspectives policy,5.8,2022,Exact journal-year,https://openalex.org/W4220797295,https://doi.org/10.1002/aepp.13256,Opportunities to support beginning farmers and ranchers in the 2023 Farm Bill,2022,2022-03-29,article,18,Applied Economic Perspectives and Policy,2040-5790,Wiley,TRUE,FALSE,7,NA,NA,NA,FALSE,FALSE,Tenured/Tenure Track,Professor,TRUE,21,FALSE,0.21
Thilmany,Dawn,Ag and Food,2024,JA,N,NA,0,Measuring the Economic Contribution of Agricultural and Applied Economics Departments,Applied Economic Perspectives and Policy,10.1002/aepp.13454,10.1002/aepp.13454,applied economic perspectives policy,3.4,2024,Exact journal-year,https://openalex.org/W4399361991,https://doi.org/10.1002/aepp.13454,Measuring the economic contribution of Agricultural and Applied Economics departments in the United States,2024,2024-06-05,article,0,Applied Economic Perspectives and Policy,2040-5790,Wiley,TRUE,FALSE,4,NA,NA,NA,FALSE,FALSE,Tenured/Tenure Track,Professor,TRUE,21,FALSE,0.21
Thilmany,Dawn,Ag and Food,2025,JA,Y,NA,0,Exploring the Relationship between Growth in Online Shopping and Multichannel Food Consumers,Applied Economic Perspectives and Policy,10.1002/aepp.13531,10.1002/aepp.13531,applied economic perspectives policy,3.6,2025,Exact journal-year,https://openalex.org/W4410757952,https://doi.org/10.1002/aepp.13531,Exploring the relationship between growth in online shopping and multichannel food consumers,2025,2025-05-25,article,0,Applied Economic Perspectives and Policy,2040-5790,Wiley,TRUE,FALSE,2,1,Mackenzie Gill,TRUE,FALSE,FALSE,Tenured/Tenure Track,Professor,TRUE,21,FALSE,0.21
Thilmany,Dawn,Ag and Food,2024,JA,N,Chenarides;Jablonski,1,Federal Economic Data on Local and Regional Food Producers,Journal of the Agricultural and Applied Economics Association,10.1002/jaa2.131,10.1002/jaa2.131,journal agricultural applied economics association,1.8,2025,Nearest year (2025),https://openalex.org/W4400204195,https://doi.org/10.1002/jaa2.131,Federal economic data on local and regional food producers,2024,2024-07-01,article,0,Journal of the Agricultural and Applied Economics Association,2769-2485,Wiley,TRUE,FALSE,5,NA,NA,NA,FALSE,FALSE,Tenured/Tenure Track,Professor,TRUE,21,FALSE,0.21
Thilmany,Dawn,Ag and Food,2026,JA,NA,NA,0,Regionalizing the food dollar,Journal of the Agricultural and Applied Economics Association,10.1002/jaa2.70044,10.1002/jaa2.70044,journal agricultural applied economics association,1.8,2025,Nearest year (2025),https://openalex.org/W7162422700,https://doi.org/10.1002/jaa2.70044,Regionalizing the food dollar,2026,2026-05-26,article,0,Journal of the Agricultural and Applied Economics Association,2769-2485,Wiley,TRUE,FALSE,3,NA,NA,NA,NA,FALSE,Tenured/Tenure Track,Professor,TRUE,21,FALSE,0.21
Thilmany,Dawn,Ag and Food,2024,JA,N,Van Sandt,1,A comment on USDA Food Business Centers: Collaborations to nurture innovation,Food Policy,10.1016/j.foodpol.2024.102727,10.1016/j.foodpol.2024.102727,food policy,6,2024,Exact journal-year,https://openalex.org/W4402951903,https://doi.org/10.1016/j.foodpol.2024.102727,A comment on USDA Food Business Centers: Collaborations to nurture innovation in the food system,2024,2024-09-29,article,2,Food Policy,0306-9192,Elsevier BV,FALSE,FALSE,3,1,Anders Van Sandt,FALSE,TRUE,FALSE,Tenured/Tenure Track,Professor,TRUE,21,FALSE,0.21
Thilmany,Dawn,Ag and Food,2025,JA,N,Jablonski,1,A Baseline Assessment of School Food Spending and Local Procurement,Agricultural and Resource Economics Review,10.1017/age.2025.11,10.1017/age.2025.11,agricultural resource economics review,2,2025,Exact journal-year,https://openalex.org/W4409114506,https://doi.org/10.1017/age.2025.11,A roadmap for modeling institutional and values-based procurement decisions in food supply chains,2025,2025-04-01,article,2,Agricultural and Resource Economics Review,1068-2805,Cambridge University Press,TRUE,FALSE,4,1,Erin Love,FALSE,TRUE,FALSE,Tenured/Tenure Track,Professor,TRUE,21,FALSE,0.21
Thilmany,Dawn,Ag and Food,2023,JA,Y,Jablonski;Mooney,1,Producers Marketing a Novel Crop: A Field-Level View of Hemp Market Channels,Renewable Agriculture and Food Systems,10.1017/S1742170523000145,10.1017/s1742170523000145,renewable agriculture food systems,2,2024,Nearest year (2024),https://openalex.org/W4366223024,https://doi.org/10.1017/s1742170523000145,Producers marketing a novel crop: a field-level view of hemp market channels,2023,2023-01-01,article,5,Renewable Agriculture and Food Systems,1742-1705,Cambridge University Press,TRUE,FALSE,10,1,Ming Wang,TRUE,FALSE,FALSE,Tenured/Tenure Track,Professor,TRUE,21,FALSE,0.21
Thilmany,Dawn,Ag and Food,2023,JA,Y,Bayham;Berning;Costanigro,1,Beer sales in grocery and convenience stores: a glass half-full for craft brewers,Regional Studies,10.1080/00343404.2023.2166914,10.1080/00343404.2023.2166914,regional studies,4.2,2024,Nearest year (2024),https://openalex.org/W4319067211,https://doi.org/10.1080/00343404.2023.2166914,Beer sales in grocery and convenience stores: a glass half-full for craft brewers?,2023,2023-02-03,article,14,Regional Studies,0034-3404,Routledge,TRUE,FALSE,7,1,Nathan Palardy,FALSE,FALSE,FALSE,Tenured/Tenure Track,Professor,TRUE,21,FALSE,0.21
Thilmany,Dawn,Ag and Food,2026,JA,NA,NA,0,Assessing Factors Contributing to a Healthy Work Ecosystem in the Applied Economics Profession,Q Open,10.1093/qopen/qoag018,10.1093/qopen/qoag018,q open,2.3,2025,Nearest year (2025),https://openalex.org/W7163986589,https://doi.org/10.1093/qopen/qoag018,Assessing factors contributing to a healthy work ecosystem in the applied economics profession,2026,2026-06-06,article,0,Q Open,2633-9048,Oxford University Press,TRUE,FALSE,8,NA,NA,NA,NA,FALSE,Tenured/Tenure Track,Professor,TRUE,21,FALSE,0.21
Thilmany,Dawn,Ag and Food,2022,JA,N,Jablonski,1,The profitability implications of sales through local food markets for beginning farmers,Agricultural Finance Review,10.1108/AFR-05-2021-0056,10.1108/afr-05-2021-0056,agricultural finance review,1.9,2024,Nearest year (2024),https://openalex.org/W4293087468,https://doi.org/10.1108/afr-05-2021-0056,The profitability implications of sales through local food markets for beginning farmers and ranchers,2022,2022-03-23,article,22,Agricultural Finance Review,0002-1466,Emerald Publishing Limited,TRUE,FALSE,5,NA,NA,NA,FALSE,FALSE,Tenured/Tenure Track,Professor,TRUE,21,FALSE,0.21
Thilmany,Dawn,Ag and Food,2022,JA,N,Jablonski,1,Unique Financing Strategies Among Beginning Farmers and Ranchers,Agricultural Finance Review,10.1108/AFR-05-2021-0070,10.1108/afr-05-2021-0070,agricultural finance review,1.9,2024,Nearest year (2024),https://openalex.org/W4200169516,https://doi.org/10.1108/afr-05-2021-0070,Unique financing strategies among beginning farmers and ranchers: differences among multigenerational and beginning operations,2021,2021-12-08,article,12,Agricultural Finance Review,0002-1466,Emerald Publishing Limited,FALSE,FALSE,5,NA,NA,NA,FALSE,TRUE,Tenured/Tenure Track,Professor,TRUE,21,FALSE,0.21
Thilmany,Dawn,Ag and Food,2021,JA,Y,Jablonski,1,Novel methods for an interesting time: US local food systems impacts and initiatives to respond to COVID,Australian Journal of Agricultural and Resource Economics,10.1111/1467-8489.12456,10.1111/1467-8489.12456,australian journal agricultural resource economics,3.2,2022,Nearest year (2022),https://openalex.org/W3210113799,https://doi.org/10.1111/1467-8489.12456,Novel methods for an interesting time: Exploring U.S. local food systems’ impacts and initiatives to respond to COVID*,2021,2021-10-01,article,20,Australian Journal of Agricultural and Resource Economics,1364-985X,Wiley,TRUE,FALSE,8,2,Hailey Edmondson; Mackenzie Gill,TRUE,FALSE,FALSE,Tenured/Tenure Track,Professor,TRUE,21,FALSE,0.21
Thilmany,Dawn,Ag and Food,2024,JA,N,Jablonski,1,Building Representative State Groupings in an Input-Output Model for Nutrition Incentive Programs,Economic Development Quarterly,10.1177/08912424241282425,10.1177/08912424241282425,economic development quarterly,1.6,2024,Exact journal-year,https://openalex.org/W4403258135,https://doi.org/10.1177/08912424241282425,Building Representative State Groupings in an Input-Output Model for the Development of an Economic Impact Calculator for Nutrition Incentive Programs,2024,2024-10-09,article,1,Economic Development Quarterly,0891-2424,SAGE Publishing,TRUE,FALSE,7,NA,NA,NA,FALSE,FALSE,Tenured/Tenure Track,Professor,TRUE,21,FALSE,0.21
Thilmany,Dawn,Ag and Food,2023,JA,N,NA,0,Perspectives on Diversity Equity and Inclusion in the Agricultural and Applied Economics Profession,Applied Economics Teaching Resources,10.22004/ag.econ.333520,10.22004/ag.econ.333520,applied economics teaching resources,NA,NA,No IF match,NA,NA,NA,NA,NA,NA,NA,NA,NA,NA,NA,NA,NA,NA,NA,NA,FALSE,FALSE,Tenured/Tenure Track,Professor,TRUE,21,FALSE,0.21
Thilmany,Dawn,Ag and Food,2023,JA,Y,NA,0,Price Transmission and Asymmetry in the Colorado Potato Supply Chain,Journal of Food Distribution Research,10.22004/ag.econ.339678,10.22004/ag.econ.339678,journal food distribution research,NA,NA,No IF match,NA,NA,NA,NA,NA,NA,NA,NA,NA,NA,NA,NA,NA,NA,NA,NA,TRUE,FALSE,Tenured/Tenure Track,Professor,TRUE,21,FALSE,0.21
Thilmany,Dawn,Ag and Food,2024,JA,N,NA,0,Assessing Economic Impacts of Mile High 420 Festival in Colorado,Tourism and Hospitality,10.3390/tourhosp5030032,10.3390/tourhosp5030032,tourism hospitality,NA,NA,No IF match,https://openalex.org/W4399882779,https://doi.org/10.3390/tourhosp5030032,Assessing Economic Impacts of Mile High 420 Festival in Colorado,2024,2024-06-21,article,0,Tourism and Hospitality,2673-5768,Multidisciplinary Digital Publishing Institute,TRUE,FALSE,3,NA,NA,NA,FALSE,FALSE,Tenured/Tenure Track,Professor,TRUE,21,FALSE,0.21
Thilmany,Dawn,Ag and Food,2022,JA,N,NA,0,Agritourism Extension in the United States,Applied Economics Teaching Resources,nodoi,NA,applied economics teaching resources,NA,NA,No IF match,NA,NA,NA,NA,NA,NA,NA,NA,NA,NA,NA,NA,NA,NA,NA,NA,FALSE,FALSE,Tenured/Tenure Track,Professor,TRUE,21,FALSE,0.21
Van Sandt,Anders,Ag and Food,2026,JA,NA,NA,0,Nurse practitioner training and local medical provider supply,Journal of Health Economics,10.1016/j.jhealeco.2026.103121,10.1016/j.jhealeco.2026.103121,journal health economics,3.8,2025,Nearest year (2025),https://openalex.org/W7128963714,https://doi.org/10.1016/j.jhealeco.2026.103121,Nurse practitioner training and local medical provider supply,2026,2026-02-15,article,0,Journal of Health Economics,0167-6296,Elsevier BV,FALSE,FALSE,4,1,Anders Van Sandt,FALSE,NA,FALSE,Tenured/Tenure Track,Assistant Professor,TRUE,20,FALSE,0.2
Van Sandt,Anders,Ag and Food,2026,JA,NA,NA,0,Rural emergency hospitals: Emerging patterns of adaptation and community perception,The Journal of Rural Health,10.1111/jrh.70112,10.1111/jrh.70112,journal rural health,NA,NA,No IF match,https://openalex.org/W7124536210,https://doi.org/10.1111/jrh.70112,Rural emergency hospitals: Emerging patterns of adaptation and community perception,2026,2026-01-01,article,0,The Journal of Rural Health,0890-765X,Wiley,TRUE,FALSE,6,1,Anders Van Sandt,FALSE,NA,FALSE,Tenured/Tenure Track,Assistant Professor,TRUE,20,FALSE,0.2
Van Sandt,Anders,Ag and Food,2025,JA,N,NA,0,Revealing US Retail Industries Functional Hierarchy Through Demand Thresholds,Journal of Economic Structures,10.1186/s40008-025-00359-0,10.1186/s40008-025-00359-0,journal economic structures,NA,NA,No IF match,https://openalex.org/W4415995576,https://doi.org/10.1186/s40008-025-00359-0,Revealing U.S. retail industries’ functional hierarchy through demand thresholds,2025,2025-11-07,article,0,Journal of Economic Structures,2193-2409,Springer Nature,TRUE,FALSE,5,1,Anders Van Sandt,FALSE,TRUE,FALSE,Tenured/Tenure Track,Assistant Professor,TRUE,20,FALSE,0.2
Van Sandt,Anders,Ag and Food,2025,JA,N,NA,0,Unwinding the Spiral of Silence in Rural America,Frontiers in Climate,10.3389/fclim.2025.1398452,10.3389/fclim.2025.1398452,frontiers in climate,3.9,2025,Exact journal-year,https://openalex.org/W4413179794,https://doi.org/10.3389/fclim.2025.1398452,Unwinding the spiral of silence in rural America: looking backward with stories to plan forward,2025,2025-08-13,article,0,Frontiers in Climate,2624-9553,Frontiers Media,TRUE,FALSE,9,1,Anders Van Sandt,FALSE,TRUE,FALSE,Tenured/Tenure Track,Assistant Professor,TRUE,20,FALSE,0.2
Woerman,Matt,ENRE,2025,JA,N,NA,0,Intermittency and uncertainty in wind and solar energy: Impacts on the French electricity market,Energy Economics,10.1016/j.eneco.2024.108176,10.1016/j.eneco.2024.108176,energy economics,13.5,2025,Exact journal-year,https://openalex.org/W4406268583,https://doi.org/10.1016/j.eneco.2024.108176,Intermittency and uncertainty in wind and solar energy: Impacts on the French electricity market,2025,2025-01-10,article,34,Energy Economics,0140-9883,Elsevier BV,FALSE,FALSE,3,NA,NA,NA,FALSE,FALSE,Tenured/Tenure Track,Assistant Professor,TRUE,50,FALSE,0.5
Woerman,Matt,ENRE,2025,JA,N,NA,0,Residential demand for energy in light of changing solar prices,Energy Economics,10.1016/j.eneco.2025.108351,10.1016/j.eneco.2025.108351,energy economics,13.5,2025,Exact journal-year,https://openalex.org/W4407954727,https://doi.org/10.1016/j.eneco.2025.108351,Residential demand for energy in light of changing solar prices,2025,2025-02-26,article,1,Energy Economics,0140-9883,Elsevier BV,FALSE,FALSE,3,NA,NA,NA,FALSE,FALSE,Tenured/Tenure Track,Assistant Professor,TRUE,50,FALSE,0.5
Woerman,Matt,ENRE,2023,JA,N,NA,0,Linking carbon markets with different initial conditions,Journal of Environmental Economics and Management,10.1016/j.jeem.2023.102820,10.1016/j.jeem.2023.102820,journal environmental economics management,5.9,2024,Nearest year (2024),https://openalex.org/W4367396773,https://doi.org/10.1016/j.jeem.2023.102820,Linking carbon markets with different initial conditions,2023,2023-04-29,article,9,Journal of Environmental Economics and Management,0095-0696,Elsevier BV,FALSE,FALSE,1,NA,NA,NA,FALSE,FALSE,Tenured/Tenure Track,Assistant Professor,TRUE,50,FALSE,0.5
Woerman,Matt,ENRE,2026,JA,NA,NA,0,Reproducibility and robustness of economics and political science research,Nature,10.1038/s41586-026-10251-x,10.1038/s41586-026-10251-x,nature,56.1,2025,Nearest year (2025),https://openalex.org/W7147329468,https://doi.org/10.1038/s41586-026-10251-x,Reproducibility and robustness of economics and political science research,2026,2026-04-01,article,7,Nature,0028-0836,Nature Portfolio,TRUE,FALSE,100,NA,NA,NA,NA,FALSE,Tenured/Tenure Track,Assistant Professor,TRUE,50,FALSE,0.5
Woerman,Matt,ENRE,2024,JA,N,NA,0,Intermittency or uncertainty? Impacts of renewable energy in electricity markets,Journal of the Association of Environmental and Resource Economists,10.1086/729841,10.1086/729841,journal association environmental resource economists,3.2,2024,Exact journal-year,https://openalex.org/W4391542603,https://doi.org/10.1086/729841,Intermittency or Uncertainty? Impacts of Renewable Energy in Electricity Markets,2024,2024-02-05,article,10,Journal of the Association of Environmental and Resource Economists,2333-5955,University of Chicago Press,FALSE,FALSE,2,NA,NA,NA,FALSE,FALSE,Tenured/Tenure Track,Assistant Professor,TRUE,50,FALSE,0.5
