last,first,area,year,type,index_class,student_coauthor,dare_coauthors,dare_coauthors_names,title_short,venue,doi,source_file,openalex_work_id,openalex_type,type_mapping_rule,type_requires_review,extension_output,added_from_openalex,added_from_coauthor,author_match_rule,discovery_date,edge_2026,publication_key,affiliated_at_publication,affiliation_status
Graff,Gregory,Ag and Food,2022,BC,NA,NA,1,Graff;Seidl,An Introduction to the Economics of Climate Change and Animal Health,Climate Change and Animal Health,10.1201/9781003149774-10,Google Scholar,NA,NA,NA,0,0,0,0,NA,NA,0,doi:10.1201/9781003149774-10,1,Active CSU affiliation
Seidl,Andrew,Ag and Food,2022,BC,NA,NA,1,Graff;Seidl,An Introduction to the Economics of Climate Change and Animal Health,Climate Change and Animal Health,10.1201/9781003149774-10,Google Scholar,NA,NA,NA,0,0,0,0,NA,NA,0,doi:10.1201/9781003149774-10,1,Active CSU affiliation
Hoag,Dana,ENRE,2024,BC,NA,N,0,NA,Reducing wind erosion damages and the Conservation Reserve Program,CRC Press,10.1201/9781003574040-12,Google Scholar,NA,NA,NA,0,0,0,0,NA,NA,0,doi:10.1201/9781003574040-12,1,Active CSU affiliation
Hoag,Dana,ENRE,2024,BC,NA,N,0,NA,Is US soil conservation policy a sustainable development?,CRC Press,isbn:9780849300059,Google Scholar,NA,NA,NA,0,0,0,0,NA,NA,0,titleyear:is us soil conservation policy a sustainable development|2024,1,Active CSU affiliation
Graff,Gregory,Ag and Food,2021,BC,NA,NA,0,NA,Venture Capital and the Transformation of Private R&D for Agriculture,Economics of Research and Innovation in Agriculture,10.7208/chicago/9780226779195-007,Google Scholar,NA,NA,NA,0,0,0,0,NA,NA,0,doi:10.7208/chicago/9780226779195-007,1,Active CSU affiliation
Jablonski,Becca,Ag and Food,2022,BC,NA,NA,1,Jablonski;Thilmany,"Framing and evaluating the economic impacts of food system policies, programs and initiatives",Food Systems Modeling (Elsevier),NA,NA,NA,NA,NA,0,0,0,0,NA,NA,0,titleyear:framing and evaluating the economic impacts of food system p|2022,1,Active CSU affiliation
Thilmany,Dawn,Ag and Food,2022,BC,NA,NA,1,Jablonski;Thilmany,"Framing and evaluating the economic impacts of food system policies, programs and initiatives",Food Systems Modeling (Elsevier),NA,NA,NA,NA,NA,0,0,0,0,NA,NA,0,titleyear:framing and evaluating the economic impacts of food system p|2022,1,Active CSU affiliation
Jablonski,Becca,Ag and Food,2022,BC,NA,NA,0,NA,"Inquiry within, between, and beyond disciplines",Food Systems Modeling (Elsevier),NA,NA,NA,NA,NA,0,0,0,0,NA,NA,0,titleyear:inquiry within between and beyond disciplines|2022,1,Active CSU affiliation
Countryman,Amanda,Ag and Food,2021,BC,NA,N,0,NA,Economics of Invasive Species (Chapter 14),"Invasive Species in Forests and Rangelands of the US, Springer",10.1007/978-3-030-45367-1_14,countrymanamanda.txt,NA,NA,NA,0,0,0,0,NA,NA,0,doi:10.1007/978-3-030-45367-1_14,1,Active CSU affiliation
Jablonski,Becca,Ag and Food,2021,BC,NA,NA,0,NA,Beyond GDP: Measuring Rural Assets and Why It Matters. Ch. 40,Investing in Rural Prosperity,NA,NA,NA,NA,NA,0,0,0,0,NA,NA,0,titleyear:beyond gdp measuring rural assets and why it matters ch 40|2021,1,Active CSU affiliation
Graff,Gregory,Ag and Food,2025,BC,NA,NA,0,NA,Intellectual Property in Agricultural Biotechnology: Strategies for Open Access,"Plant Biotechnology and Genetics: Principles, Techniques, and Applications",10.1002/9780470282014.ch14,Google Scholar,NA,NA,NA,0,0,0,0,NA,NA,0,doi:10.1002/9780470282014.ch14,1,Active CSU affiliation
Kroll,Stephan,ENRE,2022,BC,NA,N,0,NA,A Small Collection of Pen-and-Paper Classroom Experiments for Teaching Environmental Economics,Teaching Environmental and Natural Resource Economics,10.4337/9781788114288.00018,krollstephan.txt,NA,NA,NA,0,0,0,0,NA,NA,0,doi:10.4337/9781788114288.00018,1,Active CSU affiliation
Koontz,Stephen,Ag and Food,2021,BC,NA,N,0,NA,Another Look at Alternative Marketing Arrangement Use by the Cattle and Beef Industry,"The U.S. Beef Supply Chain, Texas A&M AFPC",nodoi,koontzstephen.txt,NA,NA,NA,0,0,0,0,NA,NA,0,titleyear:another look at alternative marketing arrangement use by the|2021,1,Active CSU affiliation
Goemans,Chris,ENRE,2024,BC,NA,Y,1,Goemans;Manning,Perceived Water Scarcity and Irrigation Technology Adoption (chapter),University of Chicago Press,10.7208/chicago/9780226830629-007,goemanschris.txt,NA,NA,NA,0,0,0,0,NA,NA,0,doi:10.7208/chicago/9780226830629-007,1,Active CSU affiliation
Manning,Dale,ENRE,2024,BC,NA,U,1,Goemans;Manning,Perceived Water Scarcity and Irrigation Technology Adoption (chapter),University of Chicago Press,10.7208/chicago/9780226830629-007,goemanschris.txt,NA,NA,NA,0,0,0,0,NA,NA,0,doi:10.7208/chicago/9780226830629-007,1,Active CSU affiliation
Delay,Nathan,Ag and Food,2025,CP,NA,NA,0,NA,Incorporating precision management technologies to reduce beef cattle enteric CH4 emissions on rangelands,Animal-Science proceedings,10.1016/j.anscip.2025.08.183,Google Scholar,NA,NA,NA,0,0,0,0,NA,NA,0,doi:10.1016/j.anscip.2025.08.183,1,Active CSU affiliation
Ritten,John,Ag and Food,2026,JA,a,NA,0,NA,From data to decisions: the potential of real-time precision technologies to enhance adaptive grazing management for livestock ranchers,African Journal of Range & Forage Science,10.2989/10220119.2025.2585814,Google Scholar,NA,NA,NA,0,0,0,0,NA,NA,1,doi:10.2989/10220119.2025.2585814,1,Active CSU affiliation
Costanigro,Marco,Ag and Food,2021,JA,a,Y,1,Costanigro;Jablonski,Promoting Farmers Markets via Information Nudges and Coupons,Agribusiness: An International Journal,10.1002/agr.21688,costanigromarco.txt,NA,NA,NA,0,0,0,0,NA,NA,0,doi:10.1002/agr.21688,1,Active CSU affiliation
Jablonski,Becca,Ag and Food,2021,JA,a,U,1,Costanigro;Jablonski,Promoting Farmers Markets via Information Nudges and Coupons,Agribusiness: An International Journal,10.1002/agr.21688,costanigromarco.txt,NA,NA,NA,0,0,0,0,NA,NA,0,doi:10.1002/agr.21688,1,Active CSU affiliation
Cleary,Rebecca,Ag and Food,2022,JA,a,U,0,NA,Food Retail Profits Competition and the Great Recession,Agribusiness: An International Journal,10.1002/agr.21743,chenarideslauren.txt,NA,NA,NA,0,0,0,0,NA,NA,0,doi:10.1002/agr.21743,1,Active CSU affiliation
Chenarides,Lauren,Ag and Food,2025,JA,a,N,0,NA,Grocery Stockouts and Seller Performance in Amazon's Marketplaces,Agribusiness: An International Journal,10.1002/agr.22051,chenarideslauren.txt,NA,NA,NA,0,0,0,0,NA,NA,0,doi:10.1002/agr.22051,1,Active CSU affiliation
Thilmany,Dawn,Ag and Food,2025,JA,a,N,0,NA,A Baseline Assessment of School Food Spending and Local Procurement,Agricultural and Resource Economics Review,10.1017/age.2025.11,thilmanydawn.txt,NA,NA,NA,0,0,0,0,NA,NA,0,doi:10.1017/age.2025.11,1,Active CSU affiliation
Delay,Nathan,Ag and Food,2023,JA,a,Y,0,NA,Estimating US Farmers Speed of Climate Change Adaptation: Subsurface Tile Drainage,Agricultural Finance Review,10.1108/AFR-02-2023-0027,delaynathan.txt,NA,NA,NA,0,0,0,0,NA,NA,0,doi:10.1108/afr-02-2023-0027,1,Active CSU affiliation
Jablonski,Becca,Ag and Food,2022,JA,a,U,1,Jablonski;Thilmany,The profitability implications of sales through local food markets for beginning farmers,Agricultural Finance Review,10.1108/AFR-05-2021-0056,thilmanydawn.txt,NA,NA,NA,0,0,0,0,NA,NA,0,doi:10.1108/afr-05-2021-0056,1,Active CSU affiliation
Thilmany,Dawn,Ag and Food,2022,JA,a,N,1,Jablonski;Thilmany,The profitability implications of sales through local food markets for beginning farmers,Agricultural Finance Review,10.1108/AFR-05-2021-0056,thilmanydawn.txt,NA,NA,NA,0,0,0,0,NA,NA,0,doi:10.1108/afr-05-2021-0056,1,Active CSU affiliation
Jablonski,Becca,Ag and Food,2022,JA,a,U,1,Jablonski;Thilmany,Unique Financing Strategies Among Beginning Farmers and Ranchers,Agricultural Finance Review,10.1108/AFR-05-2021-0070,thilmanydawn.txt,NA,NA,NA,0,0,0,0,NA,NA,0,doi:10.1108/afr-05-2021-0070,1,Active CSU affiliation
Thilmany,Dawn,Ag and Food,2022,JA,a,N,1,Jablonski;Thilmany,Unique Financing Strategies Among Beginning Farmers and Ranchers,Agricultural Finance Review,10.1108/AFR-05-2021-0070,thilmanydawn.txt,NA,NA,NA,0,0,0,0,NA,NA,0,doi:10.1108/afr-05-2021-0070,1,Active CSU affiliation
Bonanno,Alessandro,Ag and Food,2023,JA,a,N,1,Bonanno;Jablonski,Beginning farmer status and financial performance differentials,Agricultural Finance Review,10.1108/AFR-05-2023-0054,bonannoalessandrocv.txt,NA,NA,NA,0,0,0,0,NA,NA,0,doi:10.1108/afr-05-2023-0054,1,Active CSU affiliation
Jablonski,Becca,Ag and Food,2023,JA,a,U,1,Bonanno;Jablonski,Beginning farmer status and financial performance differentials,Agricultural Finance Review,10.1108/AFR-05-2023-0054,bonannoalessandrocv.txt,NA,NA,NA,0,0,0,0,NA,NA,0,doi:10.1108/afr-05-2023-0054,1,Active CSU affiliation
Goemans,Chris,ENRE,2022,JA,a,N,1,Goemans;Manning,Remote sensing of field-scale irrigation withdrawals in the central Ogallala aquifer,Agricultural Water Management,10.1016/j.agwat.2022.107764,goemanschris.txt,NA,NA,NA,0,0,0,0,NA,NA,0,doi:10.1016/j.agwat.2022.107764,1,Active CSU affiliation
Manning,Dale,ENRE,2022,JA,a,U,1,Goemans;Manning,Remote sensing of field-scale irrigation withdrawals in the central Ogallala aquifer,Agricultural Water Management,10.1016/j.agwat.2022.107764,goemanschris.txt,NA,NA,NA,0,0,0,0,NA,NA,0,doi:10.1016/j.agwat.2022.107764,1,Active CSU affiliation
Mooney,Daniel,Ag and Food,2023,JA,a,Y,0,NA,Developing a Crop Water Production Function for Alfalfa Under Deficit Irrigation,Agriculture,10.3390/agriculture13040831,mooneydaniel.txt,NA,NA,NA,0,0,0,0,NA,NA,0,doi:10.3390/agriculture13040831,1,Active CSU affiliation
Bayham,Jude,ENRE,2026,JA,a,Y,1,Bayham;Berning;Bonanno,Food Insecurity and Unemployment among Immigrants in the United States,American Journal of Agricultural Economics,10.1002/ajae.70071,Google Scholar,NA,NA,NA,0,0,0,0,NA,NA,1,doi:10.1002/ajae.70071,1,Active CSU affiliation
Berning,Joshua,Ag and Food,2026,JA,a,N,1,Bayham;Berning;Bonanno,Food Insecurity and Unemployment among Immigrants in the United States,American Journal of Agricultural Economics,10.1002/ajae.70071,bonannoalessandrocv.txt,NA,NA,NA,0,0,0,0,NA,NA,1,doi:10.1002/ajae.70071,1,Active CSU affiliation
Bonanno,Alessandro,Ag and Food,2026,JA,a,N,1,Bayham;Berning;Bonanno,Food Insecurity and Unemployment among Immigrants in the United States,American Journal of Agricultural Economics,10.1002/ajae.70071,bonannoalessandrocv.txt,NA,NA,NA,0,0,0,0,NA,NA,1,doi:10.1002/ajae.70071,1,Active CSU affiliation
Graff,Gregory,Ag and Food,2026,JA,a,N,0,NA,The role of venture-financed startups in innovation for US agriculture,American Journal of Agricultural Economics,10.1002/ajae.70083,graffgregory.txt,NA,NA,NA,0,0,0,0,NA,NA,1,doi:10.1002/ajae.70083,1,Active CSU affiliation
Magnan,Nicholas,Ag and Food,2021,JA,a,Y,0,NA,Can Experiential Games and Improved Risk Coverage Raise Demand for Index Insurance,American Journal of Agricultural Economics,10.1111/ajae.12124,magnannicholas.txt,NA,NA,NA,0,0,0,0,NA,NA,0,doi:10.1111/ajae.12124,0,Outside active CSU affiliation
Burkhardt,Jesse,ENRE,2021,JA,a,U,1,Burkhardt;Hill,Peers in the Field: Ability and Gender in Peer Effects among Agricultural Workers,American Journal of Agricultural Economics,10.1111/ajae.12192,hillalexandra.txt,NA,NA,NA,0,0,0,0,NA,NA,0,doi:10.1111/ajae.12192,1,Active CSU affiliation
Hill,Alexandra,Ag and Food,2021,JA,a,N,1,Burkhardt;Hill,Peers in the Field: Ability and Gender in Peer Effects among Agricultural Workers,American Journal of Agricultural Economics,10.1111/ajae.12192,hillalexandra.txt,NA,NA,NA,0,0,0,0,NA,NA,0,doi:10.1111/ajae.12192,1,Active CSU affiliation
Countryman,Amanda,Ag and Food,2021,JA,a,N,0,NA,The Importance of Agriculture in the Economy: Impacts from COVID-19,American Journal of Agricultural Economics,10.1111/ajae.12212,countrymanamanda.txt,NA,NA,NA,0,0,0,0,NA,NA,0,doi:10.1111/ajae.12212,1,Active CSU affiliation
Burkhardt,Jesse,ENRE,2022,JA,a,N,0,NA,Conformity and Conservation: Home Landscaping and Water Conservation,American Journal of Agricultural Economics,10.1111/ajae.12224,burkhardtjesse.txt,NA,NA,NA,0,0,0,0,NA,NA,0,doi:10.1111/ajae.12224,1,Active CSU affiliation
Goemans,Chris,ENRE,2022,JA,a,Y,1,Goemans;Manning;Suter,Impacts of Block-Rate Energy Pricing on Groundwater Demand in Irrigated Agriculture,American Journal of Agricultural Economics,10.1111/ajae.12231,goemanschris.txt,NA,NA,NA,0,0,0,0,NA,NA,0,doi:10.1111/ajae.12231,1,Active CSU affiliation
Manning,Dale,ENRE,2022,JA,a,Y,1,Goemans;Manning;Suter,Impacts of Block-Rate Energy Pricing on Groundwater Demand in Irrigated Agriculture,American Journal of Agricultural Economics,10.1111/ajae.12231,manningdale.txt,NA,NA,NA,0,0,0,0,NA,NA,0,doi:10.1111/ajae.12231,1,Active CSU affiliation
Suter,Jordan,ENRE,2022,JA,a,N,1,Goemans;Manning;Suter,Impacts of Block-Rate Energy Pricing on Groundwater Demand in Irrigated Agriculture,American Journal of Agricultural Economics,10.1111/ajae.12231,suterjordan.txt,NA,NA,NA,0,0,0,0,NA,NA,0,doi:10.1111/ajae.12231,1,Active CSU affiliation
Chenarides,Lauren,Ag and Food,2023,JA,a,N,0,NA,Dynamic Model of Entry: Dollar Stores,American Journal of Agricultural Economics,10.1111/ajae.12404,chenarideslauren.txt,NA,NA,NA,0,0,0,0,NA,NA,0,doi:10.1111/ajae.12404,1,Active CSU affiliation
Suter,Jordan,ENRE,2024,JA,a,N,0,NA,Social Comparisons and Groundwater Use: Evidence from Colorado and Kansas,American Journal of Agricultural Economics,10.1111/ajae.12415,suterjordan.txt,NA,NA,NA,0,0,0,0,NA,NA,0,doi:10.1111/ajae.12415,1,Active CSU affiliation
Bayham,Jude,ENRE,2024,JA,a,U,1,Bayham;Burkhardt,Air pollution weather and agricultural worker productivity,American Journal of Agricultural Economics,10.1111/ajae.12439,burkhardtjesse.txt,NA,NA,NA,0,0,0,0,NA,NA,0,doi:10.1111/ajae.12439,1,Active CSU affiliation
Burkhardt,Jesse,ENRE,2024,JA,a,N,1,Bayham;Burkhardt,Air pollution weather and agricultural worker productivity,American Journal of Agricultural Economics,10.1111/ajae.12439,burkhardtjesse.txt,NA,NA,NA,0,0,0,0,NA,NA,0,doi:10.1111/ajae.12439,1,Active CSU affiliation
Delay,Nathan,Ag and Food,2025,JA,a,N,0,NA,Mapping Agents: A Spatial Economic Analysis of Agent Location in Federal Crop Insurance,American Journal of Agricultural Economics,10.1111/ajae.12503,delaynathan.txt,NA,NA,NA,0,0,0,0,NA,NA,0,doi:10.1111/ajae.12503,1,Active CSU affiliation
Goemans,Chris,ENRE,2025,JA,a,N,1,Goemans;Suter,Abatement subsidies for groundwater conservation,American Journal of Agricultural Economics,10.1111/ajae.70021,goemanschris.txt,NA,NA,NA,0,0,0,0,NA,NA,0,doi:10.1111/ajae.70021,1,Active CSU affiliation
Suter,Jordan,ENRE,2025,JA,a,U,1,Goemans;Suter,Abatement subsidies for groundwater conservation,American Journal of Agricultural Economics,10.1111/ajae.70021,goemanschris.txt,NA,NA,NA,0,0,0,0,NA,NA,0,doi:10.1111/ajae.70021,1,Active CSU affiliation
Hill,Alexandra,Ag and Food,2021,JA,a,N,0,NA,Agricultural Labor Supply,Annual Review of Resource Economics,10.1146/annurev-resource-101620-080426,hillalexandra.txt,NA,NA,NA,0,0,0,0,NA,NA,0,doi:10.1146/annurev-resource-101620-080426,1,Active CSU affiliation
Lewis,Lynne,ENRE,2024,JA,a,N,0,NA,The Nature of the Beast: Wildlife Valuation from the Iconic to the Ordinary,Annual Review of Resource Economics,10.1146/annurev-resource-101623-093149,lewislynne.txt,NA,NA,NA,0,0,0,0,NA,NA,0,doi:10.1146/annurev-resource-101623-093149,1,Active CSU affiliation
Bayham,Jude,ENRE,2022,JA,a,N,0,NA,The Economics of Wildfire in the United States,Annual Review of Resource Economics,10.1146/annurev-resource-111920-014804,bayhamjude.txt,NA,NA,NA,0,0,0,0,NA,NA,0,doi:10.1146/annurev-resource-111920-014804,1,Active CSU affiliation
Ritten,John,Ag and Food,2022,JA,a,Y,0,NA,Effects of Harvest Season on Carcass Characteristics of Lambs Harvested in the Intermountain West,Applied Animal Science,10.15232/aas.2022-02322,rittenjohn.txt,NA,NA,NA,0,0,0,0,NA,NA,0,doi:10.15232/aas.2022-02322,1,Active CSU affiliation
Thilmany,Dawn,Ag and Food,2021,JA,a,N,0,NA,Local Foods go Downstream: Exploring the Spatial Factors Driving US Food Manufacturing,Applied Economic Perspectives and Policy,10.1002/aepp.13046,thilmanydawn.txt,NA,NA,NA,0,0,0,0,NA,NA,0,doi:10.1002/aepp.13046,1,Active CSU affiliation
Thilmany,Dawn,Ag and Food,2021,JA,a,N,0,NA,Do Cottage Food Laws Reduce Barriers to Entry for Food Manufacturers,Applied Economic Perspectives and Policy,10.1002/aepp.13047,thilmanydawn.txt,NA,NA,NA,0,0,0,0,NA,NA,0,doi:10.1002/aepp.13047,1,Active CSU affiliation
Jablonski,Becca,Ag and Food,2021,JA,a,U,1,Jablonski;Thilmany,Local Food Markets and Labor Intensity,Applied Economic Perspectives and Policy,10.1002/aepp.13059,thilmanydawn.txt,NA,NA,NA,0,0,0,0,NA,NA,0,doi:10.1002/aepp.13059,1,Active CSU affiliation
Thilmany,Dawn,Ag and Food,2021,JA,a,N,1,Jablonski;Thilmany,Local Food Markets and Labor Intensity,Applied Economic Perspectives and Policy,10.1002/aepp.13059,thilmanydawn.txt,NA,NA,NA,0,0,0,0,NA,NA,0,doi:10.1002/aepp.13059,1,Active CSU affiliation
Cleary,Rebecca,Ag and Food,2021,JA,a,N,1,Cleary;Jablonski,Emergency Food Provision for Children and Families during the Covid-19 Pandemic,Applied Economic Perspectives and Policy,10.1002/aepp.13096,clearyrebecca.txt,NA,NA,NA,0,0,0,0,NA,NA,0,doi:10.1002/aepp.13096,1,Active CSU affiliation
Jablonski,Becca,Ag and Food,2021,JA,a,U,1,Cleary;Jablonski,Emergency Food Provision for Children and Families during the Covid-19 Pandemic,Applied Economic Perspectives and Policy,10.1002/aepp.13096,clearyrebecca.txt,NA,NA,NA,0,0,0,0,NA,NA,0,doi:10.1002/aepp.13096,1,Active CSU affiliation
Bonanno,Alessandro,Ag and Food,2021,JA,a,N,0,NA,If You Build It Will it Matter? Food Stores Presence and Perceived Barriers,Applied Economic Perspectives and Policy,10.1002/aepp.13098,bonannoalessandrocv.txt,NA,NA,NA,0,0,0,0,NA,NA,0,doi:10.1002/aepp.13098,1,Active CSU affiliation
Bonanno,Alessandro,Ag and Food,2021,JA,a,Y,1,Bonanno;Cleary,School Meals and Quality of Household Food Acquisitions,Applied Economic Perspectives and Policy,10.1002/aepp.13130,bonannoalessandrocv.txt,NA,NA,NA,0,0,0,0,NA,NA,0,doi:10.1002/aepp.13130,1,Active CSU affiliation
Cleary,Rebecca,Ag and Food,2021,JA,a,Y,1,Bonanno;Cleary,School Meals and Quality of Household Food Acquisitions,Applied Economic Perspectives and Policy,10.1002/aepp.13130,clearyrebecca.txt,NA,NA,NA,0,0,0,0,NA,NA,0,doi:10.1002/aepp.13130,1,Active CSU affiliation
Delay,Nathan,Ag and Food,2022,JA,a,N,0,NA,The Impact of Crop Insurance on Farm Financial Outcomes,Applied Economic Perspectives and Policy,10.1002/aepp.13223,delaynathan.txt,NA,NA,NA,0,0,0,0,NA,NA,0,doi:10.1002/aepp.13223,1,Active CSU affiliation
Jablonski,Becca,Ag and Food,2022,JA,a,U,1,Jablonski;Thilmany,Opportunities to support beginning farmers and ranchers in the 2023 Farm Bill,Applied Economic Perspectives and Policy,10.1002/aepp.13256,thilmanydawn.txt,NA,NA,NA,0,0,0,0,NA,NA,0,doi:10.1002/aepp.13256,1,Active CSU affiliation
Thilmany,Dawn,Ag and Food,2022,JA,a,N,1,Jablonski;Thilmany,Opportunities to support beginning farmers and ranchers in the 2023 Farm Bill,Applied Economic Perspectives and Policy,10.1002/aepp.13256,thilmanydawn.txt,NA,NA,NA,0,0,0,0,NA,NA,0,doi:10.1002/aepp.13256,1,Active CSU affiliation
Berning,Joshua,Ag and Food,2023,JA,a,U,1,Berning;Bonanno;Cleary,Food Insecurity and Time Use in Elderly vs Non-Elderly,Applied Economic Perspectives and Policy,10.1002/aepp.13275,bonannoalessandrocv.txt,NA,NA,NA,0,0,0,0,NA,NA,0,doi:10.1002/aepp.13275,1,Active CSU affiliation
Bonanno,Alessandro,Ag and Food,2023,JA,a,N,1,Berning;Bonanno;Cleary,Food Insecurity and Time Use in Elderly vs Non-Elderly,Applied Economic Perspectives and Policy,10.1002/aepp.13275,bonannoalessandrocv.txt,NA,NA,NA,0,0,0,0,NA,NA,0,doi:10.1002/aepp.13275,1,Active CSU affiliation
Cleary,Rebecca,Ag and Food,2023,JA,a,U,1,Berning;Bonanno;Cleary,Food Insecurity and Time Use in Elderly vs Non-Elderly,Applied Economic Perspectives and Policy,10.1002/aepp.13275,bonannoalessandrocv.txt,NA,NA,NA,0,0,0,0,NA,NA,0,doi:10.1002/aepp.13275,1,Active CSU affiliation
Koontz,Stephen,Ag and Food,2022,JA,a,N,0,NA,Potential Beef Cattle Topics in the 2023 Farm Bill,Applied Economic Perspectives and Policy,10.1002/aepp.13302,koontzstephen.txt,NA,NA,NA,0,0,0,0,NA,NA,0,doi:10.1002/aepp.13302,1,Active CSU affiliation
Berning,Joshua,Ag and Food,2024,JA,a,U,1,Berning;Bonanno;Cleary,Disparities in Food Insecurity among Black and White Households,Applied Economic Perspectives and Policy,10.1002/aepp.13332,bonannoalessandrocv.txt,NA,NA,NA,0,0,0,0,NA,NA,0,doi:10.1002/aepp.13332,1,Active CSU affiliation
Bonanno,Alessandro,Ag and Food,2024,JA,a,N,1,Berning;Bonanno;Cleary,Disparities in Food Insecurity among Black and White Households,Applied Economic Perspectives and Policy,10.1002/aepp.13332,bonannoalessandrocv.txt,NA,NA,NA,0,0,0,0,NA,NA,0,doi:10.1002/aepp.13332,1,Active CSU affiliation
Cleary,Rebecca,Ag and Food,2024,JA,a,U,1,Berning;Bonanno;Cleary,Disparities in Food Insecurity among Black and White Households,Applied Economic Perspectives and Policy,10.1002/aepp.13332,bonannoalessandrocv.txt,NA,NA,NA,0,0,0,0,NA,NA,0,doi:10.1002/aepp.13332,1,Active CSU affiliation
Delay,Nathan,Ag and Food,2023,JA,a,N,0,NA,The Economics of Property Rights in Digital Farming Data,Applied Economic Perspectives and Policy,10.1002/aepp.13340,delaynathan.txt,NA,NA,NA,0,0,0,0,NA,NA,0,doi:10.1002/aepp.13340,1,Active CSU affiliation
Magnan,Nicholas,Ag and Food,2023,JA,a,Y,0,NA,Coping with COVID-19 Shocks in Rural Nepal,Applied Economic Perspectives and Policy,10.1002/aepp.13383,magnannicholas.txt,NA,NA,NA,0,0,0,0,NA,NA,0,doi:10.1002/aepp.13383,1,Active CSU affiliation
Thilmany,Dawn,Ag and Food,2024,JA,a,N,0,NA,Measuring the Economic Contribution of Agricultural and Applied Economics Departments,Applied Economic Perspectives and Policy,10.1002/aepp.13454,thilmanydawn.txt,NA,NA,NA,0,0,0,0,NA,NA,0,doi:10.1002/aepp.13454,1,Active CSU affiliation
Countryman,Amanda,Ag and Food,2024,JA,a,Y,0,NA,Global Economic Effects of War-Induced Agricultural Export Declines from Ukraine,Applied Economic Perspectives and Policy,10.1002/aepp.13468,countrymanamanda.txt,NA,NA,NA,0,0,0,0,NA,NA,0,doi:10.1002/aepp.13468,1,Active CSU affiliation
Countryman,Amanda,Ag and Food,2025,JA,a,Y,0,NA,U.S. Employment Exposure to Domestic and Foreign Tariff Changes under NAFTA,Applied Economic Perspectives and Policy,10.1002/aepp.13503,countrymanamanda.txt,NA,NA,NA,0,0,0,0,NA,NA,0,doi:10.1002/aepp.13503,1,Active CSU affiliation
Thilmany,Dawn,Ag and Food,2025,JA,a,Y,0,NA,Exploring the Relationship between Growth in Online Shopping and Multichannel Food Consumers,Applied Economic Perspectives and Policy,10.1002/aepp.13531,thilmanydawn.txt,NA,NA,NA,0,0,0,0,NA,NA,0,doi:10.1002/aepp.13531,1,Active CSU affiliation
Chenarides,Lauren,Ag and Food,2025,JA,a,Y,0,NA,Relationship between Knowledge and Compliance with Safety Measures: COVID-19,Applied Economic Perspectives and Policy,10.1002/aepp.70031,chenarideslauren.txt,NA,NA,NA,0,0,0,0,NA,NA,0,doi:10.1002/aepp.70031,1,Active CSU affiliation
Bayham,Jude,ENRE,2025,JA,a,Y,1,Bayham;Berning;Costanigro,Changes in Alcohol Retail Laws and Foot Traffic at Liquor Stores,Applied Economic Perspectives and Policy,10.1002/aepp.70037,costanigromarco.txt,NA,NA,NA,0,0,0,0,NA,NA,0,doi:10.1002/aepp.70037,1,Active CSU affiliation
Berning,Joshua,Ag and Food,2025,JA,a,Y,1,Bayham;Berning;Costanigro,Changes in Alcohol Retail Laws and Foot Traffic at Liquor Stores,Applied Economic Perspectives and Policy,10.1002/aepp.70037,costanigromarco.txt,NA,NA,NA,0,0,0,0,NA,NA,0,doi:10.1002/aepp.70037,1,Active CSU affiliation
Costanigro,Marco,Ag and Food,2025,JA,a,Y,1,Bayham;Berning;Costanigro,Changes in Alcohol Retail Laws and Foot Traffic at Liquor Stores,Applied Economic Perspectives and Policy,10.1002/aepp.70037,costanigromarco.txt,NA,NA,NA,0,0,0,0,NA,NA,0,doi:10.1002/aepp.70037,1,Active CSU affiliation
Countryman,Amanda,Ag and Food,2026,JA,a,Y,0,NA,Quantitative Comparison of Ad-Valorem Equivalents for Non-Tariff Trade Measures: WTO Versus TRAINS,Applied Economic Perspectives and Policy,10.1002/aepp.70039,Google Scholar,NA,NA,NA,0,0,0,0,NA,NA,1,doi:10.1002/aepp.70039,1,Active CSU affiliation
Countryman,Amanda,Ag and Food,2026,JA,a,Y,0,NA,"Livestock Tango: US and Latin America Dance Together, but Who Will Lead?",Applied Economic Perspectives and Policy,10.1002/aepp.70047,Google Scholar,NA,NA,NA,0,0,0,0,NA,NA,1,doi:10.1002/aepp.70047,1,Active CSU affiliation
Bonanno,Alessandro,Ag and Food,2021,JA,a,N,0,NA,Competitive and Welfare Effects of Private Label Presence in Differentiated Food Markets,Applied Economics,10.1080/00036846.2020.1866160,bonannoalessandrocv.txt,NA,NA,NA,0,0,0,0,NA,NA,0,doi:10.1080/00036846.2020.1866160,1,Active CSU affiliation
Thilmany,Dawn,Ag and Food,2023,JA,b,N,0,NA,Perspectives on Diversity Equity and Inclusion in the Agricultural and Applied Economics Profession,Applied Economics Teaching Resources,10.22004/ag.econ.333520,thilmanydawn.txt,NA,NA,NA,0,0,0,0,NA,NA,0,doi:10.22004/ag.econ.333520,1,Active CSU affiliation
Thilmany,Dawn,Ag and Food,2022,JA,b,N,0,NA,Agritourism Extension in the United States,Applied Economics Teaching Resources,nodoi,thilmanydawn.txt,NA,NA,NA,0,0,0,0,NA,NA,0,titleyear:agritourism extension in the united states|2022,1,Active CSU affiliation
Jablonski,Becca,Ag and Food,2021,JA,a,U,1,Jablonski;Thilmany,Novel methods for an interesting time: US local food systems impacts and initiatives to respond to COVID,Australian Journal of Agricultural and Resource Economics,10.1111/1467-8489.12456,thilmanydawn.txt,NA,NA,NA,0,0,0,0,NA,NA,0,doi:10.1111/1467-8489.12456,1,Active CSU affiliation
Thilmany,Dawn,Ag and Food,2021,JA,a,Y,1,Jablonski;Thilmany,Novel methods for an interesting time: US local food systems impacts and initiatives to respond to COVID,Australian Journal of Agricultural and Resource Economics,10.1111/1467-8489.12456,thilmanydawn.txt,NA,NA,NA,0,0,0,0,NA,NA,0,doi:10.1111/1467-8489.12456,1,Active CSU affiliation
Hoag,Dana,ENRE,2025,JA,a,N,1,Hoag;Ritten,Transdisciplinary research priorities for a One Health approach to human-wildlife coexistence,BioScience,10.1093/biosci/biaf026,hoagdana.txt,NA,NA,NA,0,0,0,0,NA,NA,0,doi:10.1093/biosci/biaf026,1,Active CSU affiliation
Ritten,John,Ag and Food,2025,JA,a,N,1,Hoag;Ritten,Transdisciplinary research priorities for a One Health approach to human-wildlife coexistence,BioScience,10.1093/biosci/biaf026,rittenjohn.txt,NA,NA,NA,0,0,0,0,NA,NA,0,doi:10.1093/biosci/biaf026,1,Active CSU affiliation
Bonanno,Alessandro,Ag and Food,2023,JA,a,N,0,NA,Geographical Indications Prices and Marketing Margins,British Food Journal,10.1108/bfj-09-2021-1000,bonannoalessandrocv.txt,NA,NA,NA,0,0,0,0,NA,NA,0,doi:10.1108/bfj-09-2021-1000,1,Active CSU affiliation
Suter,Jordan,ENRE,2021,JA,a,U,0,NA,Sociodemographic variations in indoor environmental quality and student performance,Building and Environment,10.1016/j.buildenv.2021.108390,suterjordan.txt,NA,NA,NA,0,0,0,0,NA,NA,0,doi:10.1016/j.buildenv.2021.108390,1,Active CSU affiliation
Delay,Nathan,Ag and Food,2026,JA,a,NA,0,NA,Merging rigor and relevance in grazingland research: a comprehensive social-ecological monitoring approach,Carbon Balance and Management,10.1186/s13021-026-00431-7,Google Scholar,NA,NA,NA,0,0,0,0,NA,NA,1,doi:10.1186/s13021-026-00431-7,1,Active CSU affiliation
Delay,Nathan,Ag and Food,2022,JA,b,Y,0,NA,Opportunities and Challenges Associated with Carbon Farming for US Row-Crop Producers,Choices,10.22004/ag.econ.329528,delaynathan.txt,NA,NA,NA,0,0,0,0,NA,NA,0,doi:10.22004/ag.econ.329528,1,Active CSU affiliation
Countryman,Amanda,Ag and Food,2024,JA,b,Y,0,NA,U.S. Meat Export Potential in ASEAN,Choices,10.22004/ag.econ.344756,countrymanamanda.txt,NA,NA,NA,0,0,0,0,NA,NA,0,doi:10.22004/ag.econ.344756,1,Active CSU affiliation
Countryman,Amanda,Ag and Food,2024,JA,b,Y,0,NA,U.S. Soy Exports Could Crush it in ASEAN,Choices,10.22004/ag.econ.344758,countrymanamanda.txt,NA,NA,NA,0,0,0,0,NA,NA,0,doi:10.22004/ag.econ.344758,1,Active CSU affiliation
Mooney,Daniel,Ag and Food,2024,JA,b,N,0,NA,Agricultural Producer Decision Making around Water Conservation in the Upper Colorado River Basin,Choices,10.22004/ag.econ.348009,mooneydaniel.txt,NA,NA,NA,0,0,0,0,NA,NA,0,doi:10.22004/ag.econ.348009,1,Active CSU affiliation
Chenarides,Lauren,Ag and Food,2024,JA,b,N,0,NA,Grand Challenge: Safe Affordable Accessible and Acceptable Food,Choices,10.22004/ag.econ.348931,chenarideslauren.txt,NA,NA,NA,0,0,0,0,NA,NA,0,doi:10.22004/ag.econ.348931,1,Active CSU affiliation
Chenarides,Lauren,Ag and Food,2024,JA,b,Y,0,NA,Consumer Spending on Plant-Based Meat Alternatives,Choices,10.22004/ag.econ.352133,chenarideslauren.txt,NA,NA,NA,0,0,0,0,NA,NA,0,doi:10.22004/ag.econ.352133,1,Active CSU affiliation
Chenarides,Lauren,Ag and Food,2024,JA,b,N,0,NA,An Outlook on Evidence-Based Policymaking,Choices,nodoi,chenarideslauren.txt,NA,NA,NA,0,0,0,0,NA,NA,0,titleyear:an outlook on evidence based policymaking|2024,1,Active CSU affiliation
Kroll,Stephan,ENRE,2021,JA,a,N,0,NA,Does Solar Geoengineering Crowd Out Climate Change Mitigation Efforts,Climatic Change,10.1007/s10584-021-03009-z,krollstephan.txt,NA,NA,NA,0,0,0,0,NA,NA,0,doi:10.1007/s10584-021-03009-z,1,Active CSU affiliation
Goemans,Chris,ENRE,2021,JA,a,N,1,Goemans;Manning;Suter,Changing climate changing minds? Effects of natural disasters on public perceptions,Climatic Change,10.1007/s10584-022-03441-9,goemanschris.txt,NA,NA,NA,0,0,0,0,NA,NA,0,doi:10.1007/s10584-022-03441-9,1,Active CSU affiliation
Manning,Dale,ENRE,2021,JA,a,N,1,Goemans;Manning;Suter,Changing climate changing minds? Effects of natural disasters on public perceptions,Climatic Change,10.1007/s10584-022-03441-9,manningdale.txt,NA,NA,NA,0,0,0,0,NA,NA,0,doi:10.1007/s10584-022-03441-9,1,Active CSU affiliation
Suter,Jordan,ENRE,2021,JA,a,U,1,Goemans;Manning;Suter,Changing climate changing minds? Effects of natural disasters on public perceptions,Climatic Change,10.1007/s10584-022-03441-9,suterjordan.txt,NA,NA,NA,0,0,0,0,NA,NA,0,doi:10.1007/s10584-022-03441-9,1,Active CSU affiliation
Kroll,Stephan,ENRE,2023,JA,a,N,0,NA,Climate Cooperation with Risky Solar Geoengineering,Climatic Change,10.1007/s10584-023-03612-2,krollstephan.txt,NA,NA,NA,0,0,0,0,NA,NA,0,doi:10.1007/s10584-023-03612-2,1,Active CSU affiliation
Hoag,Dana,ENRE,2026,JA,a,N,0,NA,Toward Coexistence: A Psychometric Framework for Large Carnivore Conservation.,Conservation Biology,10.1111/cobi.70326,Google Scholar,NA,NA,NA,0,0,0,0,NA,NA,1,doi:10.1111/cobi.70326,1,Active CSU affiliation
Seidl,Andrew,ENRE,2023,JA,a,N,0,NA,Essential planetary health workers: Positioning rangers within global policy,Conservation Letters,10.1111/conl.12955,seidlandrew.txt,NA,NA,NA,0,0,0,0,NA,NA,0,doi:10.1111/conl.12955,1,Active CSU affiliation
Hoag,Dana,ENRE,2022,JA,a,N,0,NA,Rapid changes in public perception toward wolves,Conservation Science,10.1111/csp2.12632,hoagdana.txt,NA,NA,NA,0,0,0,0,NA,NA,0,doi:10.1111/csp2.12632,1,Active CSU affiliation
Seidl,Andrew,ENRE,2024,JA,a,N,0,NA,Cost-benefit analysis as a decision tool for conservation planning: Nyerere-Selous-Udzungwa Corridor,Conservation Science and Practice,10.1111/csp2.13273,seidlandrew.txt,NA,NA,NA,0,0,0,0,NA,NA,0,doi:10.1111/csp2.13273,1,Active CSU affiliation
Burkhardt,Jesse,ENRE,2022,JA,a,N,1,Burkhardt;Manning,The Local Effects of Federal Law Enforcement Policies: Sanctuary Jurisdictions and Crime,Contemporary Economic Policy,10.1111/coep.12564,burkhardtjesse.txt,NA,NA,NA,0,0,0,0,NA,NA,0,doi:10.1111/coep.12564,1,Active CSU affiliation
Manning,Dale,ENRE,2022,JA,a,N,1,Burkhardt;Manning,The Local Effects of Federal Law Enforcement Policies: Sanctuary Jurisdictions and Crime,Contemporary Economic Policy,10.1111/coep.12564,manningdale.txt,NA,NA,NA,0,0,0,0,NA,NA,0,doi:10.1111/coep.12564,1,Active CSU affiliation
Ritten,John,Ag and Food,2025,JA,a,Y,0,NA,Alfalfa Harvest Timing Impacts on Alfalfa Weevil with Agronomic and Economic Contexts,Crop Production,10.1016/j.cropro.2025.107134,rittenjohn.txt,NA,NA,NA,0,0,0,0,NA,NA,0,doi:10.1016/j.cropro.2025.107134,1,Active CSU affiliation
Bonanno,Alessandro,Ag and Food,2023,JA,a,U,1,Bonanno;Cleary;Jablonski,The Influence of Food Assistance Program Participation on Home Food Environment,Current Developments in Nutrition,10.1016/j.cdnut.2023.100292,clearyrebecca.txt,NA,NA,NA,0,0,0,0,NA,NA,0,doi:10.1016/j.cdnut.2023.100292,1,Active CSU affiliation
Cleary,Rebecca,Ag and Food,2023,JA,a,Y,1,Bonanno;Cleary;Jablonski,The Influence of Food Assistance Program Participation on Home Food Environment,Current Developments in Nutrition,10.1016/j.cdnut.2023.100292,clearyrebecca.txt,NA,NA,NA,0,0,0,0,NA,NA,0,doi:10.1016/j.cdnut.2023.100292,1,Active CSU affiliation
Jablonski,Becca,Ag and Food,2023,JA,a,U,1,Bonanno;Cleary;Jablonski,The Influence of Food Assistance Program Participation on Home Food Environment,Current Developments in Nutrition,10.1016/j.cdnut.2023.100292,clearyrebecca.txt,NA,NA,NA,0,0,0,0,NA,NA,0,doi:10.1016/j.cdnut.2023.100292,1,Active CSU affiliation
Jablonski,Becca,Ag and Food,2024,JA,a,U,1,Jablonski;Thilmany,Building Representative State Groupings in an Input-Output Model for Nutrition Incentive Programs,Economic Development Quarterly,10.1177/08912424241282425,thilmanydawn.txt,NA,NA,NA,0,0,0,0,NA,NA,0,doi:10.1177/08912424241282425,1,Active CSU affiliation
Thilmany,Dawn,Ag and Food,2024,JA,a,N,1,Jablonski;Thilmany,Building Representative State Groupings in an Input-Output Model for Nutrition Incentive Programs,Economic Development Quarterly,10.1177/08912424241282425,thilmanydawn.txt,NA,NA,NA,0,0,0,0,NA,NA,0,doi:10.1177/08912424241282425,1,Active CSU affiliation
Mooney,Daniel,Ag and Food,2025,JA,a,N,0,NA,Synergies and trade-offs between ecosystem services and economics in dryland cover crop systems,Ecosphere,10.1002/ecs2.70397,mooneydaniel.txt,NA,NA,NA,0,0,0,0,NA,NA,0,doi:10.1002/ecs2.70397,1,Active CSU affiliation
Seidl,Andrew,ENRE,2021,JA,a,N,0,NA,Finance for Nature: Bridging the blue-green investment gap,Ecosystem Services,10.1016/j.ecoser.2021.101351,seidlandrew.txt,NA,NA,NA,0,0,0,0,NA,NA,0,doi:10.1016/j.ecoser.2021.101351,1,Active CSU affiliation
Seidl,Andrew,ENRE,2024,JA,a,N,0,NA,Investing in the wealth of nature through biodiversity and ecosystem services finance solutions,Ecosystem Services,10.1016/j.ecoser.2024.101601,seidlandrew.txt,NA,NA,NA,0,0,0,0,NA,NA,0,doi:10.1016/j.ecoser.2024.101601,1,Active CSU affiliation
Bayham,Jude,ENRE,2021,JA,a,N,0,NA,Estimating the Impact of Statewide Policies to Reduce Spread of SARS-CoV-2,Emerging Infectious Diseases,10.3201/eid2709.204167,bayhamjude.txt,NA,NA,NA,0,0,0,0,NA,NA,0,doi:10.3201/eid2709.204167,1,Active CSU affiliation
Cleary,Rebecca,Ag and Food,2022,JA,a,N,0,NA,Strategic Supermarket Pricing of Private Labels and Manufacturer Brands,Empirical Economics,10.1007/s00181-021-02123-2,clearyrebecca.txt,NA,NA,NA,0,0,0,0,NA,NA,0,doi:10.1007/s00181-021-02123-2,1,Active CSU affiliation
Woerman,Matt,ENRE,2025,JA,a,N,0,NA,Intermittency and uncertainty in wind and solar energy: Impacts on the French electricity market,Energy Economics,10.1016/j.eneco.2024.108176,woermanmatt.txt,NA,NA,NA,0,0,0,0,NA,NA,0,doi:10.1016/j.eneco.2024.108176,1,Active CSU affiliation
Woerman,Matt,ENRE,2025,JA,a,N,0,NA,Residential demand for energy in light of changing solar prices,Energy Economics,10.1016/j.eneco.2025.108351,woermanmatt.txt,NA,NA,NA,0,0,0,0,NA,NA,0,doi:10.1016/j.eneco.2025.108351,1,Active CSU affiliation
Suter,Jordan,ENRE,2022,JA,a,U,0,NA,Lottery Incentives and Resource Management: Evidence from AgDRIP,Environmental and Resource Economics,10.1007/s10640-022-00690-1,suterjordan.txt,NA,NA,NA,0,0,0,0,NA,NA,0,doi:10.1007/s10640-022-00690-1,1,Active CSU affiliation
Kroll,Stephan,ENRE,2024,JA,a,N,0,NA,Solar Geoengineering Free-Driving and Conflict: An Experimental Investigation,Environmental and Resource Economics,10.1007/s10640-024-00854-1,krollstephan.txt,NA,NA,NA,0,0,0,0,NA,NA,0,doi:10.1007/s10640-024-00854-1,1,Active CSU affiliation
Kroll,Stephan,ENRE,2026,JA,a,NA,0,NA,Climate Intervention and Mitigation: Strategic Responses to Technological Advances in Solar Geoengineering,Environmental and Resource Economics,10.1007/s10640-026-01072-7,Google Scholar,NA,NA,NA,0,0,0,0,NA,NA,1,doi:10.1007/s10640-026-01072-7,1,Active CSU affiliation
Kroll,Stephan,ENRE,2023,JA,a,N,0,NA,Climate Cooperation in the Shadow of Solar Geoengineering: Moral Hazard Conjecture,Environmental Politics,10.1080/09644016.2022.2066285,krollstephan.txt,NA,NA,NA,0,0,0,0,NA,NA,0,doi:10.1080/09644016.2022.2066285,1,Active CSU affiliation
Ritten,John,Ag and Food,2024,JA,a,N,0,NA,Net Zero Initiative in US Beef and Dairy Systems,Environmental Research Communications,10.1088/2515-7620/ad82b5,rittenjohn.txt,NA,NA,NA,0,0,0,0,NA,NA,0,doi:10.1088/2515-7620/ad82b5,1,Active CSU affiliation
Bayham,Jude,ENRE,2025,JA,a,U,1,Bayham;Goemans;Suter,Inland flooding in the United States: a review,Environmental Research Letters,10.1088/1748-9326/add35e,suterjordan.txt,NA,NA,NA,0,0,0,0,NA,NA,0,doi:10.1088/1748-9326/add35e,1,Active CSU affiliation
Goemans,Chris,ENRE,2025,JA,a,Y,1,Bayham;Goemans;Suter,Inland flooding in the United States: a review,Environmental Research Letters,10.1088/1748-9326/add35e,goemanschris.txt,NA,NA,NA,0,0,0,0,NA,NA,0,doi:10.1088/1748-9326/add35e,1,Active CSU affiliation
Suter,Jordan,ENRE,2025,JA,a,Y,1,Bayham;Goemans;Suter,Inland flooding in the United States: a review,Environmental Research Letters,10.1088/1748-9326/add35e,suterjordan.txt,NA,NA,NA,0,0,0,0,NA,NA,0,doi:10.1088/1748-9326/add35e,1,Active CSU affiliation
Bayham,Jude,ENRE,2022,JA,a,N,1,Bayham;Burkhardt,Outside in: indoor and outdoor particulate air quality during wildfire smoke events,Environmental Research: Health,10.1088/2752-5309/ac7d69,bayhamjude.txt,NA,NA,NA,0,0,0,0,NA,NA,0,doi:10.1088/2752-5309/ac7d69,1,Active CSU affiliation
Burkhardt,Jesse,ENRE,2022,JA,a,N,1,Bayham;Burkhardt,Outside in: indoor and outdoor particulate air quality during wildfire smoke events,Environmental Research: Health,10.1088/2752-5309/ac7d69,burkhardtjesse.txt,NA,NA,NA,0,0,0,0,NA,NA,0,doi:10.1088/2752-5309/ac7d69,1,Active CSU affiliation
Goemans,Chris,ENRE,2021,JA,a,U,1,Goemans;Kroll,Learning to Accept Welfare-Enhancing Policies: Congestion Pricing,Experimental Economics,10.1007/s10683-020-09650-2,krollstephan.txt,NA,NA,NA,0,0,0,0,NA,NA,0,doi:10.1007/s10683-020-09650-2,1,Active CSU affiliation
Kroll,Stephan,ENRE,2021,JA,a,N,1,Goemans;Kroll,Learning to Accept Welfare-Enhancing Policies: Congestion Pricing,Experimental Economics,10.1007/s10683-020-09650-2,krollstephan.txt,NA,NA,NA,0,0,0,0,NA,NA,0,doi:10.1007/s10683-020-09650-2,1,Active CSU affiliation
Countryman,Amanda,Ag and Food,2025,JA,b,U,0,NA,Addressing retail meat waste: a focus group study on discolored beef,Food and Humanity,10.1016/j.foohum.2025.100639,countrymanamanda.txt,NA,NA,NA,0,0,0,0,NA,NA,0,doi:10.1016/j.foohum.2025.100639,1,Active CSU affiliation
Magnan,Nicholas,Ag and Food,2026,JA,a,Y,0,NA,Fungal ecology and postharvest factors driving aflatoxin contamination in Ghanaian groundnuts,Food Control,10.1016/j.foodcont.2025.111582,magnannicholas.txt,NA,NA,NA,0,0,0,0,NA,NA,1,doi:10.1016/j.foodcont.2025.111582,1,Active CSU affiliation
Bonanno,Alessandro,Ag and Food,2021,JA,a,N,0,NA,Too Cool for Farm to School? Determinants of Farm to School Programming Continuation,Food Policy,10.1016/j.foodpol.2021.102045,bonannoalessandrocv.txt,NA,NA,NA,0,0,0,0,NA,NA,0,doi:10.1016/j.foodpol.2021.102045,1,Active CSU affiliation
Bonanno,Alessandro,Ag and Food,2021,JA,a,N,1,Bonanno;Jablonski,Measuring stocks of community wealth and its association with food systems efforts,Food Policy,10.1016/j.foodpol.2021.102119,bonannoalessandrocv.txt,NA,NA,NA,0,0,0,0,NA,NA,0,doi:10.1016/j.foodpol.2021.102119,1,Active CSU affiliation
Jablonski,Becca,Ag and Food,2021,JA,a,U,1,Bonanno;Jablonski,Measuring stocks of community wealth and its association with food systems efforts,Food Policy,10.1016/j.foodpol.2021.102119,bonannoalessandrocv.txt,NA,NA,NA,0,0,0,0,NA,NA,0,doi:10.1016/j.foodpol.2021.102119,1,Active CSU affiliation
Suter,Jordan,ENRE,2024,JA,a,U,0,NA,Measuring changes in pork demand and welfare effects of African swine fever,Food Policy,10.1016/j.foodpol.2024.102672,suterjordan.txt,NA,NA,NA,0,0,0,0,NA,NA,0,doi:10.1016/j.foodpol.2024.102672,1,Active CSU affiliation
Thilmany,Dawn,Ag and Food,2024,JA,a,N,0,NA,A comment on USDA Food Business Centers: Collaborations to nurture innovation,Food Policy,10.1016/j.foodpol.2024.102727,thilmanydawn.txt,NA,NA,NA,0,0,0,0,NA,NA,0,doi:10.1016/j.foodpol.2024.102727,1,Active CSU affiliation
Costanigro,Marco,Ag and Food,2025,JA,a,N,0,NA,The Information Value of Geographical Indications,Food Policy,10.1016/j.foodpol.2024.102769,costanigromarco.txt,NA,NA,NA,0,0,0,0,NA,NA,0,doi:10.1016/j.foodpol.2024.102769,1,Active CSU affiliation
Chenarides,Lauren,Ag and Food,2025,JA,a,N,0,NA,Dollar-Store Impact on Local Labor Markets and Retail Activity,Food Policy,10.1016/j.foodpol.2025.102827,chenarideslauren.txt,NA,NA,NA,0,0,0,0,NA,NA,0,doi:10.1016/j.foodpol.2025.102827,1,Active CSU affiliation
Chenarides,Lauren,Ag and Food,2025,JA,a,N,0,NA,A Review of Data Linkages for Policy-Informing Research in Food and Ag Economics,Food Policy,10.1016/j.foodpol.2025.102996,chenarideslauren.txt,NA,NA,NA,0,0,0,0,NA,NA,0,doi:10.1016/j.foodpol.2025.102996,1,Active CSU affiliation
Berning,Joshua,Ag and Food,2023,JA,a,N,1,Berning;Cleary,Food Insecurity Among Immigrant Populations in the United States,Food Security,10.1007/s12571-022-01322-8,berningjoshua.txt,NA,NA,NA,0,0,0,0,NA,NA,0,doi:10.1007/s12571-022-01322-8,1,Active CSU affiliation
Cleary,Rebecca,Ag and Food,2023,JA,a,N,1,Berning;Cleary,Food Insecurity Among Immigrant Populations in the United States,Food Security,10.1007/s12571-022-01322-8,clearyrebecca.txt,NA,NA,NA,0,0,0,0,NA,NA,0,doi:10.1007/s12571-022-01322-8,1,Active CSU affiliation
Hoag,Dana,ENRE,2024,JA,b,N,0,NA,Bilateral trade welfare impacts of India’s export ban of non-basmati rice using the Global Partial Equilibrium Simulation Model (GSIM),Foods,10.3390/foods13193124,Google Scholar,NA,NA,NA,0,0,0,0,NA,NA,0,doi:10.3390/foods13193124,1,Active CSU affiliation
Magnan,Nicholas,Ag and Food,2023,JA,a,Y,0,NA,A Spatial Dependent Approach to Assessing Impacts of Sustainable Forestry Initiative Certification,Forest Policy and Economics,10.1016/j.forpol.2023.103071,magnannicholas.txt,NA,NA,NA,0,0,0,0,NA,NA,0,doi:10.1016/j.forpol.2023.103071,1,Active CSU affiliation
Bayham,Jude,ENRE,2024,JA,a,N,0,NA,Retention of Highly Qualified Wildland Firefighters in the Western US,Forest Policy and Economics,10.1016/j.forpol.2023.103115,bayhamjude.txt,NA,NA,NA,0,0,0,0,NA,NA,0,doi:10.1016/j.forpol.2023.103115,1,Active CSU affiliation
Van Sandt,Anders,Ag and Food,2025,JA,a,N,0,NA,Unwinding the Spiral of Silence in Rural America,Frontiers in Climate,10.3389/fclim.2025.1398452,vansandtanders.txt,NA,NA,NA,0,0,0,0,NA,NA,0,doi:10.3389/fclim.2025.1398452,1,Active CSU affiliation
Delay,Nathan,Ag and Food,2025,JA,a,N,1,Delay;Ritten,Incorporating Virtual Fencing to Manage Yearling Steers on Extensive Rangelands,Frontiers in Veterinary Science,10.3389/fvets.2025.1637190,delaynathan.txt,NA,NA,NA,0,0,0,0,NA,NA,0,doi:10.3389/fvets.2025.1637190,1,Active CSU affiliation
Ritten,John,Ag and Food,2025,JA,a,N,1,Delay;Ritten,Incorporating Virtual Fencing to Manage Yearling Steers on Extensive Rangelands,Frontiers in Veterinary Science,10.3389/fvets.2025.1637190,rittenjohn.txt,NA,NA,NA,0,0,0,0,NA,NA,0,doi:10.3389/fvets.2025.1637190,1,Active CSU affiliation
Countryman,Amanda,Ag and Food,2025,JA,a,Y,0,NA,Potential economy-wide impacts of an African swine fever outbreak in the United States,Frontiers in Veterinary Science,10.3389/fvets.2026.1752899,Google Scholar,NA,NA,NA,0,0,0,0,NA,NA,0,doi:10.3389/fvets.2026.1752899,1,Active CSU affiliation
Bayham,Jude,ENRE,2021,JA,b,N,0,NA,Time Reallocation and the Cost and Benefit of School Closures During an Epidemic,Frontiers of Economics in China,10.54605/fec20210204,bayhamjude.txt,NA,NA,NA,0,0,0,0,NA,NA,0,doi:10.54605/fec20210204,1,Active CSU affiliation
Bayham,Jude,ENRE,2022,JA,a,N,0,NA,The Unintended Benefits of the Conservation Reserve Program for Air Quality,GeoHealth,10.1029/2022gh000648,bayhamjude.txt,NA,NA,NA,0,0,0,0,NA,NA,0,doi:10.1029/2022gh000648,1,Active CSU affiliation
Burkhardt,Jesse,ENRE,2026,JA,a,NA,0,NA,Soil Organic Carbon Improves Crop Yield and Yield Resilience,Global Change Biology,10.1111/gcb.70909,Google Scholar,NA,NA,NA,0,0,0,0,NA,NA,1,doi:10.1111/gcb.70909,1,Active CSU affiliation
Burkhardt,Jesse,ENRE,2023,JA,a,N,1,Burkhardt;Hoag,Willingness to pay for reintroducing wolves in a divided voting base,Global Ecology and Conservation,10.1016/j.gecco.2023.e02576,burkhardtjesse.txt,NA,NA,NA,0,0,0,0,NA,NA,0,doi:10.1016/j.gecco.2023.e02576,1,Active CSU affiliation
Hoag,Dana,ENRE,2023,JA,a,N,1,Burkhardt;Hoag,Willingness to pay for reintroducing wolves in a divided voting base,Global Ecology and Conservation,10.1016/j.gecco.2023.e02576,hoagdana.txt,NA,NA,NA,0,0,0,0,NA,NA,0,doi:10.1016/j.gecco.2023.e02576,1,Active CSU affiliation
Ritten,John,Ag and Food,2025,JA,a,N,0,NA,Context is Key to Understand and Improve Livestock Production Systems,Global Food Security,10.1016/j.gfs.2025.100840,rittenjohn.txt,NA,NA,NA,0,0,0,0,NA,NA,0,doi:10.1016/j.gfs.2025.100840,1,Active CSU affiliation
Chenarides,Lauren,Ag and Food,2024,JA,b,N,0,NA,Creating Engagements: Bringing the user into Data Democratization,Harvard Data Science Review,10.1162/99608f92.24c26aa9,chenarideslauren.txt,NA,NA,NA,0,0,0,0,NA,NA,0,doi:10.1162/99608f92.24c26aa9,1,Active CSU affiliation
Berning,Joshua,Ag and Food,2021,JA,b,N,0,NA,GMO Turfgrass Introduction to the Market,HortScience,10.21273/hortsci15871-21,berningjoshua.txt,NA,NA,NA,0,0,0,0,NA,NA,0,doi:10.21273/hortsci15871-21,1,Active CSU affiliation
Hoag,Dana,ENRE,2025,JA,a,N,0,NA,US livestock producer interest in alternatives to compensation programs for wolf depredation,Human Dimensions of Wildlife,10.1080/10871209.2024.2414880,Google Scholar,NA,NA,NA,0,0,0,0,NA,NA,0,doi:10.1080/10871209.2024.2414880,1,Active CSU affiliation
Delay,Nathan,Ag and Food,2021,JA,a,N,0,NA,LATTICE: Machine Learning Data Engineering and Policy for Digital Agriculture,IEEE Open Journal of the Computer Society,10.1109/OJCS.2021.3085846,delaynathan.txt,NA,NA,NA,0,0,0,0,NA,NA,0,doi:10.1109/ojcs.2021.3085846,1,Active CSU affiliation
Bayham,Jude,ENRE,2022,JA,a,N,0,NA,Model-Based Evaluation of Policy Impacts and COVID-19 Risk at Long Term Care Facilities,Infectious Disease Modelling,10.1016/j.idm.2022.07.003,bayhamjude.txt,NA,NA,NA,0,0,0,0,NA,NA,0,doi:10.1016/j.idm.2022.07.003,1,Active CSU affiliation
Chenarides,Lauren,Ag and Food,2025,JA,a,N,0,NA,Machine learning in applied economics and agribusiness,International Food and Agribusiness Management Review,10.22434/ifamr.0001,chenarideslauren.txt,NA,NA,NA,0,0,0,0,NA,NA,0,doi:10.22434/ifamr.0001,1,Active CSU affiliation
Cleary,Rebecca,Ag and Food,2022,JA,a,N,0,NA,Facility Locations in the Fresh Produce Supply Chain,International Journal of Production Economics,10.1016/j.ijpe.2022.108534,clearyrebecca.txt,NA,NA,NA,0,0,0,0,NA,NA,0,doi:10.1016/j.ijpe.2022.108534,1,Active CSU affiliation
Ritten,John,Ag and Food,2023,JA,a,Y,0,NA,A ranching economic analysis of ventenata control in northeast Wyoming,Invasive Plant Science and Management,10.1017/inp.2023.8,rittenjohn.txt,NA,NA,NA,0,0,0,0,NA,NA,0,doi:10.1017/inp.2023.8,1,Active CSU affiliation
Hoag,Dana,ENRE,2026,JA,b,N,0,NA,Stochastic Risk and Economic Analyses of Hydroponic Systems for Vegetable Production under Arid Lands Conditions,J. Agricultural and Environmental Information Systems,nodoi,Google Scholar,NA,NA,NA,0,0,0,0,NA,NA,1,titleyear:stochastic risk and economic analyses of hydroponic systems |2026,1,Active CSU affiliation
Mooney,Daniel,Ag and Food,2025,JA,b,N,0,NA,Hemp Farming and Credit Access in the United States,Journal of Agribusiness,10.22004/ag.econ.387628,mooneydaniel.txt,NA,NA,NA,0,0,0,0,NA,NA,0,doi:10.22004/ag.econ.387628,1,Active CSU affiliation
Mooney,Daniel,Ag and Food,2023,JA,a,Y,0,NA,Comparative Profitability of Irrigated Cropping Activities for Temporary Water Transfers,Journal of Agricultural and Resource Economics,10.22004/ag.econ.320671,mooneydaniel.txt,NA,NA,NA,0,0,0,0,NA,NA,0,doi:10.22004/ag.econ.320671,1,Active CSU affiliation
Bonanno,Alessandro,Ag and Food,2023,JA,a,N,0,NA,I say Milk you say Mylk: Demand separability and substitution in a broadened milk category,Journal of Agricultural and Resource Economics,10.22004/ag.econ.320675,bonannoalessandrocv.txt,NA,NA,NA,0,0,0,0,NA,NA,0,doi:10.22004/ag.econ.320675,1,Active CSU affiliation
Bayham,Jude,ENRE,2023,JA,a,N,1,Bayham;Suter,Reductions in National Forest Campground Reservation Demand from Wildfire,Journal of Agricultural and Resource Economics,10.22004/ag.econ.322851,bayhamjude.txt,NA,NA,NA,0,0,0,0,NA,NA,0,doi:10.22004/ag.econ.322851,1,Active CSU affiliation
Suter,Jordan,ENRE,2023,JA,a,N,1,Bayham;Suter,Reductions in National Forest Campground Reservation Demand from Wildfire,Journal of Agricultural and Resource Economics,10.22004/ag.econ.322851,suterjordan.txt,NA,NA,NA,0,0,0,0,NA,NA,0,doi:10.22004/ag.econ.322851,1,Active CSU affiliation
Countryman,Amanda,Ag and Food,2024,JA,a,Y,0,NA,Economy-Wide Effects of Bovine Spongiform Encephalopathy in Brazil,Journal of Agricultural and Resource Economics,10.22004/ag.econ.342181,countrymanamanda.txt,NA,NA,NA,0,0,0,0,NA,NA,0,doi:10.22004/ag.econ.342181,1,Active CSU affiliation
Cleary,Rebecca,Ag and Food,2024,JA,a,N,0,NA,Health News Environment and the Distribution of Diet Quality,Journal of Agricultural and Resource Economics,10.22004/ag.econ.342182,clearyrebecca.txt,NA,NA,NA,0,0,0,0,NA,NA,0,doi:10.22004/ag.econ.342182,1,Active CSU affiliation
Delay,Nathan,Ag and Food,2025,JA,a,N,1,Delay;Mooney;Ritten,Climate and Consolidation in the US Beef Cow Sector,Journal of Agricultural and Resource Economics,10.22004/ag.econ.344684,delaynathan.txt,NA,NA,NA,0,0,0,0,NA,NA,0,doi:10.22004/ag.econ.344684,1,Active CSU affiliation
Mooney,Daniel,Ag and Food,2025,JA,a,N,1,Delay;Mooney;Ritten,Climate and Consolidation in the US Beef Cow Sector,Journal of Agricultural and Resource Economics,10.22004/ag.econ.344684,mooneydaniel.txt,NA,NA,NA,0,0,0,0,NA,NA,0,doi:10.22004/ag.econ.344684,1,Active CSU affiliation
Ritten,John,Ag and Food,2025,JA,a,N,1,Delay;Mooney;Ritten,Climate and Consolidation in the US Beef Cow Sector,Journal of Agricultural and Resource Economics,10.22004/ag.econ.344684,rittenjohn.txt,NA,NA,NA,0,0,0,0,NA,NA,0,doi:10.22004/ag.econ.344684,1,Active CSU affiliation
Delay,Nathan,Ag and Food,2022,JA,a,N,0,NA,Precision Agriculture Adoption and Technical Efficiency,Journal of Agricultural Economics,10.1111/1477-9552.12440,delaynathan.txt,NA,NA,NA,0,0,0,0,NA,NA,0,doi:10.1111/1477-9552.12440,1,Active CSU affiliation
Enns,Kellie,Ag Ed,2022,JA,b,N,0,NA,Agrarianism in Agricultural Education: A Narrative Study,Journal of Agricultural Education,10.5032/jae.2022.03135,ennskellie.txt,NA,NA,NA,0,0,0,0,NA,NA,0,doi:10.5032/jae.2022.03135,1,Active CSU affiliation
Bennett,Jenny,Ag Ed,2025,JA,b,N,0,NA,Understanding Barriers to SAE Implementation and Professional Development Needs,Journal of Agricultural Education,10.5032/jae.v66i4.3220,bennettjenny.txt,NA,NA,NA,0,0,0,0,NA,NA,0,doi:10.5032/jae.v66i4.3220,1,Active CSU affiliation
Bennett,Jenny,Ag Ed,2026,JA,b,U,1,Bennett;Clark;Enns,Investigating the Sources and Influences Shaping Pedagogical Content Knowledge,Journal of Agricultural Education,10.5032/jae.v67i1.3218,clarknathan.txt,NA,NA,NA,0,0,0,0,NA,NA,1,doi:10.5032/jae.v67i1.3218,1,Active CSU affiliation
Clark,Nathan,Ag Ed,2026,JA,b,N,1,Bennett;Clark;Enns,Investigating the Sources and Influences Shaping Pedagogical Content Knowledge,Journal of Agricultural Education,10.5032/jae.v67i1.3218,clarknathan.txt,NA,NA,NA,0,0,0,0,NA,NA,1,doi:10.5032/jae.v67i1.3218,1,Active CSU affiliation
Enns,Kellie,Ag Ed,2026,JA,b,U,1,Bennett;Clark;Enns,Investigating the Sources and Influences Shaping Pedagogical Content Knowledge,Journal of Agricultural Education,10.5032/jae.v67i1.3218,clarknathan.txt,NA,NA,NA,0,0,0,0,NA,NA,1,doi:10.5032/jae.v67i1.3218,1,Active CSU affiliation
Hill,Alexandra,Ag and Food,2022,JA,a,N,0,NA,Estimating the Nonfatal Injury Undercount in Agriculture from 2004-2019,Journal of Agricultural Safety and Health,10.13031/jash.15039,hillalexandra.txt,NA,NA,NA,0,0,0,0,NA,NA,0,doi:10.13031/jash.15039,1,Active CSU affiliation
Mooney,Daniel,Ag and Food,2021,JA,a,Y,0,NA,Evaluation of Biological and Economic Efficiency of the All Heifer No Cow Beef Production System,Journal of Animal Science,10.1093/jas/skaa405,mooneydaniel.txt,NA,NA,NA,0,0,0,0,NA,NA,0,doi:10.1093/jas/skaa405,1,Active CSU affiliation
Enns,Kellie,Ag Ed,2025,JA,a,U,1,Enns;Ritten,Evaluation of cattle sub-species and growth-promoting technology on growth performance,Journal of Animal Science,10.1093/jas/skaf322,rittenjohn.txt,NA,NA,NA,0,0,0,0,NA,NA,0,doi:10.1093/jas/skaf322,1,Active CSU affiliation
Ritten,John,Ag and Food,2025,JA,a,N,1,Enns;Ritten,Evaluation of cattle sub-species and growth-promoting technology on growth performance,Journal of Animal Science,10.1093/jas/skaf322,rittenjohn.txt,NA,NA,NA,0,0,0,0,NA,NA,0,doi:10.1093/jas/skaf322,1,Active CSU affiliation
Ritten,John,Ag and Food,2025,JA,a,NA,0,NA,"Evaluation of cattle sub-species and growth-promoting technology on growth performance, carcass characteristics, and enteric gas flux of steers finished in winter feedlot conditions",Journal of Animal Science,10.1093/jas/skaf448,Google Scholar,NA,NA,NA,0,0,0,0,NA,NA,0,doi:10.1093/jas/skaf448,1,Active CSU affiliation
Suter,Jordan,ENRE,2025,JA,a,N,0,NA,Time pressure and motivated delay effects on sanctioning in a social dilemma,Journal of Behavioral and Experimental Economics,10.1016/j.socec.2025.102403,suterjordan.txt,NA,NA,NA,0,0,0,0,NA,NA,0,doi:10.1016/j.socec.2025.102403,1,Active CSU affiliation
Burkhardt,Jesse,ENRE,2023,JA,a,N,0,NA,Sustainability of lettuce production: local and centralized food production,Journal of Cleaner Production,10.1016/j.jclepro.2023.139224,burkhardtjesse.txt,NA,NA,NA,0,0,0,0,NA,NA,0,doi:10.1016/j.jclepro.2023.139224,1,Active CSU affiliation
Hoag,Dana,ENRE,2025,JA,a,N,0,NA,Life cycle assessment of open and closed hydroponic systems for vegetable production,Journal of Cleaner Production,10.1016/j.jclepro.2025.146920,hoagdana.txt,NA,NA,NA,0,0,0,0,NA,NA,0,doi:10.1016/j.jclepro.2025.146920,1,Active CSU affiliation
Delay,Nathan,Ag and Food,2026,JA,a,NA,0,NA,Integrating automated body condition scores and lactation data via optimization algorithms for maximized milk revenue and minimized cost of delayed conception in dairy cows,Journal of Dairy Science,10.3168/jds.2025-28132,Google Scholar,NA,NA,NA,0,0,0,0,NA,NA,1,doi:10.3168/jds.2025-28132,1,Active CSU affiliation
Magnan,Nicholas,Ag and Food,2021,JA,a,Y,0,NA,Information Technology and Market Rewards: Incentivizing Aflatoxin Control in Ghana,Journal of Development Economics,10.1016/j.jdeveco.2020.102620,magnannicholas.txt,NA,NA,NA,0,0,0,0,NA,NA,0,doi:10.1016/j.jdeveco.2020.102620,0,Outside active CSU affiliation
Magnan,Nicholas,Ag and Food,2025,JA,a,Y,0,NA,Going the Distance: Hybrid Vocational Training for Women in Nepal,Journal of Development Economics,10.1016/j.jdeveco.2024.103414,magnannicholas.txt,NA,NA,NA,0,0,0,0,NA,NA,0,doi:10.1016/j.jdeveco.2024.103414,1,Active CSU affiliation
Magnan,Nicholas,Ag and Food,2024,JA,a,Y,0,NA,Challenges to Groundnut Value Chain Development: Lessons from an Attempted Experiment in Ghana,Journal of Development Effectiveness,10.1080/19439342.2024.2319657,magnannicholas.txt,NA,NA,NA,0,0,0,0,NA,NA,0,doi:10.1080/19439342.2024.2319657,1,Active CSU affiliation
Suter,Jordan,ENRE,2022,JA,a,U,0,NA,Experimental Evidence of Common Pool Resource Use in the Presence of Uncertainty,Journal of Economic Behavior and Organization,10.1016/j.jebo.2021.12.012,suterjordan.txt,NA,NA,NA,0,0,0,0,NA,NA,0,doi:10.1016/j.jebo.2021.12.012,1,Active CSU affiliation
Magnan,Nicholas,Ag and Food,2022,JA,a,N,0,NA,Demand for Weather Index Insurance among Smallholder Farmers under Prospect Theory,Journal of Economic Behavior and Organization,10.1016/j.jebo.2022.07.027,magnannicholas.txt,NA,NA,NA,0,0,0,0,NA,NA,0,doi:10.1016/j.jebo.2022.07.027,0,Outside active CSU affiliation
Van Sandt,Anders,Ag and Food,2025,JA,a,N,0,NA,Revealing US Retail Industries Functional Hierarchy Through Demand Thresholds,Journal of Economic Structures,10.1186/s40008-025-00359-0,vansandtanders.txt,NA,NA,NA,0,0,0,0,NA,NA,0,doi:10.1186/s40008-025-00359-0,1,Active CSU affiliation
Woerman,Matt,ENRE,2023,JA,a,N,0,NA,Linking carbon markets with different initial conditions,Journal of Environmental Economics and Management,10.1016/j.jeem.2023.102820,woermanmatt.txt,NA,NA,NA,0,0,0,0,NA,NA,0,doi:10.1016/j.jeem.2023.102820,1,Active CSU affiliation
Goemans,Chris,ENRE,2025,JA,a,N,0,NA,Insurance and Extraction Incentives in a Common Pool Resource,Journal of Environmental Economics and Management,10.1016/j.jeem.2025.103125,goemanschris.txt,NA,NA,NA,0,0,0,0,NA,NA,0,doi:10.1016/j.jeem.2025.103125,1,Active CSU affiliation
Bayham,Jude,ENRE,2022,JA,a,N,1,Bayham;Burkhardt,Does air pollution increase electric vehicle adoption,Journal of Environmental Economics and Policy,10.1080/21606544.2022.2059015,bayhamjude.txt,NA,NA,NA,0,0,0,0,NA,NA,0,doi:10.1080/21606544.2022.2059015,1,Active CSU affiliation
Burkhardt,Jesse,ENRE,2022,JA,a,N,1,Bayham;Burkhardt,Does air pollution increase electric vehicle adoption,Journal of Environmental Economics and Policy,10.1080/21606544.2022.2059015,burkhardtjesse.txt,NA,NA,NA,0,0,0,0,NA,NA,0,doi:10.1080/21606544.2022.2059015,1,Active CSU affiliation
Countryman,Amanda,Ag and Food,2022,JA,a,Y,0,NA,Economic and Environmental Impacts of Ballast Water Management on SIDS and LDCs,Journal of Environmental Management,10.1016/j.jenvman.2021.113779,countrymanamanda.txt,NA,NA,NA,0,0,0,0,NA,NA,0,doi:10.1016/j.jenvman.2021.113779,1,Active CSU affiliation
Ritten,John,Ag and Food,2023,JA,a,N,0,NA,Ranch-Level Economic Benefits of Working Lands Greater Sage-Grouse Conservation Programs,Journal of Environmental Management,10.1016/j.jenvman.2022.116420,rittenjohn.txt,NA,NA,NA,0,0,0,0,NA,NA,0,doi:10.1016/j.jenvman.2022.116420,1,Active CSU affiliation
Ritten,John,Ag and Food,2024,JA,a,N,0,NA,The LTAR Grazingland Common Experiment at the Central Plains Experimental Range,Journal of Environmental Quality,10.1002/jeq2.20599,rittenjohn.txt,NA,NA,NA,0,0,0,0,NA,NA,0,doi:10.1002/jeq2.20599,1,Active CSU affiliation
Ritten,John,Ag and Food,2025,JA,a,N,0,NA,Building consensus toward an effective performance indicator framework for sustainable farms,Journal of Environmental Quality,10.1002/jeq2.70051,rittenjohn.txt,NA,NA,NA,0,0,0,0,NA,NA,0,doi:10.1002/jeq2.70051,1,Active CSU affiliation
Countryman,Amanda,Ag and Food,2021,JA,b,Y,0,NA,Potential Impacts of Hard Infrastructure Development on Food and Agricultural Trade,Journal of Food Distribution Research,10.22004/ag.econ.317782,countrymanamanda.txt,NA,NA,NA,0,0,0,0,NA,NA,0,doi:10.22004/ag.econ.317782,1,Active CSU affiliation
Thilmany,Dawn,Ag and Food,2023,JA,b,Y,0,NA,Price Transmission and Asymmetry in the Colorado Potato Supply Chain,Journal of Food Distribution Research,10.22004/ag.econ.339678,thilmanydawn.txt,NA,NA,NA,0,0,0,0,NA,NA,0,doi:10.22004/ag.econ.339678,1,Active CSU affiliation
Bayham,Jude,ENRE,2023,JA,a,N,0,NA,Wildfire Response: A System on the Brink,Journal of Forestry,10.1093/jofore/fvac042,bayhamjude.txt,NA,NA,NA,0,0,0,0,NA,NA,0,doi:10.1093/jofore/fvac042,1,Active CSU affiliation
Burkhardt,Jesse,ENRE,2022,JA,a,N,0,NA,Smoke-Driven Changes in Photosynthetically Active Radiation During US Growing Season,Journal of Geophysical Research: Atmospheres,10.1029/2022jd037446,burkhardtjesse.txt,NA,NA,NA,0,0,0,0,NA,NA,0,doi:10.1029/2022jd037446,1,Active CSU affiliation
Van Sandt,Anders,Ag and Food,2026,JA,a,NA,0,NA,Nurse practitioner training and local medical provider supply,Journal of Health Economics,10.1016/j.jhealeco.2026.103121,Google Scholar,NA,NA,NA,0,0,0,0,NA,NA,1,doi:10.1016/j.jhealeco.2026.103121,1,Active CSU affiliation
Cleary,Rebecca,Ag and Food,2024,JA,a,N,0,NA,Determining the Optimal Food Hub Location in the Fresh Produce Supply Chain,Journal of Modelling in Management,10.1108/jm2-02-2024-0042,clearyrebecca.txt,NA,NA,NA,0,0,0,0,NA,NA,0,doi:10.1108/jm2-02-2024-0042,1,Active CSU affiliation
Suter,Jordan,ENRE,2023,JA,a,N,0,NA,Camping in Clearcuts: Impacts of Timber Harvesting on USFS Campground Utilization,Journal of Outdoor Recreation and Tourism,10.1016/j.jort.2023.100690,suterjordan.txt,NA,NA,NA,0,0,0,0,NA,NA,0,doi:10.1016/j.jort.2023.100690,1,Active CSU affiliation
Costanigro,Marco,Ag and Food,2021,JA,a,Y,1,Costanigro;Frasier;Jablonski,The Impact of State Farm to School Procurement Incentives on School Purchasing Decisions,Journal of School Health,10.1111/josh.13013,costanigromarco.txt,NA,NA,NA,0,0,0,0,NA,NA,0,doi:10.1111/josh.13013,1,Active CSU affiliation
Frasier,Marshall,Ag and Food,2021,JA,a,NA,1,Costanigro;Frasier;Jablonski,The Impact of State Farm to School Procurement Incentives on School Purchasing Decisions,Journal of School Health,10.1111/josh.13013,Google Scholar,NA,NA,NA,0,0,0,0,NA,NA,0,doi:10.1111/josh.13013,1,Active CSU affiliation
Jablonski,Becca,Ag and Food,2021,JA,a,NA,1,Costanigro;Frasier;Jablonski,The Impact of State Farm to School Procurement Incentives on School Purchasing Decisions,Journal of School Health,10.1111/josh.13013,Google Scholar,NA,NA,NA,0,0,0,0,NA,NA,0,doi:10.1111/josh.13013,1,Active CSU affiliation
Burkhardt,Jesse,ENRE,2024,JA,a,N,0,NA,Delivering affordable clean energy to consumers,Journal of the Academy of Marketing Science,10.1007/s11747-024-01003-2,burkhardtjesse.txt,NA,NA,NA,0,0,0,0,NA,NA,0,doi:10.1007/s11747-024-01003-2,1,Active CSU affiliation
Chenarides,Lauren,Ag and Food,2024,JA,b,N,1,Chenarides;Jablonski;Thilmany,Federal Economic Data on Local and Regional Food Producers,Journal of the Agricultural and Applied Economics Association,10.1002/jaa2.131,chenarideslauren.txt,NA,NA,NA,0,0,0,0,NA,NA,0,doi:10.1002/jaa2.131,1,Active CSU affiliation
Jablonski,Becca,Ag and Food,2024,JA,b,U,1,Chenarides;Jablonski;Thilmany,Federal Economic Data on Local and Regional Food Producers,Journal of the Agricultural and Applied Economics Association,10.1002/jaa2.131,chenarideslauren.txt,NA,NA,NA,0,0,0,0,NA,NA,0,doi:10.1002/jaa2.131,1,Active CSU affiliation
Thilmany,Dawn,Ag and Food,2024,JA,b,N,1,Chenarides;Jablonski;Thilmany,Federal Economic Data on Local and Regional Food Producers,Journal of the Agricultural and Applied Economics Association,10.1002/jaa2.131,thilmanydawn.txt,NA,NA,NA,0,0,0,0,NA,NA,0,doi:10.1002/jaa2.131,1,Active CSU affiliation
Thilmany,Dawn,Ag and Food,2026,JA,a,NA,0,NA,Regionalizing the food dollar,Journal of the Agricultural and Applied Economics Association,10.1002/jaa2.70044,Google Scholar,NA,NA,NA,0,0,0,0,NA,NA,1,doi:10.1002/jaa2.70044,1,Active CSU affiliation
Countryman,Amanda,Ag and Food,2023,JA,a,Y,0,NA,Potential economic impacts of foot-and-mouth disease in Brazil,Journal of the Agricultural and Applied Economics Association,10.1002/jaa2.73,countrymanamanda.txt,NA,NA,NA,0,0,0,0,NA,NA,0,doi:10.1002/jaa2.73,1,Active CSU affiliation
Suter,Jordan,ENRE,2023,JA,a,N,0,NA,"Seasons, Stress, Salience, and Support for Cooperative Groundwater Management",Journal of the Agricultural and Applied Economics Association,10.1002/jaa2.78,suterjordan.txt,NA,NA,NA,0,0,0,0,NA,NA,0,doi:10.1002/jaa2.78,1,Active CSU affiliation
Mooney,Daniel,Ag and Food,2023,JA,b,N,0,NA,Estimating the Ex-Ante Adoption Determinants of Novel Cropping Systems with Nonpecuniary Benefits,Journal of the Agricultural and Applied Economics Association,10.1002/jaa2.93,mooneydaniel.txt,NA,NA,NA,0,0,0,0,NA,NA,0,doi:10.1002/jaa2.93,1,Active CSU affiliation
Bonanno,Alessandro,Ag and Food,2024,JA,b,N,0,NA,Farm to School Programming Spillovers and Households Fruits and Vegetables Purchases,Journal of the Agricultural and Applied Economics Association,10.1002/jaa2.95,bonannoalessandrocv.txt,NA,NA,NA,0,0,0,0,NA,NA,0,doi:10.1002/jaa2.95,1,Active CSU affiliation
Mooney,Daniel,Ag and Food,2024,JA,b,Y,0,NA,Total Ranch Analysis Colorado (TRAC): A Ranch Benchmarking Program,Journal of the American Society of Farm Managers and Rural Appraisers,10.22004/ag.econ.342913,mooneydaniel.txt,NA,NA,NA,0,0,0,0,NA,NA,0,doi:10.22004/ag.econ.342913,1,Active CSU affiliation
Ritten,John,Ag and Food,2022,JA,b,Y,0,NA,Farm-Level Economics of Bioenergy in the Upper Missouri River Basin,Journal of the American Society of Farm Managers and Rural Appraisers,nodoi,rittenjohn.txt,NA,NA,NA,0,0,0,0,NA,NA,0,titleyear:farm level economics of bioenergy in the upper missouri rive|2022,1,Active CSU affiliation
Ritten,John,Ag and Food,2024,JA,b,Y,0,NA,Feasibility of Integrating Cover Crops into Irrigated Barley,Journal of the American Society of Farm Managers and Rural Appraisers,nodoi,rittenjohn.txt,NA,NA,NA,0,0,0,0,NA,NA,0,titleyear:feasibility of integrating cover crops into irrigated barley|2024,1,Active CSU affiliation
Goemans,Chris,ENRE,2021,JA,a,N,1,Goemans;Manning;Suter,Policy Leakage or Policy Benefit? Spatial Spillovers from Conservation Policies,Journal of the Association of Environmental and Resource Economists,10.1086/714148,goemanschris.txt,NA,NA,NA,0,0,0,0,NA,NA,0,doi:10.1086/714148,1,Active CSU affiliation
Manning,Dale,ENRE,2021,JA,a,N,1,Goemans;Manning;Suter,Policy Leakage or Policy Benefit? Spatial Spillovers from Conservation Policies,Journal of the Association of Environmental and Resource Economists,10.1086/714148,manningdale.txt,NA,NA,NA,0,0,0,0,NA,NA,0,doi:10.1086/714148,1,Active CSU affiliation
Suter,Jordan,ENRE,2021,JA,a,N,1,Goemans;Manning;Suter,Policy Leakage or Policy Benefit? Spatial Spillovers from Conservation Policies,Journal of the Association of Environmental and Resource Economists,10.1086/714148,suterjordan.txt,NA,NA,NA,0,0,0,0,NA,NA,0,doi:10.1086/714148,1,Active CSU affiliation
Manning,Dale,ENRE,2022,JA,a,N,0,NA,Ecosystem Services and Land Rental Markets: Producer Costs of Bat Population Crashes,Journal of the Association of Environmental and Resource Economists,10.1086/720303,manningdale.txt,NA,NA,NA,0,0,0,0,NA,NA,0,doi:10.1086/720303,1,Active CSU affiliation
Kroll,Stephan,ENRE,2024,JA,a,N,0,NA,International Climate Agreements under the Threat of Solar Geoengineering,Journal of the Association of Environmental and Resource Economists,10.1086/728140,krollstephan.txt,NA,NA,NA,0,0,0,0,NA,NA,0,doi:10.1086/728140,1,Active CSU affiliation
Woerman,Matt,ENRE,2024,JA,a,N,0,NA,Intermittency or uncertainty? Impacts of renewable energy in electricity markets,Journal of the Association of Environmental and Resource Economists,10.1086/729841,woermanmatt.txt,NA,NA,NA,0,0,0,0,NA,NA,0,doi:10.1086/729841,1,Active CSU affiliation
Costanigro,Marco,Ag and Food,2021,JA,a,N,1,Costanigro;Jablonski,Consumer Stigma and the Reputation Trap Hypothesis,Journal of Wine Economics,10.1017/jwe.2021.8,costanigromarco.txt,NA,NA,NA,0,0,0,0,NA,NA,0,doi:10.1017/jwe.2021.8,1,Active CSU affiliation
Jablonski,Becca,Ag and Food,2021,JA,a,U,1,Costanigro;Jablonski,Consumer Stigma and the Reputation Trap Hypothesis,Journal of Wine Economics,10.1017/jwe.2021.8,costanigromarco.txt,NA,NA,NA,0,0,0,0,NA,NA,0,doi:10.1017/jwe.2021.8,1,Active CSU affiliation
Delay,Nathan,Ag and Food,2024,JA,a,N,0,NA,Value of Farm Data in Farmland Rental Markets,Land Economics,10.3368/le.100.4.041023-0032R1,delaynathan.txt,NA,NA,NA,0,0,0,0,NA,NA,0,doi:10.3368/le.100.4.041023-0032r1,1,Active CSU affiliation
Lewis,Lynne,ENRE,2024,JA,a,N,0,NA,Fat Tails and WTP: Kristrom revisited,Land Economics,10.3368/le.100.4.060823-0052r,lewislynne.txt,NA,NA,NA,0,0,0,0,NA,NA,0,doi:10.3368/le.100.4.060823-0052r,1,Active CSU affiliation
Bayham,Jude,ENRE,2026,JA,a,N,0,NA,Are mobility data a substitute for travel cost surveys,Land Economics,10.3368/le.102.3.012626-0015,bayhamjude.txt,NA,NA,NA,0,0,0,0,NA,NA,1,doi:10.3368/le.102.3.012626-0015,1,Active CSU affiliation
Suter,Jordan,ENRE,2021,JA,a,N,0,NA,The Importance of Well Yield in Groundwater Demand Specification,Land Economics,10.3368/wple.97.3.030320-0031r1,suterjordan.txt,NA,NA,NA,0,0,0,0,NA,NA,0,doi:10.3368/wple.97.3.030320-0031r1,1,Active CSU affiliation
Burkhardt,Jesse,ENRE,2023,JA,a,N,0,NA,Field experimental evidence on the effect of pricing on residential electricity conservation,Management Science,10.1287/mnsc.2020.02074,burkhardtjesse.txt,NA,NA,NA,0,0,0,0,NA,NA,0,doi:10.1287/mnsc.2020.02074,1,Active CSU affiliation
Countryman,Amanda,Ag and Food,2024,JA,a,Y,0,NA,Consumer willingness to pay for beef based on color and price discounts,Meat Science,10.1016/j.meatsci.2024.109597,countrymanamanda.txt,NA,NA,NA,0,0,0,0,NA,NA,0,doi:10.1016/j.meatsci.2024.109597,1,Active CSU affiliation
Bayham,Jude,ENRE,2021,JA,b,N,0,NA,Maximizing the Efficiency of Active Case Finding for SARS-CoV-2 Using Bandit Algorithms,Medical Decision Making,10.1177/0272989x211021603,bayhamjude.txt,NA,NA,NA,0,0,0,0,NA,NA,0,doi:10.1177/0272989x211021603,1,Active CSU affiliation
Enns,Kellie,Ag Ed,2023,JA,b,Y,0,NA,Impacts of the COVID-19 Pandemic on Student Performance and Perceptions of Learning,NACTA Journal,10.56103/nactaj.v67i1.94,ennskellie.txt,NA,NA,NA,0,0,0,0,NA,NA,0,doi:10.56103/nactaj.v67i1.94,1,Active CSU affiliation
Bennett,Jenny,Ag Ed,2025,JA,b,N,1,Bennett;Clark;Enns,An examination of the effectiveness of an institutional intervention to improve retention,NACTA Journal,10.56103/nactaj.v69i1.210,bennettjenny.txt,NA,NA,NA,0,0,0,0,NA,NA,0,doi:10.56103/nactaj.v69i1.210,1,Active CSU affiliation
Clark,Nathan,Ag Ed,2025,JA,b,N,1,Bennett;Clark;Enns,An examination of the effectiveness of an institutional intervention to improve retention,NACTA Journal,10.56103/nactaj.v69i1.210,clarknathan.txt,NA,NA,NA,0,0,0,0,NA,NA,0,doi:10.56103/nactaj.v69i1.210,1,Active CSU affiliation
Enns,Kellie,Ag Ed,2025,JA,b,N,1,Bennett;Clark;Enns,An examination of the effectiveness of an institutional intervention to improve retention,NACTA Journal,10.56103/nactaj.v69i1.210,ennskellie.txt,NA,NA,NA,0,0,0,0,NA,NA,0,doi:10.56103/nactaj.v69i1.210,1,Active CSU affiliation
Woerman,Matt,ENRE,2026,JA,a,NA,0,NA,Reproducibility and robustness of economics and political science research,Nature,10.1038/s41586-026-10251-x,Google Scholar,NA,NA,NA,0,0,0,0,NA,NA,1,doi:10.1038/s41586-026-10251-x,1,Active CSU affiliation
Burkhardt,Jesse,ENRE,2025,JA,a,N,0,NA,Solar energy resource availability under extreme and historical wildfire smoke conditions,Nature Communications,10.1038/s41467-024-54163-8,burkhardtjesse.txt,NA,NA,NA,0,0,0,0,NA,NA,0,doi:10.1038/s41467-024-54163-8,1,Active CSU affiliation
Seidl,Andrew,ENRE,2021,JA,a,N,0,NA,The effectiveness of national biodiversity investments to protect the wealth of nature,Nature Ecology and Evolution,10.1038/s41559-020-01372-1,seidlandrew.txt,NA,NA,NA,0,0,0,0,NA,NA,0,doi:10.1038/s41559-020-01372-1,1,Active CSU affiliation
Seidl,Andrew,ENRE,2023,JA,a,N,0,NA,Crowdfunding marine and coastal parks and protected areas,Ocean & Coastal Management,10.1016/j.ocecoaman.2023.106726,seidlandrew.txt,NA,NA,NA,0,0,0,0,NA,NA,0,doi:10.1016/j.ocecoaman.2023.106726,1,Active CSU affiliation
Seidl,Andrew,ENRE,2021,JA,a,N,0,NA,Building sustainable financing for resilient protected and conserved areas,PARKS,10.2305/IUCN.CH.2021.PARKS-27-SITC.en,seidlandrew.txt,NA,NA,NA,0,0,0,0,NA,NA,0,doi:10.2305/iucn.ch.2021.parks-27-sitc.en,1,Active CSU affiliation
Hoag,Dana,ENRE,2026,JA,a,N,0,NA,Drivers of wolf depredation reporting and compensation use intentions by livestock producers,PeerJ,10.7717/peerj.20732,Google Scholar,NA,NA,NA,0,0,0,0,NA,NA,1,doi:10.7717/peerj.20732,1,Active CSU affiliation
Suter,Jordan,ENRE,2022,JA,a,Y,0,NA,Summer Crowds: USFS Campground Reservations During the COVID-19 Pandemic,PLOS ONE,10.1371/journal.pone.0261833,suterjordan.txt,NA,NA,NA,0,0,0,0,NA,NA,0,doi:10.1371/journal.pone.0261833,1,Active CSU affiliation
Countryman,Amanda,Ag and Food,2024,JA,a,Y,0,NA,Economic effects of livestock disease burden in Ethiopia: a CGE analysis,PLOS ONE,10.1371/journal.pone.0310268,countrymanamanda.txt,NA,NA,NA,0,0,0,0,NA,NA,0,doi:10.1371/journal.pone.0310268,1,Active CSU affiliation
Delay,Nathan,Ag and Food,2025,JA,a,N,1,Delay;Mooney,Externalities in Wild Pig Damages on US Crop and Livestock Farms,PLOS ONE,10.1371/journal.pone.0320316,delaynathan.txt,NA,NA,NA,0,0,0,0,NA,NA,0,doi:10.1371/journal.pone.0320316,1,Active CSU affiliation
Mooney,Daniel,Ag and Food,2025,JA,a,N,1,Delay;Mooney,Externalities in Wild Pig Damages on US Crop and Livestock Farms,PLOS ONE,10.1371/journal.pone.0320316,mooneydaniel.txt,NA,NA,NA,0,0,0,0,NA,NA,0,doi:10.1371/journal.pone.0320316,1,Active CSU affiliation
Goemans,Chris,ENRE,2024,JA,a,N,0,NA,A review of residential water conservation policies,PLOS Water,10.1371/journal.pwat.0000278,goemanschris.txt,NA,NA,NA,0,0,0,0,NA,NA,0,doi:10.1371/journal.pwat.0000278,1,Active CSU affiliation
Delay,Nathan,Ag and Food,2021,JA,a,N,0,NA,Understanding the Farm Data Lifecycle,Precision Agriculture,10.1007/s11119-021-09807-w,delaynathan.txt,NA,NA,NA,0,0,0,0,NA,NA,0,doi:10.1007/s11119-021-09807-w,1,Active CSU affiliation
Countryman,Amanda,Ag and Food,2025,JA,a,U,0,NA,Integrating epidemiological and economic models to estimate FMD outbreak cost in Brazil,Preventive Veterinary Medicine,10.1016/j.prevetmed.2025.106558,countrymanamanda.txt,NA,NA,NA,0,0,0,0,NA,NA,0,doi:10.1016/j.prevetmed.2025.106558,1,Active CSU affiliation
Bayham,Jude,ENRE,2021,JA,a,N,0,NA,Measuring voluntary and policy-induced social distancing behavior during COVID-19,Proceedings of the National Academy of Sciences,10.1073/pnas.2008814118,bayhamjude.txt,NA,NA,NA,0,0,0,0,NA,NA,0,doi:10.1073/pnas.2008814118,1,Active CSU affiliation
Countryman,Amanda,Ag and Food,2021,JA,b,N,0,NA,"The Impacts of COVID-19 on GDP, food prices, and food security",Q Open,10.1093/qopen/qoab005,countrymanamanda.txt,NA,NA,NA,0,0,0,0,NA,NA,0,doi:10.1093/qopen/qoab005,1,Active CSU affiliation
Kroll,Stephan,ENRE,2021,JA,b,N,0,NA,Inequality Hinders Group Efforts to Avoid Environmental Disasters,Q Open,10.1093/qopen/qoab006,krollstephan.txt,NA,NA,NA,0,0,0,0,NA,NA,0,doi:10.1093/qopen/qoab006,1,Active CSU affiliation
Countryman,Amanda,Ag and Food,2021,JA,b,N,0,NA,Safeguard Measures and Fresh Produce Trade: U.S. Blueberry Imports,Q Open,10.1093/qopen/qoab018,countrymanamanda.txt,NA,NA,NA,0,0,0,0,NA,NA,0,doi:10.1093/qopen/qoab018,1,Active CSU affiliation
Countryman,Amanda,Ag and Food,2022,JA,b,Y,0,NA,Economic Assessment of Foot-and-Mouth Disease Outbreaks in Brazil,Q Open,10.1093/qopen/qoac028,countrymanamanda.txt,NA,NA,NA,0,0,0,0,NA,NA,0,doi:10.1093/qopen/qoac028,1,Active CSU affiliation
Mooney,Daniel,Ag and Food,2023,JA,b,N,0,NA,Type and Frequency of Wild Pig-Domestic Livestock Contacts and Operator Concern,Q Open,10.1093/qopen/qoad027,mooneydaniel.txt,NA,NA,NA,0,0,0,0,NA,NA,0,doi:10.1093/qopen/qoad027,1,Active CSU affiliation
Chouinard,Hayley,Ag and Food,2026,JA,a,NA,1,Chouinard;Costanigro,"Food fights in the classroom: a case study exploring the connections between economic reasoning, critical thinking, engagement, and dialogue in polarized contexts",Q Open,10.1093/qopen/qoag010,Google Scholar,NA,NA,NA,0,0,0,0,NA,NA,1,doi:10.1093/qopen/qoag010,1,Active CSU affiliation
Costanigro,Marco,Ag and Food,2026,JA,a,NA,1,Chouinard;Costanigro,"Food fights in the classroom: a case study exploring the connections between economic reasoning, critical thinking, engagement, and dialogue in polarized contexts",Q Open,10.1093/qopen/qoag010,Google Scholar,NA,NA,NA,0,0,0,0,NA,NA,1,doi:10.1093/qopen/qoag010,1,Active CSU affiliation
Thilmany,Dawn,Ag and Food,2026,JA,a,NA,0,NA,Assessing Factors Contributing to a Healthy Work Ecosystem in the Applied Economics Profession,Q Open,10.1093/qopen/qoag018,Google Scholar,NA,NA,NA,0,0,0,0,NA,NA,1,doi:10.1093/qopen/qoag018,1,Active CSU affiliation
Ritten,John,Ag and Food,2022,JA,a,Y,0,NA,Evaluating economic impacts of prairie dog-cattle competition on ranching enterprises,Rangeland Ecology & Management,10.1016/j.rama.2022.09.003,rittenjohn.txt,NA,NA,NA,0,0,0,0,NA,NA,0,doi:10.1016/j.rama.2022.09.003,1,Active CSU affiliation
Ritten,John,Ag and Food,2024,JA,a,N,0,NA,Flexible Stocking: Livestock Production and Economic Responses in Mixed-Grass Prairie,Rangeland Ecology & Management,10.1016/j.rama.2024.01.007,rittenjohn.txt,NA,NA,NA,0,0,0,0,NA,NA,0,doi:10.1016/j.rama.2024.01.007,1,Active CSU affiliation
Hoag,Dana,ENRE,2024,JA,a,N,0,NA,"What's in a Name? Standardizing Terminology for the Enhancement of Research, Extension, and Industry Applications of Virtual Fence Use on Grazing Livestock",Rangeland Ecology & Management,10.1016/j.rama.2024.03.004,Google Scholar,NA,NA,NA,0,0,0,0,NA,NA,0,doi:10.1016/j.rama.2024.03.004,1,Active CSU affiliation
Ritten,John,Ag and Food,2025,JA,a,N,0,NA,Does drought intensify effects of black-tailed prairie dog on livestock production,Rangeland Ecology & Management,10.1016/j.rama.2024.04.011,rittenjohn.txt,NA,NA,NA,0,0,0,0,NA,NA,0,doi:10.1016/j.rama.2024.04.011,1,Active CSU affiliation
Hoag,Dana,ENRE,2024,JA,a,Y,1,Hoag;Mooney,Beef Cattle Producer Perspectives on Virtual Fencing,Rangeland Ecology & Management,10.1016/j.rama.2024.06.004,hoagdana.txt,NA,NA,NA,0,0,0,0,NA,NA,0,doi:10.1016/j.rama.2024.06.004,1,Active CSU affiliation
Mooney,Daniel,Ag and Food,2024,JA,a,Y,1,Hoag;Mooney,Beef Cattle Producer Perspectives on Virtual Fencing,Rangeland Ecology & Management,10.1016/j.rama.2024.06.004,mooneydaniel.txt,NA,NA,NA,0,0,0,0,NA,NA,0,doi:10.1016/j.rama.2024.06.004,1,Active CSU affiliation
Ritten,John,Ag and Food,2025,JA,a,Y,0,NA,US Beef Cattle Inventory Trends with Implications for Land Use and Rangelands,Rangeland Ecology & Management,10.1016/j.rama.2025.01.007,rittenjohn.txt,NA,NA,NA,0,0,0,0,NA,NA,0,doi:10.1016/j.rama.2025.01.007,1,Active CSU affiliation
Ritten,John,Ag and Food,2025,JA,a,N,0,NA,Does Initial Body Size Influence Weight Gain of Stocker Steers,Rangeland Ecology & Management,10.1016/j.rama.2025.08.009,rittenjohn.txt,NA,NA,NA,0,0,0,0,NA,NA,0,doi:10.1016/j.rama.2025.08.009,1,Active CSU affiliation
Enns,Kellie,Ag Ed,2025,JA,a,U,1,Enns;Ritten,Steer Growth Performance and Enteric Gas Flux Across Backgrounding Phases,Rangeland Ecology & Management,10.1016/j.rama.2025.08.010,rittenjohn.txt,NA,NA,NA,0,0,0,0,NA,NA,0,doi:10.1016/j.rama.2025.08.010,1,Active CSU affiliation
Ritten,John,Ag and Food,2025,JA,a,N,1,Enns;Ritten,Steer Growth Performance and Enteric Gas Flux Across Backgrounding Phases,Rangeland Ecology & Management,10.1016/j.rama.2025.08.010,rittenjohn.txt,NA,NA,NA,0,0,0,0,NA,NA,0,doi:10.1016/j.rama.2025.08.010,1,Active CSU affiliation
Ritten,John,Ag and Food,2026,JA,a,NA,0,NA,Unravelling the Influence of Adaptive Grazing Management with Multiple Paddocks on Cattle Production in Semiarid Rangeland,Rangeland Ecology & Management,10.1016/j.rama.2026.03.004,Google Scholar,NA,NA,NA,0,0,0,0,NA,NA,1,doi:10.1016/j.rama.2026.03.004,1,Active CSU affiliation
Ritten,John,Ag and Food,2026,JA,a,NA,0,NA,"Adaptive, Multipaddock Grazing Management Increased C3 and Reduced C4 Graminoids Without Changing Total Forage Production in Shortgrass Steppe",Rangeland Ecology & Management,10.1016/j.rama.2026.04.003,Google Scholar,NA,NA,NA,0,0,0,0,NA,NA,1,doi:10.1016/j.rama.2026.04.003,1,Active CSU affiliation
Ritten,John,Ag and Food,2026,JA,a,NA,0,NA,Nutrient Runoff From North American Grasslands,Rangeland Ecology & Management,10.1016/j.rama.2026.05.006,Google Scholar,NA,NA,NA,0,0,0,0,NA,NA,1,doi:10.1016/j.rama.2026.05.006,1,Active CSU affiliation
Ritten,John,Ag and Food,2022,JA,b,N,0,NA,Social learning lessons from Collaborative Adaptive Rangeland Management,Rangelands,10.1016/j.rala.2021.02.002,rittenjohn.txt,NA,NA,NA,0,0,0,0,NA,NA,0,doi:10.1016/j.rala.2021.02.002,1,Active CSU affiliation
Ritten,John,Ag and Food,2022,JA,b,N,0,NA,Adaptive Grazing Management in Semiarid Rangelands: An Outcome-driven Focus,Rangelands,10.1016/j.rala.2021.02.004,rittenjohn.txt,NA,NA,NA,0,0,0,0,NA,NA,0,doi:10.1016/j.rala.2021.02.004,1,Active CSU affiliation
Ritten,John,Ag and Food,2022,JA,b,Y,0,NA,Stocking rate and marketing dates for yearling steers grazing rangelands,Rangelands,10.1016/j.rala.2022.04.002,rittenjohn.txt,NA,NA,NA,0,0,0,0,NA,NA,0,doi:10.1016/j.rala.2022.04.002,1,Active CSU affiliation
Ritten,John,Ag and Food,2022,JA,b,N,0,NA,Balancing Ecosystem Service Outcomes at the Ranch-Scale in Shortgrass Steppe,Rangelands,10.1016/j.rala.2022.05.003,rittenjohn.txt,NA,NA,NA,0,0,0,0,NA,NA,0,doi:10.1016/j.rala.2022.05.003,1,Active CSU affiliation
Delay,Nathan,Ag and Food,2025,JA,b,N,1,Delay;Hoag;Mooney;Ritten,The Economic Fundamentals of Virtual Fencing Compared to Traditional Fencing,Rangelands,10.1016/j.rala.2024.05.006,delaynathan.txt,NA,NA,NA,0,0,0,0,NA,NA,0,doi:10.1016/j.rala.2024.05.006,1,Active CSU affiliation
Hoag,Dana,ENRE,2025,JA,b,N,1,Delay;Hoag;Mooney;Ritten,The Economic Fundamentals of Virtual Fencing Compared to Traditional Fencing,Rangelands,10.1016/j.rala.2024.05.006,hoagdana.txt,NA,NA,NA,0,0,0,0,NA,NA,0,doi:10.1016/j.rala.2024.05.006,1,Active CSU affiliation
Mooney,Daniel,Ag and Food,2025,JA,b,N,1,Delay;Hoag;Mooney;Ritten,The Economic Fundamentals of Virtual Fencing Compared to Traditional Fencing,Rangelands,10.1016/j.rala.2024.05.006,mooneydaniel.txt,NA,NA,NA,0,0,0,0,NA,NA,0,doi:10.1016/j.rala.2024.05.006,1,Active CSU affiliation
Ritten,John,Ag and Food,2025,JA,b,N,1,Delay;Hoag;Mooney;Ritten,The Economic Fundamentals of Virtual Fencing Compared to Traditional Fencing,Rangelands,10.1016/j.rala.2024.05.006,rittenjohn.txt,NA,NA,NA,0,0,0,0,NA,NA,0,doi:10.1016/j.rala.2024.05.006,1,Active CSU affiliation
Bayham,Jude,ENRE,2023,JA,a,Y,1,Bayham;Berning;Costanigro;Thilmany,Beer sales in grocery and convenience stores: a glass half-full for craft brewers,Regional Studies,10.1080/00343404.2023.2166914,costanigromarco.txt,NA,NA,NA,0,0,0,0,NA,NA,0,doi:10.1080/00343404.2023.2166914,1,Active CSU affiliation
Berning,Joshua,Ag and Food,2023,JA,a,Y,1,Bayham;Berning;Costanigro;Thilmany,Beer sales in grocery and convenience stores: a glass half-full for craft brewers,Regional Studies,10.1080/00343404.2023.2166914,costanigromarco.txt,NA,NA,NA,0,0,0,0,NA,NA,0,doi:10.1080/00343404.2023.2166914,1,Active CSU affiliation
Costanigro,Marco,Ag and Food,2023,JA,a,Y,1,Bayham;Berning;Costanigro;Thilmany,Beer sales in grocery and convenience stores: a glass half-full for craft brewers,Regional Studies,10.1080/00343404.2023.2166914,costanigromarco.txt,NA,NA,NA,0,0,0,0,NA,NA,0,doi:10.1080/00343404.2023.2166914,1,Active CSU affiliation
Thilmany,Dawn,Ag and Food,2023,JA,a,Y,1,Bayham;Berning;Costanigro;Thilmany,Beer sales in grocery and convenience stores: a glass half-full for craft brewers,Regional Studies,10.1080/00343404.2023.2166914,thilmanydawn.txt,NA,NA,NA,0,0,0,0,NA,NA,0,doi:10.1080/00343404.2023.2166914,1,Active CSU affiliation
Bonanno,Alessandro,Ag and Food,2021,JA,a,U,1,Bonanno;Cleary,Enhancing Understanding of Food Purchasing Patterns in the Northeast,Renewable Agriculture and Food Systems,10.1017/s1742170519000371,clearyrebecca.txt,NA,NA,NA,0,0,0,0,NA,NA,0,doi:10.1017/s1742170519000371,1,Active CSU affiliation
Cleary,Rebecca,Ag and Food,2021,JA,a,Y,1,Bonanno;Cleary,Enhancing Understanding of Food Purchasing Patterns in the Northeast,Renewable Agriculture and Food Systems,10.1017/s1742170519000371,clearyrebecca.txt,NA,NA,NA,0,0,0,0,NA,NA,0,doi:10.1017/s1742170519000371,1,Active CSU affiliation
Jablonski,Becca,Ag and Food,2023,JA,a,U,1,Jablonski;Mooney;Thilmany,Producers Marketing a Novel Crop: A Field-Level View of Hemp Market Channels,Renewable Agriculture and Food Systems,10.1017/S1742170523000145,mooneydaniel.txt,NA,NA,NA,0,0,0,0,NA,NA,0,doi:10.1017/s1742170523000145,1,Active CSU affiliation
Mooney,Daniel,Ag and Food,2023,JA,a,Y,1,Jablonski;Mooney;Thilmany,Producers Marketing a Novel Crop: A Field-Level View of Hemp Market Channels,Renewable Agriculture and Food Systems,10.1017/S1742170523000145,mooneydaniel.txt,NA,NA,NA,0,0,0,0,NA,NA,0,doi:10.1017/s1742170523000145,1,Active CSU affiliation
Thilmany,Dawn,Ag and Food,2023,JA,a,Y,1,Jablonski;Mooney;Thilmany,Producers Marketing a Novel Crop: A Field-Level View of Hemp Market Channels,Renewable Agriculture and Food Systems,10.1017/S1742170523000145,thilmanydawn.txt,NA,NA,NA,0,0,0,0,NA,NA,0,doi:10.1017/s1742170523000145,1,Active CSU affiliation
Goemans,Chris,ENRE,2021,JA,a,U,1,Goemans;Manning;Suter,Groundwater Depletion Climate and the Incremental Value of Groundwater,Resource and Energy Economics,10.1016/j.reseneeco.2019.101143,manningdale.txt,NA,NA,NA,0,0,0,0,NA,NA,0,doi:10.1016/j.reseneeco.2019.101143,1,Active CSU affiliation
Manning,Dale,ENRE,2021,JA,a,N,1,Goemans;Manning;Suter,Groundwater Depletion Climate and the Incremental Value of Groundwater,Resource and Energy Economics,10.1016/j.reseneeco.2019.101143,manningdale.txt,NA,NA,NA,0,0,0,0,NA,NA,0,doi:10.1016/j.reseneeco.2019.101143,1,Active CSU affiliation
Suter,Jordan,ENRE,2021,JA,a,U,1,Goemans;Manning;Suter,Groundwater Depletion Climate and the Incremental Value of Groundwater,Resource and Energy Economics,10.1016/j.reseneeco.2019.101143,manningdale.txt,NA,NA,NA,0,0,0,0,NA,NA,0,doi:10.1016/j.reseneeco.2019.101143,1,Active CSU affiliation
Goemans,Chris,ENRE,2021,JA,a,N,1,Goemans;Manning;Suter,Depletion climate and the incremental value of groundwater,Resource and Energy Economics,10.1016/j.reseneeco.2021.101143,goemanschris.txt,NA,NA,NA,0,0,0,0,NA,NA,0,doi:10.1016/j.reseneeco.2021.101143,1,Active CSU affiliation
Manning,Dale,ENRE,2021,JA,a,U,1,Goemans;Manning;Suter,Depletion climate and the incremental value of groundwater,Resource and Energy Economics,10.1016/j.reseneeco.2021.101143,goemanschris.txt,NA,NA,NA,0,0,0,0,NA,NA,0,doi:10.1016/j.reseneeco.2021.101143,1,Active CSU affiliation
Suter,Jordan,ENRE,2021,JA,a,U,1,Goemans;Manning;Suter,Depletion climate and the incremental value of groundwater,Resource and Energy Economics,10.1016/j.reseneeco.2021.101143,goemanschris.txt,NA,NA,NA,0,0,0,0,NA,NA,0,doi:10.1016/j.reseneeco.2021.101143,1,Active CSU affiliation
Countryman,Amanda,Ag and Food,2025,JA,a,U,0,NA,Island economies in the wake: shipping cost effects from carbon taxes,Resources Conservation and Recycling,10.1016/j.resconrec.2025.108325,countrymanamanda.txt,NA,NA,NA,0,0,0,0,NA,NA,0,doi:10.1016/j.resconrec.2025.108325,1,Active CSU affiliation
Chenarides,Lauren,Ag and Food,2023,JA,a,N,0,NA,Retail Markups and Discount-Store Entry,Review of Industrial Organization,10.1007/s11151-023-09926-w,chenarideslauren.txt,NA,NA,NA,0,0,0,0,NA,NA,0,doi:10.1007/s11151-023-09926-w,1,Active CSU affiliation
Bayham,Jude,ENRE,2021,JA,a,N,0,NA,Effects of land dispossession and forced migration on Indigenous peoples,Science,10.1126/science.abe4943,bayhamjude.txt,NA,NA,NA,0,0,0,0,NA,NA,0,doi:10.1126/science.abe4943,1,Active CSU affiliation
Lewis,Lynne,ENRE,2025,JA,a,N,0,NA,Reinstate the National Climate Assessment,Science,10.1126/science.adz3885,lewislynne.txt,NA,NA,NA,0,0,0,0,NA,NA,0,doi:10.1126/science.adz3885,1,Active CSU affiliation
Goemans,Chris,ENRE,2023,JA,a,Y,1,Goemans;Manning,Assessment of vulnerability to water shortage in semi-arid river basins,Science of the Total Environment,10.1016/j.scitotenv.2023.161964,goemanschris.txt,NA,NA,NA,0,0,0,0,NA,NA,0,doi:10.1016/j.scitotenv.2023.161964,1,Active CSU affiliation
Manning,Dale,ENRE,2023,JA,a,Y,1,Goemans;Manning,Assessment of vulnerability to water shortage in semi-arid river basins,Science of the Total Environment,10.1016/j.scitotenv.2023.161964,manningdale.txt,NA,NA,NA,0,0,0,0,NA,NA,0,doi:10.1016/j.scitotenv.2023.161964,1,Active CSU affiliation
Burkhardt,Jesse,ENRE,2025,JA,a,Y,1,Burkhardt;Suter,Characterizing community water systems exposed to wildfire in the Western US,Science of the Total Environment,10.1016/j.scitotenv.2025.179814,burkhardtjesse.txt,NA,NA,NA,0,0,0,0,NA,NA,0,doi:10.1016/j.scitotenv.2025.179814,1,Active CSU affiliation
Suter,Jordan,ENRE,2025,JA,a,Y,1,Burkhardt;Suter,Characterizing community water systems exposed to wildfire in the Western US,Science of the Total Environment,10.1016/j.scitotenv.2025.179814,suterjordan.txt,NA,NA,NA,0,0,0,0,NA,NA,0,doi:10.1016/j.scitotenv.2025.179814,1,Active CSU affiliation
Chenarides,Lauren,Ag and Food,2026,JA,a,N,0,NA,Data-usage descriptors as search metadata: the case of food security data and the National Data Platform,Scientific Data,10.1038/s41597-026-07753-8,Google Scholar,NA,NA,NA,0,0,0,0,NA,NA,1,doi:10.1038/s41597-026-07753-8,1,Active CSU affiliation
Bayham,Jude,ENRE,2021,JA,a,N,0,NA,Risk compensation and face mask mandates during the COVID-19 pandemic,Scientific Reports,10.1038/s41598-021-82574-w,bayhamjude.txt,NA,NA,NA,0,0,0,0,NA,NA,0,doi:10.1038/s41598-021-82574-w,1,Active CSU affiliation
Bayham,Jude,ENRE,2022,JA,a,N,0,NA,Modeling the systemic risks of COVID-19 on the wildland firefighting workforce,Scientific Reports,10.1038/s41598-022-12253-x,bayhamjude.txt,NA,NA,NA,0,0,0,0,NA,NA,0,doi:10.1038/s41598-022-12253-x,1,Active CSU affiliation
Ritten,John,Ag and Food,2022,JA,a,Y,0,NA,Effects of Feed Efficiency and Diet on Performance and Carcass Characteristics in Growing Wether Lambs,Small Ruminant Research,10.1016/j.smallrumres.2021.106611,rittenjohn.txt,NA,NA,NA,0,0,0,0,NA,NA,0,doi:10.1016/j.smallrumres.2021.106611,1,Active CSU affiliation
Burkhardt,Jesse,ENRE,2025,JA,a,U,1,Burkhardt;Hoag,How sense of place influences willingness to pay for sustainable wolf populations,Society & Natural Resources,10.1080/08941920.2025.2572064,hoagdana.txt,NA,NA,NA,0,0,0,0,NA,NA,0,doi:10.1080/08941920.2025.2572064,1,Active CSU affiliation
Hoag,Dana,ENRE,2025,JA,a,N,1,Burkhardt;Hoag,How sense of place influences willingness to pay for sustainable wolf populations,Society & Natural Resources,10.1080/08941920.2025.2572064,hoagdana.txt,NA,NA,NA,0,0,0,0,NA,NA,0,doi:10.1080/08941920.2025.2572064,1,Active CSU affiliation
Hoag,Dana,ENRE,2021,JA,b,Y,0,NA,Valuing Cattle Manure as an Agricultural Resource for Efficiency and Environmental Sustainability,Sustainability,10.3390/su13169375,hoagdana.txt,NA,NA,NA,0,0,0,0,NA,NA,0,doi:10.3390/su13169375,1,Active CSU affiliation
Mooney,Daniel,Ag and Food,2022,JA,b,N,0,NA,Returns to Disease Resistance Research when Pest Management is an Option,Sustainability,10.3390/su14052859,mooneydaniel.txt,NA,NA,NA,0,0,0,0,NA,NA,0,doi:10.3390/su14052859,1,Active CSU affiliation
Ritten,John,Ag and Food,2025,JA,a,N,0,NA,Examining climate benefits from rangeland and pasture management practices,Sustainable Agriculture,10.1038/s44264-025-00105-w,rittenjohn.txt,NA,NA,NA,0,0,0,0,NA,NA,0,doi:10.1038/s44264-025-00105-w,1,Active CSU affiliation
Van Sandt,Anders,Ag and Food,2026,JA,a,NA,0,NA,Rural emergency hospitals: Emerging patterns of adaptation and community perception,The Journal of Rural Health,10.1111/jrh.70112,Google Scholar,NA,NA,NA,0,0,0,0,NA,NA,1,doi:10.1111/jrh.70112,1,Active CSU affiliation
Countryman,Amanda,Ag and Food,2025,JA,a,Y,0,NA,Tariff Troubles: Repercussions of Protectionist Policies on U.S. Agriculture,The World Economy,10.1111/twec.13731,countrymanamanda.txt,NA,NA,NA,0,0,0,0,NA,NA,0,doi:10.1111/twec.13731,1,Active CSU affiliation
Thilmany,Dawn,Ag and Food,2024,JA,a,N,0,NA,Assessing Economic Impacts of Mile High 420 Festival in Colorado,Tourism and Hospitality,10.3390/tourhosp5030032,thilmanydawn.txt,NA,NA,NA,0,0,0,0,NA,NA,0,doi:10.3390/tourhosp5030032,1,Active CSU affiliation
Mooney,Daniel,Ag and Food,2024,JA,a,Y,0,NA,Benchmarking Current Pre-Slaughter Management Factors Welfare Indicators and Meat Quality,Translational Animal Science,10.1093/tas/txad150,mooneydaniel.txt,NA,NA,NA,0,0,0,0,NA,NA,0,doi:10.1093/tas/txad150,1,Active CSU affiliation
Mooney,Daniel,Ag and Food,2024,JA,a,Y,0,NA,Pre-Slaughter Factors Affecting Mobility Blood Parameters Bruising and Muscle pH,Translational Animal Science,10.1093/tas/txae035,mooneydaniel.txt,NA,NA,NA,0,0,0,0,NA,NA,0,doi:10.1093/tas/txae035,1,Active CSU affiliation
Mooney,Daniel,Ag and Food,2024,JA,a,Y,0,NA,An analysis of preslaughter management factors on welfare and meat quality outcomes,Translational Animal Science,10.1093/tas/txae108,mooneydaniel.txt,NA,NA,NA,0,0,0,0,NA,NA,0,doi:10.1093/tas/txae108,1,Active CSU affiliation
Enns,Kellie,Ag Ed,2025,JA,a,Y,0,NA,Developing critical thinking and professional skills in animal science students,Translational Animal Science,10.1093/tas/txaf169,ennskellie.txt,NA,NA,NA,0,0,0,0,NA,NA,0,doi:10.1093/tas/txaf169,1,Active CSU affiliation
Ritten,John,Ag and Food,2026,JA,a,NA,0,NA,"Effects of growth hormone implants on animal growth performance, feed intake, carcass characteristics, feeding behavior, gas flux emissions, and relative profitability of finishing Angus steers",Translational Animal Science,10.1093/tas/txag072,Google Scholar,NA,NA,NA,0,0,0,0,NA,NA,1,doi:10.1093/tas/txag072,1,Active CSU affiliation
Suter,Jordan,ENRE,2025,JA,a,Y,0,NA,The unaccounted costs of slash pile burning,Trees Forests and People,10.1016/j.tfp.2025.101081,suterjordan.txt,NA,NA,NA,0,0,0,0,NA,NA,0,doi:10.1016/j.tfp.2025.101081,1,Active CSU affiliation
Hoag,Dana,ENRE,2022,JA,a,Y,1,Hoag;Mooney,More Risk More Money: When are Payments for Water Savings from Limited Irrigation Profitable,Water Resources and Economics,10.1016/j.wre.2022.100212,hoagdana.txt,NA,NA,NA,0,0,0,0,NA,NA,0,doi:10.1016/j.wre.2022.100212,1,Active CSU affiliation
Mooney,Daniel,Ag and Food,2022,JA,a,Y,1,Hoag;Mooney,More Risk More Money: When are Payments for Water Savings from Limited Irrigation Profitable,Water Resources and Economics,10.1016/j.wre.2022.100212,mooneydaniel.txt,NA,NA,NA,0,0,0,0,NA,NA,0,doi:10.1016/j.wre.2022.100212,1,Active CSU affiliation
Burkhardt,Jesse,ENRE,2023,JA,a,U,1,Burkhardt;Goemans;Manning,Further evidence on social comparison and residential water use,Water Resources and Economics,10.1016/j.wre.2023.100214,goemanschris.txt,NA,NA,NA,0,0,0,0,NA,NA,0,doi:10.1016/j.wre.2023.100214,1,Active CSU affiliation
Goemans,Chris,ENRE,2023,JA,a,Y,1,Burkhardt;Goemans;Manning,Further evidence on social comparison and residential water use,Water Resources and Economics,10.1016/j.wre.2023.100214,goemanschris.txt,NA,NA,NA,0,0,0,0,NA,NA,0,doi:10.1016/j.wre.2023.100214,1,Active CSU affiliation
Manning,Dale,ENRE,2023,JA,a,U,1,Burkhardt;Goemans;Manning,Further evidence on social comparison and residential water use,Water Resources and Economics,10.1016/j.wre.2023.100214,goemanschris.txt,NA,NA,NA,0,0,0,0,NA,NA,0,doi:10.1016/j.wre.2023.100214,1,Active CSU affiliation
Costanigro,Marco,Ag and Food,2022,JA,a,N,0,NA,Implicit and Explicit Biases for Recycled Water and Tap Water,Water Resources Research,10.1029/2021WR030712,costanigromarco.txt,NA,NA,NA,0,0,0,0,NA,NA,0,doi:10.1029/2021wr030712,1,Active CSU affiliation
Goemans,Chris,ENRE,2024,JA,a,Y,1,Goemans;Manning,Integrated water management under different water rights institutions,Water Resources Research,10.1029/2024WR037196,goemanschris.txt,NA,NA,NA,0,0,0,0,NA,NA,0,doi:10.1029/2024wr037196,1,Active CSU affiliation
Manning,Dale,ENRE,2024,JA,a,U,1,Goemans;Manning,Integrated water management under different water rights institutions,Water Resources Research,10.1029/2024WR037196,goemanschris.txt,NA,NA,NA,0,0,0,0,NA,NA,0,doi:10.1029/2024wr037196,1,Active CSU affiliation
Suter,Jordan,ENRE,2025,JA,a,U,0,NA,Water scarcity compounds negative effects of salinity on irrigated agriculture,Water Resources Research,10.1029/2024wr038504,suterjordan.txt,NA,NA,NA,0,0,0,0,NA,NA,0,doi:10.1029/2024wr038504,1,Active CSU affiliation
Suter,Jordan,ENRE,2026,JA,a,NA,0,NA,Groundwater management amidst a changing climate: A more severe climate could decrease the value of groundwater conservation,Water Resources Research,10.1029/2025WR040427,Google Scholar,NA,NA,NA,0,0,0,0,NA,NA,1,doi:10.1029/2025wr040427,1,Active CSU affiliation
Hill,Alexandra,Ag and Food,2021,JA,b,N,0,NA,COVID-19 and Farm Workers,Western Economics Forum,10.22004/ag.econ.311308,hillalexandra.txt,NA,NA,NA,0,0,0,0,NA,NA,0,doi:10.22004/ag.econ.311308,1,Active CSU affiliation
Bayham,Jude,ENRE,2021,JA,b,Y,0,NA,COVID-19 and the renewed migration to the rural west,Western Economics Forum,10.22004/ag.econ.311309,bayhamjude.txt,NA,NA,NA,0,0,0,0,NA,NA,0,doi:10.22004/ag.econ.311309,1,Active CSU affiliation
Bayham,Jude,ENRE,2023,JA,b,Y,0,NA,The Economics of Wildland Firefighting Aviation Procurement and Effectiveness,Western Economics Forum,10.22004/ag.econ.339590,bayhamjude.txt,NA,NA,NA,0,0,0,0,NA,NA,0,doi:10.22004/ag.econ.339590,1,Active CSU affiliation
Delay,Nathan,Ag and Food,2024,JA,b,U,1,Delay;Hoag;Mooney;Ritten,Virtual Fencing: Economic and Policy Implications of an Emerging Livestock Technology,Western Economics Forum,10.22004/ag.econ.349293,mooneydaniel.txt,NA,NA,NA,0,0,0,0,NA,NA,0,doi:10.22004/ag.econ.349293,1,Active CSU affiliation
Hoag,Dana,ENRE,2024,JA,b,U,1,Delay;Hoag;Mooney;Ritten,Virtual Fencing: Economic and Policy Implications of an Emerging Livestock Technology,Western Economics Forum,10.22004/ag.econ.349293,mooneydaniel.txt,NA,NA,NA,0,0,0,0,NA,NA,0,doi:10.22004/ag.econ.349293,1,Active CSU affiliation
Mooney,Daniel,Ag and Food,2024,JA,b,N,1,Delay;Hoag;Mooney;Ritten,Virtual Fencing: Economic and Policy Implications of an Emerging Livestock Technology,Western Economics Forum,10.22004/ag.econ.349293,mooneydaniel.txt,NA,NA,NA,0,0,0,0,NA,NA,0,doi:10.22004/ag.econ.349293,1,Active CSU affiliation
Ritten,John,Ag and Food,2024,JA,b,U,1,Delay;Hoag;Mooney;Ritten,Virtual Fencing: Economic and Policy Implications of an Emerging Livestock Technology,Western Economics Forum,10.22004/ag.econ.349293,mooneydaniel.txt,NA,NA,NA,0,0,0,0,NA,NA,0,doi:10.22004/ag.econ.349293,1,Active CSU affiliation
Ritten,John,Ag and Food,2025,JA,b,N,0,NA,Identifying a Path Forward: Evaluating Ranch Socio-Economic Sustainability,Western Economics Forum,10.22004/ag.econ.364766,rittenjohn.txt,NA,NA,NA,0,0,0,0,NA,NA,0,doi:10.22004/ag.econ.364766,1,Active CSU affiliation
Mooney,Daniel,Ag and Food,2025,JA,b,Y,1,Mooney;Seidl,Exploring the Potential for Innovative Water Management Strategies to Support Irrigated Farmland Transitions,Western Economics Forum,10.22004/ag.econ.364767,mooneydaniel.txt,NA,NA,NA,0,0,0,0,NA,NA,0,doi:10.22004/ag.econ.364767,1,Active CSU affiliation
Seidl,Andrew,ENRE,2025,JA,b,U,1,Mooney;Seidl,Exploring the Potential for Innovative Water Management Strategies to Support Irrigated Farmland Transitions,Western Economics Forum,10.22004/ag.econ.364767,mooneydaniel.txt,NA,NA,NA,0,0,0,0,NA,NA,0,doi:10.22004/ag.econ.364767,1,Active CSU affiliation
Ritten,John,Ag and Food,2025,JA,b,Y,0,NA,Labor Changes in the US Beef Industry Magnify Challenges with Succession,Western Economics Forum,10.22004/ag.econ.364770,rittenjohn.txt,NA,NA,NA,0,0,0,0,NA,NA,0,doi:10.22004/ag.econ.364770,1,Active CSU affiliation
Hoag,Dana,ENRE,2022,JA,b,N,0,NA,Economic Consequences of the Wolf Comeback in the Western United States,Western Economics Forum,nodoi,hoagdana.txt,NA,NA,NA,0,0,0,0,NA,NA,0,titleyear:economic consequences of the wolf comeback in the western un|2022,1,Active CSU affiliation
Delay,Nathan,Ag and Food,2021,JA,b,N,0,NA,Farm Data Collection and Software Adoption in Commercial Scale US Corn-Soybean Farms,Western Economics Forum,nodoi,delaynathan.txt,NA,NA,NA,0,0,0,0,NA,NA,0,titleyear:farm data collection and software adoption in commercial sca|2021,1,Active CSU affiliation
Bayham,Jude,ENRE,2021,JA,b,N,0,NA,Impacts of the COVID-19 pandemic on agriculture and natural resources in the western US,Western Economics Forum,nodoi,bayhamjude.txt,NA,NA,NA,0,0,0,0,NA,NA,0,titleyear:impacts of the covid 19 pandemic on agriculture and natural |2021,1,Active CSU affiliation
Delay,Nathan,Ag and Food,2021,JA,b,Y,0,NA,Recent Trends in PA Technology Adoption and Bundling in Corn Production,Western Economics Forum,nodoi,delaynathan.txt,NA,NA,NA,0,0,0,0,NA,NA,0,titleyear:recent trends in pa technology adoption and bundling in corn|2021,1,Active CSU affiliation
Burkhardt,Jesse,ENRE,2021,JA,a,N,0,NA,Dry landscapes and parched economies: drought impacts on nonagricultural sectors,WIREs Water,10.1002/wat2.1571,burkhardtjesse.txt,NA,NA,NA,0,0,0,0,NA,NA,0,doi:10.1002/wat2.1571,1,Active CSU affiliation
Burkhardt,Jesse,ENRE,2022,JA,a,N,0,NA,Data availability and sector-specific frameworks restrict drought impact quantification,WIREs Water,10.1002/wat2.1586,burkhardtjesse.txt,NA,NA,NA,0,0,0,0,NA,NA,0,doi:10.1002/wat2.1586,1,Active CSU affiliation
Magnan,Nicholas,Ag and Food,2025,JA,a,Y,0,NA,Who is Asking and How? Effects of Survey Mode and Enumerator Gender,World Development,10.1016/j.worlddev.2025.107078,magnannicholas.txt,NA,NA,NA,0,0,0,0,NA,NA,0,doi:10.1016/j.worlddev.2025.107078,1,Active CSU affiliation
Magnan,Nicholas,Ag and Food,2026,JA,a,N,0,NA,Gendered Networks and Demand for an Agricultural Technology in India,World Development,10.1016/j.worlddev.2025.107182,magnannicholas.txt,NA,NA,NA,0,0,0,0,NA,NA,1,doi:10.1016/j.worlddev.2025.107182,1,Active CSU affiliation
Koontz,Stephen,Ag and Food,2021,RP,b,N,0,NA,Price Discovery in Fed Cattle and Beef Markets: Does Volume of Cash Trade Have an Impact,American Farm Bureau Federation Research Report,nodoi,koontzstephen.txt,NA,NA,NA,0,0,0,0,NA,NA,0,titleyear:price discovery in fed cattle and beef markets does volume o|2021,1,Active CSU affiliation
Costanigro,Marco,Ag and Food,2021,RP,a,N,0,NA,Reputation Leaders and Quality Laggards (book review AJAE),American Journal of Agricultural Economics,10.1111/ajae.12198,costanigromarco.txt,NA,NA,NA,0,0,0,0,NA,NA,0,doi:10.1111/ajae.12198,1,Active CSU affiliation
Countryman,Amanda,Ag and Food,2025,RP,b,N,0,NA,Modelling the Global Economic Impact of Antimicrobial Resistance in Humans,Center for Global Development Working Paper 713,nodoi,countrymanamanda.txt,NA,NA,NA,0,0,0,0,NA,NA,0,titleyear:modelling the global economic impact of antimicrobial resist|2025,1,Active CSU affiliation
Countryman,Amanda,Ag and Food,2022,RP,b,N,0,NA,The Future of Food and Agricultural Trade with China,Farm Foundation Issue Report,nodoi,countrymanamanda.txt,NA,NA,NA,0,0,0,0,NA,NA,0,titleyear:the future of food and agricultural trade with china|2022,1,Active CSU affiliation
Goemans,Chris,ENRE,2022,RP,b,Y,1,Goemans;Manning,Producer Beliefs and Conservation: The Impact of Perceived Water Scarcity on Irrigation Technology Adoption,National Bureau of Economic Research,10.3386/w30080,goemanschris.txt,NA,NA,NA,0,0,0,0,NA,NA,0,doi:10.3386/w30080,1,Active CSU affiliation
Manning,Dale,ENRE,2022,RP,b,U,1,Goemans;Manning,Producer Beliefs and Conservation: The Impact of Perceived Water Scarcity on Irrigation Technology Adoption,National Bureau of Economic Research,10.3386/w30080,goemanschris.txt,NA,NA,NA,0,0,0,0,NA,NA,0,doi:10.3386/w30080,1,Active CSU affiliation
Bayham,Jude,ENRE,2024,RP,b,Y,1,Bayham;Berning;Bonanno,Unemployment and Food Insecurity Amongst Immigrants in the United States,Regional Economic Development Institute,nodoi,berningjoshua.txt,NA,NA,NA,0,0,0,0,NA,NA,0,titleyear:unemployment and food insecurity amongst immigrants in the u|2024,1,Active CSU affiliation
Berning,Joshua,Ag and Food,2024,RP,b,N,1,Bayham;Berning;Bonanno,Unemployment and Food Insecurity Amongst Immigrants in the United States,Regional Economic Development Institute,nodoi,berningjoshua.txt,NA,NA,NA,0,0,0,0,NA,NA,0,titleyear:unemployment and food insecurity amongst immigrants in the u|2024,1,Active CSU affiliation
Bonanno,Alessandro,Ag and Food,2024,RP,b,U,1,Bayham;Berning;Bonanno,Unemployment and Food Insecurity Amongst Immigrants in the United States,Regional Economic Development Institute,nodoi,berningjoshua.txt,NA,NA,NA,0,0,0,0,NA,NA,0,titleyear:unemployment and food insecurity amongst immigrants in the u|2024,1,Active CSU affiliation
Koontz,Stephen,Ag and Food,2024,RP,b,N,0,NA,Economic Valuation of Landsat Next,United States Geological Survey,nodoi,koontzstephen.txt,NA,NA,NA,0,0,0,0,NA,NA,0,titleyear:economic valuation of landsat next|2024,1,Active CSU affiliation
Countryman,Amanda,Ag and Food,2022,RP,b,N,0,NA,Ukraine Conflict Disrupts Agricultural Production and International Trade,Virginia Tech Global Agricultural Productivity Report,nodoi,countrymanamanda.txt,NA,NA,NA,0,0,0,0,NA,NA,0,titleyear:ukraine conflict disrupts agricultural production and intern|2022,1,Active CSU affiliation
Countryman,Amanda,Ag and Food,2024,RP,b,N,0,NA,Forecasting the Fallout from AMR (EcoAMR series),World Organisation for Animal Health / World Bank,10.20506/ecoAMR.3539,countrymanamanda.txt,NA,NA,NA,0,0,0,0,NA,NA,0,doi:10.20506/ecoamr.3539,1,Active CSU affiliation
Burkhardt,Jesse,ENRE,2025,WP,b,Y,1,Burkhardt;Hoag;Mooney,Willingness to Participate in Agricultural Water Conservation Programs: Choice Experiment Evidence from the Upper Colorado River Basin,AAEA Conference Paper,10.22004/ag.econ.361067,Google Scholar,NA,NA,NA,0,NA,0,0,NA,NA,0,doi:10.22004/ag.econ.361067,1,Active CSU affiliation
Hoag,Dana,ENRE,2025,WP,b,Y,1,Burkhardt;Hoag;Mooney,Willingness to Participate in Agricultural Water Conservation Programs: Choice Experiment Evidence from the Upper Colorado River Basin,AAEA Conference Paper,10.22004/ag.econ.361067,Google Scholar,NA,NA,NA,0,NA,0,0,NA,NA,0,doi:10.22004/ag.econ.361067,1,Active CSU affiliation
Mooney,Daniel,Ag and Food,2025,WP,b,Y,1,Burkhardt;Hoag;Mooney,Willingness to Participate in Agricultural Water Conservation Programs: Choice Experiment Evidence from the Upper Colorado River Basin,AAEA Conference Paper,10.22004/ag.econ.361067,Google Scholar,NA,NA,NA,0,NA,0,0,NA,NA,0,doi:10.22004/ag.econ.361067,1,Active CSU affiliation
Hoag,Dana,ENRE,2026,WP,b,N,1,Hoag;Mooney,Profitability of Threshold-Based Flex Crop Strategies for Dryland Wheat Rotations,AAEA Conference Paper,10.22004/ag.econ.404698,Google Scholar,NA,NA,NA,0,NA,0,0,NA,NA,1,doi:10.22004/ag.econ.404698,1,Active CSU affiliation
Mooney,Daniel,Ag and Food,2026,WP,b,NA,1,Hoag;Mooney,Profitability of Threshold-Based Flex Crop Strategies for Dryland Wheat Rotations,AAEA Conference Paper,10.22004/ag.econ.404698,Google Scholar,NA,NA,NA,0,NA,0,0,NA,NA,1,doi:10.22004/ag.econ.404698,1,Active CSU affiliation
Burkhardt,Jesse,ENRE,2026,WP,b,NA,0,NA,Climate variability introduces uncertainty into future emissions pathways,EarthAirXiv,10.31223/X5518B,Google Scholar,NA,NA,NA,0,NA,0,0,NA,NA,1,doi:10.31223/x5518b,1,Active CSU affiliation
Graff,Gregory,Ag and Food,2025,WP,b,NA,0,NA,"The contribution of startups, venture finance, and patenting to innovation in US agriculture",USPTO Economic Working Paper,10.2139/ssrn.4892791,Google Scholar,NA,NA,NA,0,NA,0,0,NA,NA,0,doi:10.2139/ssrn.4892791,1,Active CSU affiliation
Graff,Gregory,Ag and Food,2026,WP,b,NA,0,NA,Diffusion of Genetically Modified Crop Technology: Economic Research Working Paper No. 93,World Intellectual Property Organization (WIPO) Economic Research Working Paper Series,nodoi,Google Scholar,NA,NA,NA,0,NA,0,0,NA,NA,1,titleyear:diffusion of genetically modified crop technology economic r|2026,1,Active CSU affiliation
